date,market,crop,minimum_price,maximum_price,average_price,demand_level,supply_level,supply_gap,source,data_classification
2026-08-05,Harare,Maize,317.7,435.4,376.5,729.2,100.5,628.7,Agricultural Marketing Authority (AMA),SYNTHETIC / SIMULATED DEVELOPMENT MARKET DATA
2026-08-05,Harare,Tobacco,2699.6,3368.1,3033.8,381.9,288.8,93.1,Agricultural Marketing Authority (AMA),SYNTHETIC / SIMULATED DEVELOPMENT MARKET DATA
2026-08-05,Harare,Wheat,415.8,529.0,472.4,543.6,151.7,391.9,Agricultural Marketing Authority (AMA),SYNTHETIC / SIMULATED DEVELOPMENT MARKET DATA
2026-08-05,Harare,Soybean,602.4,721.5,662.0,457.0,495.3,-38.3,Agricultural Marketing Authority (AMA),SYNTHETIC / SIMULATED DEVELOPMENT MARKET DATA
2026-08-05,Harare,Cotton,809.5,972.3,890.9,789.1,507.2,281.9,Agricultural Marketing Authority (AMA),SYNTHETIC / SIMULATED DEVELOPMENT MARKET DATA
2026-08-05,Harare,Groundnuts,481.0,638.5,559.8,198.1,322.3,-124.2,Agricultural Marketing Authority (AMA),SYNTHETIC / SIMULATED DEVELOPMENT MARKET DATA
2026-08-05,Harare,Sorghum,248.8,369.1,309.0,233.8,237.8,-4.0,Agricultural Marketing Authority (AMA),SYNTHETIC / SIMULATED DEVELOPMENT MARKET DATA
2026-08-05,Harare,Sunflower,381.9,495.5,438.7,494.5,248.6,245.9,Agricultural Marketing Authority (AMA),SYNTHETIC / SIMULATED DEVELOPMENT MARKET DATA
2026-08-05,Harare,SweetPotato,183.6,307.7,245.6,319.8,361.7,-41.9,Agricultural Marketing Authority (AMA),SYNTHETIC / SIMULATED DEVELOPMENT MARKET DATA
2026-08-05,Harare,Cassava,157.5,261.2,209.3,138.2,393.7,-255.5,Agricultural Marketing Authority (AMA),SYNTHETIC / SIMULATED DEVELOPMENT MARKET DATA
2026-08-05,Bulawayo,Maize,309.1,403.9,356.5,238.1,454.5,-216.4,Agricultural Marketing Authority (AMA),SYNTHETIC / SIMULATED DEVELOPMENT MARKET DATA
2026-08-05,Bulawayo,Tobacco,2595.2,3433.8,3014.5,726.7,320.6,406.1,Agricultural Marketing Authority (AMA),SYNTHETIC / SIMULATED DEVELOPMENT MARKET DATA
2026-08-05,Bulawayo,Wheat,408.1,519.2,463.7,629.0,531.4,97.6,Agricultural Marketing Authority (AMA),SYNTHETIC / SIMULATED DEVELOPMENT MARKET DATA
2026-08-05,Bulawayo,Soybean,575.6,802.6,689.1,694.6,381.6,313.0,Agricultural Marketing Authority (AMA),SYNTHETIC / SIMULATED DEVELOPMENT MARKET DATA
2026-08-05,Bulawayo,Cotton,826.8,966.8,896.8,515.4,356.8,158.6,Agricultural Marketing Authority (AMA),SYNTHETIC / SIMULATED DEVELOPMENT MARKET DATA
2026-08-05,Bulawayo,Groundnuts,443.0,629.7,536.4,712.2,440.5,271.7,Agricultural Marketing Authority (AMA),SYNTHETIC / SIMULATED DEVELOPMENT MARKET DATA
2026-08-05,Bulawayo,Sorghum,255.6,336.6,296.1,215.3,559.6,-344.3,Agricultural Marketing Authority (AMA),SYNTHETIC / SIMULATED DEVELOPMENT MARKET DATA
2026-08-05,Bulawayo,Sunflower,376.1,450.4,413.2,659.3,590.7,68.6,Agricultural Marketing Authority (AMA),SYNTHETIC / SIMULATED DEVELOPMENT MARKET DATA
2026-08-05,Bulawayo,SweetPotato,181.5,310.5,246.0,645.7,535.0,110.7,Agricultural Marketing Authority (AMA),SYNTHETIC / SIMULATED DEVELOPMENT MARKET DATA
2026-08-05,Bulawayo,Cassava,163.9,260.4,212.1,638.3,494.4,143.9,Agricultural Marketing Authority (AMA),SYNTHETIC / SIMULATED DEVELOPMENT MARKET DATA
2026-08-05,Mutare,Maize,294.6,421.2,357.9,791.0,604.1,186.9,Agricultural Marketing Authority (AMA),SYNTHETIC / SIMULATED DEVELOPMENT MARKET DATA
2026-08-05,Mutare,Tobacco,2589.7,3446.3,3018.0,410.5,528.0,-117.5,Agricultural Marketing Authority (AMA),SYNTHETIC / SIMULATED DEVELOPMENT MARKET DATA
2026-08-05,Mutare,Wheat,417.8,539.3,478.5,760.5,143.5,617.0,Agricultural Marketing Authority (AMA),SYNTHETIC / SIMULATED DEVELOPMENT MARKET DATA
2026-08-05,Mutare,Soybean,612.7,714.0,663.4,789.9,449.8,340.1,Agricultural Marketing Authority (AMA),SYNTHETIC / SIMULATED DEVELOPMENT MARKET DATA
2026-08-05,Mutare,Cotton,791.7,986.6,889.2,392.9,717.2,-324.3,Agricultural Marketing Authority (AMA),SYNTHETIC / SIMULATED DEVELOPMENT MARKET DATA
2026-08-05,Mutare,Groundnuts,489.1,636.0,562.5,638.7,281.4,357.3,Agricultural Marketing Authority (AMA),SYNTHETIC / SIMULATED DEVELOPMENT MARKET DATA
2026-08-05,Mutare,Sorghum,258.3,355.9,307.1,587.0,457.2,129.8,Agricultural Marketing Authority (AMA),SYNTHETIC / SIMULATED DEVELOPMENT MARKET DATA
2026-08-05,Mutare,Sunflower,375.9,493.1,434.5,663.6,736.4,-72.8,Agricultural Marketing Authority (AMA),SYNTHETIC / SIMULATED DEVELOPMENT MARKET DATA
2026-08-05,Mutare,SweetPotato,173.9,309.9,241.9,109.6,242.3,-132.7,Agricultural Marketing Authority (AMA),SYNTHETIC / SIMULATED DEVELOPMENT MARKET DATA
2026-08-05,Mutare,Cassava,156.2,272.0,214.1,585.1,521.9,63.2,Agricultural Marketing Authority (AMA),SYNTHETIC / SIMULATED DEVELOPMENT MARKET DATA
2026-08-06,Harare,Maize,322.6,440.8,381.7,424.5,170.2,254.3,Agricultural Marketing Authority (AMA),SYNTHETIC / SIMULATED DEVELOPMENT MARKET DATA
2026-08-06,Harare,Tobacco,2661.4,3273.7,2967.6,640.9,459.4,181.5,Agricultural Marketing Authority (AMA),SYNTHETIC / SIMULATED DEVELOPMENT MARKET DATA
2026-08-06,Harare,Wheat,409.1,527.8,468.4,724.5,482.5,242.0,Agricultural Marketing Authority (AMA),SYNTHETIC / SIMULATED DEVELOPMENT MARKET DATA
2026-08-06,Harare,Soybean,582.3,742.7,662.5,249.7,599.8,-350.1,Agricultural Marketing Authority (AMA),SYNTHETIC / SIMULATED DEVELOPMENT MARKET DATA
2026-08-06,Harare,Cotton,795.9,1054.6,925.2,459.4,147.7,311.7,Agricultural Marketing Authority (AMA),SYNTHETIC / SIMULATED DEVELOPMENT MARKET DATA
2026-08-06,Harare,Groundnuts,460.4,625.8,543.1,714.8,415.1,299.7,Agricultural Marketing Authority (AMA),SYNTHETIC / SIMULATED DEVELOPMENT MARKET DATA
2026-08-06,Harare,Sorghum,246.5,356.8,301.6,382.8,464.3,-81.5,Agricultural Marketing Authority (AMA),SYNTHETIC / SIMULATED DEVELOPMENT MARKET DATA
2026-08-06,Harare,Sunflower,379.5,493.1,436.3,698.6,161.2,537.4,Agricultural Marketing Authority (AMA),SYNTHETIC / SIMULATED DEVELOPMENT MARKET DATA
2026-08-06,Harare,SweetPotato,187.4,303.9,245.6,141.4,422.8,-281.4,Agricultural Marketing Authority (AMA),SYNTHETIC / SIMULATED DEVELOPMENT MARKET DATA
2026-08-06,Harare,Cassava,160.4,253.6,207.0,195.1,136.1,59.0,Agricultural Marketing Authority (AMA),SYNTHETIC / SIMULATED DEVELOPMENT MARKET DATA
2026-08-06,Bulawayo,Maize,319.2,431.8,375.5,365.3,329.0,36.3,Agricultural Marketing Authority (AMA),SYNTHETIC / SIMULATED DEVELOPMENT MARKET DATA
2026-08-06,Bulawayo,Tobacco,2559.8,3396.7,2978.2,424.6,478.4,-53.8,Agricultural Marketing Authority (AMA),SYNTHETIC / SIMULATED DEVELOPMENT MARKET DATA
2026-08-06,Bulawayo,Wheat,431.4,529.0,480.2,115.1,261.7,-146.6,Agricultural Marketing Authority (AMA),SYNTHETIC / SIMULATED DEVELOPMENT MARKET DATA
2026-08-06,Bulawayo,Soybean,595.9,735.8,665.8,238.5,644.7,-406.2,Agricultural Marketing Authority (AMA),SYNTHETIC / SIMULATED DEVELOPMENT MARKET DATA
2026-08-06,Bulawayo,Cotton,785.7,1002.9,894.3,577.8,278.3,299.5,Agricultural Marketing Authority (AMA),SYNTHETIC / SIMULATED DEVELOPMENT MARKET DATA
2026-08-06,Bulawayo,Groundnuts,505.2,614.3,559.8,647.4,301.5,345.9,Agricultural Marketing Authority (AMA),SYNTHETIC / SIMULATED DEVELOPMENT MARKET DATA
2026-08-06,Bulawayo,Sorghum,245.2,366.4,305.8,712.7,530.1,182.6,Agricultural Marketing Authority (AMA),SYNTHETIC / SIMULATED DEVELOPMENT MARKET DATA
2026-08-06,Bulawayo,Sunflower,381.2,495.5,438.4,335.6,153.2,182.4,Agricultural Marketing Authority (AMA),SYNTHETIC / SIMULATED DEVELOPMENT MARKET DATA
2026-08-06,Bulawayo,SweetPotato,186.6,315.0,250.8,744.1,98.1,646.0,Agricultural Marketing Authority (AMA),SYNTHETIC / SIMULATED DEVELOPMENT MARKET DATA
2026-08-06,Bulawayo,Cassava,163.0,265.8,214.4,442.2,246.1,196.1,Agricultural Marketing Authority (AMA),SYNTHETIC / SIMULATED DEVELOPMENT MARKET DATA
2026-08-06,Mutare,Maize,309.6,429.6,369.6,136.9,102.1,34.8,Agricultural Marketing Authority (AMA),SYNTHETIC / SIMULATED DEVELOPMENT MARKET DATA
2026-08-06,Mutare,Tobacco,2633.5,3354.0,2993.8,784.4,287.2,497.2,Agricultural Marketing Authority (AMA),SYNTHETIC / SIMULATED DEVELOPMENT MARKET DATA
2026-08-06,Mutare,Wheat,433.0,567.8,500.4,648.9,373.3,275.6,Agricultural Marketing Authority (AMA),SYNTHETIC / SIMULATED DEVELOPMENT MARKET DATA
2026-08-06,Mutare,Soybean,593.0,748.6,670.8,627.9,626.9,1.0,Agricultural Marketing Authority (AMA),SYNTHETIC / SIMULATED DEVELOPMENT MARKET DATA
2026-08-06,Mutare,Cotton,766.8,963.8,865.3,321.2,364.4,-43.2,Agricultural Marketing Authority (AMA),SYNTHETIC / SIMULATED DEVELOPMENT MARKET DATA
2026-08-06,Mutare,Groundnuts,490.5,633.4,562.0,774.3,289.5,484.8,Agricultural Marketing Authority (AMA),SYNTHETIC / SIMULATED DEVELOPMENT MARKET DATA
2026-08-06,Mutare,Sorghum,250.9,346.0,298.4,527.8,261.0,266.8,Agricultural Marketing Authority (AMA),SYNTHETIC / SIMULATED DEVELOPMENT MARKET DATA
2026-08-06,Mutare,Sunflower,392.7,510.2,451.4,159.7,264.4,-104.7,Agricultural Marketing Authority (AMA),SYNTHETIC / SIMULATED DEVELOPMENT MARKET DATA
2026-08-06,Mutare,SweetPotato,182.2,302.8,242.5,407.0,598.6,-191.6,Agricultural Marketing Authority (AMA),SYNTHETIC / SIMULATED DEVELOPMENT MARKET DATA
2026-08-06,Mutare,Cassava,164.3,253.3,208.8,208.0,435.1,-227.1,Agricultural Marketing Authority (AMA),SYNTHETIC / SIMULATED DEVELOPMENT MARKET DATA
2026-08-07,Harare,Maize,317.5,402.7,360.1,142.0,151.3,-9.3,Agricultural Marketing Authority (AMA),SYNTHETIC / SIMULATED DEVELOPMENT MARKET DATA
2026-08-07,Harare,Tobacco,2661.2,3292.0,2976.6,696.5,288.3,408.2,Agricultural Marketing Authority (AMA),SYNTHETIC / SIMULATED DEVELOPMENT MARKET DATA
2026-08-07,Harare,Wheat,442.1,545.7,493.9,193.5,312.7,-119.2,Agricultural Marketing Authority (AMA),SYNTHETIC / SIMULATED DEVELOPMENT MARKET DATA
2026-08-07,Harare,Soybean,571.4,761.8,666.6,343.5,117.5,226.0,Agricultural Marketing Authority (AMA),SYNTHETIC / SIMULATED DEVELOPMENT MARKET DATA
2026-08-07,Harare,Cotton,809.7,1022.1,915.9,753.1,303.3,449.8,Agricultural Marketing Authority (AMA),SYNTHETIC / SIMULATED DEVELOPMENT MARKET DATA
2026-08-07,Harare,Groundnuts,469.5,602.5,536.0,121.2,98.8,22.4,Agricultural Marketing Authority (AMA),SYNTHETIC / SIMULATED DEVELOPMENT MARKET DATA
2026-08-07,Harare,Sorghum,252.2,351.2,301.7,711.0,559.8,151.2,Agricultural Marketing Authority (AMA),SYNTHETIC / SIMULATED DEVELOPMENT MARKET DATA
2026-08-07,Harare,Sunflower,364.9,489.0,426.9,717.8,502.4,215.4,Agricultural Marketing Authority (AMA),SYNTHETIC / SIMULATED DEVELOPMENT MARKET DATA
2026-08-07,Harare,SweetPotato,176.4,311.9,244.1,281.5,609.3,-327.8,Agricultural Marketing Authority (AMA),SYNTHETIC / SIMULATED DEVELOPMENT MARKET DATA
2026-08-07,Harare,Cassava,159.3,264.0,211.7,226.6,551.5,-324.9,Agricultural Marketing Authority (AMA),SYNTHETIC / SIMULATED DEVELOPMENT MARKET DATA
2026-08-07,Bulawayo,Maize,309.0,422.4,365.7,277.2,601.7,-324.5,Agricultural Marketing Authority (AMA),SYNTHETIC / SIMULATED DEVELOPMENT MARKET DATA
2026-08-07,Bulawayo,Tobacco,2588.6,3500.4,3044.5,656.0,244.3,411.7,Agricultural Marketing Authority (AMA),SYNTHETIC / SIMULATED DEVELOPMENT MARKET DATA
2026-08-07,Bulawayo,Wheat,416.5,552.4,484.4,137.0,371.3,-234.3,Agricultural Marketing Authority (AMA),SYNTHETIC / SIMULATED DEVELOPMENT MARKET DATA
2026-08-07,Bulawayo,Soybean,563.8,768.1,666.0,457.7,170.9,286.8,Agricultural Marketing Authority (AMA),SYNTHETIC / SIMULATED DEVELOPMENT MARKET DATA
2026-08-07,Bulawayo,Cotton,792.4,1010.0,901.2,772.2,530.0,242.2,Agricultural Marketing Authority (AMA),SYNTHETIC / SIMULATED DEVELOPMENT MARKET DATA
2026-08-07,Bulawayo,Groundnuts,471.0,633.4,552.2,245.5,390.0,-144.5,Agricultural Marketing Authority (AMA),SYNTHETIC / SIMULATED DEVELOPMENT MARKET DATA
2026-08-07,Bulawayo,Sorghum,252.2,382.3,317.2,798.3,315.6,482.7,Agricultural Marketing Authority (AMA),SYNTHETIC / SIMULATED DEVELOPMENT MARKET DATA
2026-08-07,Bulawayo,Sunflower,374.5,480.1,427.3,663.1,93.9,569.2,Agricultural Marketing Authority (AMA),SYNTHETIC / SIMULATED DEVELOPMENT MARKET DATA
2026-08-07,Bulawayo,SweetPotato,182.2,312.8,247.5,720.2,250.3,469.9,Agricultural Marketing Authority (AMA),SYNTHETIC / SIMULATED DEVELOPMENT MARKET DATA
2026-08-07,Bulawayo,Cassava,150.7,263.1,206.9,277.3,735.1,-457.8,Agricultural Marketing Authority (AMA),SYNTHETIC / SIMULATED DEVELOPMENT MARKET DATA
2026-08-07,Mutare,Maize,318.5,403.0,360.8,130.5,586.3,-455.8,Agricultural Marketing Authority (AMA),SYNTHETIC / SIMULATED DEVELOPMENT MARKET DATA
2026-08-07,Mutare,Tobacco,2737.3,3471.6,3104.4,530.1,740.8,-210.7,Agricultural Marketing Authority (AMA),SYNTHETIC / SIMULATED DEVELOPMENT MARKET DATA
2026-08-07,Mutare,Wheat,424.2,570.7,497.5,620.2,394.1,226.1,Agricultural Marketing Authority (AMA),SYNTHETIC / SIMULATED DEVELOPMENT MARKET DATA
2026-08-07,Mutare,Soybean,571.0,754.6,662.8,766.5,321.6,444.9,Agricultural Marketing Authority (AMA),SYNTHETIC / SIMULATED DEVELOPMENT MARKET DATA
2026-08-07,Mutare,Cotton,839.5,960.2,899.9,594.7,278.8,315.9,Agricultural Marketing Authority (AMA),SYNTHETIC / SIMULATED DEVELOPMENT MARKET DATA
2026-08-07,Mutare,Groundnuts,490.2,633.1,561.6,139.7,168.2,-28.5,Agricultural Marketing Authority (AMA),SYNTHETIC / SIMULATED DEVELOPMENT MARKET DATA
2026-08-07,Mutare,Sorghum,263.1,367.3,315.2,624.7,735.6,-110.9,Agricultural Marketing Authority (AMA),SYNTHETIC / SIMULATED DEVELOPMENT MARKET DATA
2026-08-07,Mutare,Sunflower,381.6,477.8,429.7,571.8,480.3,91.5,Agricultural Marketing Authority (AMA),SYNTHETIC / SIMULATED DEVELOPMENT MARKET DATA
2026-08-07,Mutare,SweetPotato,183.8,307.1,245.5,287.2,183.6,103.6,Agricultural Marketing Authority (AMA),SYNTHETIC / SIMULATED DEVELOPMENT MARKET DATA
2026-08-07,Mutare,Cassava,155.8,257.4,206.6,580.0,242.7,337.3,Agricultural Marketing Authority (AMA),SYNTHETIC / SIMULATED DEVELOPMENT MARKET DATA
2026-08-08,Harare,Maize,335.8,433.3,384.6,514.1,257.3,256.8,Agricultural Marketing Authority (AMA),SYNTHETIC / SIMULATED DEVELOPMENT MARKET DATA
2026-08-08,Harare,Tobacco,2547.8,3440.9,2994.4,748.5,285.2,463.3,Agricultural Marketing Authority (AMA),SYNTHETIC / SIMULATED DEVELOPMENT MARKET DATA
2026-08-08,Harare,Wheat,411.5,507.3,459.4,597.9,317.2,280.7,Agricultural Marketing Authority (AMA),SYNTHETIC / SIMULATED DEVELOPMENT MARKET DATA
2026-08-08,Harare,Soybean,560.1,757.2,658.7,181.2,380.6,-199.4,Agricultural Marketing Authority (AMA),SYNTHETIC / SIMULATED DEVELOPMENT MARKET DATA
2026-08-08,Harare,Cotton,804.0,993.2,898.6,596.7,272.9,323.8,Agricultural Marketing Authority (AMA),SYNTHETIC / SIMULATED DEVELOPMENT MARKET DATA
2026-08-08,Harare,Groundnuts,477.1,593.0,535.0,200.6,568.7,-368.1,Agricultural Marketing Authority (AMA),SYNTHETIC / SIMULATED DEVELOPMENT MARKET DATA
2026-08-08,Harare,Sorghum,246.1,359.0,302.6,201.5,537.5,-336.0,Agricultural Marketing Authority (AMA),SYNTHETIC / SIMULATED DEVELOPMENT MARKET DATA
2026-08-08,Harare,Sunflower,385.5,485.0,435.2,519.8,219.8,300.0,Agricultural Marketing Authority (AMA),SYNTHETIC / SIMULATED DEVELOPMENT MARKET DATA
2026-08-08,Harare,SweetPotato,187.8,294.3,241.1,433.1,148.6,284.5,Agricultural Marketing Authority (AMA),SYNTHETIC / SIMULATED DEVELOPMENT MARKET DATA
2026-08-08,Harare,Cassava,152.6,267.8,210.2,597.3,593.5,3.8,Agricultural Marketing Authority (AMA),SYNTHETIC / SIMULATED DEVELOPMENT MARKET DATA
2026-08-08,Bulawayo,Maize,319.5,423.6,371.6,609.9,340.9,269.0,Agricultural Marketing Authority (AMA),SYNTHETIC / SIMULATED DEVELOPMENT MARKET DATA
2026-08-08,Bulawayo,Tobacco,2581.6,3360.0,2970.8,214.4,333.1,-118.7,Agricultural Marketing Authority (AMA),SYNTHETIC / SIMULATED DEVELOPMENT MARKET DATA
2026-08-08,Bulawayo,Wheat,388.4,538.8,463.6,775.4,314.6,460.8,Agricultural Marketing Authority (AMA),SYNTHETIC / SIMULATED DEVELOPMENT MARKET DATA
2026-08-08,Bulawayo,Soybean,605.2,736.5,670.9,663.3,436.4,226.9,Agricultural Marketing Authority (AMA),SYNTHETIC / SIMULATED DEVELOPMENT MARKET DATA
2026-08-08,Bulawayo,Cotton,794.7,975.1,884.9,642.5,275.6,366.9,Agricultural Marketing Authority (AMA),SYNTHETIC / SIMULATED DEVELOPMENT MARKET DATA
2026-08-08,Bulawayo,Groundnuts,467.5,601.3,534.4,218.8,714.0,-495.2,Agricultural Marketing Authority (AMA),SYNTHETIC / SIMULATED DEVELOPMENT MARKET DATA
2026-08-08,Bulawayo,Sorghum,238.2,357.2,297.7,194.4,602.5,-408.1,Agricultural Marketing Authority (AMA),SYNTHETIC / SIMULATED DEVELOPMENT MARKET DATA
2026-08-08,Bulawayo,Sunflower,390.7,480.0,435.4,656.2,202.3,453.9,Agricultural Marketing Authority (AMA),SYNTHETIC / SIMULATED DEVELOPMENT MARKET DATA
2026-08-08,Bulawayo,SweetPotato,176.7,304.2,240.4,285.5,690.1,-404.6,Agricultural Marketing Authority (AMA),SYNTHETIC / SIMULATED DEVELOPMENT MARKET DATA
2026-08-08,Bulawayo,Cassava,160.9,271.0,215.9,716.2,209.7,506.5,Agricultural Marketing Authority (AMA),SYNTHETIC / SIMULATED DEVELOPMENT MARKET DATA
2026-08-08,Mutare,Maize,323.6,400.6,362.1,464.0,224.7,239.3,Agricultural Marketing Authority (AMA),SYNTHETIC / SIMULATED DEVELOPMENT MARKET DATA
2026-08-08,Mutare,Tobacco,2487.5,3483.0,2985.2,231.0,632.7,-401.7,Agricultural Marketing Authority (AMA),SYNTHETIC / SIMULATED DEVELOPMENT MARKET DATA
2026-08-08,Mutare,Wheat,418.0,543.9,480.9,196.6,80.9,115.7,Agricultural Marketing Authority (AMA),SYNTHETIC / SIMULATED DEVELOPMENT MARKET DATA
2026-08-08,Mutare,Soybean,570.3,754.9,662.6,280.2,679.0,-398.8,Agricultural Marketing Authority (AMA),SYNTHETIC / SIMULATED DEVELOPMENT MARKET DATA
2026-08-08,Mutare,Cotton,758.4,927.9,843.1,587.8,338.2,249.6,Agricultural Marketing Authority (AMA),SYNTHETIC / SIMULATED DEVELOPMENT MARKET DATA
2026-08-08,Mutare,Groundnuts,495.3,600.8,548.0,367.9,609.3,-241.4,Agricultural Marketing Authority (AMA),SYNTHETIC / SIMULATED DEVELOPMENT MARKET DATA
2026-08-08,Mutare,Sorghum,252.6,353.4,303.0,447.7,322.0,125.7,Agricultural Marketing Authority (AMA),SYNTHETIC / SIMULATED DEVELOPMENT MARKET DATA
2026-08-08,Mutare,Sunflower,374.7,498.7,436.7,778.7,318.6,460.1,Agricultural Marketing Authority (AMA),SYNTHETIC / SIMULATED DEVELOPMENT MARKET DATA
2026-08-08,Mutare,SweetPotato,187.0,310.3,248.7,236.2,452.6,-216.4,Agricultural Marketing Authority (AMA),SYNTHETIC / SIMULATED DEVELOPMENT MARKET DATA
2026-08-08,Mutare,Cassava,161.2,271.4,216.3,497.8,322.1,175.7,Agricultural Marketing Authority (AMA),SYNTHETIC / SIMULATED DEVELOPMENT MARKET DATA
2026-08-09,Harare,Maize,313.5,421.3,367.4,263.1,381.0,-117.9,Agricultural Marketing Authority (AMA),SYNTHETIC / SIMULATED DEVELOPMENT MARKET DATA
2026-08-09,Harare,Tobacco,2626.9,3335.7,2981.3,787.7,490.2,297.5,Agricultural Marketing Authority (AMA),SYNTHETIC / SIMULATED DEVELOPMENT MARKET DATA
2026-08-09,Harare,Wheat,446.4,537.6,492.0,292.6,137.4,155.2,Agricultural Marketing Authority (AMA),SYNTHETIC / SIMULATED DEVELOPMENT MARKET DATA
2026-08-09,Harare,Soybean,574.0,769.0,671.5,725.6,594.0,131.6,Agricultural Marketing Authority (AMA),SYNTHETIC / SIMULATED DEVELOPMENT MARKET DATA
2026-08-09,Harare,Cotton,789.4,950.4,869.9,738.7,330.0,408.7,Agricultural Marketing Authority (AMA),SYNTHETIC / SIMULATED DEVELOPMENT MARKET DATA
2026-08-09,Harare,Groundnuts,460.3,589.7,525.0,118.8,180.1,-61.3,Agricultural Marketing Authority (AMA),SYNTHETIC / SIMULATED DEVELOPMENT MARKET DATA
2026-08-09,Harare,Sorghum,248.6,359.4,304.0,525.2,396.3,128.9,Agricultural Marketing Authority (AMA),SYNTHETIC / SIMULATED DEVELOPMENT MARKET DATA
2026-08-09,Harare,Sunflower,386.8,506.7,446.8,539.8,137.2,402.6,Agricultural Marketing Authority (AMA),SYNTHETIC / SIMULATED DEVELOPMENT MARKET DATA
2026-08-09,Harare,SweetPotato,185.0,323.0,254.0,465.7,646.3,-180.6,Agricultural Marketing Authority (AMA),SYNTHETIC / SIMULATED DEVELOPMENT MARKET DATA
2026-08-09,Harare,Cassava,164.4,258.9,211.6,271.7,747.3,-475.6,Agricultural Marketing Authority (AMA),SYNTHETIC / SIMULATED DEVELOPMENT MARKET DATA
2026-08-09,Bulawayo,Maize,316.1,404.4,360.2,640.7,168.0,472.7,Agricultural Marketing Authority (AMA),SYNTHETIC / SIMULATED DEVELOPMENT MARKET DATA
2026-08-09,Bulawayo,Tobacco,2635.8,3580.8,3108.3,667.5,687.6,-20.1,Agricultural Marketing Authority (AMA),SYNTHETIC / SIMULATED DEVELOPMENT MARKET DATA
2026-08-09,Bulawayo,Wheat,431.9,527.9,479.9,425.2,315.0,110.2,Agricultural Marketing Authority (AMA),SYNTHETIC / SIMULATED DEVELOPMENT MARKET DATA
2026-08-09,Bulawayo,Soybean,561.7,756.0,658.9,534.7,212.5,322.2,Agricultural Marketing Authority (AMA),SYNTHETIC / SIMULATED DEVELOPMENT MARKET DATA
2026-08-09,Bulawayo,Cotton,814.6,1031.3,923.0,485.6,440.7,44.9,Agricultural Marketing Authority (AMA),SYNTHETIC / SIMULATED DEVELOPMENT MARKET DATA
2026-08-09,Bulawayo,Groundnuts,487.9,584.3,536.1,720.2,269.6,450.6,Agricultural Marketing Authority (AMA),SYNTHETIC / SIMULATED DEVELOPMENT MARKET DATA
2026-08-09,Bulawayo,Sorghum,256.2,364.0,310.1,218.5,612.8,-394.3,Agricultural Marketing Authority (AMA),SYNTHETIC / SIMULATED DEVELOPMENT MARKET DATA
2026-08-09,Bulawayo,Sunflower,374.9,525.0,449.9,752.9,111.5,641.4,Agricultural Marketing Authority (AMA),SYNTHETIC / SIMULATED DEVELOPMENT MARKET DATA
2026-08-09,Bulawayo,SweetPotato,173.2,309.0,241.1,445.5,314.2,131.3,Agricultural Marketing Authority (AMA),SYNTHETIC / SIMULATED DEVELOPMENT MARKET DATA
2026-08-09,Bulawayo,Cassava,158.3,251.4,204.9,338.5,442.6,-104.1,Agricultural Marketing Authority (AMA),SYNTHETIC / SIMULATED DEVELOPMENT MARKET DATA
2026-08-09,Mutare,Maize,320.9,419.6,370.2,337.1,584.5,-247.4,Agricultural Marketing Authority (AMA),SYNTHETIC / SIMULATED DEVELOPMENT MARKET DATA
2026-08-09,Mutare,Tobacco,2592.3,3428.6,3010.4,533.0,688.9,-155.9,Agricultural Marketing Authority (AMA),SYNTHETIC / SIMULATED DEVELOPMENT MARKET DATA
2026-08-09,Mutare,Wheat,424.3,550.9,487.6,388.6,275.1,113.5,Agricultural Marketing Authority (AMA),SYNTHETIC / SIMULATED DEVELOPMENT MARKET DATA
2026-08-09,Mutare,Soybean,565.2,765.2,665.2,451.2,720.1,-268.9,Agricultural Marketing Authority (AMA),SYNTHETIC / SIMULATED DEVELOPMENT MARKET DATA
2026-08-09,Mutare,Cotton,841.9,1019.5,930.7,301.6,542.2,-240.6,Agricultural Marketing Authority (AMA),SYNTHETIC / SIMULATED DEVELOPMENT MARKET DATA
2026-08-09,Mutare,Groundnuts,504.8,628.1,566.5,743.2,516.4,226.8,Agricultural Marketing Authority (AMA),SYNTHETIC / SIMULATED DEVELOPMENT MARKET DATA
2026-08-09,Mutare,Sorghum,248.6,375.8,312.2,739.3,536.9,202.4,Agricultural Marketing Authority (AMA),SYNTHETIC / SIMULATED DEVELOPMENT MARKET DATA
2026-08-09,Mutare,Sunflower,370.7,460.3,415.5,202.4,406.3,-203.9,Agricultural Marketing Authority (AMA),SYNTHETIC / SIMULATED DEVELOPMENT MARKET DATA
2026-08-09,Mutare,SweetPotato,174.0,319.0,246.5,750.3,485.2,265.1,Agricultural Marketing Authority (AMA),SYNTHETIC / SIMULATED DEVELOPMENT MARKET DATA
2026-08-09,Mutare,Cassava,161.9,269.7,215.8,300.6,365.2,-64.6,Agricultural Marketing Authority (AMA),SYNTHETIC / SIMULATED DEVELOPMENT MARKET DATA
2026-08-10,Harare,Maize,336.9,398.9,367.9,626.5,333.0,293.5,Agricultural Marketing Authority (AMA),SYNTHETIC / SIMULATED DEVELOPMENT MARKET DATA
2026-08-10,Harare,Tobacco,2599.2,3426.6,3012.9,489.1,534.8,-45.7,Agricultural Marketing Authority (AMA),SYNTHETIC / SIMULATED DEVELOPMENT MARKET DATA
2026-08-10,Harare,Wheat,410.9,518.0,464.4,494.5,573.0,-78.5,Agricultural Marketing Authority (AMA),SYNTHETIC / SIMULATED DEVELOPMENT MARKET DATA
2026-08-10,Harare,Soybean,597.8,723.9,660.8,685.2,321.1,364.1,Agricultural Marketing Authority (AMA),SYNTHETIC / SIMULATED DEVELOPMENT MARKET DATA
2026-08-10,Harare,Cotton,792.5,1001.5,897.0,152.8,583.5,-430.7,Agricultural Marketing Authority (AMA),SYNTHETIC / SIMULATED DEVELOPMENT MARKET DATA
2026-08-10,Harare,Groundnuts,499.5,629.0,564.2,756.1,386.7,369.4,Agricultural Marketing Authority (AMA),SYNTHETIC / SIMULATED DEVELOPMENT MARKET DATA
2026-08-10,Harare,Sorghum,254.6,369.3,311.9,764.7,417.7,347.0,Agricultural Marketing Authority (AMA),SYNTHETIC / SIMULATED DEVELOPMENT MARKET DATA
2026-08-10,Harare,Sunflower,368.3,474.9,421.6,415.0,489.5,-74.5,Agricultural Marketing Authority (AMA),SYNTHETIC / SIMULATED DEVELOPMENT MARKET DATA
2026-08-10,Harare,SweetPotato,177.6,319.3,248.4,136.7,727.9,-591.2,Agricultural Marketing Authority (AMA),SYNTHETIC / SIMULATED DEVELOPMENT MARKET DATA
2026-08-10,Harare,Cassava,159.4,265.3,212.4,690.5,368.9,321.6,Agricultural Marketing Authority (AMA),SYNTHETIC / SIMULATED DEVELOPMENT MARKET DATA
2026-08-10,Bulawayo,Maize,318.6,438.8,378.7,518.3,748.9,-230.6,Agricultural Marketing Authority (AMA),SYNTHETIC / SIMULATED DEVELOPMENT MARKET DATA
2026-08-10,Bulawayo,Tobacco,2654.0,3364.7,3009.3,272.8,707.5,-434.7,Agricultural Marketing Authority (AMA),SYNTHETIC / SIMULATED DEVELOPMENT MARKET DATA
2026-08-10,Bulawayo,Wheat,410.4,536.3,473.3,101.9,106.3,-4.4,Agricultural Marketing Authority (AMA),SYNTHETIC / SIMULATED DEVELOPMENT MARKET DATA
2026-08-10,Bulawayo,Soybean,571.9,739.1,655.5,341.2,617.2,-276.0,Agricultural Marketing Authority (AMA),SYNTHETIC / SIMULATED DEVELOPMENT MARKET DATA
2026-08-10,Bulawayo,Cotton,812.2,955.8,884.0,650.5,199.6,450.9,Agricultural Marketing Authority (AMA),SYNTHETIC / SIMULATED DEVELOPMENT MARKET DATA
2026-08-10,Bulawayo,Groundnuts,459.7,631.9,545.8,512.6,587.1,-74.5,Agricultural Marketing Authority (AMA),SYNTHETIC / SIMULATED DEVELOPMENT MARKET DATA
2026-08-10,Bulawayo,Sorghum,256.5,343.9,300.2,758.3,227.8,530.5,Agricultural Marketing Authority (AMA),SYNTHETIC / SIMULATED DEVELOPMENT MARKET DATA
2026-08-10,Bulawayo,Sunflower,398.0,485.4,441.7,428.7,219.6,209.1,Agricultural Marketing Authority (AMA),SYNTHETIC / SIMULATED DEVELOPMENT MARKET DATA
2026-08-10,Bulawayo,SweetPotato,176.5,319.1,247.8,198.7,340.9,-142.2,Agricultural Marketing Authority (AMA),SYNTHETIC / SIMULATED DEVELOPMENT MARKET DATA
2026-08-10,Bulawayo,Cassava,156.9,260.5,208.7,150.7,651.3,-500.6,Agricultural Marketing Authority (AMA),SYNTHETIC / SIMULATED DEVELOPMENT MARKET DATA
2026-08-10,Mutare,Maize,332.2,420.5,376.4,339.0,522.0,-183.0,Agricultural Marketing Authority (AMA),SYNTHETIC / SIMULATED DEVELOPMENT MARKET DATA
2026-08-10,Mutare,Tobacco,2646.9,3328.2,2987.6,510.9,326.2,184.7,Agricultural Marketing Authority (AMA),SYNTHETIC / SIMULATED DEVELOPMENT MARKET DATA
2026-08-10,Mutare,Wheat,426.8,550.7,488.8,338.3,340.2,-1.9,Agricultural Marketing Authority (AMA),SYNTHETIC / SIMULATED DEVELOPMENT MARKET DATA
2026-08-10,Mutare,Soybean,602.8,753.7,678.2,649.1,652.2,-3.1,Agricultural Marketing Authority (AMA),SYNTHETIC / SIMULATED DEVELOPMENT MARKET DATA
2026-08-10,Mutare,Cotton,815.3,961.3,888.3,443.8,440.3,3.5,Agricultural Marketing Authority (AMA),SYNTHETIC / SIMULATED DEVELOPMENT MARKET DATA
2026-08-10,Mutare,Groundnuts,463.6,634.0,548.8,588.4,217.7,370.7,Agricultural Marketing Authority (AMA),SYNTHETIC / SIMULATED DEVELOPMENT MARKET DATA
2026-08-10,Mutare,Sorghum,254.9,382.6,318.8,151.2,689.8,-538.6,Agricultural Marketing Authority (AMA),SYNTHETIC / SIMULATED DEVELOPMENT MARKET DATA
2026-08-10,Mutare,Sunflower,380.4,510.9,445.6,336.9,206.7,130.2,Agricultural Marketing Authority (AMA),SYNTHETIC / SIMULATED DEVELOPMENT MARKET DATA
2026-08-10,Mutare,SweetPotato,175.9,305.7,240.8,612.6,439.2,173.4,Agricultural Marketing Authority (AMA),SYNTHETIC / SIMULATED DEVELOPMENT MARKET DATA
2026-08-10,Mutare,Cassava,154.6,252.1,203.3,798.6,377.4,421.2,Agricultural Marketing Authority (AMA),SYNTHETIC / SIMULATED DEVELOPMENT MARKET DATA
2026-08-11,Harare,Maize,318.1,406.6,362.4,775.7,573.4,202.3,Agricultural Marketing Authority (AMA),SYNTHETIC / SIMULATED DEVELOPMENT MARKET DATA
2026-08-11,Harare,Tobacco,2626.0,3298.0,2962.0,117.4,262.5,-145.1,Agricultural Marketing Authority (AMA),SYNTHETIC / SIMULATED DEVELOPMENT MARKET DATA
2026-08-11,Harare,Wheat,402.9,561.3,482.1,651.0,245.8,405.2,Agricultural Marketing Authority (AMA),SYNTHETIC / SIMULATED DEVELOPMENT MARKET DATA
2026-08-11,Harare,Soybean,528.5,773.9,651.2,648.8,571.3,77.5,Agricultural Marketing Authority (AMA),SYNTHETIC / SIMULATED DEVELOPMENT MARKET DATA
2026-08-11,Harare,Cotton,842.4,1008.3,925.3,441.7,286.9,154.8,Agricultural Marketing Authority (AMA),SYNTHETIC / SIMULATED DEVELOPMENT MARKET DATA
2026-08-11,Harare,Groundnuts,489.1,616.2,552.7,491.9,135.2,356.7,Agricultural Marketing Authority (AMA),SYNTHETIC / SIMULATED DEVELOPMENT MARKET DATA
2026-08-11,Harare,Sorghum,248.1,340.0,294.1,732.3,239.7,492.6,Agricultural Marketing Authority (AMA),SYNTHETIC / SIMULATED DEVELOPMENT MARKET DATA
2026-08-11,Harare,Sunflower,390.7,481.3,436.0,230.5,133.2,97.3,Agricultural Marketing Authority (AMA),SYNTHETIC / SIMULATED DEVELOPMENT MARKET DATA
2026-08-11,Harare,SweetPotato,176.1,318.3,247.2,442.9,281.7,161.2,Agricultural Marketing Authority (AMA),SYNTHETIC / SIMULATED DEVELOPMENT MARKET DATA
2026-08-11,Harare,Cassava,164.3,260.3,212.3,780.6,638.3,142.3,Agricultural Marketing Authority (AMA),SYNTHETIC / SIMULATED DEVELOPMENT MARKET DATA
2026-08-11,Bulawayo,Maize,315.5,422.5,369.0,204.5,589.4,-384.9,Agricultural Marketing Authority (AMA),SYNTHETIC / SIMULATED DEVELOPMENT MARKET DATA
2026-08-11,Bulawayo,Tobacco,2589.3,3313.7,2951.5,291.8,407.7,-115.9,Agricultural Marketing Authority (AMA),SYNTHETIC / SIMULATED DEVELOPMENT MARKET DATA
2026-08-11,Bulawayo,Wheat,414.1,549.0,481.6,144.5,152.9,-8.4,Agricultural Marketing Authority (AMA),SYNTHETIC / SIMULATED DEVELOPMENT MARKET DATA
2026-08-11,Bulawayo,Soybean,577.9,723.5,650.7,429.1,360.2,68.9,Agricultural Marketing Authority (AMA),SYNTHETIC / SIMULATED DEVELOPMENT MARKET DATA
2026-08-11,Bulawayo,Cotton,790.6,936.7,863.7,220.4,504.1,-283.7,Agricultural Marketing Authority (AMA),SYNTHETIC / SIMULATED DEVELOPMENT MARKET DATA
2026-08-11,Bulawayo,Groundnuts,494.9,642.2,568.5,503.4,472.1,31.3,Agricultural Marketing Authority (AMA),SYNTHETIC / SIMULATED DEVELOPMENT MARKET DATA
2026-08-11,Bulawayo,Sorghum,255.0,338.1,296.6,672.0,186.7,485.3,Agricultural Marketing Authority (AMA),SYNTHETIC / SIMULATED DEVELOPMENT MARKET DATA
2026-08-11,Bulawayo,Sunflower,372.2,513.7,443.0,110.0,548.1,-438.1,Agricultural Marketing Authority (AMA),SYNTHETIC / SIMULATED DEVELOPMENT MARKET DATA
2026-08-11,Bulawayo,SweetPotato,187.7,322.9,255.3,197.0,546.3,-349.3,Agricultural Marketing Authority (AMA),SYNTHETIC / SIMULATED DEVELOPMENT MARKET DATA
2026-08-11,Bulawayo,Cassava,159.1,266.0,212.6,458.0,698.4,-240.4,Agricultural Marketing Authority (AMA),SYNTHETIC / SIMULATED DEVELOPMENT MARKET DATA
2026-08-11,Mutare,Maize,313.7,431.1,372.4,656.5,127.6,528.9,Agricultural Marketing Authority (AMA),SYNTHETIC / SIMULATED DEVELOPMENT MARKET DATA
2026-08-11,Mutare,Tobacco,2655.7,3267.5,2961.6,177.3,716.9,-539.6,Agricultural Marketing Authority (AMA),SYNTHETIC / SIMULATED DEVELOPMENT MARKET DATA
2026-08-11,Mutare,Wheat,412.8,527.2,470.0,104.9,291.5,-186.6,Agricultural Marketing Authority (AMA),SYNTHETIC / SIMULATED DEVELOPMENT MARKET DATA
2026-08-11,Mutare,Soybean,548.3,737.2,642.8,503.7,677.6,-173.9,Agricultural Marketing Authority (AMA),SYNTHETIC / SIMULATED DEVELOPMENT MARKET DATA
2026-08-11,Mutare,Cotton,763.8,1011.4,887.6,317.1,374.9,-57.8,Agricultural Marketing Authority (AMA),SYNTHETIC / SIMULATED DEVELOPMENT MARKET DATA
2026-08-11,Mutare,Groundnuts,453.7,644.5,549.1,673.5,713.9,-40.4,Agricultural Marketing Authority (AMA),SYNTHETIC / SIMULATED DEVELOPMENT MARKET DATA
2026-08-11,Mutare,Sorghum,250.1,349.1,299.6,360.7,397.5,-36.8,Agricultural Marketing Authority (AMA),SYNTHETIC / SIMULATED DEVELOPMENT MARKET DATA
2026-08-11,Mutare,Sunflower,369.5,496.1,432.8,276.2,731.7,-455.5,Agricultural Marketing Authority (AMA),SYNTHETIC / SIMULATED DEVELOPMENT MARKET DATA
2026-08-11,Mutare,SweetPotato,184.8,312.5,248.7,105.9,529.7,-423.8,Agricultural Marketing Authority (AMA),SYNTHETIC / SIMULATED DEVELOPMENT MARKET DATA
2026-08-11,Mutare,Cassava,168.4,253.4,210.9,197.8,372.0,-174.2,Agricultural Marketing Authority (AMA),SYNTHETIC / SIMULATED DEVELOPMENT MARKET DATA
2026-08-12,Harare,Maize,316.0,429.7,372.9,229.5,409.0,-179.5,Agricultural Marketing Authority (AMA),SYNTHETIC / SIMULATED DEVELOPMENT MARKET DATA
2026-08-12,Harare,Tobacco,2694.2,3450.6,3072.4,476.1,411.7,64.4,Agricultural Marketing Authority (AMA),SYNTHETIC / SIMULATED DEVELOPMENT MARKET DATA
2026-08-12,Harare,Wheat,430.7,555.5,493.1,441.4,176.2,265.2,Agricultural Marketing Authority (AMA),SYNTHETIC / SIMULATED DEVELOPMENT MARKET DATA
2026-08-12,Harare,Soybean,561.7,778.4,670.0,199.2,83.3,115.9,Agricultural Marketing Authority (AMA),SYNTHETIC / SIMULATED DEVELOPMENT MARKET DATA
2026-08-12,Harare,Cotton,833.0,1001.2,917.1,353.3,107.2,246.1,Agricultural Marketing Authority (AMA),SYNTHETIC / SIMULATED DEVELOPMENT MARKET DATA
2026-08-12,Harare,Groundnuts,486.8,612.8,549.8,678.8,393.2,285.6,Agricultural Marketing Authority (AMA),SYNTHETIC / SIMULATED DEVELOPMENT MARKET DATA
2026-08-12,Harare,Sorghum,245.4,346.0,295.7,402.3,539.3,-137.0,Agricultural Marketing Authority (AMA),SYNTHETIC / SIMULATED DEVELOPMENT MARKET DATA
2026-08-12,Harare,Sunflower,390.9,493.1,442.0,435.3,284.5,150.8,Agricultural Marketing Authority (AMA),SYNTHETIC / SIMULATED DEVELOPMENT MARKET DATA
2026-08-12,Harare,SweetPotato,183.7,302.4,243.0,508.9,244.7,264.2,Agricultural Marketing Authority (AMA),SYNTHETIC / SIMULATED DEVELOPMENT MARKET DATA
2026-08-12,Harare,Cassava,160.6,256.8,208.7,273.0,210.0,63.0,Agricultural Marketing Authority (AMA),SYNTHETIC / SIMULATED DEVELOPMENT MARKET DATA
2026-08-12,Bulawayo,Maize,314.0,417.8,365.9,496.7,681.5,-184.8,Agricultural Marketing Authority (AMA),SYNTHETIC / SIMULATED DEVELOPMENT MARKET DATA
2026-08-12,Bulawayo,Tobacco,2600.8,3420.4,3010.6,155.3,697.6,-542.3,Agricultural Marketing Authority (AMA),SYNTHETIC / SIMULATED DEVELOPMENT MARKET DATA
2026-08-12,Bulawayo,Wheat,424.7,521.7,473.2,568.0,348.3,219.7,Agricultural Marketing Authority (AMA),SYNTHETIC / SIMULATED DEVELOPMENT MARKET DATA
2026-08-12,Bulawayo,Soybean,579.8,777.7,678.8,340.2,413.8,-73.6,Agricultural Marketing Authority (AMA),SYNTHETIC / SIMULATED DEVELOPMENT MARKET DATA
2026-08-12,Bulawayo,Cotton,774.4,1012.8,893.6,348.8,461.6,-112.8,Agricultural Marketing Authority (AMA),SYNTHETIC / SIMULATED DEVELOPMENT MARKET DATA
2026-08-12,Bulawayo,Groundnuts,484.5,624.5,554.5,235.0,487.8,-252.8,Agricultural Marketing Authority (AMA),SYNTHETIC / SIMULATED DEVELOPMENT MARKET DATA
2026-08-12,Bulawayo,Sorghum,256.4,356.1,306.2,595.3,430.6,164.7,Agricultural Marketing Authority (AMA),SYNTHETIC / SIMULATED DEVELOPMENT MARKET DATA
2026-08-12,Bulawayo,Sunflower,369.0,521.6,445.3,770.4,669.4,101.0,Agricultural Marketing Authority (AMA),SYNTHETIC / SIMULATED DEVELOPMENT MARKET DATA
2026-08-12,Bulawayo,SweetPotato,182.0,320.4,251.2,598.8,139.6,459.2,Agricultural Marketing Authority (AMA),SYNTHETIC / SIMULATED DEVELOPMENT MARKET DATA
2026-08-12,Bulawayo,Cassava,160.2,267.2,213.7,378.2,364.2,14.0,Agricultural Marketing Authority (AMA),SYNTHETIC / SIMULATED DEVELOPMENT MARKET DATA
2026-08-12,Mutare,Maize,300.9,397.1,349.0,273.2,741.3,-468.1,Agricultural Marketing Authority (AMA),SYNTHETIC / SIMULATED DEVELOPMENT MARKET DATA
2026-08-12,Mutare,Tobacco,2634.7,3280.8,2957.8,663.9,318.1,345.8,Agricultural Marketing Authority (AMA),SYNTHETIC / SIMULATED DEVELOPMENT MARKET DATA
2026-08-12,Mutare,Wheat,431.7,526.7,479.2,565.0,125.8,439.2,Agricultural Marketing Authority (AMA),SYNTHETIC / SIMULATED DEVELOPMENT MARKET DATA
2026-08-12,Mutare,Soybean,557.5,708.1,632.8,328.9,537.3,-208.4,Agricultural Marketing Authority (AMA),SYNTHETIC / SIMULATED DEVELOPMENT MARKET DATA
2026-08-12,Mutare,Cotton,830.3,954.4,892.3,520.0,582.5,-62.5,Agricultural Marketing Authority (AMA),SYNTHETIC / SIMULATED DEVELOPMENT MARKET DATA
2026-08-12,Mutare,Groundnuts,504.8,618.6,561.7,741.3,369.6,371.7,Agricultural Marketing Authority (AMA),SYNTHETIC / SIMULATED DEVELOPMENT MARKET DATA
2026-08-12,Mutare,Sorghum,249.3,371.3,310.3,521.9,504.7,17.2,Agricultural Marketing Authority (AMA),SYNTHETIC / SIMULATED DEVELOPMENT MARKET DATA
2026-08-12,Mutare,Sunflower,355.6,507.1,431.4,514.3,343.5,170.8,Agricultural Marketing Authority (AMA),SYNTHETIC / SIMULATED DEVELOPMENT MARKET DATA
2026-08-12,Mutare,SweetPotato,189.5,295.6,242.6,298.8,369.2,-70.4,Agricultural Marketing Authority (AMA),SYNTHETIC / SIMULATED DEVELOPMENT MARKET DATA
2026-08-12,Mutare,Cassava,165.8,248.6,207.2,439.7,475.2,-35.5,Agricultural Marketing Authority (AMA),SYNTHETIC / SIMULATED DEVELOPMENT MARKET DATA
2026-08-13,Harare,Maize,324.0,433.5,378.8,608.8,486.2,122.6,Agricultural Marketing Authority (AMA),SYNTHETIC / SIMULATED DEVELOPMENT MARKET DATA
2026-08-13,Harare,Tobacco,2633.8,3396.3,3015.1,714.4,167.8,546.6,Agricultural Marketing Authority (AMA),SYNTHETIC / SIMULATED DEVELOPMENT MARKET DATA
2026-08-13,Harare,Wheat,443.1,537.8,490.4,446.1,131.6,314.5,Agricultural Marketing Authority (AMA),SYNTHETIC / SIMULATED DEVELOPMENT MARKET DATA
2026-08-13,Harare,Soybean,581.5,716.1,648.8,797.8,289.6,508.2,Agricultural Marketing Authority (AMA),SYNTHETIC / SIMULATED DEVELOPMENT MARKET DATA
2026-08-13,Harare,Cotton,793.3,936.6,865.0,189.0,86.0,103.0,Agricultural Marketing Authority (AMA),SYNTHETIC / SIMULATED DEVELOPMENT MARKET DATA
2026-08-13,Harare,Groundnuts,459.5,613.2,536.4,211.2,693.1,-481.9,Agricultural Marketing Authority (AMA),SYNTHETIC / SIMULATED DEVELOPMENT MARKET DATA
2026-08-13,Harare,Sorghum,260.6,375.1,317.9,355.7,130.4,225.3,Agricultural Marketing Authority (AMA),SYNTHETIC / SIMULATED DEVELOPMENT MARKET DATA
2026-08-13,Harare,Sunflower,388.8,493.0,440.9,346.3,613.7,-267.4,Agricultural Marketing Authority (AMA),SYNTHETIC / SIMULATED DEVELOPMENT MARKET DATA
2026-08-13,Harare,SweetPotato,182.2,317.0,249.6,790.4,261.3,529.1,Agricultural Marketing Authority (AMA),SYNTHETIC / SIMULATED DEVELOPMENT MARKET DATA
2026-08-13,Harare,Cassava,159.0,255.9,207.4,165.7,305.5,-139.8,Agricultural Marketing Authority (AMA),SYNTHETIC / SIMULATED DEVELOPMENT MARKET DATA
2026-08-13,Bulawayo,Maize,308.6,429.7,369.1,265.1,222.1,43.0,Agricultural Marketing Authority (AMA),SYNTHETIC / SIMULATED DEVELOPMENT MARKET DATA
2026-08-13,Bulawayo,Tobacco,2590.7,3375.0,2982.8,209.0,206.4,2.6,Agricultural Marketing Authority (AMA),SYNTHETIC / SIMULATED DEVELOPMENT MARKET DATA
2026-08-13,Bulawayo,Wheat,424.5,546.2,485.4,268.4,440.8,-172.4,Agricultural Marketing Authority (AMA),SYNTHETIC / SIMULATED DEVELOPMENT MARKET DATA
2026-08-13,Bulawayo,Soybean,582.9,748.9,665.9,137.6,411.3,-273.7,Agricultural Marketing Authority (AMA),SYNTHETIC / SIMULATED DEVELOPMENT MARKET DATA
2026-08-13,Bulawayo,Cotton,781.7,1033.3,907.5,629.7,641.6,-11.9,Agricultural Marketing Authority (AMA),SYNTHETIC / SIMULATED DEVELOPMENT MARKET DATA
2026-08-13,Bulawayo,Groundnuts,490.6,626.0,558.3,211.7,174.6,37.1,Agricultural Marketing Authority (AMA),SYNTHETIC / SIMULATED DEVELOPMENT MARKET DATA
2026-08-13,Bulawayo,Sorghum,248.7,368.9,308.8,627.1,312.2,314.9,Agricultural Marketing Authority (AMA),SYNTHETIC / SIMULATED DEVELOPMENT MARKET DATA
2026-08-13,Bulawayo,Sunflower,369.1,491.1,430.1,632.0,579.6,52.4,Agricultural Marketing Authority (AMA),SYNTHETIC / SIMULATED DEVELOPMENT MARKET DATA
2026-08-13,Bulawayo,SweetPotato,182.5,328.2,255.3,759.2,425.4,333.8,Agricultural Marketing Authority (AMA),SYNTHETIC / SIMULATED DEVELOPMENT MARKET DATA
2026-08-13,Bulawayo,Cassava,164.2,251.2,207.7,717.4,487.4,230.0,Agricultural Marketing Authority (AMA),SYNTHETIC / SIMULATED DEVELOPMENT MARKET DATA
2026-08-13,Mutare,Maize,314.9,421.5,368.2,288.9,282.5,6.4,Agricultural Marketing Authority (AMA),SYNTHETIC / SIMULATED DEVELOPMENT MARKET DATA
2026-08-13,Mutare,Tobacco,2607.8,3357.9,2982.9,735.1,88.1,647.0,Agricultural Marketing Authority (AMA),SYNTHETIC / SIMULATED DEVELOPMENT MARKET DATA
2026-08-13,Mutare,Wheat,401.3,542.4,471.9,221.7,534.0,-312.3,Agricultural Marketing Authority (AMA),SYNTHETIC / SIMULATED DEVELOPMENT MARKET DATA
2026-08-13,Mutare,Soybean,576.2,734.0,655.1,750.0,586.8,163.2,Agricultural Marketing Authority (AMA),SYNTHETIC / SIMULATED DEVELOPMENT MARKET DATA
2026-08-13,Mutare,Cotton,766.3,982.9,874.6,254.4,372.2,-117.8,Agricultural Marketing Authority (AMA),SYNTHETIC / SIMULATED DEVELOPMENT MARKET DATA
2026-08-13,Mutare,Groundnuts,471.4,636.7,554.0,145.4,165.3,-19.9,Agricultural Marketing Authority (AMA),SYNTHETIC / SIMULATED DEVELOPMENT MARKET DATA
2026-08-13,Mutare,Sorghum,238.7,380.5,309.6,336.3,287.7,48.6,Agricultural Marketing Authority (AMA),SYNTHETIC / SIMULATED DEVELOPMENT MARKET DATA
2026-08-13,Mutare,Sunflower,388.4,484.6,436.5,756.3,200.4,555.9,Agricultural Marketing Authority (AMA),SYNTHETIC / SIMULATED DEVELOPMENT MARKET DATA
2026-08-13,Mutare,SweetPotato,175.6,316.3,245.9,337.7,537.8,-200.1,Agricultural Marketing Authority (AMA),SYNTHETIC / SIMULATED DEVELOPMENT MARKET DATA
2026-08-13,Mutare,Cassava,152.5,253.3,202.9,504.0,662.9,-158.9,Agricultural Marketing Authority (AMA),SYNTHETIC / SIMULATED DEVELOPMENT MARKET DATA
2026-08-14,Harare,Maize,315.3,415.1,365.2,595.5,637.6,-42.1,Agricultural Marketing Authority (AMA),SYNTHETIC / SIMULATED DEVELOPMENT MARKET DATA
2026-08-14,Harare,Tobacco,2669.8,3377.6,3023.7,753.6,145.8,607.8,Agricultural Marketing Authority (AMA),SYNTHETIC / SIMULATED DEVELOPMENT MARKET DATA
2026-08-14,Harare,Wheat,437.8,519.8,478.8,255.8,247.2,8.6,Agricultural Marketing Authority (AMA),SYNTHETIC / SIMULATED DEVELOPMENT MARKET DATA
2026-08-14,Harare,Soybean,589.7,754.1,671.9,533.1,576.4,-43.3,Agricultural Marketing Authority (AMA),SYNTHETIC / SIMULATED DEVELOPMENT MARKET DATA
2026-08-14,Harare,Cotton,834.0,972.7,903.4,331.4,201.2,130.2,Agricultural Marketing Authority (AMA),SYNTHETIC / SIMULATED DEVELOPMENT MARKET DATA
2026-08-14,Harare,Groundnuts,476.3,639.7,558.0,232.3,552.3,-320.0,Agricultural Marketing Authority (AMA),SYNTHETIC / SIMULATED DEVELOPMENT MARKET DATA
2026-08-14,Harare,Sorghum,251.4,356.4,303.9,192.1,659.5,-467.4,Agricultural Marketing Authority (AMA),SYNTHETIC / SIMULATED DEVELOPMENT MARKET DATA
2026-08-14,Harare,Sunflower,385.3,482.2,433.8,743.3,541.4,201.9,Agricultural Marketing Authority (AMA),SYNTHETIC / SIMULATED DEVELOPMENT MARKET DATA
2026-08-14,Harare,SweetPotato,192.2,327.3,259.8,342.6,242.4,100.2,Agricultural Marketing Authority (AMA),SYNTHETIC / SIMULATED DEVELOPMENT MARKET DATA
2026-08-14,Harare,Cassava,158.5,253.0,205.8,423.4,696.5,-273.1,Agricultural Marketing Authority (AMA),SYNTHETIC / SIMULATED DEVELOPMENT MARKET DATA
2026-08-14,Bulawayo,Maize,336.4,412.8,374.6,159.0,575.4,-416.4,Agricultural Marketing Authority (AMA),SYNTHETIC / SIMULATED DEVELOPMENT MARKET DATA
2026-08-14,Bulawayo,Tobacco,2497.3,3472.3,2984.8,788.1,102.5,685.6,Agricultural Marketing Authority (AMA),SYNTHETIC / SIMULATED DEVELOPMENT MARKET DATA
2026-08-14,Bulawayo,Wheat,431.2,532.8,482.0,557.4,530.9,26.5,Agricultural Marketing Authority (AMA),SYNTHETIC / SIMULATED DEVELOPMENT MARKET DATA
2026-08-14,Bulawayo,Soybean,575.6,746.0,660.8,602.0,638.9,-36.9,Agricultural Marketing Authority (AMA),SYNTHETIC / SIMULATED DEVELOPMENT MARKET DATA
2026-08-14,Bulawayo,Cotton,806.8,1000.8,903.8,250.9,258.9,-8.0,Agricultural Marketing Authority (AMA),SYNTHETIC / SIMULATED DEVELOPMENT MARKET DATA
2026-08-14,Bulawayo,Groundnuts,479.8,654.7,567.2,624.1,457.5,166.6,Agricultural Marketing Authority (AMA),SYNTHETIC / SIMULATED DEVELOPMENT MARKET DATA
2026-08-14,Bulawayo,Sorghum,252.8,346.2,299.5,277.0,184.7,92.3,Agricultural Marketing Authority (AMA),SYNTHETIC / SIMULATED DEVELOPMENT MARKET DATA
2026-08-14,Bulawayo,Sunflower,381.6,456.8,419.2,105.2,117.8,-12.6,Agricultural Marketing Authority (AMA),SYNTHETIC / SIMULATED DEVELOPMENT MARKET DATA
2026-08-14,Bulawayo,SweetPotato,177.8,305.9,241.8,722.4,375.8,346.6,Agricultural Marketing Authority (AMA),SYNTHETIC / SIMULATED DEVELOPMENT MARKET DATA
2026-08-14,Bulawayo,Cassava,159.3,254.4,206.9,210.0,420.8,-210.8,Agricultural Marketing Authority (AMA),SYNTHETIC / SIMULATED DEVELOPMENT MARKET DATA
2026-08-14,Mutare,Maize,326.5,407.7,367.1,717.8,378.8,339.0,Agricultural Marketing Authority (AMA),SYNTHETIC / SIMULATED DEVELOPMENT MARKET DATA
2026-08-14,Mutare,Tobacco,2488.7,3357.4,2923.1,174.5,483.1,-308.6,Agricultural Marketing Authority (AMA),SYNTHETIC / SIMULATED DEVELOPMENT MARKET DATA
2026-08-14,Mutare,Wheat,423.1,559.8,491.4,360.5,106.5,254.0,Agricultural Marketing Authority (AMA),SYNTHETIC / SIMULATED DEVELOPMENT MARKET DATA
2026-08-14,Mutare,Soybean,585.0,751.8,668.4,142.0,363.4,-221.4,Agricultural Marketing Authority (AMA),SYNTHETIC / SIMULATED DEVELOPMENT MARKET DATA
2026-08-14,Mutare,Cotton,791.2,967.9,879.5,460.1,656.5,-196.4,Agricultural Marketing Authority (AMA),SYNTHETIC / SIMULATED DEVELOPMENT MARKET DATA
2026-08-14,Mutare,Groundnuts,470.0,603.3,536.6,412.2,301.6,110.6,Agricultural Marketing Authority (AMA),SYNTHETIC / SIMULATED DEVELOPMENT MARKET DATA
2026-08-14,Mutare,Sorghum,242.2,367.9,305.0,184.4,191.0,-6.6,Agricultural Marketing Authority (AMA),SYNTHETIC / SIMULATED DEVELOPMENT MARKET DATA
2026-08-14,Mutare,Sunflower,364.0,458.3,411.1,558.0,241.7,316.3,Agricultural Marketing Authority (AMA),SYNTHETIC / SIMULATED DEVELOPMENT MARKET DATA
2026-08-14,Mutare,SweetPotato,179.1,319.6,249.4,251.6,203.2,48.4,Agricultural Marketing Authority (AMA),SYNTHETIC / SIMULATED DEVELOPMENT MARKET DATA
2026-08-14,Mutare,Cassava,158.9,267.4,213.1,554.0,731.3,-177.3,Agricultural Marketing Authority (AMA),SYNTHETIC / SIMULATED DEVELOPMENT MARKET DATA
2026-08-15,Harare,Maize,310.9,398.3,354.6,469.9,708.6,-238.7,Agricultural Marketing Authority (AMA),SYNTHETIC / SIMULATED DEVELOPMENT MARKET DATA
2026-08-15,Harare,Tobacco,2609.4,3308.8,2959.1,624.0,572.3,51.7,Agricultural Marketing Authority (AMA),SYNTHETIC / SIMULATED DEVELOPMENT MARKET DATA
2026-08-15,Harare,Wheat,413.0,555.7,484.4,446.6,290.1,156.5,Agricultural Marketing Authority (AMA),SYNTHETIC / SIMULATED DEVELOPMENT MARKET DATA
2026-08-15,Harare,Soybean,586.5,749.4,668.0,792.5,325.5,467.0,Agricultural Marketing Authority (AMA),SYNTHETIC / SIMULATED DEVELOPMENT MARKET DATA
2026-08-15,Harare,Cotton,810.8,925.0,867.9,449.8,461.2,-11.4,Agricultural Marketing Authority (AMA),SYNTHETIC / SIMULATED DEVELOPMENT MARKET DATA
2026-08-15,Harare,Groundnuts,463.0,639.0,551.0,496.4,691.8,-195.4,Agricultural Marketing Authority (AMA),SYNTHETIC / SIMULATED DEVELOPMENT MARKET DATA
2026-08-15,Harare,Sorghum,238.9,370.4,304.6,108.8,606.4,-497.6,Agricultural Marketing Authority (AMA),SYNTHETIC / SIMULATED DEVELOPMENT MARKET DATA
2026-08-15,Harare,Sunflower,367.6,470.5,419.1,749.8,552.6,197.2,Agricultural Marketing Authority (AMA),SYNTHETIC / SIMULATED DEVELOPMENT MARKET DATA
2026-08-15,Harare,SweetPotato,175.6,312.6,244.1,227.6,644.8,-417.2,Agricultural Marketing Authority (AMA),SYNTHETIC / SIMULATED DEVELOPMENT MARKET DATA
2026-08-15,Harare,Cassava,159.5,250.6,205.1,546.2,139.1,407.1,Agricultural Marketing Authority (AMA),SYNTHETIC / SIMULATED DEVELOPMENT MARKET DATA
2026-08-15,Bulawayo,Maize,314.4,416.9,365.6,721.1,298.5,422.6,Agricultural Marketing Authority (AMA),SYNTHETIC / SIMULATED DEVELOPMENT MARKET DATA
2026-08-15,Bulawayo,Tobacco,2592.2,3307.8,2950.0,436.0,473.9,-37.9,Agricultural Marketing Authority (AMA),SYNTHETIC / SIMULATED DEVELOPMENT MARKET DATA
2026-08-15,Bulawayo,Wheat,406.4,559.0,482.7,417.2,167.4,249.8,Agricultural Marketing Authority (AMA),SYNTHETIC / SIMULATED DEVELOPMENT MARKET DATA
2026-08-15,Bulawayo,Soybean,562.1,752.2,657.2,291.1,270.8,20.3,Agricultural Marketing Authority (AMA),SYNTHETIC / SIMULATED DEVELOPMENT MARKET DATA
2026-08-15,Bulawayo,Cotton,818.9,970.1,894.5,140.2,494.6,-354.4,Agricultural Marketing Authority (AMA),SYNTHETIC / SIMULATED DEVELOPMENT MARKET DATA
2026-08-15,Bulawayo,Groundnuts,462.2,624.1,543.1,254.5,406.1,-151.6,Agricultural Marketing Authority (AMA),SYNTHETIC / SIMULATED DEVELOPMENT MARKET DATA
2026-08-15,Bulawayo,Sorghum,254.1,372.5,313.3,185.3,495.4,-310.1,Agricultural Marketing Authority (AMA),SYNTHETIC / SIMULATED DEVELOPMENT MARKET DATA
2026-08-15,Bulawayo,Sunflower,385.0,510.0,447.5,204.0,678.0,-474.0,Agricultural Marketing Authority (AMA),SYNTHETIC / SIMULATED DEVELOPMENT MARKET DATA
2026-08-15,Bulawayo,SweetPotato,176.5,298.8,237.7,216.3,507.4,-291.1,Agricultural Marketing Authority (AMA),SYNTHETIC / SIMULATED DEVELOPMENT MARKET DATA
2026-08-15,Bulawayo,Cassava,167.5,262.5,215.0,571.6,712.6,-141.0,Agricultural Marketing Authority (AMA),SYNTHETIC / SIMULATED DEVELOPMENT MARKET DATA
2026-08-15,Mutare,Maize,316.7,431.9,374.3,193.2,254.4,-61.2,Agricultural Marketing Authority (AMA),SYNTHETIC / SIMULATED DEVELOPMENT MARKET DATA
2026-08-15,Mutare,Tobacco,2519.5,3426.4,2972.9,552.5,476.4,76.1,Agricultural Marketing Authority (AMA),SYNTHETIC / SIMULATED DEVELOPMENT MARKET DATA
2026-08-15,Mutare,Wheat,411.9,559.4,485.6,744.8,393.5,351.3,Agricultural Marketing Authority (AMA),SYNTHETIC / SIMULATED DEVELOPMENT MARKET DATA
2026-08-15,Mutare,Soybean,603.4,736.7,670.0,559.4,583.5,-24.1,Agricultural Marketing Authority (AMA),SYNTHETIC / SIMULATED DEVELOPMENT MARKET DATA
2026-08-15,Mutare,Cotton,770.0,1005.7,887.9,116.8,717.1,-600.3,Agricultural Marketing Authority (AMA),SYNTHETIC / SIMULATED DEVELOPMENT MARKET DATA
2026-08-15,Mutare,Groundnuts,472.2,624.1,548.1,312.4,368.7,-56.3,Agricultural Marketing Authority (AMA),SYNTHETIC / SIMULATED DEVELOPMENT MARKET DATA
2026-08-15,Mutare,Sorghum,242.0,369.3,305.6,581.5,228.7,352.8,Agricultural Marketing Authority (AMA),SYNTHETIC / SIMULATED DEVELOPMENT MARKET DATA
2026-08-15,Mutare,Sunflower,399.0,478.3,438.6,576.0,458.6,117.4,Agricultural Marketing Authority (AMA),SYNTHETIC / SIMULATED DEVELOPMENT MARKET DATA
2026-08-15,Mutare,SweetPotato,177.6,320.5,249.1,453.9,668.8,-214.9,Agricultural Marketing Authority (AMA),SYNTHETIC / SIMULATED DEVELOPMENT MARKET DATA
2026-08-15,Mutare,Cassava,159.6,243.1,201.3,111.5,299.1,-187.6,Agricultural Marketing Authority (AMA),SYNTHETIC / SIMULATED DEVELOPMENT MARKET DATA
2026-08-16,Harare,Maize,312.4,414.6,363.5,543.2,190.7,352.5,Agricultural Marketing Authority (AMA),SYNTHETIC / SIMULATED DEVELOPMENT MARKET DATA
2026-08-16,Harare,Tobacco,2550.7,3409.5,2980.1,366.2,583.0,-216.8,Agricultural Marketing Authority (AMA),SYNTHETIC / SIMULATED DEVELOPMENT MARKET DATA
2026-08-16,Harare,Wheat,433.9,563.4,498.6,644.6,299.4,345.2,Agricultural Marketing Authority (AMA),SYNTHETIC / SIMULATED DEVELOPMENT MARKET DATA
2026-08-16,Harare,Soybean,579.0,736.8,657.9,271.5,713.5,-442.0,Agricultural Marketing Authority (AMA),SYNTHETIC / SIMULATED DEVELOPMENT MARKET DATA
2026-08-16,Harare,Cotton,790.0,920.5,855.2,745.3,629.4,115.9,Agricultural Marketing Authority (AMA),SYNTHETIC / SIMULATED DEVELOPMENT MARKET DATA
2026-08-16,Harare,Groundnuts,473.2,613.1,543.1,772.7,567.5,205.2,Agricultural Marketing Authority (AMA),SYNTHETIC / SIMULATED DEVELOPMENT MARKET DATA
2026-08-16,Harare,Sorghum,249.4,366.7,308.1,646.7,535.6,111.1,Agricultural Marketing Authority (AMA),SYNTHETIC / SIMULATED DEVELOPMENT MARKET DATA
2026-08-16,Harare,Sunflower,379.8,501.2,440.5,714.5,368.4,346.1,Agricultural Marketing Authority (AMA),SYNTHETIC / SIMULATED DEVELOPMENT MARKET DATA
2026-08-16,Harare,SweetPotato,178.7,311.7,245.2,170.1,720.8,-550.7,Agricultural Marketing Authority (AMA),SYNTHETIC / SIMULATED DEVELOPMENT MARKET DATA
2026-08-16,Harare,Cassava,153.6,252.5,203.1,160.9,112.3,48.6,Agricultural Marketing Authority (AMA),SYNTHETIC / SIMULATED DEVELOPMENT MARKET DATA
2026-08-16,Bulawayo,Maize,311.7,430.5,371.1,218.2,625.2,-407.0,Agricultural Marketing Authority (AMA),SYNTHETIC / SIMULATED DEVELOPMENT MARKET DATA
2026-08-16,Bulawayo,Tobacco,2503.5,3509.7,3006.6,464.0,429.6,34.4,Agricultural Marketing Authority (AMA),SYNTHETIC / SIMULATED DEVELOPMENT MARKET DATA
2026-08-16,Bulawayo,Wheat,385.4,548.2,466.8,776.9,262.1,514.8,Agricultural Marketing Authority (AMA),SYNTHETIC / SIMULATED DEVELOPMENT MARKET DATA
2026-08-16,Bulawayo,Soybean,579.9,797.7,688.8,278.4,92.7,185.7,Agricultural Marketing Authority (AMA),SYNTHETIC / SIMULATED DEVELOPMENT MARKET DATA
2026-08-16,Bulawayo,Cotton,801.5,1048.7,925.1,631.5,532.8,98.7,Agricultural Marketing Authority (AMA),SYNTHETIC / SIMULATED DEVELOPMENT MARKET DATA
2026-08-16,Bulawayo,Groundnuts,475.7,614.6,545.1,770.0,496.5,273.5,Agricultural Marketing Authority (AMA),SYNTHETIC / SIMULATED DEVELOPMENT MARKET DATA
2026-08-16,Bulawayo,Sorghum,244.0,377.3,310.6,260.7,280.8,-20.1,Agricultural Marketing Authority (AMA),SYNTHETIC / SIMULATED DEVELOPMENT MARKET DATA
2026-08-16,Bulawayo,Sunflower,394.0,495.5,444.8,478.2,545.9,-67.7,Agricultural Marketing Authority (AMA),SYNTHETIC / SIMULATED DEVELOPMENT MARKET DATA
2026-08-16,Bulawayo,SweetPotato,180.2,314.3,247.2,273.3,98.5,174.8,Agricultural Marketing Authority (AMA),SYNTHETIC / SIMULATED DEVELOPMENT MARKET DATA
2026-08-16,Bulawayo,Cassava,153.8,267.9,210.8,287.5,362.0,-74.5,Agricultural Marketing Authority (AMA),SYNTHETIC / SIMULATED DEVELOPMENT MARKET DATA
2026-08-16,Mutare,Maize,324.7,422.8,373.8,682.8,695.3,-12.5,Agricultural Marketing Authority (AMA),SYNTHETIC / SIMULATED DEVELOPMENT MARKET DATA
2026-08-16,Mutare,Tobacco,2509.0,3404.5,2956.8,778.6,246.0,532.6,Agricultural Marketing Authority (AMA),SYNTHETIC / SIMULATED DEVELOPMENT MARKET DATA
2026-08-16,Mutare,Wheat,435.7,536.1,485.9,101.7,599.9,-498.2,Agricultural Marketing Authority (AMA),SYNTHETIC / SIMULATED DEVELOPMENT MARKET DATA
2026-08-16,Mutare,Soybean,587.3,740.7,664.0,659.9,131.4,528.5,Agricultural Marketing Authority (AMA),SYNTHETIC / SIMULATED DEVELOPMENT MARKET DATA
2026-08-16,Mutare,Cotton,806.2,1013.8,910.0,356.9,100.8,256.1,Agricultural Marketing Authority (AMA),SYNTHETIC / SIMULATED DEVELOPMENT MARKET DATA
2026-08-16,Mutare,Groundnuts,472.6,610.1,541.4,169.6,181.8,-12.2,Agricultural Marketing Authority (AMA),SYNTHETIC / SIMULATED DEVELOPMENT MARKET DATA
2026-08-16,Mutare,Sorghum,254.4,363.2,308.8,669.6,344.6,325.0,Agricultural Marketing Authority (AMA),SYNTHETIC / SIMULATED DEVELOPMENT MARKET DATA
2026-08-16,Mutare,Sunflower,380.5,479.7,430.1,146.6,594.6,-448.0,Agricultural Marketing Authority (AMA),SYNTHETIC / SIMULATED DEVELOPMENT MARKET DATA
2026-08-16,Mutare,SweetPotato,177.2,306.8,242.0,217.6,110.5,107.1,Agricultural Marketing Authority (AMA),SYNTHETIC / SIMULATED DEVELOPMENT MARKET DATA
2026-08-16,Mutare,Cassava,160.2,269.8,215.0,740.6,404.2,336.4,Agricultural Marketing Authority (AMA),SYNTHETIC / SIMULATED DEVELOPMENT MARKET DATA
2026-08-17,Harare,Maize,324.6,421.3,373.0,535.7,484.9,50.8,Agricultural Marketing Authority (AMA),SYNTHETIC / SIMULATED DEVELOPMENT MARKET DATA
2026-08-17,Harare,Tobacco,2752.0,3250.9,3001.4,168.4,598.1,-429.7,Agricultural Marketing Authority (AMA),SYNTHETIC / SIMULATED DEVELOPMENT MARKET DATA
2026-08-17,Harare,Wheat,409.0,541.3,475.1,732.8,547.3,185.5,Agricultural Marketing Authority (AMA),SYNTHETIC / SIMULATED DEVELOPMENT MARKET DATA
2026-08-17,Harare,Soybean,606.9,753.0,680.0,583.2,519.6,63.6,Agricultural Marketing Authority (AMA),SYNTHETIC / SIMULATED DEVELOPMENT MARKET DATA
2026-08-17,Harare,Cotton,774.2,942.4,858.3,155.4,390.2,-234.8,Agricultural Marketing Authority (AMA),SYNTHETIC / SIMULATED DEVELOPMENT MARKET DATA
2026-08-17,Harare,Groundnuts,498.8,593.7,546.2,718.5,630.0,88.5,Agricultural Marketing Authority (AMA),SYNTHETIC / SIMULATED DEVELOPMENT MARKET DATA
2026-08-17,Harare,Sorghum,252.9,368.0,310.4,316.2,239.8,76.4,Agricultural Marketing Authority (AMA),SYNTHETIC / SIMULATED DEVELOPMENT MARKET DATA
2026-08-17,Harare,Sunflower,399.9,488.6,444.2,457.2,601.3,-144.1,Agricultural Marketing Authority (AMA),SYNTHETIC / SIMULATED DEVELOPMENT MARKET DATA
2026-08-17,Harare,SweetPotato,189.0,323.5,256.2,318.8,561.6,-242.8,Agricultural Marketing Authority (AMA),SYNTHETIC / SIMULATED DEVELOPMENT MARKET DATA
2026-08-17,Harare,Cassava,157.8,270.2,214.0,179.5,734.2,-554.7,Agricultural Marketing Authority (AMA),SYNTHETIC / SIMULATED DEVELOPMENT MARKET DATA
2026-08-17,Bulawayo,Maize,334.2,427.2,380.7,486.7,87.2,399.5,Agricultural Marketing Authority (AMA),SYNTHETIC / SIMULATED DEVELOPMENT MARKET DATA
2026-08-17,Bulawayo,Tobacco,2504.3,3413.7,2959.0,230.5,102.2,128.3,Agricultural Marketing Authority (AMA),SYNTHETIC / SIMULATED DEVELOPMENT MARKET DATA
2026-08-17,Bulawayo,Wheat,419.9,545.0,482.4,266.2,744.1,-477.9,Agricultural Marketing Authority (AMA),SYNTHETIC / SIMULATED DEVELOPMENT MARKET DATA
2026-08-17,Bulawayo,Soybean,579.5,746.9,663.2,708.7,705.2,3.5,Agricultural Marketing Authority (AMA),SYNTHETIC / SIMULATED DEVELOPMENT MARKET DATA
2026-08-17,Bulawayo,Cotton,810.0,1019.4,914.7,497.5,156.4,341.1,Agricultural Marketing Authority (AMA),SYNTHETIC / SIMULATED DEVELOPMENT MARKET DATA
2026-08-17,Bulawayo,Groundnuts,484.6,610.4,547.5,366.3,536.4,-170.1,Agricultural Marketing Authority (AMA),SYNTHETIC / SIMULATED DEVELOPMENT MARKET DATA
2026-08-17,Bulawayo,Sorghum,264.7,363.4,314.0,709.3,223.8,485.5,Agricultural Marketing Authority (AMA),SYNTHETIC / SIMULATED DEVELOPMENT MARKET DATA
2026-08-17,Bulawayo,Sunflower,379.6,495.8,437.7,263.4,537.8,-274.4,Agricultural Marketing Authority (AMA),SYNTHETIC / SIMULATED DEVELOPMENT MARKET DATA
2026-08-17,Bulawayo,SweetPotato,180.1,304.0,242.1,415.6,187.3,228.3,Agricultural Marketing Authority (AMA),SYNTHETIC / SIMULATED DEVELOPMENT MARKET DATA
2026-08-17,Bulawayo,Cassava,165.8,272.6,219.2,718.8,139.1,579.7,Agricultural Marketing Authority (AMA),SYNTHETIC / SIMULATED DEVELOPMENT MARKET DATA
2026-08-17,Mutare,Maize,327.9,428.7,378.3,494.8,566.1,-71.3,Agricultural Marketing Authority (AMA),SYNTHETIC / SIMULATED DEVELOPMENT MARKET DATA
2026-08-17,Mutare,Tobacco,2698.1,3618.8,3158.4,621.6,192.2,429.4,Agricultural Marketing Authority (AMA),SYNTHETIC / SIMULATED DEVELOPMENT MARKET DATA
2026-08-17,Mutare,Wheat,405.6,556.0,480.8,171.1,587.5,-416.4,Agricultural Marketing Authority (AMA),SYNTHETIC / SIMULATED DEVELOPMENT MARKET DATA
2026-08-17,Mutare,Soybean,563.2,765.6,664.4,179.1,370.1,-191.0,Agricultural Marketing Authority (AMA),SYNTHETIC / SIMULATED DEVELOPMENT MARKET DATA
2026-08-17,Mutare,Cotton,837.8,955.7,896.8,619.4,355.7,263.7,Agricultural Marketing Authority (AMA),SYNTHETIC / SIMULATED DEVELOPMENT MARKET DATA
2026-08-17,Mutare,Groundnuts,492.8,638.9,565.9,225.7,144.2,81.5,Agricultural Marketing Authority (AMA),SYNTHETIC / SIMULATED DEVELOPMENT MARKET DATA
2026-08-17,Mutare,Sorghum,252.8,370.1,311.5,279.6,193.4,86.2,Agricultural Marketing Authority (AMA),SYNTHETIC / SIMULATED DEVELOPMENT MARKET DATA
2026-08-17,Mutare,Sunflower,361.5,499.0,430.2,219.4,107.3,112.1,Agricultural Marketing Authority (AMA),SYNTHETIC / SIMULATED DEVELOPMENT MARKET DATA
2026-08-17,Mutare,SweetPotato,178.0,308.3,243.2,580.0,703.8,-123.8,Agricultural Marketing Authority (AMA),SYNTHETIC / SIMULATED DEVELOPMENT MARKET DATA
2026-08-17,Mutare,Cassava,156.4,269.5,212.9,116.2,713.4,-597.2,Agricultural Marketing Authority (AMA),SYNTHETIC / SIMULATED DEVELOPMENT MARKET DATA
2026-08-18,Harare,Maize,337.0,421.7,379.4,154.3,429.7,-275.4,Agricultural Marketing Authority (AMA),SYNTHETIC / SIMULATED DEVELOPMENT MARKET DATA
2026-08-18,Harare,Tobacco,2605.1,3364.5,2984.8,339.9,379.7,-39.8,Agricultural Marketing Authority (AMA),SYNTHETIC / SIMULATED DEVELOPMENT MARKET DATA
2026-08-18,Harare,Wheat,420.3,538.9,479.6,281.6,294.3,-12.7,Agricultural Marketing Authority (AMA),SYNTHETIC / SIMULATED DEVELOPMENT MARKET DATA
2026-08-18,Harare,Soybean,562.8,743.1,653.0,442.6,121.7,320.9,Agricultural Marketing Authority (AMA),SYNTHETIC / SIMULATED DEVELOPMENT MARKET DATA
2026-08-18,Harare,Cotton,805.6,945.9,875.8,405.3,488.7,-83.4,Agricultural Marketing Authority (AMA),SYNTHETIC / SIMULATED DEVELOPMENT MARKET DATA
2026-08-18,Harare,Groundnuts,481.6,620.7,551.2,558.5,232.2,326.3,Agricultural Marketing Authority (AMA),SYNTHETIC / SIMULATED DEVELOPMENT MARKET DATA
2026-08-18,Harare,Sorghum,258.1,361.8,310.0,290.8,277.1,13.7,Agricultural Marketing Authority (AMA),SYNTHETIC / SIMULATED DEVELOPMENT MARKET DATA
2026-08-18,Harare,Sunflower,405.7,498.6,452.1,262.6,299.5,-36.9,Agricultural Marketing Authority (AMA),SYNTHETIC / SIMULATED DEVELOPMENT MARKET DATA
2026-08-18,Harare,SweetPotato,181.8,307.6,244.7,731.9,376.1,355.8,Agricultural Marketing Authority (AMA),SYNTHETIC / SIMULATED DEVELOPMENT MARKET DATA
2026-08-18,Harare,Cassava,153.8,263.0,208.4,409.9,703.0,-293.1,Agricultural Marketing Authority (AMA),SYNTHETIC / SIMULATED DEVELOPMENT MARKET DATA
2026-08-18,Bulawayo,Maize,324.0,426.2,375.1,118.1,647.3,-529.2,Agricultural Marketing Authority (AMA),SYNTHETIC / SIMULATED DEVELOPMENT MARKET DATA
2026-08-18,Bulawayo,Tobacco,2545.2,3378.1,2961.6,107.6,152.3,-44.7,Agricultural Marketing Authority (AMA),SYNTHETIC / SIMULATED DEVELOPMENT MARKET DATA
2026-08-18,Bulawayo,Wheat,420.0,534.1,477.1,235.3,98.6,136.7,Agricultural Marketing Authority (AMA),SYNTHETIC / SIMULATED DEVELOPMENT MARKET DATA
2026-08-18,Bulawayo,Soybean,606.8,723.2,665.0,473.9,128.9,345.0,Agricultural Marketing Authority (AMA),SYNTHETIC / SIMULATED DEVELOPMENT MARKET DATA
2026-08-18,Bulawayo,Cotton,795.0,974.4,884.7,120.6,282.9,-162.3,Agricultural Marketing Authority (AMA),SYNTHETIC / SIMULATED DEVELOPMENT MARKET DATA
2026-08-18,Bulawayo,Groundnuts,475.7,623.9,549.8,572.1,507.5,64.6,Agricultural Marketing Authority (AMA),SYNTHETIC / SIMULATED DEVELOPMENT MARKET DATA
2026-08-18,Bulawayo,Sorghum,257.3,341.5,299.4,432.2,132.0,300.2,Agricultural Marketing Authority (AMA),SYNTHETIC / SIMULATED DEVELOPMENT MARKET DATA
2026-08-18,Bulawayo,Sunflower,383.1,492.5,437.8,375.0,442.3,-67.3,Agricultural Marketing Authority (AMA),SYNTHETIC / SIMULATED DEVELOPMENT MARKET DATA
2026-08-18,Bulawayo,SweetPotato,189.9,303.1,246.5,496.7,691.3,-194.6,Agricultural Marketing Authority (AMA),SYNTHETIC / SIMULATED DEVELOPMENT MARKET DATA
2026-08-18,Bulawayo,Cassava,148.9,253.4,201.2,541.5,140.0,401.5,Agricultural Marketing Authority (AMA),SYNTHETIC / SIMULATED DEVELOPMENT MARKET DATA
2026-08-18,Mutare,Maize,333.3,406.4,369.9,278.2,117.5,160.7,Agricultural Marketing Authority (AMA),SYNTHETIC / SIMULATED DEVELOPMENT MARKET DATA
2026-08-18,Mutare,Tobacco,2592.2,3261.5,2926.8,315.5,279.5,36.0,Agricultural Marketing Authority (AMA),SYNTHETIC / SIMULATED DEVELOPMENT MARKET DATA
2026-08-18,Mutare,Wheat,408.1,504.8,456.5,479.7,520.6,-40.9,Agricultural Marketing Authority (AMA),SYNTHETIC / SIMULATED DEVELOPMENT MARKET DATA
2026-08-18,Mutare,Soybean,584.5,755.5,670.0,187.0,747.9,-560.9,Agricultural Marketing Authority (AMA),SYNTHETIC / SIMULATED DEVELOPMENT MARKET DATA
2026-08-18,Mutare,Cotton,818.2,972.6,895.4,736.1,548.1,188.0,Agricultural Marketing Authority (AMA),SYNTHETIC / SIMULATED DEVELOPMENT MARKET DATA
2026-08-18,Mutare,Groundnuts,457.8,620.0,538.9,425.3,358.8,66.5,Agricultural Marketing Authority (AMA),SYNTHETIC / SIMULATED DEVELOPMENT MARKET DATA
2026-08-18,Mutare,Sorghum,263.4,369.3,316.4,190.5,458.2,-267.7,Agricultural Marketing Authority (AMA),SYNTHETIC / SIMULATED DEVELOPMENT MARKET DATA
2026-08-18,Mutare,Sunflower,379.6,483.4,431.5,127.3,182.7,-55.4,Agricultural Marketing Authority (AMA),SYNTHETIC / SIMULATED DEVELOPMENT MARKET DATA
2026-08-18,Mutare,SweetPotato,184.7,315.5,250.1,331.8,704.4,-372.6,Agricultural Marketing Authority (AMA),SYNTHETIC / SIMULATED DEVELOPMENT MARKET DATA
2026-08-18,Mutare,Cassava,148.4,262.0,205.2,630.9,106.9,524.0,Agricultural Marketing Authority (AMA),SYNTHETIC / SIMULATED DEVELOPMENT MARKET DATA
2026-08-19,Harare,Maize,330.6,407.6,369.1,488.6,248.6,240.0,Agricultural Marketing Authority (AMA),SYNTHETIC / SIMULATED DEVELOPMENT MARKET DATA
2026-08-19,Harare,Tobacco,2795.0,3376.2,3085.6,313.7,418.2,-104.5,Agricultural Marketing Authority (AMA),SYNTHETIC / SIMULATED DEVELOPMENT MARKET DATA
2026-08-19,Harare,Wheat,427.3,555.3,491.3,195.2,657.6,-462.4,Agricultural Marketing Authority (AMA),SYNTHETIC / SIMULATED DEVELOPMENT MARKET DATA
2026-08-19,Harare,Soybean,579.2,742.2,660.7,742.2,506.2,236.0,Agricultural Marketing Authority (AMA),SYNTHETIC / SIMULATED DEVELOPMENT MARKET DATA
2026-08-19,Harare,Cotton,790.6,965.3,878.0,287.4,457.9,-170.5,Agricultural Marketing Authority (AMA),SYNTHETIC / SIMULATED DEVELOPMENT MARKET DATA
2026-08-19,Harare,Groundnuts,469.6,622.2,545.9,596.1,414.2,181.9,Agricultural Marketing Authority (AMA),SYNTHETIC / SIMULATED DEVELOPMENT MARKET DATA
2026-08-19,Harare,Sorghum,268.7,356.3,312.5,533.6,667.2,-133.6,Agricultural Marketing Authority (AMA),SYNTHETIC / SIMULATED DEVELOPMENT MARKET DATA
2026-08-19,Harare,Sunflower,385.9,509.2,447.5,337.6,396.6,-59.0,Agricultural Marketing Authority (AMA),SYNTHETIC / SIMULATED DEVELOPMENT MARKET DATA
2026-08-19,Harare,SweetPotato,179.6,308.5,244.1,590.0,250.8,339.2,Agricultural Marketing Authority (AMA),SYNTHETIC / SIMULATED DEVELOPMENT MARKET DATA
2026-08-19,Harare,Cassava,165.2,253.4,209.3,502.7,348.6,154.1,Agricultural Marketing Authority (AMA),SYNTHETIC / SIMULATED DEVELOPMENT MARKET DATA
2026-08-19,Bulawayo,Maize,306.5,429.2,367.9,659.9,286.6,373.3,Agricultural Marketing Authority (AMA),SYNTHETIC / SIMULATED DEVELOPMENT MARKET DATA
2026-08-19,Bulawayo,Tobacco,2528.1,3483.8,3005.9,286.6,533.8,-247.2,Agricultural Marketing Authority (AMA),SYNTHETIC / SIMULATED DEVELOPMENT MARKET DATA
2026-08-19,Bulawayo,Wheat,420.2,560.7,490.5,323.4,588.4,-265.0,Agricultural Marketing Authority (AMA),SYNTHETIC / SIMULATED DEVELOPMENT MARKET DATA
2026-08-19,Bulawayo,Soybean,584.6,730.1,657.4,597.1,483.9,113.2,Agricultural Marketing Authority (AMA),SYNTHETIC / SIMULATED DEVELOPMENT MARKET DATA
2026-08-19,Bulawayo,Cotton,771.2,967.8,869.5,563.1,351.5,211.6,Agricultural Marketing Authority (AMA),SYNTHETIC / SIMULATED DEVELOPMENT MARKET DATA
2026-08-19,Bulawayo,Groundnuts,482.0,609.5,545.8,274.2,732.1,-457.9,Agricultural Marketing Authority (AMA),SYNTHETIC / SIMULATED DEVELOPMENT MARKET DATA
2026-08-19,Bulawayo,Sorghum,259.4,344.9,302.1,699.8,679.6,20.2,Agricultural Marketing Authority (AMA),SYNTHETIC / SIMULATED DEVELOPMENT MARKET DATA
2026-08-19,Bulawayo,Sunflower,394.9,482.2,438.5,139.6,149.9,-10.3,Agricultural Marketing Authority (AMA),SYNTHETIC / SIMULATED DEVELOPMENT MARKET DATA
2026-08-19,Bulawayo,SweetPotato,176.4,313.2,244.8,645.7,158.2,487.5,Agricultural Marketing Authority (AMA),SYNTHETIC / SIMULATED DEVELOPMENT MARKET DATA
2026-08-19,Bulawayo,Cassava,159.1,256.1,207.6,362.1,542.1,-180.0,Agricultural Marketing Authority (AMA),SYNTHETIC / SIMULATED DEVELOPMENT MARKET DATA
2026-08-19,Mutare,Maize,319.5,439.2,379.4,340.4,731.4,-391.0,Agricultural Marketing Authority (AMA),SYNTHETIC / SIMULATED DEVELOPMENT MARKET DATA
2026-08-19,Mutare,Tobacco,2531.9,3452.2,2992.1,659.8,433.9,225.9,Agricultural Marketing Authority (AMA),SYNTHETIC / SIMULATED DEVELOPMENT MARKET DATA
2026-08-19,Mutare,Wheat,397.0,556.4,476.7,236.5,387.8,-151.3,Agricultural Marketing Authority (AMA),SYNTHETIC / SIMULATED DEVELOPMENT MARKET DATA
2026-08-19,Mutare,Soybean,577.2,767.3,672.2,354.1,560.1,-206.0,Agricultural Marketing Authority (AMA),SYNTHETIC / SIMULATED DEVELOPMENT MARKET DATA
2026-08-19,Mutare,Cotton,796.9,919.1,858.0,760.3,216.3,544.0,Agricultural Marketing Authority (AMA),SYNTHETIC / SIMULATED DEVELOPMENT MARKET DATA
2026-08-19,Mutare,Groundnuts,503.2,588.6,545.9,158.8,150.5,8.3,Agricultural Marketing Authority (AMA),SYNTHETIC / SIMULATED DEVELOPMENT MARKET DATA
2026-08-19,Mutare,Sorghum,241.6,379.2,310.4,285.5,744.4,-458.9,Agricultural Marketing Authority (AMA),SYNTHETIC / SIMULATED DEVELOPMENT MARKET DATA
2026-08-19,Mutare,Sunflower,371.9,508.3,440.1,216.7,624.7,-408.0,Agricultural Marketing Authority (AMA),SYNTHETIC / SIMULATED DEVELOPMENT MARKET DATA
2026-08-19,Mutare,SweetPotato,175.5,301.6,238.6,309.5,653.7,-344.2,Agricultural Marketing Authority (AMA),SYNTHETIC / SIMULATED DEVELOPMENT MARKET DATA
2026-08-19,Mutare,Cassava,160.5,252.4,206.4,454.0,682.5,-228.5,Agricultural Marketing Authority (AMA),SYNTHETIC / SIMULATED DEVELOPMENT MARKET DATA
2026-08-20,Harare,Maize,332.0,428.0,380.0,186.1,689.6,-503.5,Agricultural Marketing Authority (AMA),SYNTHETIC / SIMULATED DEVELOPMENT MARKET DATA
2026-08-20,Harare,Tobacco,2586.9,3517.3,3052.1,527.3,684.4,-157.1,Agricultural Marketing Authority (AMA),SYNTHETIC / SIMULATED DEVELOPMENT MARKET DATA
2026-08-20,Harare,Wheat,414.5,528.7,471.6,510.6,668.6,-158.0,Agricultural Marketing Authority (AMA),SYNTHETIC / SIMULATED DEVELOPMENT MARKET DATA
2026-08-20,Harare,Soybean,590.7,749.2,670.0,408.6,216.9,191.7,Agricultural Marketing Authority (AMA),SYNTHETIC / SIMULATED DEVELOPMENT MARKET DATA
2026-08-20,Harare,Cotton,811.6,1042.5,927.0,532.8,671.0,-138.2,Agricultural Marketing Authority (AMA),SYNTHETIC / SIMULATED DEVELOPMENT MARKET DATA
2026-08-20,Harare,Groundnuts,465.4,639.0,552.2,668.4,321.3,347.1,Agricultural Marketing Authority (AMA),SYNTHETIC / SIMULATED DEVELOPMENT MARKET DATA
2026-08-20,Harare,Sorghum,251.6,357.0,304.3,321.3,159.9,161.4,Agricultural Marketing Authority (AMA),SYNTHETIC / SIMULATED DEVELOPMENT MARKET DATA
2026-08-20,Harare,Sunflower,361.4,515.9,438.6,152.7,434.5,-281.8,Agricultural Marketing Authority (AMA),SYNTHETIC / SIMULATED DEVELOPMENT MARKET DATA
2026-08-20,Harare,SweetPotato,183.8,301.7,242.8,498.2,694.7,-196.5,Agricultural Marketing Authority (AMA),SYNTHETIC / SIMULATED DEVELOPMENT MARKET DATA
2026-08-20,Harare,Cassava,161.2,258.5,209.8,770.5,624.6,145.9,Agricultural Marketing Authority (AMA),SYNTHETIC / SIMULATED DEVELOPMENT MARKET DATA
2026-08-20,Bulawayo,Maize,313.0,416.5,364.8,618.1,748.4,-130.3,Agricultural Marketing Authority (AMA),SYNTHETIC / SIMULATED DEVELOPMENT MARKET DATA
2026-08-20,Bulawayo,Tobacco,2691.1,3419.4,3055.2,198.2,351.0,-152.8,Agricultural Marketing Authority (AMA),SYNTHETIC / SIMULATED DEVELOPMENT MARKET DATA
2026-08-20,Bulawayo,Wheat,410.5,577.7,494.1,620.0,438.5,181.5,Agricultural Marketing Authority (AMA),SYNTHETIC / SIMULATED DEVELOPMENT MARKET DATA
2026-08-20,Bulawayo,Soybean,559.6,693.5,626.5,757.8,286.7,471.1,Agricultural Marketing Authority (AMA),SYNTHETIC / SIMULATED DEVELOPMENT MARKET DATA
2026-08-20,Bulawayo,Cotton,797.7,892.8,845.2,545.0,697.0,-152.0,Agricultural Marketing Authority (AMA),SYNTHETIC / SIMULATED DEVELOPMENT MARKET DATA
2026-08-20,Bulawayo,Groundnuts,478.4,617.8,548.1,394.5,578.1,-183.6,Agricultural Marketing Authority (AMA),SYNTHETIC / SIMULATED DEVELOPMENT MARKET DATA
2026-08-20,Bulawayo,Sorghum,240.7,371.1,305.9,364.3,659.5,-295.2,Agricultural Marketing Authority (AMA),SYNTHETIC / SIMULATED DEVELOPMENT MARKET DATA
2026-08-20,Bulawayo,Sunflower,374.1,482.2,428.1,412.1,287.4,124.7,Agricultural Marketing Authority (AMA),SYNTHETIC / SIMULATED DEVELOPMENT MARKET DATA
2026-08-20,Bulawayo,SweetPotato,187.9,320.2,254.1,659.3,613.2,46.1,Agricultural Marketing Authority (AMA),SYNTHETIC / SIMULATED DEVELOPMENT MARKET DATA
2026-08-20,Bulawayo,Cassava,154.5,258.9,206.7,769.0,501.3,267.7,Agricultural Marketing Authority (AMA),SYNTHETIC / SIMULATED DEVELOPMENT MARKET DATA
2026-08-20,Mutare,Maize,319.0,421.1,370.1,154.3,597.7,-443.4,Agricultural Marketing Authority (AMA),SYNTHETIC / SIMULATED DEVELOPMENT MARKET DATA
2026-08-20,Mutare,Tobacco,2533.1,3436.1,2984.6,106.3,152.0,-45.7,Agricultural Marketing Authority (AMA),SYNTHETIC / SIMULATED DEVELOPMENT MARKET DATA
2026-08-20,Mutare,Wheat,420.4,540.9,480.6,609.0,208.0,401.0,Agricultural Marketing Authority (AMA),SYNTHETIC / SIMULATED DEVELOPMENT MARKET DATA
2026-08-20,Mutare,Soybean,579.1,750.7,664.9,278.0,115.3,162.7,Agricultural Marketing Authority (AMA),SYNTHETIC / SIMULATED DEVELOPMENT MARKET DATA
2026-08-20,Mutare,Cotton,823.2,962.0,892.6,490.5,623.6,-133.1,Agricultural Marketing Authority (AMA),SYNTHETIC / SIMULATED DEVELOPMENT MARKET DATA
2026-08-20,Mutare,Groundnuts,455.4,611.6,533.5,773.6,422.7,350.9,Agricultural Marketing Authority (AMA),SYNTHETIC / SIMULATED DEVELOPMENT MARKET DATA
2026-08-20,Mutare,Sorghum,250.6,365.7,308.1,747.9,120.3,627.6,Agricultural Marketing Authority (AMA),SYNTHETIC / SIMULATED DEVELOPMENT MARKET DATA
2026-08-20,Mutare,Sunflower,376.4,493.8,435.1,623.3,493.5,129.8,Agricultural Marketing Authority (AMA),SYNTHETIC / SIMULATED DEVELOPMENT MARKET DATA
2026-08-20,Mutare,SweetPotato,178.5,318.6,248.6,695.3,494.4,200.9,Agricultural Marketing Authority (AMA),SYNTHETIC / SIMULATED DEVELOPMENT MARKET DATA
2026-08-20,Mutare,Cassava,160.5,249.2,204.8,670.1,584.1,86.0,Agricultural Marketing Authority (AMA),SYNTHETIC / SIMULATED DEVELOPMENT MARKET DATA
2026-08-21,Harare,Maize,301.3,427.5,364.4,214.7,704.1,-489.4,Agricultural Marketing Authority (AMA),SYNTHETIC / SIMULATED DEVELOPMENT MARKET DATA
2026-08-21,Harare,Tobacco,2561.5,3333.1,2947.3,294.8,260.7,34.1,Agricultural Marketing Authority (AMA),SYNTHETIC / SIMULATED DEVELOPMENT MARKET DATA
2026-08-21,Harare,Wheat,419.9,542.7,481.3,433.0,644.3,-211.3,Agricultural Marketing Authority (AMA),SYNTHETIC / SIMULATED DEVELOPMENT MARKET DATA
2026-08-21,Harare,Soybean,593.2,780.8,687.0,473.3,363.5,109.8,Agricultural Marketing Authority (AMA),SYNTHETIC / SIMULATED DEVELOPMENT MARKET DATA
2026-08-21,Harare,Cotton,795.6,953.1,874.4,357.7,427.6,-69.9,Agricultural Marketing Authority (AMA),SYNTHETIC / SIMULATED DEVELOPMENT MARKET DATA
2026-08-21,Harare,Groundnuts,491.4,612.7,552.0,519.3,661.0,-141.7,Agricultural Marketing Authority (AMA),SYNTHETIC / SIMULATED DEVELOPMENT MARKET DATA
2026-08-21,Harare,Sorghum,247.0,389.1,318.1,561.8,547.3,14.5,Agricultural Marketing Authority (AMA),SYNTHETIC / SIMULATED DEVELOPMENT MARKET DATA
2026-08-21,Harare,Sunflower,384.4,514.0,449.2,442.8,592.5,-149.7,Agricultural Marketing Authority (AMA),SYNTHETIC / SIMULATED DEVELOPMENT MARKET DATA
2026-08-21,Harare,SweetPotato,172.8,309.7,241.2,120.1,290.6,-170.5,Agricultural Marketing Authority (AMA),SYNTHETIC / SIMULATED DEVELOPMENT MARKET DATA
2026-08-21,Harare,Cassava,154.6,261.2,207.9,674.6,509.7,164.9,Agricultural Marketing Authority (AMA),SYNTHETIC / SIMULATED DEVELOPMENT MARKET DATA
2026-08-21,Bulawayo,Maize,323.8,413.0,368.4,410.5,90.6,319.9,Agricultural Marketing Authority (AMA),SYNTHETIC / SIMULATED DEVELOPMENT MARKET DATA
2026-08-21,Bulawayo,Tobacco,2558.5,3532.3,3045.4,128.3,473.0,-344.7,Agricultural Marketing Authority (AMA),SYNTHETIC / SIMULATED DEVELOPMENT MARKET DATA
2026-08-21,Bulawayo,Wheat,403.9,523.9,463.9,474.8,292.0,182.8,Agricultural Marketing Authority (AMA),SYNTHETIC / SIMULATED DEVELOPMENT MARKET DATA
2026-08-21,Bulawayo,Soybean,584.4,708.9,646.6,260.9,117.3,143.6,Agricultural Marketing Authority (AMA),SYNTHETIC / SIMULATED DEVELOPMENT MARKET DATA
2026-08-21,Bulawayo,Cotton,805.5,1058.8,932.1,403.6,97.0,306.6,Agricultural Marketing Authority (AMA),SYNTHETIC / SIMULATED DEVELOPMENT MARKET DATA
2026-08-21,Bulawayo,Groundnuts,489.0,633.0,561.0,486.1,354.6,131.5,Agricultural Marketing Authority (AMA),SYNTHETIC / SIMULATED DEVELOPMENT MARKET DATA
2026-08-21,Bulawayo,Sorghum,245.0,352.1,298.6,601.7,652.6,-50.9,Agricultural Marketing Authority (AMA),SYNTHETIC / SIMULATED DEVELOPMENT MARKET DATA
2026-08-21,Bulawayo,Sunflower,370.6,496.7,433.6,573.6,687.8,-114.2,Agricultural Marketing Authority (AMA),SYNTHETIC / SIMULATED DEVELOPMENT MARKET DATA
2026-08-21,Bulawayo,SweetPotato,170.8,322.6,246.7,328.7,134.9,193.8,Agricultural Marketing Authority (AMA),SYNTHETIC / SIMULATED DEVELOPMENT MARKET DATA
2026-08-21,Bulawayo,Cassava,160.8,262.4,211.6,450.3,166.8,283.5,Agricultural Marketing Authority (AMA),SYNTHETIC / SIMULATED DEVELOPMENT MARKET DATA
2026-08-21,Mutare,Maize,322.6,425.9,374.2,317.6,519.1,-201.5,Agricultural Marketing Authority (AMA),SYNTHETIC / SIMULATED DEVELOPMENT MARKET DATA
2026-08-21,Mutare,Tobacco,2682.0,3336.4,3009.2,713.5,167.5,546.0,Agricultural Marketing Authority (AMA),SYNTHETIC / SIMULATED DEVELOPMENT MARKET DATA
2026-08-21,Mutare,Wheat,417.1,561.1,489.1,142.6,313.9,-171.3,Agricultural Marketing Authority (AMA),SYNTHETIC / SIMULATED DEVELOPMENT MARKET DATA
2026-08-21,Mutare,Soybean,585.6,719.0,652.3,325.2,330.2,-5.0,Agricultural Marketing Authority (AMA),SYNTHETIC / SIMULATED DEVELOPMENT MARKET DATA
2026-08-21,Mutare,Cotton,777.7,1025.2,901.5,548.6,395.3,153.3,Agricultural Marketing Authority (AMA),SYNTHETIC / SIMULATED DEVELOPMENT MARKET DATA
2026-08-21,Mutare,Groundnuts,457.7,628.7,543.2,513.5,105.5,408.0,Agricultural Marketing Authority (AMA),SYNTHETIC / SIMULATED DEVELOPMENT MARKET DATA
2026-08-21,Mutare,Sorghum,235.0,367.5,301.2,744.8,700.8,44.0,Agricultural Marketing Authority (AMA),SYNTHETIC / SIMULATED DEVELOPMENT MARKET DATA
2026-08-21,Mutare,Sunflower,381.5,477.2,429.4,727.2,405.5,321.7,Agricultural Marketing Authority (AMA),SYNTHETIC / SIMULATED DEVELOPMENT MARKET DATA
2026-08-21,Mutare,SweetPotato,184.4,300.8,242.6,624.6,566.9,57.7,Agricultural Marketing Authority (AMA),SYNTHETIC / SIMULATED DEVELOPMENT MARKET DATA
2026-08-21,Mutare,Cassava,158.9,247.1,203.0,331.2,194.2,137.0,Agricultural Marketing Authority (AMA),SYNTHETIC / SIMULATED DEVELOPMENT MARKET DATA
2026-08-22,Harare,Maize,341.2,409.6,375.4,621.1,635.7,-14.6,Agricultural Marketing Authority (AMA),SYNTHETIC / SIMULATED DEVELOPMENT MARKET DATA
2026-08-22,Harare,Tobacco,2479.0,3487.9,2983.4,692.0,114.4,577.6,Agricultural Marketing Authority (AMA),SYNTHETIC / SIMULATED DEVELOPMENT MARKET DATA
2026-08-22,Harare,Wheat,407.7,515.3,461.5,641.0,650.9,-9.9,Agricultural Marketing Authority (AMA),SYNTHETIC / SIMULATED DEVELOPMENT MARKET DATA
2026-08-22,Harare,Soybean,593.9,725.9,659.9,544.2,197.4,346.8,Agricultural Marketing Authority (AMA),SYNTHETIC / SIMULATED DEVELOPMENT MARKET DATA
2026-08-22,Harare,Cotton,794.6,1024.2,909.4,693.3,366.8,326.5,Agricultural Marketing Authority (AMA),SYNTHETIC / SIMULATED DEVELOPMENT MARKET DATA
2026-08-22,Harare,Groundnuts,487.1,611.1,549.1,536.9,412.6,124.3,Agricultural Marketing Authority (AMA),SYNTHETIC / SIMULATED DEVELOPMENT MARKET DATA
2026-08-22,Harare,Sorghum,245.7,347.1,296.4,754.9,493.1,261.8,Agricultural Marketing Authority (AMA),SYNTHETIC / SIMULATED DEVELOPMENT MARKET DATA
2026-08-22,Harare,Sunflower,393.2,511.2,452.2,565.3,307.4,257.9,Agricultural Marketing Authority (AMA),SYNTHETIC / SIMULATED DEVELOPMENT MARKET DATA
2026-08-22,Harare,SweetPotato,180.2,310.1,245.2,492.2,588.9,-96.7,Agricultural Marketing Authority (AMA),SYNTHETIC / SIMULATED DEVELOPMENT MARKET DATA
2026-08-22,Harare,Cassava,155.8,270.3,213.1,758.9,269.5,489.4,Agricultural Marketing Authority (AMA),SYNTHETIC / SIMULATED DEVELOPMENT MARKET DATA
2026-08-22,Bulawayo,Maize,306.4,430.5,368.4,428.8,294.5,134.3,Agricultural Marketing Authority (AMA),SYNTHETIC / SIMULATED DEVELOPMENT MARKET DATA
2026-08-22,Bulawayo,Tobacco,2650.8,3291.0,2970.9,148.4,745.4,-597.0,Agricultural Marketing Authority (AMA),SYNTHETIC / SIMULATED DEVELOPMENT MARKET DATA
2026-08-22,Bulawayo,Wheat,412.2,520.2,466.2,437.5,552.6,-115.1,Agricultural Marketing Authority (AMA),SYNTHETIC / SIMULATED DEVELOPMENT MARKET DATA
2026-08-22,Bulawayo,Soybean,567.9,776.9,672.4,392.1,289.2,102.9,Agricultural Marketing Authority (AMA),SYNTHETIC / SIMULATED DEVELOPMENT MARKET DATA
2026-08-22,Bulawayo,Cotton,793.3,931.9,862.6,115.2,119.9,-4.7,Agricultural Marketing Authority (AMA),SYNTHETIC / SIMULATED DEVELOPMENT MARKET DATA
2026-08-22,Bulawayo,Groundnuts,478.1,623.1,550.6,653.4,217.0,436.4,Agricultural Marketing Authority (AMA),SYNTHETIC / SIMULATED DEVELOPMENT MARKET DATA
2026-08-22,Bulawayo,Sorghum,252.2,357.2,304.7,469.0,413.8,55.2,Agricultural Marketing Authority (AMA),SYNTHETIC / SIMULATED DEVELOPMENT MARKET DATA
2026-08-22,Bulawayo,Sunflower,367.6,490.4,429.0,464.9,516.0,-51.1,Agricultural Marketing Authority (AMA),SYNTHETIC / SIMULATED DEVELOPMENT MARKET DATA
2026-08-22,Bulawayo,SweetPotato,194.9,291.9,243.4,725.2,206.4,518.8,Agricultural Marketing Authority (AMA),SYNTHETIC / SIMULATED DEVELOPMENT MARKET DATA
2026-08-22,Bulawayo,Cassava,161.1,269.1,215.1,300.8,557.0,-256.2,Agricultural Marketing Authority (AMA),SYNTHETIC / SIMULATED DEVELOPMENT MARKET DATA
2026-08-22,Mutare,Maize,311.7,410.6,361.1,663.1,619.6,43.5,Agricultural Marketing Authority (AMA),SYNTHETIC / SIMULATED DEVELOPMENT MARKET DATA
2026-08-22,Mutare,Tobacco,2655.8,3422.9,3039.4,789.8,574.5,215.3,Agricultural Marketing Authority (AMA),SYNTHETIC / SIMULATED DEVELOPMENT MARKET DATA
2026-08-22,Mutare,Wheat,418.0,534.8,476.4,670.6,275.6,395.0,Agricultural Marketing Authority (AMA),SYNTHETIC / SIMULATED DEVELOPMENT MARKET DATA
2026-08-22,Mutare,Soybean,601.6,766.9,684.2,274.9,517.3,-242.4,Agricultural Marketing Authority (AMA),SYNTHETIC / SIMULATED DEVELOPMENT MARKET DATA
2026-08-22,Mutare,Cotton,805.3,972.6,889.0,226.5,90.6,135.9,Agricultural Marketing Authority (AMA),SYNTHETIC / SIMULATED DEVELOPMENT MARKET DATA
2026-08-22,Mutare,Groundnuts,472.4,612.4,542.4,255.8,690.1,-434.3,Agricultural Marketing Authority (AMA),SYNTHETIC / SIMULATED DEVELOPMENT MARKET DATA
2026-08-22,Mutare,Sorghum,238.2,355.6,296.9,578.9,124.8,454.1,Agricultural Marketing Authority (AMA),SYNTHETIC / SIMULATED DEVELOPMENT MARKET DATA
2026-08-22,Mutare,Sunflower,357.0,473.6,415.3,439.9,734.2,-294.3,Agricultural Marketing Authority (AMA),SYNTHETIC / SIMULATED DEVELOPMENT MARKET DATA
2026-08-22,Mutare,SweetPotato,185.8,305.5,245.7,420.4,390.7,29.7,Agricultural Marketing Authority (AMA),SYNTHETIC / SIMULATED DEVELOPMENT MARKET DATA
2026-08-22,Mutare,Cassava,160.3,268.1,214.2,635.7,385.6,250.1,Agricultural Marketing Authority (AMA),SYNTHETIC / SIMULATED DEVELOPMENT MARKET DATA
2026-08-23,Harare,Maize,316.7,430.8,373.8,331.6,673.4,-341.8,Agricultural Marketing Authority (AMA),SYNTHETIC / SIMULATED DEVELOPMENT MARKET DATA
2026-08-23,Harare,Tobacco,2643.6,3611.1,3127.3,453.0,491.0,-38.0,Agricultural Marketing Authority (AMA),SYNTHETIC / SIMULATED DEVELOPMENT MARKET DATA
2026-08-23,Harare,Wheat,426.7,516.5,471.6,241.4,596.9,-355.5,Agricultural Marketing Authority (AMA),SYNTHETIC / SIMULATED DEVELOPMENT MARKET DATA
2026-08-23,Harare,Soybean,578.5,739.4,659.0,135.4,335.8,-200.4,Agricultural Marketing Authority (AMA),SYNTHETIC / SIMULATED DEVELOPMENT MARKET DATA
2026-08-23,Harare,Cotton,805.9,1004.5,905.2,243.8,631.1,-387.3,Agricultural Marketing Authority (AMA),SYNTHETIC / SIMULATED DEVELOPMENT MARKET DATA
2026-08-23,Harare,Groundnuts,457.3,613.0,535.1,194.7,543.1,-348.4,Agricultural Marketing Authority (AMA),SYNTHETIC / SIMULATED DEVELOPMENT MARKET DATA
2026-08-23,Harare,Sorghum,256.8,384.2,320.5,157.6,324.7,-167.1,Agricultural Marketing Authority (AMA),SYNTHETIC / SIMULATED DEVELOPMENT MARKET DATA
2026-08-23,Harare,Sunflower,379.9,484.4,432.1,781.7,428.4,353.3,Agricultural Marketing Authority (AMA),SYNTHETIC / SIMULATED DEVELOPMENT MARKET DATA
2026-08-23,Harare,SweetPotato,175.1,324.0,249.6,425.2,176.0,249.2,Agricultural Marketing Authority (AMA),SYNTHETIC / SIMULATED DEVELOPMENT MARKET DATA
2026-08-23,Harare,Cassava,160.0,268.3,214.2,660.2,363.1,297.1,Agricultural Marketing Authority (AMA),SYNTHETIC / SIMULATED DEVELOPMENT MARKET DATA
2026-08-23,Bulawayo,Maize,314.1,426.8,370.5,174.3,503.6,-329.3,Agricultural Marketing Authority (AMA),SYNTHETIC / SIMULATED DEVELOPMENT MARKET DATA
2026-08-23,Bulawayo,Tobacco,2704.1,3533.2,3118.6,314.0,419.7,-105.7,Agricultural Marketing Authority (AMA),SYNTHETIC / SIMULATED DEVELOPMENT MARKET DATA
2026-08-23,Bulawayo,Wheat,414.5,543.0,478.8,755.4,735.6,19.8,Agricultural Marketing Authority (AMA),SYNTHETIC / SIMULATED DEVELOPMENT MARKET DATA
2026-08-23,Bulawayo,Soybean,601.6,742.7,672.2,271.3,742.5,-471.2,Agricultural Marketing Authority (AMA),SYNTHETIC / SIMULATED DEVELOPMENT MARKET DATA
2026-08-23,Bulawayo,Cotton,786.0,952.6,869.3,715.1,677.3,37.8,Agricultural Marketing Authority (AMA),SYNTHETIC / SIMULATED DEVELOPMENT MARKET DATA
2026-08-23,Bulawayo,Groundnuts,475.4,621.8,548.6,508.2,116.0,392.2,Agricultural Marketing Authority (AMA),SYNTHETIC / SIMULATED DEVELOPMENT MARKET DATA
2026-08-23,Bulawayo,Sorghum,237.2,351.8,294.5,742.8,311.1,431.7,Agricultural Marketing Authority (AMA),SYNTHETIC / SIMULATED DEVELOPMENT MARKET DATA
2026-08-23,Bulawayo,Sunflower,376.7,482.5,429.6,618.4,599.2,19.2,Agricultural Marketing Authority (AMA),SYNTHETIC / SIMULATED DEVELOPMENT MARKET DATA
2026-08-23,Bulawayo,SweetPotato,175.2,319.9,247.5,417.8,594.8,-177.0,Agricultural Marketing Authority (AMA),SYNTHETIC / SIMULATED DEVELOPMENT MARKET DATA
2026-08-23,Bulawayo,Cassava,163.2,268.3,215.8,475.9,435.6,40.3,Agricultural Marketing Authority (AMA),SYNTHETIC / SIMULATED DEVELOPMENT MARKET DATA
2026-08-23,Mutare,Maize,321.4,403.0,362.2,159.2,528.8,-369.6,Agricultural Marketing Authority (AMA),SYNTHETIC / SIMULATED DEVELOPMENT MARKET DATA
2026-08-23,Mutare,Tobacco,2648.6,3279.6,2964.1,772.6,636.2,136.4,Agricultural Marketing Authority (AMA),SYNTHETIC / SIMULATED DEVELOPMENT MARKET DATA
2026-08-23,Mutare,Wheat,416.7,545.2,481.0,575.1,303.7,271.4,Agricultural Marketing Authority (AMA),SYNTHETIC / SIMULATED DEVELOPMENT MARKET DATA
2026-08-23,Mutare,Soybean,554.9,731.5,643.2,590.3,265.1,325.2,Agricultural Marketing Authority (AMA),SYNTHETIC / SIMULATED DEVELOPMENT MARKET DATA
2026-08-23,Mutare,Cotton,812.4,954.8,883.6,799.8,749.0,50.8,Agricultural Marketing Authority (AMA),SYNTHETIC / SIMULATED DEVELOPMENT MARKET DATA
2026-08-23,Mutare,Groundnuts,457.6,633.1,545.4,201.1,632.5,-431.4,Agricultural Marketing Authority (AMA),SYNTHETIC / SIMULATED DEVELOPMENT MARKET DATA
2026-08-23,Mutare,Sorghum,255.8,360.3,308.1,778.0,193.8,584.2,Agricultural Marketing Authority (AMA),SYNTHETIC / SIMULATED DEVELOPMENT MARKET DATA
2026-08-23,Mutare,Sunflower,402.0,460.9,431.4,715.2,574.1,141.1,Agricultural Marketing Authority (AMA),SYNTHETIC / SIMULATED DEVELOPMENT MARKET DATA
2026-08-23,Mutare,SweetPotato,175.2,318.1,246.7,331.2,410.8,-79.6,Agricultural Marketing Authority (AMA),SYNTHETIC / SIMULATED DEVELOPMENT MARKET DATA
2026-08-23,Mutare,Cassava,161.8,260.2,211.0,511.5,590.6,-79.1,Agricultural Marketing Authority (AMA),SYNTHETIC / SIMULATED DEVELOPMENT MARKET DATA
2026-08-24,Harare,Maize,312.8,413.2,363.0,131.5,678.5,-547.0,Agricultural Marketing Authority (AMA),SYNTHETIC / SIMULATED DEVELOPMENT MARKET DATA
2026-08-24,Harare,Tobacco,2572.9,3506.0,3039.4,130.4,705.3,-574.9,Agricultural Marketing Authority (AMA),SYNTHETIC / SIMULATED DEVELOPMENT MARKET DATA
2026-08-24,Harare,Wheat,416.1,529.5,472.8,443.1,588.4,-145.3,Agricultural Marketing Authority (AMA),SYNTHETIC / SIMULATED DEVELOPMENT MARKET DATA
2026-08-24,Harare,Soybean,616.0,735.8,675.9,620.0,688.1,-68.1,Agricultural Marketing Authority (AMA),SYNTHETIC / SIMULATED DEVELOPMENT MARKET DATA
2026-08-24,Harare,Cotton,797.3,970.4,883.8,583.8,526.2,57.6,Agricultural Marketing Authority (AMA),SYNTHETIC / SIMULATED DEVELOPMENT MARKET DATA
2026-08-24,Harare,Groundnuts,450.0,629.6,539.8,122.7,505.6,-382.9,Agricultural Marketing Authority (AMA),SYNTHETIC / SIMULATED DEVELOPMENT MARKET DATA
2026-08-24,Harare,Sorghum,250.6,376.8,313.7,396.4,530.9,-134.5,Agricultural Marketing Authority (AMA),SYNTHETIC / SIMULATED DEVELOPMENT MARKET DATA
2026-08-24,Harare,Sunflower,384.1,494.1,439.1,564.5,88.4,476.1,Agricultural Marketing Authority (AMA),SYNTHETIC / SIMULATED DEVELOPMENT MARKET DATA
2026-08-24,Harare,SweetPotato,172.5,311.0,241.8,661.3,579.7,81.6,Agricultural Marketing Authority (AMA),SYNTHETIC / SIMULATED DEVELOPMENT MARKET DATA
2026-08-24,Harare,Cassava,157.1,264.1,210.6,437.0,644.8,-207.8,Agricultural Marketing Authority (AMA),SYNTHETIC / SIMULATED DEVELOPMENT MARKET DATA
2026-08-24,Bulawayo,Maize,312.1,420.8,366.5,225.4,416.9,-191.5,Agricultural Marketing Authority (AMA),SYNTHETIC / SIMULATED DEVELOPMENT MARKET DATA
2026-08-24,Bulawayo,Tobacco,2739.9,3301.8,3020.9,708.4,589.4,119.0,Agricultural Marketing Authority (AMA),SYNTHETIC / SIMULATED DEVELOPMENT MARKET DATA
2026-08-24,Bulawayo,Wheat,420.4,521.2,470.8,729.4,306.8,422.6,Agricultural Marketing Authority (AMA),SYNTHETIC / SIMULATED DEVELOPMENT MARKET DATA
2026-08-24,Bulawayo,Soybean,593.7,761.3,677.5,136.6,687.9,-551.3,Agricultural Marketing Authority (AMA),SYNTHETIC / SIMULATED DEVELOPMENT MARKET DATA
2026-08-24,Bulawayo,Cotton,756.4,1023.5,890.0,149.2,320.2,-171.0,Agricultural Marketing Authority (AMA),SYNTHETIC / SIMULATED DEVELOPMENT MARKET DATA
2026-08-24,Bulawayo,Groundnuts,458.3,625.7,542.0,355.4,358.6,-3.2,Agricultural Marketing Authority (AMA),SYNTHETIC / SIMULATED DEVELOPMENT MARKET DATA
2026-08-24,Bulawayo,Sorghum,237.1,370.7,303.9,390.2,740.5,-350.3,Agricultural Marketing Authority (AMA),SYNTHETIC / SIMULATED DEVELOPMENT MARKET DATA
2026-08-24,Bulawayo,Sunflower,404.8,464.0,434.4,496.0,361.8,134.2,Agricultural Marketing Authority (AMA),SYNTHETIC / SIMULATED DEVELOPMENT MARKET DATA
2026-08-24,Bulawayo,SweetPotato,179.9,300.8,240.4,385.1,89.5,295.6,Agricultural Marketing Authority (AMA),SYNTHETIC / SIMULATED DEVELOPMENT MARKET DATA
2026-08-24,Bulawayo,Cassava,155.8,256.9,206.3,183.6,356.9,-173.3,Agricultural Marketing Authority (AMA),SYNTHETIC / SIMULATED DEVELOPMENT MARKET DATA
2026-08-24,Mutare,Maize,322.4,416.3,369.4,244.9,303.9,-59.0,Agricultural Marketing Authority (AMA),SYNTHETIC / SIMULATED DEVELOPMENT MARKET DATA
2026-08-24,Mutare,Tobacco,2650.0,3393.5,3021.8,282.6,328.9,-46.3,Agricultural Marketing Authority (AMA),SYNTHETIC / SIMULATED DEVELOPMENT MARKET DATA
2026-08-24,Mutare,Wheat,426.4,544.2,485.3,376.4,350.7,25.7,Agricultural Marketing Authority (AMA),SYNTHETIC / SIMULATED DEVELOPMENT MARKET DATA
2026-08-24,Mutare,Soybean,574.0,744.9,659.5,201.7,555.0,-353.3,Agricultural Marketing Authority (AMA),SYNTHETIC / SIMULATED DEVELOPMENT MARKET DATA
2026-08-24,Mutare,Cotton,821.6,961.7,891.7,617.4,289.0,328.4,Agricultural Marketing Authority (AMA),SYNTHETIC / SIMULATED DEVELOPMENT MARKET DATA
2026-08-24,Mutare,Groundnuts,491.9,595.6,543.8,371.5,405.7,-34.2,Agricultural Marketing Authority (AMA),SYNTHETIC / SIMULATED DEVELOPMENT MARKET DATA
2026-08-24,Mutare,Sorghum,247.1,371.7,309.4,627.6,420.0,207.6,Agricultural Marketing Authority (AMA),SYNTHETIC / SIMULATED DEVELOPMENT MARKET DATA
2026-08-24,Mutare,Sunflower,370.8,480.7,425.8,238.7,463.0,-224.3,Agricultural Marketing Authority (AMA),SYNTHETIC / SIMULATED DEVELOPMENT MARKET DATA
2026-08-24,Mutare,SweetPotato,181.7,308.6,245.2,213.4,500.1,-286.7,Agricultural Marketing Authority (AMA),SYNTHETIC / SIMULATED DEVELOPMENT MARKET DATA
2026-08-24,Mutare,Cassava,159.8,265.3,212.6,499.5,636.6,-137.1,Agricultural Marketing Authority (AMA),SYNTHETIC / SIMULATED DEVELOPMENT MARKET DATA
2026-08-25,Harare,Maize,326.6,439.5,383.1,669.6,570.3,99.3,Agricultural Marketing Authority (AMA),SYNTHETIC / SIMULATED DEVELOPMENT MARKET DATA
2026-08-25,Harare,Tobacco,2563.2,3425.7,2994.4,103.0,160.7,-57.7,Agricultural Marketing Authority (AMA),SYNTHETIC / SIMULATED DEVELOPMENT MARKET DATA
2026-08-25,Harare,Wheat,407.2,541.8,474.5,741.7,593.3,148.4,Agricultural Marketing Authority (AMA),SYNTHETIC / SIMULATED DEVELOPMENT MARKET DATA
2026-08-25,Harare,Soybean,593.3,764.3,678.8,781.1,584.6,196.5,Agricultural Marketing Authority (AMA),SYNTHETIC / SIMULATED DEVELOPMENT MARKET DATA
2026-08-25,Harare,Cotton,837.8,1009.6,923.7,703.6,243.3,460.3,Agricultural Marketing Authority (AMA),SYNTHETIC / SIMULATED DEVELOPMENT MARKET DATA
2026-08-25,Harare,Groundnuts,500.9,619.4,560.1,685.8,323.1,362.7,Agricultural Marketing Authority (AMA),SYNTHETIC / SIMULATED DEVELOPMENT MARKET DATA
2026-08-25,Harare,Sorghum,242.2,376.3,309.2,103.1,608.0,-504.9,Agricultural Marketing Authority (AMA),SYNTHETIC / SIMULATED DEVELOPMENT MARKET DATA
2026-08-25,Harare,Sunflower,380.8,492.0,436.4,232.0,359.5,-127.5,Agricultural Marketing Authority (AMA),SYNTHETIC / SIMULATED DEVELOPMENT MARKET DATA
2026-08-25,Harare,SweetPotato,182.4,324.6,253.5,443.2,330.4,112.8,Agricultural Marketing Authority (AMA),SYNTHETIC / SIMULATED DEVELOPMENT MARKET DATA
2026-08-25,Harare,Cassava,157.1,255.6,206.3,636.4,429.0,207.4,Agricultural Marketing Authority (AMA),SYNTHETIC / SIMULATED DEVELOPMENT MARKET DATA
2026-08-25,Bulawayo,Maize,320.2,419.3,369.8,308.6,85.6,223.0,Agricultural Marketing Authority (AMA),SYNTHETIC / SIMULATED DEVELOPMENT MARKET DATA
2026-08-25,Bulawayo,Tobacco,2620.7,3395.6,3008.1,698.6,186.8,511.8,Agricultural Marketing Authority (AMA),SYNTHETIC / SIMULATED DEVELOPMENT MARKET DATA
2026-08-25,Bulawayo,Wheat,422.6,550.9,486.8,189.2,593.9,-404.7,Agricultural Marketing Authority (AMA),SYNTHETIC / SIMULATED DEVELOPMENT MARKET DATA
2026-08-25,Bulawayo,Soybean,588.7,771.7,680.2,705.4,741.3,-35.9,Agricultural Marketing Authority (AMA),SYNTHETIC / SIMULATED DEVELOPMENT MARKET DATA
2026-08-25,Bulawayo,Cotton,811.4,1030.4,920.9,189.1,565.5,-376.4,Agricultural Marketing Authority (AMA),SYNTHETIC / SIMULATED DEVELOPMENT MARKET DATA
2026-08-25,Bulawayo,Groundnuts,486.3,585.4,535.9,156.6,453.0,-296.4,Agricultural Marketing Authority (AMA),SYNTHETIC / SIMULATED DEVELOPMENT MARKET DATA
2026-08-25,Bulawayo,Sorghum,248.4,354.2,301.3,775.7,639.3,136.4,Agricultural Marketing Authority (AMA),SYNTHETIC / SIMULATED DEVELOPMENT MARKET DATA
2026-08-25,Bulawayo,Sunflower,363.2,484.4,423.8,400.5,632.3,-231.8,Agricultural Marketing Authority (AMA),SYNTHETIC / SIMULATED DEVELOPMENT MARKET DATA
2026-08-25,Bulawayo,SweetPotato,177.9,298.2,238.1,453.9,739.9,-286.0,Agricultural Marketing Authority (AMA),SYNTHETIC / SIMULATED DEVELOPMENT MARKET DATA
2026-08-25,Bulawayo,Cassava,166.9,257.6,212.2,493.5,213.9,279.6,Agricultural Marketing Authority (AMA),SYNTHETIC / SIMULATED DEVELOPMENT MARKET DATA
2026-08-25,Mutare,Maize,311.6,405.0,358.3,144.9,149.0,-4.1,Agricultural Marketing Authority (AMA),SYNTHETIC / SIMULATED DEVELOPMENT MARKET DATA
2026-08-25,Mutare,Tobacco,2574.0,3349.4,2961.7,633.5,392.6,240.9,Agricultural Marketing Authority (AMA),SYNTHETIC / SIMULATED DEVELOPMENT MARKET DATA
2026-08-25,Mutare,Wheat,420.9,536.2,478.6,757.5,507.2,250.3,Agricultural Marketing Authority (AMA),SYNTHETIC / SIMULATED DEVELOPMENT MARKET DATA
2026-08-25,Mutare,Soybean,564.6,760.3,662.5,374.6,562.4,-187.8,Agricultural Marketing Authority (AMA),SYNTHETIC / SIMULATED DEVELOPMENT MARKET DATA
2026-08-25,Mutare,Cotton,779.6,957.5,868.5,455.0,515.5,-60.5,Agricultural Marketing Authority (AMA),SYNTHETIC / SIMULATED DEVELOPMENT MARKET DATA
2026-08-25,Mutare,Groundnuts,499.3,658.4,578.9,328.5,425.3,-96.8,Agricultural Marketing Authority (AMA),SYNTHETIC / SIMULATED DEVELOPMENT MARKET DATA
2026-08-25,Mutare,Sorghum,247.5,366.0,306.8,784.0,409.2,374.8,Agricultural Marketing Authority (AMA),SYNTHETIC / SIMULATED DEVELOPMENT MARKET DATA
2026-08-25,Mutare,Sunflower,386.7,492.8,439.8,564.8,266.3,298.5,Agricultural Marketing Authority (AMA),SYNTHETIC / SIMULATED DEVELOPMENT MARKET DATA
2026-08-25,Mutare,SweetPotato,190.2,309.2,249.7,443.4,226.5,216.9,Agricultural Marketing Authority (AMA),SYNTHETIC / SIMULATED DEVELOPMENT MARKET DATA
2026-08-25,Mutare,Cassava,157.9,256.2,207.1,619.6,522.3,97.3,Agricultural Marketing Authority (AMA),SYNTHETIC / SIMULATED DEVELOPMENT MARKET DATA
2026-08-26,Harare,Maize,324.1,427.9,376.0,340.1,646.4,-306.3,Agricultural Marketing Authority (AMA),SYNTHETIC / SIMULATED DEVELOPMENT MARKET DATA
2026-08-26,Harare,Tobacco,2487.1,3449.8,2968.4,390.2,636.4,-246.2,Agricultural Marketing Authority (AMA),SYNTHETIC / SIMULATED DEVELOPMENT MARKET DATA
2026-08-26,Harare,Wheat,410.0,532.7,471.4,669.3,635.0,34.3,Agricultural Marketing Authority (AMA),SYNTHETIC / SIMULATED DEVELOPMENT MARKET DATA
2026-08-26,Harare,Soybean,579.3,742.5,660.9,382.0,384.7,-2.7,Agricultural Marketing Authority (AMA),SYNTHETIC / SIMULATED DEVELOPMENT MARKET DATA
2026-08-26,Harare,Cotton,839.2,999.6,919.4,188.1,654.9,-466.8,Agricultural Marketing Authority (AMA),SYNTHETIC / SIMULATED DEVELOPMENT MARKET DATA
2026-08-26,Harare,Groundnuts,473.4,626.4,549.9,694.5,497.1,197.4,Agricultural Marketing Authority (AMA),SYNTHETIC / SIMULATED DEVELOPMENT MARKET DATA
2026-08-26,Harare,Sorghum,252.9,345.9,299.4,450.3,187.2,263.1,Agricultural Marketing Authority (AMA),SYNTHETIC / SIMULATED DEVELOPMENT MARKET DATA
2026-08-26,Harare,Sunflower,375.2,453.8,414.5,266.6,416.9,-150.3,Agricultural Marketing Authority (AMA),SYNTHETIC / SIMULATED DEVELOPMENT MARKET DATA
2026-08-26,Harare,SweetPotato,180.2,310.7,245.4,599.1,299.8,299.3,Agricultural Marketing Authority (AMA),SYNTHETIC / SIMULATED DEVELOPMENT MARKET DATA
2026-08-26,Harare,Cassava,159.1,268.6,213.9,447.7,259.7,188.0,Agricultural Marketing Authority (AMA),SYNTHETIC / SIMULATED DEVELOPMENT MARKET DATA
2026-08-26,Bulawayo,Maize,328.2,426.8,377.5,159.4,654.3,-494.9,Agricultural Marketing Authority (AMA),SYNTHETIC / SIMULATED DEVELOPMENT MARKET DATA
2026-08-26,Bulawayo,Tobacco,2461.2,3471.3,2966.2,196.4,684.5,-488.1,Agricultural Marketing Authority (AMA),SYNTHETIC / SIMULATED DEVELOPMENT MARKET DATA
2026-08-26,Bulawayo,Wheat,423.4,547.5,485.4,762.7,583.1,179.6,Agricultural Marketing Authority (AMA),SYNTHETIC / SIMULATED DEVELOPMENT MARKET DATA
2026-08-26,Bulawayo,Soybean,597.5,768.4,683.0,329.5,260.2,69.3,Agricultural Marketing Authority (AMA),SYNTHETIC / SIMULATED DEVELOPMENT MARKET DATA
2026-08-26,Bulawayo,Cotton,832.1,961.2,896.7,116.6,654.5,-537.9,Agricultural Marketing Authority (AMA),SYNTHETIC / SIMULATED DEVELOPMENT MARKET DATA
2026-08-26,Bulawayo,Groundnuts,488.3,631.6,560.0,699.1,468.9,230.2,Agricultural Marketing Authority (AMA),SYNTHETIC / SIMULATED DEVELOPMENT MARKET DATA
2026-08-26,Bulawayo,Sorghum,246.8,375.4,311.1,621.3,251.5,369.8,Agricultural Marketing Authority (AMA),SYNTHETIC / SIMULATED DEVELOPMENT MARKET DATA
2026-08-26,Bulawayo,Sunflower,387.9,477.4,432.6,683.6,741.1,-57.5,Agricultural Marketing Authority (AMA),SYNTHETIC / SIMULATED DEVELOPMENT MARKET DATA
2026-08-26,Bulawayo,SweetPotato,181.4,307.2,244.3,717.0,695.4,21.6,Agricultural Marketing Authority (AMA),SYNTHETIC / SIMULATED DEVELOPMENT MARKET DATA
2026-08-26,Bulawayo,Cassava,155.0,258.1,206.6,537.7,91.0,446.7,Agricultural Marketing Authority (AMA),SYNTHETIC / SIMULATED DEVELOPMENT MARKET DATA
2026-08-26,Mutare,Maize,318.4,394.1,356.2,123.8,679.5,-555.7,Agricultural Marketing Authority (AMA),SYNTHETIC / SIMULATED DEVELOPMENT MARKET DATA
2026-08-26,Mutare,Tobacco,2671.4,3272.9,2972.2,516.0,562.6,-46.6,Agricultural Marketing Authority (AMA),SYNTHETIC / SIMULATED DEVELOPMENT MARKET DATA
2026-08-26,Mutare,Wheat,419.5,520.5,470.0,199.2,219.6,-20.4,Agricultural Marketing Authority (AMA),SYNTHETIC / SIMULATED DEVELOPMENT MARKET DATA
2026-08-26,Mutare,Soybean,564.7,692.9,628.8,649.0,324.3,324.7,Agricultural Marketing Authority (AMA),SYNTHETIC / SIMULATED DEVELOPMENT MARKET DATA
2026-08-26,Mutare,Cotton,829.5,964.6,897.0,231.8,620.7,-388.9,Agricultural Marketing Authority (AMA),SYNTHETIC / SIMULATED DEVELOPMENT MARKET DATA
2026-08-26,Mutare,Groundnuts,496.8,608.7,552.8,299.3,183.3,116.0,Agricultural Marketing Authority (AMA),SYNTHETIC / SIMULATED DEVELOPMENT MARKET DATA
2026-08-26,Mutare,Sorghum,242.5,362.8,302.6,174.3,599.3,-425.0,Agricultural Marketing Authority (AMA),SYNTHETIC / SIMULATED DEVELOPMENT MARKET DATA
2026-08-26,Mutare,Sunflower,374.4,476.7,425.5,593.8,410.1,183.7,Agricultural Marketing Authority (AMA),SYNTHETIC / SIMULATED DEVELOPMENT MARKET DATA
2026-08-26,Mutare,SweetPotato,192.2,315.6,253.9,195.1,528.2,-333.1,Agricultural Marketing Authority (AMA),SYNTHETIC / SIMULATED DEVELOPMENT MARKET DATA
2026-08-26,Mutare,Cassava,169.3,262.8,216.1,256.4,504.7,-248.3,Agricultural Marketing Authority (AMA),SYNTHETIC / SIMULATED DEVELOPMENT MARKET DATA
2026-08-27,Harare,Maize,325.0,449.1,387.1,170.1,124.7,45.4,Agricultural Marketing Authority (AMA),SYNTHETIC / SIMULATED DEVELOPMENT MARKET DATA
2026-08-27,Harare,Tobacco,2771.9,3416.1,3094.0,532.5,345.3,187.2,Agricultural Marketing Authority (AMA),SYNTHETIC / SIMULATED DEVELOPMENT MARKET DATA
2026-08-27,Harare,Wheat,385.5,546.5,466.0,410.0,712.7,-302.7,Agricultural Marketing Authority (AMA),SYNTHETIC / SIMULATED DEVELOPMENT MARKET DATA
2026-08-27,Harare,Soybean,585.9,773.1,679.5,306.7,247.6,59.1,Agricultural Marketing Authority (AMA),SYNTHETIC / SIMULATED DEVELOPMENT MARKET DATA
2026-08-27,Harare,Cotton,808.4,1041.7,925.0,353.1,403.6,-50.5,Agricultural Marketing Authority (AMA),SYNTHETIC / SIMULATED DEVELOPMENT MARKET DATA
2026-08-27,Harare,Groundnuts,473.6,622.1,547.9,540.2,81.7,458.5,Agricultural Marketing Authority (AMA),SYNTHETIC / SIMULATED DEVELOPMENT MARKET DATA
2026-08-27,Harare,Sorghum,237.7,371.9,304.8,443.3,272.3,171.0,Agricultural Marketing Authority (AMA),SYNTHETIC / SIMULATED DEVELOPMENT MARKET DATA
2026-08-27,Harare,Sunflower,384.8,482.6,433.7,385.6,400.5,-14.9,Agricultural Marketing Authority (AMA),SYNTHETIC / SIMULATED DEVELOPMENT MARKET DATA
2026-08-27,Harare,SweetPotato,177.8,318.4,248.1,415.4,482.7,-67.3,Agricultural Marketing Authority (AMA),SYNTHETIC / SIMULATED DEVELOPMENT MARKET DATA
2026-08-27,Harare,Cassava,163.2,262.7,212.9,517.9,475.5,42.4,Agricultural Marketing Authority (AMA),SYNTHETIC / SIMULATED DEVELOPMENT MARKET DATA
2026-08-27,Bulawayo,Maize,319.6,408.5,364.1,791.4,679.2,112.2,Agricultural Marketing Authority (AMA),SYNTHETIC / SIMULATED DEVELOPMENT MARKET DATA
2026-08-27,Bulawayo,Tobacco,2548.2,3301.9,2925.1,776.8,561.5,215.3,Agricultural Marketing Authority (AMA),SYNTHETIC / SIMULATED DEVELOPMENT MARKET DATA
2026-08-27,Bulawayo,Wheat,431.2,544.7,488.0,777.7,367.3,410.4,Agricultural Marketing Authority (AMA),SYNTHETIC / SIMULATED DEVELOPMENT MARKET DATA
2026-08-27,Bulawayo,Soybean,604.0,780.9,692.5,331.4,737.3,-405.9,Agricultural Marketing Authority (AMA),SYNTHETIC / SIMULATED DEVELOPMENT MARKET DATA
2026-08-27,Bulawayo,Cotton,820.9,1009.7,915.3,223.3,642.2,-418.9,Agricultural Marketing Authority (AMA),SYNTHETIC / SIMULATED DEVELOPMENT MARKET DATA
2026-08-27,Bulawayo,Groundnuts,469.0,627.9,548.5,789.1,600.8,188.3,Agricultural Marketing Authority (AMA),SYNTHETIC / SIMULATED DEVELOPMENT MARKET DATA
2026-08-27,Bulawayo,Sorghum,259.0,349.9,304.4,494.5,425.5,69.0,Agricultural Marketing Authority (AMA),SYNTHETIC / SIMULATED DEVELOPMENT MARKET DATA
2026-08-27,Bulawayo,Sunflower,372.4,516.9,444.6,645.7,338.7,307.0,Agricultural Marketing Authority (AMA),SYNTHETIC / SIMULATED DEVELOPMENT MARKET DATA
2026-08-27,Bulawayo,SweetPotato,183.6,298.9,241.2,426.8,571.3,-144.5,Agricultural Marketing Authority (AMA),SYNTHETIC / SIMULATED DEVELOPMENT MARKET DATA
2026-08-27,Bulawayo,Cassava,161.8,260.8,211.3,505.9,117.2,388.7,Agricultural Marketing Authority (AMA),SYNTHETIC / SIMULATED DEVELOPMENT MARKET DATA
2026-08-27,Mutare,Maize,322.0,417.8,369.9,246.7,419.3,-172.6,Agricultural Marketing Authority (AMA),SYNTHETIC / SIMULATED DEVELOPMENT MARKET DATA
2026-08-27,Mutare,Tobacco,2566.7,3492.1,3029.4,742.4,555.1,187.3,Agricultural Marketing Authority (AMA),SYNTHETIC / SIMULATED DEVELOPMENT MARKET DATA
2026-08-27,Mutare,Wheat,406.1,520.8,463.4,298.1,645.8,-347.7,Agricultural Marketing Authority (AMA),SYNTHETIC / SIMULATED DEVELOPMENT MARKET DATA
2026-08-27,Mutare,Soybean,580.3,733.7,657.0,501.6,729.5,-227.9,Agricultural Marketing Authority (AMA),SYNTHETIC / SIMULATED DEVELOPMENT MARKET DATA
2026-08-27,Mutare,Cotton,781.8,972.1,877.0,247.5,464.8,-217.3,Agricultural Marketing Authority (AMA),SYNTHETIC / SIMULATED DEVELOPMENT MARKET DATA
2026-08-27,Mutare,Groundnuts,472.2,642.2,557.2,448.5,430.9,17.6,Agricultural Marketing Authority (AMA),SYNTHETIC / SIMULATED DEVELOPMENT MARKET DATA
2026-08-27,Mutare,Sorghum,253.1,365.7,309.4,109.3,276.8,-167.5,Agricultural Marketing Authority (AMA),SYNTHETIC / SIMULATED DEVELOPMENT MARKET DATA
2026-08-27,Mutare,Sunflower,393.0,482.4,437.7,277.2,611.3,-334.1,Agricultural Marketing Authority (AMA),SYNTHETIC / SIMULATED DEVELOPMENT MARKET DATA
2026-08-27,Mutare,SweetPotato,183.5,321.7,252.6,172.5,727.5,-555.0,Agricultural Marketing Authority (AMA),SYNTHETIC / SIMULATED DEVELOPMENT MARKET DATA
2026-08-27,Mutare,Cassava,158.8,258.9,208.8,629.0,482.8,146.2,Agricultural Marketing Authority (AMA),SYNTHETIC / SIMULATED DEVELOPMENT MARKET DATA
2026-08-28,Harare,Maize,321.0,418.3,369.6,305.7,523.4,-217.7,Agricultural Marketing Authority (AMA),SYNTHETIC / SIMULATED DEVELOPMENT MARKET DATA
2026-08-28,Harare,Tobacco,2570.3,3586.7,3078.5,319.5,380.5,-61.0,Agricultural Marketing Authority (AMA),SYNTHETIC / SIMULATED DEVELOPMENT MARKET DATA
2026-08-28,Harare,Wheat,403.5,518.8,461.1,125.4,537.8,-412.4,Agricultural Marketing Authority (AMA),SYNTHETIC / SIMULATED DEVELOPMENT MARKET DATA
2026-08-28,Harare,Soybean,580.6,737.7,659.2,490.5,555.5,-65.0,Agricultural Marketing Authority (AMA),SYNTHETIC / SIMULATED DEVELOPMENT MARKET DATA
2026-08-28,Harare,Cotton,769.6,901.6,835.6,372.4,368.2,4.2,Agricultural Marketing Authority (AMA),SYNTHETIC / SIMULATED DEVELOPMENT MARKET DATA
2026-08-28,Harare,Groundnuts,494.2,619.3,556.8,215.7,567.7,-352.0,Agricultural Marketing Authority (AMA),SYNTHETIC / SIMULATED DEVELOPMENT MARKET DATA
2026-08-28,Harare,Sorghum,244.2,355.6,299.9,796.7,127.6,669.1,Agricultural Marketing Authority (AMA),SYNTHETIC / SIMULATED DEVELOPMENT MARKET DATA
2026-08-28,Harare,Sunflower,388.3,524.2,456.2,316.8,513.9,-197.1,Agricultural Marketing Authority (AMA),SYNTHETIC / SIMULATED DEVELOPMENT MARKET DATA
2026-08-28,Harare,SweetPotato,170.8,303.3,237.1,429.3,226.0,203.3,Agricultural Marketing Authority (AMA),SYNTHETIC / SIMULATED DEVELOPMENT MARKET DATA
2026-08-28,Harare,Cassava,156.1,261.6,208.9,589.8,210.3,379.5,Agricultural Marketing Authority (AMA),SYNTHETIC / SIMULATED DEVELOPMENT MARKET DATA
2026-08-28,Bulawayo,Maize,308.7,417.4,363.0,385.2,187.9,197.3,Agricultural Marketing Authority (AMA),SYNTHETIC / SIMULATED DEVELOPMENT MARKET DATA
2026-08-28,Bulawayo,Tobacco,2604.5,3249.4,2926.9,543.5,664.6,-121.1,Agricultural Marketing Authority (AMA),SYNTHETIC / SIMULATED DEVELOPMENT MARKET DATA
2026-08-28,Bulawayo,Wheat,428.3,517.0,472.6,226.3,583.9,-357.6,Agricultural Marketing Authority (AMA),SYNTHETIC / SIMULATED DEVELOPMENT MARKET DATA
2026-08-28,Bulawayo,Soybean,580.5,763.6,672.0,103.1,162.0,-58.9,Agricultural Marketing Authority (AMA),SYNTHETIC / SIMULATED DEVELOPMENT MARKET DATA
2026-08-28,Bulawayo,Cotton,828.1,964.7,896.4,485.7,158.5,327.2,Agricultural Marketing Authority (AMA),SYNTHETIC / SIMULATED DEVELOPMENT MARKET DATA
2026-08-28,Bulawayo,Groundnuts,484.8,656.8,570.8,154.4,394.8,-240.4,Agricultural Marketing Authority (AMA),SYNTHETIC / SIMULATED DEVELOPMENT MARKET DATA
2026-08-28,Bulawayo,Sorghum,244.1,365.0,304.6,680.4,352.0,328.4,Agricultural Marketing Authority (AMA),SYNTHETIC / SIMULATED DEVELOPMENT MARKET DATA
2026-08-28,Bulawayo,Sunflower,375.8,491.7,433.8,195.6,551.9,-356.3,Agricultural Marketing Authority (AMA),SYNTHETIC / SIMULATED DEVELOPMENT MARKET DATA
2026-08-28,Bulawayo,SweetPotato,185.6,300.2,242.9,486.9,170.3,316.6,Agricultural Marketing Authority (AMA),SYNTHETIC / SIMULATED DEVELOPMENT MARKET DATA
2026-08-28,Bulawayo,Cassava,163.4,261.2,212.3,745.3,435.5,309.8,Agricultural Marketing Authority (AMA),SYNTHETIC / SIMULATED DEVELOPMENT MARKET DATA
2026-08-28,Mutare,Maize,330.3,418.5,374.4,662.7,260.8,401.9,Agricultural Marketing Authority (AMA),SYNTHETIC / SIMULATED DEVELOPMENT MARKET DATA
2026-08-28,Mutare,Tobacco,2531.8,3511.4,3021.6,735.7,239.6,496.1,Agricultural Marketing Authority (AMA),SYNTHETIC / SIMULATED DEVELOPMENT MARKET DATA
2026-08-28,Mutare,Wheat,424.4,530.5,477.4,109.1,373.4,-264.3,Agricultural Marketing Authority (AMA),SYNTHETIC / SIMULATED DEVELOPMENT MARKET DATA
2026-08-28,Mutare,Soybean,571.7,748.0,659.9,710.3,193.7,516.6,Agricultural Marketing Authority (AMA),SYNTHETIC / SIMULATED DEVELOPMENT MARKET DATA
2026-08-28,Mutare,Cotton,801.6,946.8,874.2,750.2,333.3,416.9,Agricultural Marketing Authority (AMA),SYNTHETIC / SIMULATED DEVELOPMENT MARKET DATA
2026-08-28,Mutare,Groundnuts,463.8,652.2,558.0,144.9,698.7,-553.8,Agricultural Marketing Authority (AMA),SYNTHETIC / SIMULATED DEVELOPMENT MARKET DATA
2026-08-28,Mutare,Sorghum,247.1,380.3,313.7,433.6,253.4,180.2,Agricultural Marketing Authority (AMA),SYNTHETIC / SIMULATED DEVELOPMENT MARKET DATA
2026-08-28,Mutare,Sunflower,368.5,507.1,437.8,316.4,233.3,83.1,Agricultural Marketing Authority (AMA),SYNTHETIC / SIMULATED DEVELOPMENT MARKET DATA
2026-08-28,Mutare,SweetPotato,177.9,314.6,246.2,410.4,281.3,129.1,Agricultural Marketing Authority (AMA),SYNTHETIC / SIMULATED DEVELOPMENT MARKET DATA
2026-08-28,Mutare,Cassava,162.5,249.0,205.8,764.4,427.2,337.2,Agricultural Marketing Authority (AMA),SYNTHETIC / SIMULATED DEVELOPMENT MARKET DATA
2026-08-29,Harare,Maize,331.5,439.7,385.6,197.6,360.9,-163.3,Agricultural Marketing Authority (AMA),SYNTHETIC / SIMULATED DEVELOPMENT MARKET DATA
2026-08-29,Harare,Tobacco,2658.9,3284.6,2971.8,777.0,553.8,223.2,Agricultural Marketing Authority (AMA),SYNTHETIC / SIMULATED DEVELOPMENT MARKET DATA
2026-08-29,Harare,Wheat,424.9,525.9,475.4,173.0,700.1,-527.1,Agricultural Marketing Authority (AMA),SYNTHETIC / SIMULATED DEVELOPMENT MARKET DATA
2026-08-29,Harare,Soybean,586.3,732.2,659.2,402.9,678.4,-275.5,Agricultural Marketing Authority (AMA),SYNTHETIC / SIMULATED DEVELOPMENT MARKET DATA
2026-08-29,Harare,Cotton,807.0,944.2,875.6,341.0,294.2,46.8,Agricultural Marketing Authority (AMA),SYNTHETIC / SIMULATED DEVELOPMENT MARKET DATA
2026-08-29,Harare,Groundnuts,458.9,633.3,546.1,446.1,104.8,341.3,Agricultural Marketing Authority (AMA),SYNTHETIC / SIMULATED DEVELOPMENT MARKET DATA
2026-08-29,Harare,Sorghum,242.5,371.7,307.1,625.6,647.1,-21.5,Agricultural Marketing Authority (AMA),SYNTHETIC / SIMULATED DEVELOPMENT MARKET DATA
2026-08-29,Harare,Sunflower,350.3,482.2,416.2,481.2,417.7,63.5,Agricultural Marketing Authority (AMA),SYNTHETIC / SIMULATED DEVELOPMENT MARKET DATA
2026-08-29,Harare,SweetPotato,180.5,313.4,246.9,508.0,253.6,254.4,Agricultural Marketing Authority (AMA),SYNTHETIC / SIMULATED DEVELOPMENT MARKET DATA
2026-08-29,Harare,Cassava,159.2,262.5,210.8,631.6,294.4,337.2,Agricultural Marketing Authority (AMA),SYNTHETIC / SIMULATED DEVELOPMENT MARKET DATA
2026-08-29,Bulawayo,Maize,323.0,418.8,370.9,745.2,280.5,464.7,Agricultural Marketing Authority (AMA),SYNTHETIC / SIMULATED DEVELOPMENT MARKET DATA
2026-08-29,Bulawayo,Tobacco,2598.0,3306.4,2952.2,241.9,241.5,0.4,Agricultural Marketing Authority (AMA),SYNTHETIC / SIMULATED DEVELOPMENT MARKET DATA
2026-08-29,Bulawayo,Wheat,424.2,559.5,491.9,205.5,281.4,-75.9,Agricultural Marketing Authority (AMA),SYNTHETIC / SIMULATED DEVELOPMENT MARKET DATA
2026-08-29,Bulawayo,Soybean,596.2,746.2,671.2,295.2,295.1,0.1,Agricultural Marketing Authority (AMA),SYNTHETIC / SIMULATED DEVELOPMENT MARKET DATA
2026-08-29,Bulawayo,Cotton,809.1,983.9,896.5,704.5,665.4,39.1,Agricultural Marketing Authority (AMA),SYNTHETIC / SIMULATED DEVELOPMENT MARKET DATA
2026-08-29,Bulawayo,Groundnuts,475.1,584.1,529.6,757.0,507.4,249.6,Agricultural Marketing Authority (AMA),SYNTHETIC / SIMULATED DEVELOPMENT MARKET DATA
2026-08-29,Bulawayo,Sorghum,242.4,367.7,305.1,105.3,508.7,-403.4,Agricultural Marketing Authority (AMA),SYNTHETIC / SIMULATED DEVELOPMENT MARKET DATA
2026-08-29,Bulawayo,Sunflower,389.7,454.6,422.1,796.8,575.1,221.7,Agricultural Marketing Authority (AMA),SYNTHETIC / SIMULATED DEVELOPMENT MARKET DATA
2026-08-29,Bulawayo,SweetPotato,185.1,304.3,244.7,364.3,525.6,-161.3,Agricultural Marketing Authority (AMA),SYNTHETIC / SIMULATED DEVELOPMENT MARKET DATA
2026-08-29,Bulawayo,Cassava,159.9,252.2,206.1,212.5,702.9,-490.4,Agricultural Marketing Authority (AMA),SYNTHETIC / SIMULATED DEVELOPMENT MARKET DATA
2026-08-29,Mutare,Maize,306.5,418.7,362.6,506.0,390.0,116.0,Agricultural Marketing Authority (AMA),SYNTHETIC / SIMULATED DEVELOPMENT MARKET DATA
2026-08-29,Mutare,Tobacco,2592.1,3283.6,2937.8,606.3,200.5,405.8,Agricultural Marketing Authority (AMA),SYNTHETIC / SIMULATED DEVELOPMENT MARKET DATA
2026-08-29,Mutare,Wheat,426.8,532.9,479.9,428.6,220.1,208.5,Agricultural Marketing Authority (AMA),SYNTHETIC / SIMULATED DEVELOPMENT MARKET DATA
2026-08-29,Mutare,Soybean,556.3,738.6,647.5,295.4,455.4,-160.0,Agricultural Marketing Authority (AMA),SYNTHETIC / SIMULATED DEVELOPMENT MARKET DATA
2026-08-29,Mutare,Cotton,754.5,1000.5,877.5,229.8,432.8,-203.0,Agricultural Marketing Authority (AMA),SYNTHETIC / SIMULATED DEVELOPMENT MARKET DATA
2026-08-29,Mutare,Groundnuts,453.9,603.9,528.9,742.6,613.7,128.9,Agricultural Marketing Authority (AMA),SYNTHETIC / SIMULATED DEVELOPMENT MARKET DATA
2026-08-29,Mutare,Sorghum,256.8,374.3,315.6,766.0,140.5,625.5,Agricultural Marketing Authority (AMA),SYNTHETIC / SIMULATED DEVELOPMENT MARKET DATA
2026-08-29,Mutare,Sunflower,388.0,453.7,420.9,753.2,550.1,203.1,Agricultural Marketing Authority (AMA),SYNTHETIC / SIMULATED DEVELOPMENT MARKET DATA
2026-08-29,Mutare,SweetPotato,185.8,322.0,253.9,100.7,709.2,-608.5,Agricultural Marketing Authority (AMA),SYNTHETIC / SIMULATED DEVELOPMENT MARKET DATA
2026-08-29,Mutare,Cassava,164.8,259.9,212.3,344.0,539.1,-195.1,Agricultural Marketing Authority (AMA),SYNTHETIC / SIMULATED DEVELOPMENT MARKET DATA
2026-08-30,Harare,Maize,319.9,440.5,380.2,738.0,321.6,416.4,Agricultural Marketing Authority (AMA),SYNTHETIC / SIMULATED DEVELOPMENT MARKET DATA
2026-08-30,Harare,Tobacco,2565.7,3469.1,3017.4,690.3,490.7,199.6,Agricultural Marketing Authority (AMA),SYNTHETIC / SIMULATED DEVELOPMENT MARKET DATA
2026-08-30,Harare,Wheat,408.8,571.4,490.1,721.5,693.9,27.6,Agricultural Marketing Authority (AMA),SYNTHETIC / SIMULATED DEVELOPMENT MARKET DATA
2026-08-30,Harare,Soybean,605.5,769.6,687.5,135.8,235.6,-99.8,Agricultural Marketing Authority (AMA),SYNTHETIC / SIMULATED DEVELOPMENT MARKET DATA
2026-08-30,Harare,Cotton,795.3,984.0,889.6,733.2,186.2,547.0,Agricultural Marketing Authority (AMA),SYNTHETIC / SIMULATED DEVELOPMENT MARKET DATA
2026-08-30,Harare,Groundnuts,489.6,637.1,563.4,328.5,282.9,45.6,Agricultural Marketing Authority (AMA),SYNTHETIC / SIMULATED DEVELOPMENT MARKET DATA
2026-08-30,Harare,Sorghum,245.1,354.0,299.6,412.7,624.9,-212.2,Agricultural Marketing Authority (AMA),SYNTHETIC / SIMULATED DEVELOPMENT MARKET DATA
2026-08-30,Harare,Sunflower,369.3,485.8,427.6,410.1,365.8,44.3,Agricultural Marketing Authority (AMA),SYNTHETIC / SIMULATED DEVELOPMENT MARKET DATA
2026-08-30,Harare,SweetPotato,181.9,298.1,240.0,405.7,173.3,232.4,Agricultural Marketing Authority (AMA),SYNTHETIC / SIMULATED DEVELOPMENT MARKET DATA
2026-08-30,Harare,Cassava,162.8,272.8,217.8,655.6,120.0,535.6,Agricultural Marketing Authority (AMA),SYNTHETIC / SIMULATED DEVELOPMENT MARKET DATA
2026-08-30,Bulawayo,Maize,303.7,432.1,367.9,385.4,439.3,-53.9,Agricultural Marketing Authority (AMA),SYNTHETIC / SIMULATED DEVELOPMENT MARKET DATA
2026-08-30,Bulawayo,Tobacco,2450.5,3570.3,3010.4,247.2,373.6,-126.4,Agricultural Marketing Authority (AMA),SYNTHETIC / SIMULATED DEVELOPMENT MARKET DATA
2026-08-30,Bulawayo,Wheat,438.1,547.6,492.9,676.8,711.9,-35.1,Agricultural Marketing Authority (AMA),SYNTHETIC / SIMULATED DEVELOPMENT MARKET DATA
2026-08-30,Bulawayo,Soybean,581.6,754.1,667.9,219.0,322.2,-103.2,Agricultural Marketing Authority (AMA),SYNTHETIC / SIMULATED DEVELOPMENT MARKET DATA
2026-08-30,Bulawayo,Cotton,773.0,993.3,883.1,654.0,508.7,145.3,Agricultural Marketing Authority (AMA),SYNTHETIC / SIMULATED DEVELOPMENT MARKET DATA
2026-08-30,Bulawayo,Groundnuts,453.5,646.5,550.0,565.1,343.3,221.8,Agricultural Marketing Authority (AMA),SYNTHETIC / SIMULATED DEVELOPMENT MARKET DATA
2026-08-30,Bulawayo,Sorghum,254.4,363.4,308.9,111.5,451.3,-339.8,Agricultural Marketing Authority (AMA),SYNTHETIC / SIMULATED DEVELOPMENT MARKET DATA
2026-08-30,Bulawayo,Sunflower,376.0,494.5,435.2,210.4,344.1,-133.7,Agricultural Marketing Authority (AMA),SYNTHETIC / SIMULATED DEVELOPMENT MARKET DATA
2026-08-30,Bulawayo,SweetPotato,185.1,303.0,244.1,110.0,712.9,-602.9,Agricultural Marketing Authority (AMA),SYNTHETIC / SIMULATED DEVELOPMENT MARKET DATA
2026-08-30,Bulawayo,Cassava,158.5,252.4,205.4,526.1,425.4,100.7,Agricultural Marketing Authority (AMA),SYNTHETIC / SIMULATED DEVELOPMENT MARKET DATA
2026-08-30,Mutare,Maize,326.2,399.5,362.9,567.2,268.5,298.7,Agricultural Marketing Authority (AMA),SYNTHETIC / SIMULATED DEVELOPMENT MARKET DATA
2026-08-30,Mutare,Tobacco,2629.7,3421.6,3025.6,664.9,240.5,424.4,Agricultural Marketing Authority (AMA),SYNTHETIC / SIMULATED DEVELOPMENT MARKET DATA
2026-08-30,Mutare,Wheat,431.9,519.8,475.8,700.9,535.5,165.4,Agricultural Marketing Authority (AMA),SYNTHETIC / SIMULATED DEVELOPMENT MARKET DATA
2026-08-30,Mutare,Soybean,581.0,760.0,670.5,599.3,542.1,57.2,Agricultural Marketing Authority (AMA),SYNTHETIC / SIMULATED DEVELOPMENT MARKET DATA
2026-08-30,Mutare,Cotton,786.6,993.9,890.2,362.7,199.9,162.8,Agricultural Marketing Authority (AMA),SYNTHETIC / SIMULATED DEVELOPMENT MARKET DATA
2026-08-30,Mutare,Groundnuts,480.1,609.6,544.9,291.9,640.8,-348.9,Agricultural Marketing Authority (AMA),SYNTHETIC / SIMULATED DEVELOPMENT MARKET DATA
2026-08-30,Mutare,Sorghum,247.9,368.4,308.1,101.9,505.9,-404.0,Agricultural Marketing Authority (AMA),SYNTHETIC / SIMULATED DEVELOPMENT MARKET DATA
2026-08-30,Mutare,Sunflower,355.8,499.3,427.6,697.5,333.5,364.0,Agricultural Marketing Authority (AMA),SYNTHETIC / SIMULATED DEVELOPMENT MARKET DATA
2026-08-30,Mutare,SweetPotato,183.7,320.4,252.0,153.2,641.1,-487.9,Agricultural Marketing Authority (AMA),SYNTHETIC / SIMULATED DEVELOPMENT MARKET DATA
2026-08-30,Mutare,Cassava,156.2,253.0,204.6,468.9,133.5,335.4,Agricultural Marketing Authority (AMA),SYNTHETIC / SIMULATED DEVELOPMENT MARKET DATA
2026-08-31,Harare,Maize,299.8,444.1,372.0,390.2,109.3,280.9,Agricultural Marketing Authority (AMA),SYNTHETIC / SIMULATED DEVELOPMENT MARKET DATA
2026-08-31,Harare,Tobacco,2585.3,3369.7,2977.5,706.4,677.0,29.4,Agricultural Marketing Authority (AMA),SYNTHETIC / SIMULATED DEVELOPMENT MARKET DATA
2026-08-31,Harare,Wheat,415.2,560.8,488.0,546.0,376.3,169.7,Agricultural Marketing Authority (AMA),SYNTHETIC / SIMULATED DEVELOPMENT MARKET DATA
2026-08-31,Harare,Soybean,568.0,736.8,652.4,457.8,504.9,-47.1,Agricultural Marketing Authority (AMA),SYNTHETIC / SIMULATED DEVELOPMENT MARKET DATA
2026-08-31,Harare,Cotton,835.1,1013.8,924.5,365.8,629.8,-264.0,Agricultural Marketing Authority (AMA),SYNTHETIC / SIMULATED DEVELOPMENT MARKET DATA
2026-08-31,Harare,Groundnuts,489.5,611.3,550.4,775.1,359.0,416.1,Agricultural Marketing Authority (AMA),SYNTHETIC / SIMULATED DEVELOPMENT MARKET DATA
2026-08-31,Harare,Sorghum,243.4,350.3,296.9,301.5,741.1,-439.6,Agricultural Marketing Authority (AMA),SYNTHETIC / SIMULATED DEVELOPMENT MARKET DATA
2026-08-31,Harare,Sunflower,385.6,482.6,434.1,679.4,689.1,-9.7,Agricultural Marketing Authority (AMA),SYNTHETIC / SIMULATED DEVELOPMENT MARKET DATA
2026-08-31,Harare,SweetPotato,178.3,311.3,244.8,224.4,537.8,-313.4,Agricultural Marketing Authority (AMA),SYNTHETIC / SIMULATED DEVELOPMENT MARKET DATA
2026-08-31,Harare,Cassava,161.9,264.4,213.1,467.4,210.7,256.7,Agricultural Marketing Authority (AMA),SYNTHETIC / SIMULATED DEVELOPMENT MARKET DATA
2026-08-31,Bulawayo,Maize,319.3,429.6,374.5,684.8,388.8,296.0,Agricultural Marketing Authority (AMA),SYNTHETIC / SIMULATED DEVELOPMENT MARKET DATA
2026-08-31,Bulawayo,Tobacco,2634.7,3261.0,2947.8,110.7,390.9,-280.2,Agricultural Marketing Authority (AMA),SYNTHETIC / SIMULATED DEVELOPMENT MARKET DATA
2026-08-31,Bulawayo,Wheat,427.2,557.2,492.2,116.8,243.4,-126.6,Agricultural Marketing Authority (AMA),SYNTHETIC / SIMULATED DEVELOPMENT MARKET DATA
2026-08-31,Bulawayo,Soybean,551.2,692.3,621.8,547.1,581.8,-34.7,Agricultural Marketing Authority (AMA),SYNTHETIC / SIMULATED DEVELOPMENT MARKET DATA
2026-08-31,Bulawayo,Cotton,813.8,953.6,883.7,166.0,442.4,-276.4,Agricultural Marketing Authority (AMA),SYNTHETIC / SIMULATED DEVELOPMENT MARKET DATA
2026-08-31,Bulawayo,Groundnuts,481.0,633.1,557.0,239.4,161.8,77.6,Agricultural Marketing Authority (AMA),SYNTHETIC / SIMULATED DEVELOPMENT MARKET DATA
2026-08-31,Bulawayo,Sorghum,250.5,351.8,301.1,502.4,292.2,210.2,Agricultural Marketing Authority (AMA),SYNTHETIC / SIMULATED DEVELOPMENT MARKET DATA
2026-08-31,Bulawayo,Sunflower,379.3,516.8,448.0,219.5,695.8,-476.3,Agricultural Marketing Authority (AMA),SYNTHETIC / SIMULATED DEVELOPMENT MARKET DATA
2026-08-31,Bulawayo,SweetPotato,185.6,299.3,242.4,304.9,588.2,-283.3,Agricultural Marketing Authority (AMA),SYNTHETIC / SIMULATED DEVELOPMENT MARKET DATA
2026-08-31,Bulawayo,Cassava,160.2,260.8,210.5,648.1,420.1,228.0,Agricultural Marketing Authority (AMA),SYNTHETIC / SIMULATED DEVELOPMENT MARKET DATA
2026-08-31,Mutare,Maize,314.3,406.0,360.1,349.6,517.9,-168.3,Agricultural Marketing Authority (AMA),SYNTHETIC / SIMULATED DEVELOPMENT MARKET DATA
2026-08-31,Mutare,Tobacco,2699.1,3439.9,3069.5,799.6,317.3,482.3,Agricultural Marketing Authority (AMA),SYNTHETIC / SIMULATED DEVELOPMENT MARKET DATA
2026-08-31,Mutare,Wheat,430.4,551.2,490.8,374.7,82.4,292.3,Agricultural Marketing Authority (AMA),SYNTHETIC / SIMULATED DEVELOPMENT MARKET DATA
2026-08-31,Mutare,Soybean,590.0,747.7,668.9,525.1,191.4,333.7,Agricultural Marketing Authority (AMA),SYNTHETIC / SIMULATED DEVELOPMENT MARKET DATA
2026-08-31,Mutare,Cotton,845.7,967.4,906.5,631.5,399.7,231.8,Agricultural Marketing Authority (AMA),SYNTHETIC / SIMULATED DEVELOPMENT MARKET DATA
2026-08-31,Mutare,Groundnuts,483.1,649.1,566.1,295.0,695.1,-400.1,Agricultural Marketing Authority (AMA),SYNTHETIC / SIMULATED DEVELOPMENT MARKET DATA
2026-08-31,Mutare,Sorghum,264.4,368.7,316.5,306.7,116.3,190.4,Agricultural Marketing Authority (AMA),SYNTHETIC / SIMULATED DEVELOPMENT MARKET DATA
2026-08-31,Mutare,Sunflower,387.2,469.6,428.4,218.1,110.7,107.4,Agricultural Marketing Authority (AMA),SYNTHETIC / SIMULATED DEVELOPMENT MARKET DATA
2026-08-31,Mutare,SweetPotato,180.2,299.3,239.8,520.2,625.4,-105.2,Agricultural Marketing Authority (AMA),SYNTHETIC / SIMULATED DEVELOPMENT MARKET DATA
2026-08-31,Mutare,Cassava,160.8,254.4,207.6,261.2,723.4,-462.2,Agricultural Marketing Authority (AMA),SYNTHETIC / SIMULATED DEVELOPMENT MARKET DATA
2026-09-01,Harare,Maize,315.4,440.4,377.9,752.1,731.9,20.2,Agricultural Marketing Authority (AMA),SYNTHETIC / SIMULATED DEVELOPMENT MARKET DATA
2026-09-01,Harare,Tobacco,2575.6,3333.1,2954.3,549.7,317.7,232.0,Agricultural Marketing Authority (AMA),SYNTHETIC / SIMULATED DEVELOPMENT MARKET DATA
2026-09-01,Harare,Wheat,424.1,560.8,492.4,286.2,644.8,-358.6,Agricultural Marketing Authority (AMA),SYNTHETIC / SIMULATED DEVELOPMENT MARKET DATA
2026-09-01,Harare,Soybean,564.9,742.0,653.5,467.2,208.0,259.2,Agricultural Marketing Authority (AMA),SYNTHETIC / SIMULATED DEVELOPMENT MARKET DATA
2026-09-01,Harare,Cotton,829.1,976.7,902.9,548.4,630.2,-81.8,Agricultural Marketing Authority (AMA),SYNTHETIC / SIMULATED DEVELOPMENT MARKET DATA
2026-09-01,Harare,Groundnuts,476.5,638.6,557.5,272.1,165.8,106.3,Agricultural Marketing Authority (AMA),SYNTHETIC / SIMULATED DEVELOPMENT MARKET DATA
2026-09-01,Harare,Sorghum,244.6,349.5,297.1,668.5,302.9,365.6,Agricultural Marketing Authority (AMA),SYNTHETIC / SIMULATED DEVELOPMENT MARKET DATA
2026-09-01,Harare,Sunflower,400.1,499.7,449.9,756.1,422.5,333.6,Agricultural Marketing Authority (AMA),SYNTHETIC / SIMULATED DEVELOPMENT MARKET DATA
2026-09-01,Harare,SweetPotato,177.4,310.1,243.8,509.2,640.3,-131.1,Agricultural Marketing Authority (AMA),SYNTHETIC / SIMULATED DEVELOPMENT MARKET DATA
2026-09-01,Harare,Cassava,161.8,262.7,212.2,248.0,407.1,-159.1,Agricultural Marketing Authority (AMA),SYNTHETIC / SIMULATED DEVELOPMENT MARKET DATA
2026-09-01,Bulawayo,Maize,330.5,430.6,380.6,438.3,273.6,164.7,Agricultural Marketing Authority (AMA),SYNTHETIC / SIMULATED DEVELOPMENT MARKET DATA
2026-09-01,Bulawayo,Tobacco,2482.5,3428.8,2955.7,497.6,543.5,-45.9,Agricultural Marketing Authority (AMA),SYNTHETIC / SIMULATED DEVELOPMENT MARKET DATA
2026-09-01,Bulawayo,Wheat,405.7,543.3,474.5,276.0,558.6,-282.6,Agricultural Marketing Authority (AMA),SYNTHETIC / SIMULATED DEVELOPMENT MARKET DATA
2026-09-01,Bulawayo,Soybean,606.9,756.5,681.7,349.6,433.7,-84.1,Agricultural Marketing Authority (AMA),SYNTHETIC / SIMULATED DEVELOPMENT MARKET DATA
2026-09-01,Bulawayo,Cotton,828.2,951.3,889.8,740.7,435.1,305.6,Agricultural Marketing Authority (AMA),SYNTHETIC / SIMULATED DEVELOPMENT MARKET DATA
2026-09-01,Bulawayo,Groundnuts,463.9,658.0,561.0,628.0,400.8,227.2,Agricultural Marketing Authority (AMA),SYNTHETIC / SIMULATED DEVELOPMENT MARKET DATA
2026-09-01,Bulawayo,Sorghum,251.9,345.7,298.8,383.4,713.6,-330.2,Agricultural Marketing Authority (AMA),SYNTHETIC / SIMULATED DEVELOPMENT MARKET DATA
2026-09-01,Bulawayo,Sunflower,372.5,493.7,433.1,364.9,118.9,246.0,Agricultural Marketing Authority (AMA),SYNTHETIC / SIMULATED DEVELOPMENT MARKET DATA
2026-09-01,Bulawayo,SweetPotato,177.1,328.5,252.8,429.0,149.4,279.6,Agricultural Marketing Authority (AMA),SYNTHETIC / SIMULATED DEVELOPMENT MARKET DATA
2026-09-01,Bulawayo,Cassava,162.3,260.2,211.2,101.1,372.4,-271.3,Agricultural Marketing Authority (AMA),SYNTHETIC / SIMULATED DEVELOPMENT MARKET DATA
2026-09-01,Mutare,Maize,310.6,411.7,361.1,207.7,642.9,-435.2,Agricultural Marketing Authority (AMA),SYNTHETIC / SIMULATED DEVELOPMENT MARKET DATA
2026-09-01,Mutare,Tobacco,2664.7,3493.3,3079.0,760.9,498.9,262.0,Agricultural Marketing Authority (AMA),SYNTHETIC / SIMULATED DEVELOPMENT MARKET DATA
2026-09-01,Mutare,Wheat,428.8,540.3,484.5,272.9,324.6,-51.7,Agricultural Marketing Authority (AMA),SYNTHETIC / SIMULATED DEVELOPMENT MARKET DATA
2026-09-01,Mutare,Soybean,572.3,757.0,664.6,525.4,554.7,-29.3,Agricultural Marketing Authority (AMA),SYNTHETIC / SIMULATED DEVELOPMENT MARKET DATA
2026-09-01,Mutare,Cotton,774.3,983.4,878.8,192.7,695.1,-502.4,Agricultural Marketing Authority (AMA),SYNTHETIC / SIMULATED DEVELOPMENT MARKET DATA
2026-09-01,Mutare,Groundnuts,469.6,627.5,548.5,491.2,114.4,376.8,Agricultural Marketing Authority (AMA),SYNTHETIC / SIMULATED DEVELOPMENT MARKET DATA
2026-09-01,Mutare,Sorghum,248.3,355.7,302.0,237.4,394.8,-157.4,Agricultural Marketing Authority (AMA),SYNTHETIC / SIMULATED DEVELOPMENT MARKET DATA
2026-09-01,Mutare,Sunflower,389.0,495.4,442.2,283.1,513.8,-230.7,Agricultural Marketing Authority (AMA),SYNTHETIC / SIMULATED DEVELOPMENT MARKET DATA
2026-09-01,Mutare,SweetPotato,184.5,313.5,249.0,441.2,673.9,-232.7,Agricultural Marketing Authority (AMA),SYNTHETIC / SIMULATED DEVELOPMENT MARKET DATA
2026-09-01,Mutare,Cassava,165.0,272.2,218.6,762.8,234.1,528.7,Agricultural Marketing Authority (AMA),SYNTHETIC / SIMULATED DEVELOPMENT MARKET DATA
2026-09-02,Harare,Maize,318.9,418.8,368.9,769.4,591.1,178.3,Agricultural Marketing Authority (AMA),SYNTHETIC / SIMULATED DEVELOPMENT MARKET DATA
2026-09-02,Harare,Tobacco,2533.8,3507.5,3020.7,195.0,547.8,-352.8,Agricultural Marketing Authority (AMA),SYNTHETIC / SIMULATED DEVELOPMENT MARKET DATA
2026-09-02,Harare,Wheat,422.1,536.2,479.2,557.4,737.7,-180.3,Agricultural Marketing Authority (AMA),SYNTHETIC / SIMULATED DEVELOPMENT MARKET DATA
2026-09-02,Harare,Soybean,588.9,778.2,683.5,491.2,393.6,97.6,Agricultural Marketing Authority (AMA),SYNTHETIC / SIMULATED DEVELOPMENT MARKET DATA
2026-09-02,Harare,Cotton,803.1,1025.8,914.5,121.1,136.3,-15.2,Agricultural Marketing Authority (AMA),SYNTHETIC / SIMULATED DEVELOPMENT MARKET DATA
2026-09-02,Harare,Groundnuts,465.7,602.8,534.2,685.0,284.1,400.9,Agricultural Marketing Authority (AMA),SYNTHETIC / SIMULATED DEVELOPMENT MARKET DATA
2026-09-02,Harare,Sorghum,255.9,358.8,307.4,442.6,530.2,-87.6,Agricultural Marketing Authority (AMA),SYNTHETIC / SIMULATED DEVELOPMENT MARKET DATA
2026-09-02,Harare,Sunflower,367.3,466.1,416.7,125.9,589.8,-463.9,Agricultural Marketing Authority (AMA),SYNTHETIC / SIMULATED DEVELOPMENT MARKET DATA
2026-09-02,Harare,SweetPotato,181.5,309.2,245.3,788.1,387.4,400.7,Agricultural Marketing Authority (AMA),SYNTHETIC / SIMULATED DEVELOPMENT MARKET DATA
2026-09-02,Harare,Cassava,163.8,262.8,213.3,676.0,340.9,335.1,Agricultural Marketing Authority (AMA),SYNTHETIC / SIMULATED DEVELOPMENT MARKET DATA
2026-09-02,Bulawayo,Maize,328.0,407.3,367.6,762.1,236.1,526.0,Agricultural Marketing Authority (AMA),SYNTHETIC / SIMULATED DEVELOPMENT MARKET DATA
2026-09-02,Bulawayo,Tobacco,2498.2,3517.4,3007.8,121.9,214.4,-92.5,Agricultural Marketing Authority (AMA),SYNTHETIC / SIMULATED DEVELOPMENT MARKET DATA
2026-09-02,Bulawayo,Wheat,419.0,536.9,477.9,429.1,688.7,-259.6,Agricultural Marketing Authority (AMA),SYNTHETIC / SIMULATED DEVELOPMENT MARKET DATA
2026-09-02,Bulawayo,Soybean,549.3,778.3,663.8,610.5,144.7,465.8,Agricultural Marketing Authority (AMA),SYNTHETIC / SIMULATED DEVELOPMENT MARKET DATA
2026-09-02,Bulawayo,Cotton,845.6,998.6,922.1,114.1,622.9,-508.8,Agricultural Marketing Authority (AMA),SYNTHETIC / SIMULATED DEVELOPMENT MARKET DATA
2026-09-02,Bulawayo,Groundnuts,475.4,599.0,537.2,718.6,367.6,351.0,Agricultural Marketing Authority (AMA),SYNTHETIC / SIMULATED DEVELOPMENT MARKET DATA
2026-09-02,Bulawayo,Sorghum,239.9,342.6,291.2,122.2,653.2,-531.0,Agricultural Marketing Authority (AMA),SYNTHETIC / SIMULATED DEVELOPMENT MARKET DATA
2026-09-02,Bulawayo,Sunflower,397.5,476.0,436.8,728.5,416.9,311.6,Agricultural Marketing Authority (AMA),SYNTHETIC / SIMULATED DEVELOPMENT MARKET DATA
2026-09-02,Bulawayo,SweetPotato,181.6,300.1,240.9,417.7,125.8,291.9,Agricultural Marketing Authority (AMA),SYNTHETIC / SIMULATED DEVELOPMENT MARKET DATA
2026-09-02,Bulawayo,Cassava,157.7,241.1,199.4,503.3,147.6,355.7,Agricultural Marketing Authority (AMA),SYNTHETIC / SIMULATED DEVELOPMENT MARKET DATA
2026-09-02,Mutare,Maize,315.4,432.7,374.0,262.1,245.7,16.4,Agricultural Marketing Authority (AMA),SYNTHETIC / SIMULATED DEVELOPMENT MARKET DATA
2026-09-02,Mutare,Tobacco,2603.2,3348.9,2976.1,284.6,655.5,-370.9,Agricultural Marketing Authority (AMA),SYNTHETIC / SIMULATED DEVELOPMENT MARKET DATA
2026-09-02,Mutare,Wheat,405.1,547.6,476.4,599.7,381.0,218.7,Agricultural Marketing Authority (AMA),SYNTHETIC / SIMULATED DEVELOPMENT MARKET DATA
2026-09-02,Mutare,Soybean,615.3,722.2,668.8,369.5,622.2,-252.7,Agricultural Marketing Authority (AMA),SYNTHETIC / SIMULATED DEVELOPMENT MARKET DATA
2026-09-02,Mutare,Cotton,789.6,945.1,867.4,146.7,729.1,-582.4,Agricultural Marketing Authority (AMA),SYNTHETIC / SIMULATED DEVELOPMENT MARKET DATA
2026-09-02,Mutare,Groundnuts,490.4,599.2,544.8,182.4,649.2,-466.8,Agricultural Marketing Authority (AMA),SYNTHETIC / SIMULATED DEVELOPMENT MARKET DATA
2026-09-02,Mutare,Sorghum,250.5,344.9,297.7,693.5,421.0,272.5,Agricultural Marketing Authority (AMA),SYNTHETIC / SIMULATED DEVELOPMENT MARKET DATA
2026-09-02,Mutare,Sunflower,385.8,485.4,435.6,504.2,531.4,-27.2,Agricultural Marketing Authority (AMA),SYNTHETIC / SIMULATED DEVELOPMENT MARKET DATA
2026-09-02,Mutare,SweetPotato,190.2,317.5,253.8,118.1,435.0,-316.9,Agricultural Marketing Authority (AMA),SYNTHETIC / SIMULATED DEVELOPMENT MARKET DATA
2026-09-02,Mutare,Cassava,166.0,267.1,216.6,574.2,455.4,118.8,Agricultural Marketing Authority (AMA),SYNTHETIC / SIMULATED DEVELOPMENT MARKET DATA
2026-09-03,Harare,Maize,315.3,430.4,372.9,425.6,232.0,193.6,Agricultural Marketing Authority (AMA),SYNTHETIC / SIMULATED DEVELOPMENT MARKET DATA
2026-09-03,Harare,Tobacco,2582.9,3320.8,2951.9,419.0,358.9,60.1,Agricultural Marketing Authority (AMA),SYNTHETIC / SIMULATED DEVELOPMENT MARKET DATA
2026-09-03,Harare,Wheat,427.9,550.0,488.9,495.8,730.5,-234.7,Agricultural Marketing Authority (AMA),SYNTHETIC / SIMULATED DEVELOPMENT MARKET DATA
2026-09-03,Harare,Soybean,612.0,755.7,683.9,404.6,496.9,-92.3,Agricultural Marketing Authority (AMA),SYNTHETIC / SIMULATED DEVELOPMENT MARKET DATA
2026-09-03,Harare,Cotton,799.0,1017.0,908.0,745.4,144.0,601.4,Agricultural Marketing Authority (AMA),SYNTHETIC / SIMULATED DEVELOPMENT MARKET DATA
2026-09-03,Harare,Groundnuts,480.0,618.7,549.4,141.4,571.9,-430.5,Agricultural Marketing Authority (AMA),SYNTHETIC / SIMULATED DEVELOPMENT MARKET DATA
2026-09-03,Harare,Sorghum,257.9,362.6,310.2,387.2,179.8,207.4,Agricultural Marketing Authority (AMA),SYNTHETIC / SIMULATED DEVELOPMENT MARKET DATA
2026-09-03,Harare,Sunflower,385.6,442.8,414.2,135.6,363.3,-227.7,Agricultural Marketing Authority (AMA),SYNTHETIC / SIMULATED DEVELOPMENT MARKET DATA
2026-09-03,Harare,SweetPotato,181.5,309.5,245.5,638.1,486.9,151.2,Agricultural Marketing Authority (AMA),SYNTHETIC / SIMULATED DEVELOPMENT MARKET DATA
2026-09-03,Harare,Cassava,162.7,266.7,214.7,618.4,198.2,420.2,Agricultural Marketing Authority (AMA),SYNTHETIC / SIMULATED DEVELOPMENT MARKET DATA
2026-09-03,Bulawayo,Maize,306.9,413.0,359.9,331.1,610.7,-279.6,Agricultural Marketing Authority (AMA),SYNTHETIC / SIMULATED DEVELOPMENT MARKET DATA
2026-09-03,Bulawayo,Tobacco,2700.6,3590.6,3145.6,619.8,253.3,366.5,Agricultural Marketing Authority (AMA),SYNTHETIC / SIMULATED DEVELOPMENT MARKET DATA
2026-09-03,Bulawayo,Wheat,407.7,530.1,468.9,676.0,481.5,194.5,Agricultural Marketing Authority (AMA),SYNTHETIC / SIMULATED DEVELOPMENT MARKET DATA
2026-09-03,Bulawayo,Soybean,593.4,736.8,665.1,657.9,510.2,147.7,Agricultural Marketing Authority (AMA),SYNTHETIC / SIMULATED DEVELOPMENT MARKET DATA
2026-09-03,Bulawayo,Cotton,769.8,954.4,862.1,668.7,353.3,315.4,Agricultural Marketing Authority (AMA),SYNTHETIC / SIMULATED DEVELOPMENT MARKET DATA
2026-09-03,Bulawayo,Groundnuts,485.7,605.4,545.5,293.1,571.0,-277.9,Agricultural Marketing Authority (AMA),SYNTHETIC / SIMULATED DEVELOPMENT MARKET DATA
2026-09-03,Bulawayo,Sorghum,239.2,377.3,308.2,423.0,455.4,-32.4,Agricultural Marketing Authority (AMA),SYNTHETIC / SIMULATED DEVELOPMENT MARKET DATA
2026-09-03,Bulawayo,Sunflower,396.8,487.0,441.9,608.9,719.7,-110.8,Agricultural Marketing Authority (AMA),SYNTHETIC / SIMULATED DEVELOPMENT MARKET DATA
2026-09-03,Bulawayo,SweetPotato,178.0,310.3,244.2,141.9,549.6,-407.7,Agricultural Marketing Authority (AMA),SYNTHETIC / SIMULATED DEVELOPMENT MARKET DATA
2026-09-03,Bulawayo,Cassava,162.4,269.6,216.0,587.1,317.6,269.5,Agricultural Marketing Authority (AMA),SYNTHETIC / SIMULATED DEVELOPMENT MARKET DATA
2026-09-03,Mutare,Maize,319.3,415.9,367.6,401.1,620.4,-219.3,Agricultural Marketing Authority (AMA),SYNTHETIC / SIMULATED DEVELOPMENT MARKET DATA
2026-09-03,Mutare,Tobacco,2503.5,3432.8,2968.2,236.5,348.9,-112.4,Agricultural Marketing Authority (AMA),SYNTHETIC / SIMULATED DEVELOPMENT MARKET DATA
2026-09-03,Mutare,Wheat,420.7,532.3,476.5,302.6,230.3,72.3,Agricultural Marketing Authority (AMA),SYNTHETIC / SIMULATED DEVELOPMENT MARKET DATA
2026-09-03,Mutare,Soybean,586.1,751.0,668.5,747.3,314.6,432.7,Agricultural Marketing Authority (AMA),SYNTHETIC / SIMULATED DEVELOPMENT MARKET DATA
2026-09-03,Mutare,Cotton,808.0,977.1,892.5,305.5,214.7,90.8,Agricultural Marketing Authority (AMA),SYNTHETIC / SIMULATED DEVELOPMENT MARKET DATA
2026-09-03,Mutare,Groundnuts,497.7,636.5,567.1,692.7,391.4,301.3,Agricultural Marketing Authority (AMA),SYNTHETIC / SIMULATED DEVELOPMENT MARKET DATA
2026-09-03,Mutare,Sorghum,257.8,375.0,316.4,100.4,154.0,-53.6,Agricultural Marketing Authority (AMA),SYNTHETIC / SIMULATED DEVELOPMENT MARKET DATA
2026-09-03,Mutare,Sunflower,386.9,503.3,445.1,795.0,572.4,222.6,Agricultural Marketing Authority (AMA),SYNTHETIC / SIMULATED DEVELOPMENT MARKET DATA
2026-09-03,Mutare,SweetPotato,174.3,312.0,243.2,249.1,721.5,-472.4,Agricultural Marketing Authority (AMA),SYNTHETIC / SIMULATED DEVELOPMENT MARKET DATA
2026-09-03,Mutare,Cassava,169.7,260.9,215.3,632.8,199.6,433.2,Agricultural Marketing Authority (AMA),SYNTHETIC / SIMULATED DEVELOPMENT MARKET DATA
2026-09-04,Harare,Maize,318.1,413.0,365.6,604.5,694.2,-89.7,Agricultural Marketing Authority (AMA),SYNTHETIC / SIMULATED DEVELOPMENT MARKET DATA
2026-09-04,Harare,Tobacco,2579.5,3335.2,2957.3,483.4,147.5,335.9,Agricultural Marketing Authority (AMA),SYNTHETIC / SIMULATED DEVELOPMENT MARKET DATA
2026-09-04,Harare,Wheat,430.8,531.0,480.9,378.3,705.1,-326.8,Agricultural Marketing Authority (AMA),SYNTHETIC / SIMULATED DEVELOPMENT MARKET DATA
2026-09-04,Harare,Soybean,597.8,790.6,694.2,124.3,574.6,-450.3,Agricultural Marketing Authority (AMA),SYNTHETIC / SIMULATED DEVELOPMENT MARKET DATA
2026-09-04,Harare,Cotton,777.6,1046.7,912.2,377.4,739.3,-361.9,Agricultural Marketing Authority (AMA),SYNTHETIC / SIMULATED DEVELOPMENT MARKET DATA
2026-09-04,Harare,Groundnuts,480.6,626.9,553.8,457.2,747.1,-289.9,Agricultural Marketing Authority (AMA),SYNTHETIC / SIMULATED DEVELOPMENT MARKET DATA
2026-09-04,Harare,Sorghum,248.8,372.3,310.6,334.8,116.3,218.5,Agricultural Marketing Authority (AMA),SYNTHETIC / SIMULATED DEVELOPMENT MARKET DATA
2026-09-04,Harare,Sunflower,375.8,516.1,446.0,792.2,423.3,368.9,Agricultural Marketing Authority (AMA),SYNTHETIC / SIMULATED DEVELOPMENT MARKET DATA
2026-09-04,Harare,SweetPotato,181.6,309.7,245.6,242.9,495.6,-252.7,Agricultural Marketing Authority (AMA),SYNTHETIC / SIMULATED DEVELOPMENT MARKET DATA
2026-09-04,Harare,Cassava,151.9,270.8,211.4,324.2,613.0,-288.8,Agricultural Marketing Authority (AMA),SYNTHETIC / SIMULATED DEVELOPMENT MARKET DATA
2026-09-04,Bulawayo,Maize,311.6,435.0,373.3,229.3,689.9,-460.6,Agricultural Marketing Authority (AMA),SYNTHETIC / SIMULATED DEVELOPMENT MARKET DATA
2026-09-04,Bulawayo,Tobacco,2601.5,3424.9,3013.2,536.7,743.8,-207.1,Agricultural Marketing Authority (AMA),SYNTHETIC / SIMULATED DEVELOPMENT MARKET DATA
2026-09-04,Bulawayo,Wheat,423.7,572.1,497.9,208.3,596.4,-388.1,Agricultural Marketing Authority (AMA),SYNTHETIC / SIMULATED DEVELOPMENT MARKET DATA
2026-09-04,Bulawayo,Soybean,610.0,764.1,687.0,402.4,374.2,28.2,Agricultural Marketing Authority (AMA),SYNTHETIC / SIMULATED DEVELOPMENT MARKET DATA
2026-09-04,Bulawayo,Cotton,782.4,994.5,888.5,559.2,297.3,261.9,Agricultural Marketing Authority (AMA),SYNTHETIC / SIMULATED DEVELOPMENT MARKET DATA
2026-09-04,Bulawayo,Groundnuts,479.2,608.4,543.8,209.7,731.0,-521.3,Agricultural Marketing Authority (AMA),SYNTHETIC / SIMULATED DEVELOPMENT MARKET DATA
2026-09-04,Bulawayo,Sorghum,261.3,374.1,317.7,784.5,266.0,518.5,Agricultural Marketing Authority (AMA),SYNTHETIC / SIMULATED DEVELOPMENT MARKET DATA
2026-09-04,Bulawayo,Sunflower,371.0,509.7,440.4,761.5,415.4,346.1,Agricultural Marketing Authority (AMA),SYNTHETIC / SIMULATED DEVELOPMENT MARKET DATA
2026-09-04,Bulawayo,SweetPotato,178.1,311.5,244.8,485.1,88.1,397.0,Agricultural Marketing Authority (AMA),SYNTHETIC / SIMULATED DEVELOPMENT MARKET DATA
2026-09-04,Bulawayo,Cassava,158.3,259.0,208.7,783.2,427.9,355.3,Agricultural Marketing Authority (AMA),SYNTHETIC / SIMULATED DEVELOPMENT MARKET DATA
2026-09-04,Mutare,Maize,330.1,416.0,373.1,230.8,229.8,1.0,Agricultural Marketing Authority (AMA),SYNTHETIC / SIMULATED DEVELOPMENT MARKET DATA
2026-09-04,Mutare,Tobacco,2613.6,3291.0,2952.3,490.5,706.7,-216.2,Agricultural Marketing Authority (AMA),SYNTHETIC / SIMULATED DEVELOPMENT MARKET DATA
2026-09-04,Mutare,Wheat,412.9,526.9,469.9,349.8,637.5,-287.7,Agricultural Marketing Authority (AMA),SYNTHETIC / SIMULATED DEVELOPMENT MARKET DATA
2026-09-04,Mutare,Soybean,585.6,758.1,671.9,183.4,375.1,-191.7,Agricultural Marketing Authority (AMA),SYNTHETIC / SIMULATED DEVELOPMENT MARKET DATA
2026-09-04,Mutare,Cotton,822.2,978.8,900.5,355.8,413.5,-57.7,Agricultural Marketing Authority (AMA),SYNTHETIC / SIMULATED DEVELOPMENT MARKET DATA
2026-09-04,Mutare,Groundnuts,456.3,655.2,555.8,536.0,330.2,205.8,Agricultural Marketing Authority (AMA),SYNTHETIC / SIMULATED DEVELOPMENT MARKET DATA
2026-09-04,Mutare,Sorghum,241.5,354.9,298.2,722.6,258.8,463.8,Agricultural Marketing Authority (AMA),SYNTHETIC / SIMULATED DEVELOPMENT MARKET DATA
2026-09-04,Mutare,Sunflower,396.4,503.9,450.1,340.6,531.3,-190.7,Agricultural Marketing Authority (AMA),SYNTHETIC / SIMULATED DEVELOPMENT MARKET DATA
2026-09-04,Mutare,SweetPotato,170.9,301.0,235.9,589.1,474.8,114.3,Agricultural Marketing Authority (AMA),SYNTHETIC / SIMULATED DEVELOPMENT MARKET DATA
2026-09-04,Mutare,Cassava,153.8,245.0,199.4,322.6,346.1,-23.5,Agricultural Marketing Authority (AMA),SYNTHETIC / SIMULATED DEVELOPMENT MARKET DATA
