Record_ID,Water_Level_Percent,Soil_Type,Region,Natural_Region,Climate,Soil_pH_Level,Crop_Type,Expected_Yield_t_per_ha,Season,Suitability_Score,Suitability_Label
1,77.22734131308579,Sandy Soil,Manicaland,III,Semi-Arid,4.736723608509623,Onions,16.43,Winter,39.65,Low Suitability
2,61.432173673216774,Clay Loam,Midlands,IV,Temperate Highland,6.7833439515717115,Sugar Beans,1.62,Cool Dry Season,62.95,Moderately Suitable
3,52.534526189223016,Sandy Loam,Matabeleland North,III,Humid Subtropical,6.858837725980455,Cowpeas,1.09,Cool Dry Season,69.99,Suitable
4,59.431738311879606,Red Clay,Midlands,III,Semi-Arid,5.935899837133828,Tobacco,1.83,Winter,56.93,Moderately Suitable
5,59.716604786999994,Clay Soil,Matabeleland North,III,Temperate Highland,5.815817953196348,Carrots,17.0,Hot Dry Season,58.17,Moderately Suitable
6,54.28174419601389,Clay Loam,Masvingo,III,Dry Tropical,6.6879445908685256,Cowpeas,1.23,Cool Dry Season,80.87,Highly Suitable
7,52.84295175747717,Silty Loam,Midlands,IV,Temperate Highland,6.853571583461143,Dry Beans,1.42,Dry Season,56.75,Moderately Suitable
8,46.05697434187634,Silty Loam,Masvingo,III,Dry Tropical,5.9602465877320245,Watermelon,19.81,Hot Dry Season,51.61,Moderately Suitable
9,100.0,Clay Loam,Manicaland,I,Semi-Arid,4.9378476712881465,Pearl Millet,1.76,Hot Dry Season,77.6,Suitable
10,27.466574060770313,Sandy Soil,Matabeleland South,V,Dry Tropical,5.853236155501575,Wheat,3.69,Dry Season,47.11,Low Suitability
11,84.46308967269893,Sandy Loam,Harare,IIb,Temperate Highland,6.306819302052924,Maize,3.54,Rainy Season,69.26,Suitable
12,55.93807808824635,Clay Soil,Matabeleland North,IV,Semi-Arid,5.703555544200012,Macadamia Nuts,1.6,Cool Dry Season,47.67,Low Suitability
13,50.16242354345994,Sandy Soil,Midlands,IV,Dry Tropical,6.560559994179432,Cabbage,23.01,Rainy Season,50.98,Moderately Suitable
14,56.064652358545615,Loam,Mashonaland Central,IIb,Dry Tropical,5.114665645682685,Sorghum,1.73,Hot Dry Season,58.76,Moderately Suitable
15,81.88996787121886,Clay Soil,Mashonaland West,III,Semi-Arid,5.932802021703931,Sugar Beans,1.35,Dry Season,71.73,Suitable
16,75.92400578694614,Clay Loam,Midlands,III,Semi-Arid,4.904509682605738,Tobacco,1.79,Winter,55.73,Moderately Suitable
17,58.116594782170566,Silty Loam,Matabeleland North,III,Humid Subtropical,6.374507158516028,Cowpeas,1.37,Hot Dry Season,82.64,Highly Suitable
18,87.85995689163295,Clay Loam,Manicaland,IIa,Dry Tropical,7.219390681430328,Tomatoes,28.63,Cool Dry Season,67.19,Suitable
19,52.954512761728175,Clay Soil,Midlands,III,Dry Tropical,5.907642647633174,Soybeans,1.93,Rainy Season,41.19,Low Suitability
20,89.07568001685254,Red Clay,Mashonaland East,IIa,Semi-Arid,6.828594925920786,Cotton,2.4,Cool Dry Season,98.11,Highly Suitable
21,68.48024901046986,Clay Soil,Mashonaland West,III,Semi-Arid,5.590294178517256,Soybeans,1.66,Cool Dry Season,41.1,Low Suitability
22,82.93774711849706,Silty Loam,Mashonaland East,IIa,Humid Subtropical,5.423259685380641,Sunflower,1.41,Winter,69.52,Suitable
23,86.69356877914751,Clay Soil,Mashonaland Central,IIa,Dry Tropical,6.9370546332672935,Pearl Millet,1.57,Hot Dry Season,85.55,Highly Suitable
24,74.32197317008298,Sandy Soil,Mashonaland East,IIa,Semi-Arid,6.828866902802259,Cotton,1.84,Dry Season,69.43,Suitable
25,41.48775995941793,Sandy Soil,Matabeleland South,IV,Temperate Highland,6.534554151111561,Tomatoes,22.28,Dry Season,53.85,Moderately Suitable
26,80.07989097645469,Red Clay,Harare,IIb,Humid Subtropical,6.1110212554175884,Cotton,1.97,Hot Dry Season,78.12,Suitable
27,70.57383370000097,Clay Soil,Manicaland,III,Semi-Arid,7.351816993996994,Groundnuts,1.19,Dry Season,67.26,Suitable
28,82.66625022732619,Clay Loam,Harare,IIa,Humid Subtropical,5.91260950914801,Maize,3.21,Winter,65.99,Suitable
29,84.93341573263908,Silty Loam,Mashonaland East,IIa,Subtropical Highland,6.077417826106616,Macadamia Nuts,2.08,Winter,62.52,Moderately Suitable
30,84.36666077490847,Clay Soil,Mashonaland East,IIa,Temperate Highland,5.567577297280347,Maize,3.01,Rainy Season,47.44,Low Suitability
31,32.39820940372743,Silty Loam,Masvingo,V,Humid Subtropical,5.836872924999816,Maize,3.78,Hot Dry Season,48.6,Low Suitability
32,40.95274604828086,Red Clay,Matabeleland North,IV,Semi-Arid,6.032105887339625,Finger Millet,1.53,Dry Season,57.99,Moderately Suitable
33,97.72716248794097,Clay Loam,Masvingo,III,Dry Tropical,7.607633458461253,Carrots,16.12,Cool Dry Season,68.59,Suitable
34,93.67609707154703,Silty Loam,Mashonaland West,IIb,Temperate Highland,5.6531871216922935,Tomatoes,20.64,Rainy Season,63.16,Moderately Suitable
35,100.0,Clay Soil,Mashonaland West,IIb,Temperate Highland,5.802920429475445,Watermelon,23.62,Winter,76.03,Suitable
36,61.2635064434376,Sandy Soil,Harare,IIb,Semi-Arid,5.377410816159021,Pearl Millet,2.27,Dry Season,80.64,Highly Suitable
37,87.47306937727271,Clay Soil,Masvingo,III,Subtropical Highland,5.459857191178822,Cowpeas,1.27,Rainy Season,83.44,Highly Suitable
38,32.12635449119024,Sandy Loam,Matabeleland South,IV,Semi-Arid,6.021369692019001,Cotton,1.56,Rainy Season,48.33,Low Suitability
39,67.02058125969006,Clay Soil,Masvingo,III,Semi-Arid,6.463817306299402,Dry Beans,1.37,Hot Dry Season,65.28,Suitable
40,68.58309022244218,Clay Loam,Masvingo,V,Semi-Arid,7.769876231697946,Potatoes,15.63,Rainy Season,44.92,Low Suitability
41,70.53865086421557,Loam,Mashonaland East,IIa,Temperate Highland,7.093357214816649,Maize,3.64,Cool Dry Season,52.69,Moderately Suitable
42,50.56440110261178,Silty Loam,Midlands,III,Temperate Highland,5.846356394412538,Pumpkin,10.88,Winter,62.9,Moderately Suitable
43,33.98331265733209,Clay Loam,Matabeleland South,V,Temperate Highland,7.3036189797448685,Carrots,13.75,Cool Dry Season,34.42,Not Suitable
44,27.162616827778425,Sandy Loam,Midlands,IV,Humid Subtropical,6.445996612785582,Pearl Millet,1.39,Rainy Season,69.0,Suitable
45,51.31231936084866,Loam,Matabeleland North,III,Semi-Arid,5.949157870733092,Carrots,17.38,Dry Season,64.36,Moderately Suitable
46,72.6711488401813,Loam,Masvingo,IV,Semi-Arid,6.529244869053724,Watermelon,24.2,Cool Dry Season,86.94,Highly Suitable
47,34.68205289950674,Loam,Midlands,IV,Humid Subtropical,6.786762756813246,Tobacco,1.9,Hot Dry Season,46.21,Low Suitability
48,29.56347667650787,Silty Loam,Matabeleland South,IV,Semi-Arid,6.149785120326349,Tomatoes,23.5,Rainy Season,46.33,Low Suitability
49,64.82167423627482,Silty Loam,Mashonaland West,IIb,Temperate Highland,6.224586569657196,Cowpeas,1.1,Hot Dry Season,82.63,Highly Suitable
50,57.913899138917714,Sandy Loam,Matabeleland North,IV,Humid Subtropical,4.481532868551425,Soybeans,1.75,Cool Dry Season,34.47,Not Suitable
51,70.31565547251563,Sandy Soil,Harare,IIb,Subtropical Highland,6.6431797420950165,Sugar Beans,1.65,Cool Dry Season,59.12,Moderately Suitable
52,60.57892796956074,Loam,Matabeleland North,IV,Temperate Highland,7.001353666991779,Carrots,16.67,Hot Dry Season,63.16,Moderately Suitable
53,48.017207078119334,Loam,Matabeleland South,IV,Semi-Arid,6.487545398265121,Watermelon,20.49,Dry Season,68.86,Suitable
54,54.31074977522584,Silty Loam,Midlands,III,Humid Subtropical,6.351729643873395,Cotton,1.65,Cool Dry Season,66.06,Suitable
55,39.203514517213215,Silty Loam,Matabeleland South,V,Temperate Highland,7.9457398252595635,Maize,2.4,Winter,37.44,Low Suitability
56,67.02415890318684,Clay Soil,Matabeleland North,IV,Semi-Arid,4.998305344205806,Maize,2.43,Rainy Season,29.48,Not Suitable
57,88.5915643312712,Loam,Mashonaland East,IIa,Semi-Arid,5.140425587080726,Maize,3.23,Winter,38.21,Low Suitability
58,66.79713861676287,Silty Loam,Midlands,III,Humid Subtropical,6.770099814031891,Watermelon,25.64,Rainy Season,80.69,Highly Suitable
59,95.66687018042644,Sandy Loam,Mashonaland East,IIa,Temperate Highland,5.9046941208315715,Cowpeas,1.18,Hot Dry Season,90.44,Highly Suitable
60,78.14585973502811,Clay Loam,Manicaland,I,Temperate Highland,5.088360951917885,Cotton,1.43,Hot Dry Season,52.4,Moderately Suitable
61,64.15982745724031,Red Clay,Midlands,IV,Humid Subtropical,7.195764599200769,Macadamia Nuts,1.91,Hot Dry Season,42.05,Low Suitability
62,30.753025336654787,Silty Loam,Matabeleland North,IV,Semi-Arid,5.533899609699761,Wheat,4.04,Rainy Season,41.84,Low Suitability
63,36.472928790952054,Clay Soil,Matabeleland North,IV,Semi-Arid,6.556022816347402,Carrots,11.86,Rainy Season,48.01,Low Suitability
64,71.09321865323403,Clay Loam,Mashonaland West,IIa,Dry Tropical,5.709287542484334,Sunflower,1.49,Rainy Season,75.09,Suitable
65,45.54378003876307,Sandy Loam,Masvingo,IV,Subtropical Highland,5.092356637365701,Cowpeas,1.04,Winter,63.07,Moderately Suitable
66,69.53408662260183,Sandy Loam,Mashonaland West,III,Semi-Arid,7.663259420094725,Cotton,1.71,Cool Dry Season,73.88,Suitable
67,89.32991484403732,Loam,Harare,IIa,Dry Tropical,6.180602864034608,Wheat,4.08,Cool Dry Season,85.16,Highly Suitable
68,59.03722129578867,Clay Soil,Masvingo,III,Dry Tropical,5.980106310013428,Coffee,1.2,Dry Season,59.27,Moderately Suitable
69,81.30327010547876,Sandy Soil,Manicaland,IIa,Semi-Arid,6.338994237061537,Groundnuts,1.47,Hot Dry Season,91.53,Highly Suitable
70,100.0,Sandy Soil,Mashonaland West,IIb,Semi-Arid,6.367309806968956,Soybeans,2.15,Hot Dry Season,79.7,Suitable
71,54.86672884256954,Sandy Soil,Mashonaland Central,III,Dry Tropical,6.522726019218165,Paprika,2.34,Cool Dry Season,54.9,Moderately Suitable
72,37.90155253101305,Clay Loam,Masvingo,V,Humid Subtropical,5.96849520834019,Pumpkin,8.43,Dry Season,59.0,Moderately Suitable
73,100.0,Silty Loam,Harare,IIa,Dry Tropical,6.871388736478765,Dry Beans,1.25,Winter,82.99,Highly Suitable
74,70.65349552902741,Red Clay,Matabeleland North,III,Humid Subtropical,5.780320785462883,Sugar Beans,1.2,Winter,63.99,Moderately Suitable
75,75.28047958197105,Clay Soil,Midlands,III,Subtropical Highland,6.45848391967704,Coffee,0.94,Rainy Season,51.21,Moderately Suitable
76,53.459956475710726,Red Clay,Mashonaland West,III,Temperate Highland,7.201838252240175,Coffee,1.1,Cool Dry Season,31.93,Not Suitable
77,53.356974703195036,Clay Loam,Masvingo,IV,Temperate Highland,7.373538516252428,Groundnuts,1.13,Hot Dry Season,49.89,Low Suitability
78,86.28712173446458,Clay Loam,Mashonaland East,IIb,Dry Tropical,5.795921511786693,Coffee,0.79,Dry Season,61.75,Moderately Suitable
79,98.21965671441626,Sandy Loam,Manicaland,I,Temperate Highland,6.065580030912684,Pearl Millet,1.76,Winter,86.06,Highly Suitable
80,58.61465761501129,Loam,Matabeleland South,IV,Dry Tropical,6.488778453242076,Carrots,17.28,Cool Dry Season,70.02,Suitable
81,40.20414145535409,Sandy Soil,Midlands,IV,Semi-Arid,5.425802997066622,Sunflower,1.12,Winter,35.32,Low Suitability
82,75.04804139341373,Red Clay,Manicaland,IIa,Dry Tropical,6.875138423014972,Macadamia Nuts,1.64,Hot Dry Season,46.04,Low Suitability
83,13.174345627604382,Sandy Soil,Matabeleland South,V,Semi-Arid,6.149014808011697,Cabbage,18.37,Dry Season,43.72,Low Suitability
84,66.22334980577261,Red Clay,Matabeleland North,IV,Temperate Highland,6.0106119992727765,Cabbage,15.83,Hot Dry Season,56.03,Moderately Suitable
85,87.28715427419857,Silty Loam,Mashonaland East,IIb,Semi-Arid,7.697972398060996,Tomatoes,23.04,Winter,50.45,Moderately Suitable
86,81.23746958999024,Red Clay,Harare,IIb,Humid Subtropical,7.565974138109832,Dry Beans,1.12,Winter,56.0,Moderately Suitable
87,53.14157635767089,Sandy Soil,Matabeleland North,IV,Temperate Highland,4.868778455268404,Macadamia Nuts,1.51,Winter,40.47,Low Suitability
88,57.03471094045891,Sandy Soil,Matabeleland South,IV,Semi-Arid,6.772194861752703,Sorghum,1.72,Winter,74.86,Suitable
89,66.49145233981221,Clay Loam,Harare,IIa,Temperate Highland,6.5347416106572975,Sunflower,1.31,Hot Dry Season,74.64,Suitable
90,83.86532503727383,Clay Loam,Mashonaland West,III,Temperate Highland,5.869510683822694,Sunflower,1.62,Dry Season,84.07,Highly Suitable
91,72.64870181118928,Clay Loam,Mashonaland East,IIb,Dry Tropical,7.221981979852506,Potatoes,10.11,Cool Dry Season,38.18,Low Suitability
92,39.82110547193759,Silty Loam,Matabeleland North,III,Temperate Highland,5.967137017853043,Watermelon,20.75,Dry Season,49.72,Low Suitability
93,45.572726942349014,Clay Loam,Masvingo,III,Dry Tropical,6.724397548771166,Onions,18.67,Dry Season,66.6,Suitable
94,42.501269128406165,Clay Loam,Midlands,III,Humid Subtropical,6.323293027232977,Potatoes,18.72,Cool Dry Season,51.25,Moderately Suitable
95,92.6343691684363,Loam,Mashonaland West,IIa,Humid Subtropical,6.439550197843422,Wheat,4.53,Rainy Season,84.86,Highly Suitable
96,49.77168325579321,Loam,Masvingo,IV,Temperate Highland,5.5231826789056155,Cowpeas,1.09,Winter,66.02,Suitable
97,78.20465694979416,Loam,Mashonaland West,IIa,Temperate Highland,4.2764417436345745,Sweet Potatoes,9.41,Winter,65.9,Suitable
98,99.54155809328559,Sandy Loam,Manicaland,I,Subtropical Highland,7.986951712013055,Paprika,2.5,Dry Season,77.7,Suitable
99,48.27242511134753,Sandy Soil,Matabeleland South,V,Temperate Highland,5.8090078110220364,Tomatoes,23.08,Cool Dry Season,41.83,Low Suitability
100,72.47794153868982,Clay Loam,Mashonaland Central,IIb,Semi-Arid,6.43555791790235,Finger Millet,1.83,Hot Dry Season,82.71,Highly Suitable
101,47.835371838980116,Clay Loam,Harare,IIb,Subtropical Highland,5.477271166723397,Carrots,14.68,Rainy Season,46.42,Low Suitability
102,64.25959096422412,Clay Loam,Masvingo,III,Temperate Highland,6.986880216081012,Tobacco,1.47,Rainy Season,43.67,Low Suitability
103,84.82259170666114,Loam,Harare,IIa,Subtropical Highland,6.726247736067176,Sugar Beans,1.53,Cool Dry Season,76.56,Suitable
104,93.9147374585706,Sandy Soil,Manicaland,IIa,Humid Subtropical,5.9367857133365165,Pearl Millet,1.72,Dry Season,78.27,Suitable
105,73.00247625536153,Sandy Loam,Mashonaland East,IIa,Temperate Highland,7.295884150040247,Sweet Potatoes,10.02,Cool Dry Season,68.81,Suitable
106,65.75756630216081,Sandy Soil,Matabeleland North,III,Temperate Highland,6.611554114148095,Sugar Beans,1.48,Hot Dry Season,62.14,Moderately Suitable
107,73.94166407290699,Sandy Loam,Manicaland,I,Temperate Highland,4.514548583494358,Coffee,1.14,Rainy Season,45.13,Low Suitability
108,90.10089694255689,Silty Loam,Mashonaland East,IIb,Semi-Arid,7.548195891825737,Cabbage,22.23,Rainy Season,69.09,Suitable
109,64.80411722552539,Sandy Loam,Harare,IIb,Subtropical Highland,7.736566738147465,Finger Millet,1.79,Winter,72.23,Suitable
110,55.753093114652685,Loam,Midlands,IV,Semi-Arid,7.137248950282833,Cotton,1.77,Hot Dry Season,64.62,Moderately Suitable
111,66.08707400633725,Clay Loam,Masvingo,III,Dry Tropical,5.782856030863156,Paprika,2.64,Dry Season,59.79,Moderately Suitable
112,95.55812657238454,Loam,Mashonaland East,IIb,Humid Subtropical,6.20903988545137,Pumpkin,10.91,Winter,92.17,Highly Suitable
113,94.33443754638424,Sandy Soil,Manicaland,I,Humid Subtropical,6.140202827107394,Watermelon,27.83,Winter,93.49,Highly Suitable
114,82.36211819765788,Red Clay,Mashonaland West,IIa,Humid Subtropical,5.388179601958785,Sweet Potatoes,8.78,Winter,75.59,Suitable
115,26.77280235221499,Loam,Matabeleland North,IV,Subtropical Highland,6.107986521878654,Cotton,1.78,Hot Dry Season,57.65,Moderately Suitable
116,17.911915244345213,Sandy Loam,Masvingo,V,Dry Tropical,6.458453678562768,Pumpkin,12.06,Hot Dry Season,56.57,Moderately Suitable
117,45.85161423885833,Silty Loam,Midlands,IV,Dry Tropical,6.3629233961078935,Pearl Millet,1.59,Winter,72.62,Suitable
118,82.04888684594471,Loam,Mashonaland West,IIb,Temperate Highland,5.898505564903097,Dry Beans,1.48,Rainy Season,77.6,Suitable
119,49.89296633445427,Sandy Loam,Mashonaland West,III,Dry Tropical,4.612509163272102,Pearl Millet,1.54,Rainy Season,50.33,Moderately Suitable
120,15.253152369661805,Sandy Soil,Matabeleland South,IV,Humid Subtropical,6.496950405823118,Dry Beans,1.18,Hot Dry Season,62.26,Moderately Suitable
121,27.758593934700478,Red Clay,Masvingo,V,Temperate Highland,7.270613962763379,Cabbage,21.39,Hot Dry Season,59.79,Moderately Suitable
122,63.787117554504604,Loam,Mashonaland Central,III,Temperate Highland,6.298293369534608,Macadamia Nuts,2.39,Hot Dry Season,56.98,Moderately Suitable
123,27.29617701790356,Loam,Matabeleland South,V,Humid Subtropical,5.832687362824093,Sunflower,1.4,Hot Dry Season,55.47,Moderately Suitable
124,83.52455666666994,Clay Loam,Mashonaland West,IIb,Subtropical Highland,4.747274800470938,Watermelon,21.35,Rainy Season,75.59,Suitable
125,75.98441986056035,Silty Loam,Mashonaland Central,IIa,Semi-Arid,6.823273893250981,Cowpeas,1.13,Winter,82.55,Highly Suitable
126,71.89739165489392,Sandy Loam,Manicaland,IIa,Humid Subtropical,6.743212008092171,Cowpeas,0.99,Rainy Season,90.25,Highly Suitable
127,63.65553852352976,Sandy Loam,Masvingo,III,Humid Subtropical,6.179013157602337,Sorghum,2.35,Dry Season,80.66,Highly Suitable
128,35.75591667319319,Red Clay,Matabeleland South,V,Semi-Arid,7.133710533984834,Groundnuts,0.87,Rainy Season,44.94,Low Suitability
129,26.690947845688555,Clay Soil,Masvingo,V,Semi-Arid,6.228935842235688,Carrots,17.53,Cool Dry Season,54.7,Moderately Suitable
130,58.03665309096045,Silty Loam,Mashonaland West,IIb,Dry Tropical,6.4922687789900015,Potatoes,14.7,Dry Season,45.29,Low Suitability
131,92.06939116003471,Red Clay,Manicaland,I,Semi-Arid,5.242237666272329,Tomatoes,23.04,Rainy Season,56.39,Moderately Suitable
132,41.911819896694645,Loam,Matabeleland South,IV,Humid Subtropical,6.940553858784801,Onions,21.15,Cool Dry Season,65.91,Suitable
133,45.867214867829986,Sandy Loam,Matabeleland North,IV,Subtropical Highland,5.549746057757431,Cabbage,18.92,Dry Season,40.99,Low Suitability
134,83.37930012347277,Sandy Soil,Mashonaland East,IIb,Semi-Arid,6.025798002556824,Finger Millet,1.68,Cool Dry Season,84.74,Highly Suitable
135,69.02506106481917,Sandy Soil,Mashonaland Central,III,Temperate Highland,6.642160164526702,Wheat,4.0,Winter,61.89,Moderately Suitable
136,76.52312147438339,Clay Loam,Masvingo,III,Humid Subtropical,6.568075031745364,Sunflower,1.68,Winter,92.91,Highly Suitable
137,54.97751457300564,Sandy Loam,Matabeleland North,IV,Temperate Highland,4.2,Onions,16.06,Winter,26.92,Not Suitable
138,49.81703285198371,Loam,Masvingo,V,Semi-Arid,5.836977401320493,Cabbage,21.67,Rainy Season,54.29,Moderately Suitable
139,18.969528251019582,Sandy Loam,Matabeleland South,V,Subtropical Highland,6.117704411229282,Pumpkin,8.69,Winter,52.76,Moderately Suitable
140,85.44995436440833,Clay Loam,Mashonaland East,IIa,Subtropical Highland,5.987903188139323,Paprika,2.52,Cool Dry Season,83.57,Highly Suitable
141,79.36082980023289,Loam,Mashonaland Central,III,Semi-Arid,5.890747345846452,Onions,18.48,Hot Dry Season,57.41,Moderately Suitable
142,41.562580201568856,Loam,Matabeleland South,V,Semi-Arid,6.480789838779698,Potatoes,12.71,Rainy Season,49.17,Low Suitability
143,74.06594312688419,Silty Loam,Mashonaland East,IIb,Subtropical Highland,5.8379073809565165,Carrots,20.24,Winter,81.56,Highly Suitable
144,69.58536211934246,Silty Loam,Midlands,III,Subtropical Highland,6.775117153838183,Carrots,17.37,Cool Dry Season,75.51,Suitable
145,79.61185014413384,Clay Soil,Mashonaland East,IIa,Semi-Arid,6.675432783300307,Soybeans,2.04,Dry Season,60.48,Moderately Suitable
146,82.92495384495913,Clay Soil,Mashonaland East,IIb,Dry Tropical,5.273890184816391,Cotton,1.63,Hot Dry Season,76.51,Suitable
147,78.67825314254793,Sandy Loam,Harare,IIb,Temperate Highland,5.994612120840323,Carrots,18.59,Hot Dry Season,80.14,Highly Suitable
148,86.0097506840291,Red Clay,Mashonaland East,IIb,Dry Tropical,4.619034993666918,Tea,1.5,Dry Season,42.5,Low Suitability
149,80.43924710537458,Clay Soil,Midlands,III,Humid Subtropical,6.352081286189276,Finger Millet,1.78,Dry Season,87.25,Highly Suitable
150,57.74897250213749,Red Clay,Matabeleland North,III,Temperate Highland,6.804258979431876,Cabbage,20.19,Hot Dry Season,63.26,Moderately Suitable
151,40.08979504564052,Sandy Soil,Masvingo,IV,Semi-Arid,5.555595486068323,Cabbage,20.62,Hot Dry Season,30.15,Not Suitable
152,75.34710840229496,Red Clay,Mashonaland East,IIb,Humid Subtropical,6.282235815930506,Coffee,0.92,Hot Dry Season,62.64,Moderately Suitable
153,66.53852287404666,Clay Soil,Midlands,III,Dry Tropical,6.533545113646425,Tomatoes,30.93,Dry Season,58.88,Moderately Suitable
154,31.21672599678327,Red Clay,Matabeleland South,V,Semi-Arid,5.396028085782335,Finger Millet,1.69,Rainy Season,49.66,Low Suitability
155,82.01919550382,Silty Loam,Mashonaland East,IIa,Dry Tropical,5.005404305208854,Cabbage,21.25,Rainy Season,44.38,Low Suitability
156,100.0,Clay Soil,Manicaland,IIa,Temperate Highland,6.382814360301236,Dry Beans,1.57,Winter,87.72,Highly Suitable
157,66.82457442261494,Red Clay,Mashonaland East,IIa,Subtropical Highland,5.042281098108439,Cowpeas,1.12,Hot Dry Season,78.26,Suitable
158,52.34473125934318,Sandy Soil,Matabeleland North,IV,Subtropical Highland,5.707958797519274,Pearl Millet,1.97,Hot Dry Season,71.87,Suitable
159,64.69129111325867,Red Clay,Midlands,IV,Subtropical Highland,6.660574382834468,Wheat,4.42,Dry Season,70.05,Suitable
160,54.67020708337429,Silty Loam,Midlands,III,Dry Tropical,7.177673800856065,Groundnuts,1.55,Winter,58.22,Moderately Suitable
161,51.32640686412746,Sandy Soil,Midlands,IV,Subtropical Highland,6.259241537255008,Soybeans,1.85,Winter,57.12,Moderately Suitable
162,78.04041115241328,Clay Loam,Mashonaland East,IIb,Semi-Arid,5.637639996286612,Finger Millet,1.65,Rainy Season,84.88,Highly Suitable
163,74.8293505676946,Silty Loam,Mashonaland West,IIb,Subtropical Highland,4.626911781792394,Carrots,15.18,Rainy Season,54.98,Moderately Suitable
164,66.74977524113729,Clay Loam,Matabeleland North,IV,Semi-Arid,6.2462784755377765,Tobacco,1.74,Dry Season,56.87,Moderately Suitable
165,23.979905322297174,Sandy Soil,Matabeleland North,IV,Subtropical Highland,5.792621876707915,Cabbage,22.07,Dry Season,40.93,Low Suitability
166,78.3925402409855,Sandy Loam,Midlands,III,Humid Subtropical,6.338043373453674,Groundnuts,1.59,Rainy Season,96.51,Highly Suitable
167,78.01741800780833,Sandy Soil,Harare,IIb,Temperate Highland,7.304715179142181,Soybeans,1.46,Dry Season,38.45,Low Suitability
168,30.404766578950383,Clay Soil,Matabeleland South,IV,Temperate Highland,5.46113147576688,Cowpeas,1.27,Dry Season,41.53,Low Suitability
169,50.06034803655218,Clay Loam,Mashonaland West,III,Semi-Arid,4.76890219008105,Cowpeas,0.96,Rainy Season,63.16,Moderately Suitable
170,79.9321522389368,Silty Loam,Mashonaland East,IIb,Subtropical Highland,6.474657198337953,Wheat,3.9,Cool Dry Season,86.94,Highly Suitable
171,49.86169720396349,Clay Soil,Matabeleland North,IV,Temperate Highland,5.1677093756915395,Tomatoes,24.8,Rainy Season,35.01,Low Suitability
172,78.09764002282526,Red Clay,Masvingo,III,Humid Subtropical,6.007509412700186,Pumpkin,14.33,Cool Dry Season,87.63,Highly Suitable
173,69.30394422754006,Sandy Loam,Matabeleland North,IV,Subtropical Highland,5.406289211871773,Cowpeas,1.09,Hot Dry Season,75.74,Suitable
174,56.23523799758138,Clay Loam,Matabeleland North,III,Dry Tropical,5.665747201690468,Tobacco,2.15,Winter,48.91,Low Suitability
175,82.58256319658136,Clay Soil,Mashonaland West,IIa,Semi-Arid,5.664834513972234,Coffee,0.8,Dry Season,38.97,Low Suitability
176,100.0,Clay Soil,Manicaland,I,Semi-Arid,6.166672874221734,Cowpeas,1.31,Rainy Season,100.0,Highly Suitable
177,74.4732850429665,Clay Loam,Mashonaland Central,III,Subtropical Highland,5.76751453082473,Cowpeas,1.29,Cool Dry Season,91.66,Highly Suitable
178,86.124572044979,Red Clay,Harare,IIa,Subtropical Highland,6.445257401591986,Pumpkin,12.05,Cool Dry Season,87.78,Highly Suitable
179,66.60075081857457,Sandy Loam,Matabeleland South,IV,Temperate Highland,5.449031425432592,Sorghum,2.06,Rainy Season,84.7,Highly Suitable
180,54.49994082292588,Clay Soil,Mashonaland West,IIb,Subtropical Highland,6.071326617337739,Pumpkin,11.73,Winter,57.72,Moderately Suitable
181,68.56991021389632,Sandy Soil,Harare,IIb,Subtropical Highland,5.728636452397408,Sunflower,1.48,Hot Dry Season,70.18,Suitable
182,66.26637436845117,Sandy Loam,Matabeleland North,III,Semi-Arid,6.796833507308175,Finger Millet,1.58,Hot Dry Season,70.96,Suitable
183,73.45323707251873,Silty Loam,Matabeleland North,III,Temperate Highland,6.645166021179175,Potatoes,18.8,Winter,62.34,Moderately Suitable
184,50.30361910948922,Red Clay,Masvingo,IV,Temperate Highland,5.750187913160851,Wheat,4.17,Cool Dry Season,59.9,Moderately Suitable
185,68.81666626675124,Silty Loam,Manicaland,I,Humid Subtropical,6.796878991414831,Groundnuts,1.46,Winter,75.17,Suitable
186,95.71459505734622,Red Clay,Harare,IIa,Temperate Highland,6.3272799088571094,Tea,1.89,Dry Season,36.73,Low Suitability
187,57.516948746782006,Sandy Soil,Mashonaland Central,IIb,Subtropical Highland,5.703937330769888,Sorghum,1.75,Winter,60.06,Moderately Suitable
188,85.98551569864183,Loam,Harare,IIb,Humid Subtropical,6.765391302450261,Sweet Potatoes,7.53,Rainy Season,87.85,Highly Suitable
189,45.48219564148425,Loam,Midlands,IV,Temperate Highland,5.314999416149556,Tea,2.08,Dry Season,62.27,Moderately Suitable
190,92.36175473222019,Loam,Manicaland,I,Dry Tropical,6.482033277216958,Cabbage,26.18,Winter,69.53,Suitable
191,29.682503510581956,Clay Soil,Matabeleland South,IV,Humid Subtropical,6.371577521696704,Tomatoes,27.83,Dry Season,62.05,Moderately Suitable
192,60.5861460424432,Clay Loam,Harare,IIa,Semi-Arid,5.393925489636715,Cowpeas,1.22,Rainy Season,84.96,Highly Suitable
193,86.55254413563134,Red Clay,Mashonaland East,IIb,Subtropical Highland,8.233059145413744,Dry Beans,1.22,Rainy Season,60.95,Moderately Suitable
194,64.57883874578698,Clay Loam,Mashonaland Central,IIb,Subtropical Highland,7.932383316567559,Sunflower,1.31,Cool Dry Season,60.61,Moderately Suitable
195,72.3095473348884,Red Clay,Matabeleland North,III,Subtropical Highland,5.231088298826233,Potatoes,19.43,Rainy Season,59.57,Moderately Suitable
196,79.66558034651358,Sandy Soil,Harare,IIa,Humid Subtropical,6.009527991464164,Carrots,18.8,Winter,75.69,Suitable
197,69.90032121403983,Loam,Mashonaland Central,III,Dry Tropical,5.354759067349352,Finger Millet,1.88,Rainy Season,83.37,Highly Suitable
198,70.26311613926421,Silty Loam,Mashonaland Central,III,Humid Subtropical,4.996046564650575,Potatoes,16.18,Winter,53.15,Moderately Suitable
199,97.15694809929025,Sandy Soil,Mashonaland East,IIb,Temperate Highland,7.11952543243301,Sunflower,1.41,Winter,65.66,Suitable
200,66.23385104133658,Loam,Masvingo,IV,Humid Subtropical,5.385074105307058,Pearl Millet,1.59,Dry Season,81.47,Highly Suitable
201,71.00876235713812,Clay Soil,Mashonaland Central,III,Humid Subtropical,4.79658641295426,Pumpkin,12.01,Rainy Season,72.66,Suitable
202,93.37289964278455,Red Clay,Mashonaland West,IIb,Temperate Highland,5.957011418377678,Onions,17.84,Winter,72.85,Suitable
203,93.47272583823951,Sandy Soil,Mashonaland Central,IIa,Subtropical Highland,6.193403982885822,Cotton,1.71,Winter,85.58,Highly Suitable
204,67.78279685937262,Red Clay,Masvingo,IV,Dry Tropical,5.560880895525805,Onions,19.7,Winter,58.91,Moderately Suitable
205,29.277685248485096,Loam,Matabeleland South,V,Subtropical Highland,6.492897947239638,Paprika,2.34,Hot Dry Season,67.41,Suitable
206,73.51057386982121,Sandy Soil,Mashonaland Central,III,Temperate Highland,6.759124179893737,Soybeans,1.7,Dry Season,54.06,Moderately Suitable
207,63.915165818054284,Sandy Soil,Masvingo,III,Semi-Arid,5.870009221602719,Sweet Potatoes,7.23,Cool Dry Season,49.43,Low Suitability
208,46.92108941032167,Loam,Matabeleland North,III,Temperate Highland,7.2790291117694235,Coffee,0.99,Rainy Season,36.92,Low Suitability
209,24.28813759668533,Sandy Soil,Matabeleland South,V,Semi-Arid,5.955841241360352,Maize,3.31,Winter,47.09,Low Suitability
210,79.89465820948516,Loam,Midlands,IV,Semi-Arid,6.26805692281413,Tea,2.22,Hot Dry Season,50.31,Moderately Suitable
211,37.97617741519484,Red Clay,Masvingo,V,Dry Tropical,6.941414931848986,Coffee,0.8,Dry Season,35.48,Low Suitability
212,66.42330967281214,Sandy Loam,Matabeleland North,III,Semi-Arid,7.04378294128102,Potatoes,10.39,Hot Dry Season,38.36,Low Suitability
213,59.05720713204577,Sandy Loam,Mashonaland East,IIb,Semi-Arid,5.906991798050603,Carrots,17.51,Rainy Season,69.48,Suitable
214,88.10892389362097,Red Clay,Mashonaland East,IIb,Dry Tropical,5.592885260830426,Soybeans,1.66,Hot Dry Season,61.0,Moderately Suitable
215,64.70509142076659,Sandy Loam,Masvingo,III,Subtropical Highland,5.733094885500836,Sunflower,1.38,Dry Season,61.46,Moderately Suitable
216,87.25570129888366,Silty Loam,Mashonaland West,IIb,Semi-Arid,5.313890699053385,Pearl Millet,1.64,Hot Dry Season,80.53,Highly Suitable
217,84.4833527339064,Sandy Loam,Mashonaland West,IIb,Subtropical Highland,4.619605739502735,Soybeans,2.27,Cool Dry Season,45.43,Low Suitability
218,96.64286816308649,Clay Loam,Mashonaland Central,IIa,Humid Subtropical,4.701899980332605,Sunflower,1.46,Cool Dry Season,61.06,Moderately Suitable
219,39.851100435729464,Sandy Soil,Manicaland,III,Dry Tropical,5.248989562367003,Sunflower,1.13,Hot Dry Season,20.68,Not Suitable
220,47.580757874717015,Silty Loam,Masvingo,V,Subtropical Highland,6.072208682482917,Sugar Beans,1.41,Cool Dry Season,43.13,Low Suitability
221,49.85723474600648,Sandy Soil,Matabeleland North,III,Dry Tropical,7.706566539638854,Cowpeas,1.12,Cool Dry Season,51.11,Moderately Suitable
222,61.60830230098895,Red Clay,Manicaland,III,Dry Tropical,6.829941953849598,Watermelon,22.78,Winter,67.91,Suitable
223,39.55787880462783,Red Clay,Masvingo,IV,Semi-Arid,6.613393796526271,Tomatoes,21.78,Dry Season,58.2,Moderately Suitable
224,47.113123348179826,Red Clay,Midlands,III,Dry Tropical,5.728721668910391,Tomatoes,26.63,Cool Dry Season,40.14,Low Suitability
225,79.81901605650847,Sandy Loam,Mashonaland East,IIb,Temperate Highland,5.587568669408319,Macadamia Nuts,1.48,Winter,45.59,Low Suitability
226,94.4863037591882,Red Clay,Harare,IIa,Semi-Arid,5.009676274401318,Groundnuts,1.4,Dry Season,76.85,Suitable
227,15.58893911485685,Loam,Matabeleland South,V,Dry Tropical,6.2220676816887295,Sweet Potatoes,6.78,Winter,62.3,Moderately Suitable
228,72.15263244834372,Sandy Loam,Masvingo,III,Temperate Highland,5.672698189326649,Sorghum,1.78,Cool Dry Season,79.97,Suitable
229,72.0781380149554,Sandy Loam,Mashonaland Central,IIb,Humid Subtropical,5.160168310047355,Sorghum,2.02,Rainy Season,71.78,Suitable
230,54.171045402219896,Red Clay,Midlands,IV,Humid Subtropical,6.378950593196333,Cotton,1.47,Cool Dry Season,67.7,Suitable
231,46.51707255852055,Clay Loam,Manicaland,III,Semi-Arid,5.965733418758098,Macadamia Nuts,1.91,Cool Dry Season,63.36,Moderately Suitable
232,68.74684782017421,Red Clay,Mashonaland Central,III,Semi-Arid,6.010719406261638,Sorghum,2.18,Winter,83.0,Highly Suitable
233,41.899173688761024,Loam,Manicaland,III,Temperate Highland,6.443009393142485,Sugar Beans,1.48,Dry Season,54.71,Moderately Suitable
234,52.50147453098636,Silty Loam,Masvingo,IV,Humid Subtropical,7.049039216310634,Dry Beans,1.46,Dry Season,41.85,Low Suitability
235,54.199991539130636,Red Clay,Matabeleland North,III,Semi-Arid,6.30945372060858,Paprika,2.32,Dry Season,62.22,Moderately Suitable
236,65.10766482945306,Silty Loam,Mashonaland Central,III,Temperate Highland,6.047163604156589,Wheat,4.25,Cool Dry Season,61.18,Moderately Suitable
237,45.602624138851105,Loam,Mashonaland Central,III,Semi-Arid,6.240093434463105,Tomatoes,29.44,Rainy Season,53.59,Moderately Suitable
238,66.54747599381062,Silty Loam,Masvingo,IV,Temperate Highland,6.60222272688567,Pumpkin,11.34,Winter,79.74,Suitable
239,74.77335405586093,Silty Loam,Masvingo,III,Semi-Arid,6.29646619436845,Groundnuts,1.41,Winter,100.0,Highly Suitable
240,68.9492433294613,Sandy Soil,Mashonaland West,IIb,Humid Subtropical,6.367975571280086,Onions,18.49,Winter,61.61,Moderately Suitable
241,51.75660487428507,Loam,Matabeleland North,IV,Dry Tropical,6.5375155050663745,Tomatoes,21.36,Winter,55.84,Moderately Suitable
242,74.35219419110517,Clay Soil,Mashonaland East,IIb,Temperate Highland,5.0744979479136205,Finger Millet,1.46,Winter,66.24,Suitable
243,43.00188936279946,Clay Loam,Matabeleland South,IV,Semi-Arid,6.385960670638906,Cowpeas,1.22,Dry Season,70.26,Suitable
244,47.034662592272774,Silty Loam,Masvingo,III,Semi-Arid,5.801091879542932,Groundnuts,1.37,Dry Season,55.87,Moderately Suitable
245,67.64723132322742,Sandy Loam,Mashonaland West,III,Dry Tropical,5.354035232370748,Watermelon,22.44,Dry Season,58.37,Moderately Suitable
246,59.1053021212083,Sandy Soil,Mashonaland West,III,Humid Subtropical,6.394855892604133,Coffee,1.01,Cool Dry Season,51.02,Moderately Suitable
247,30.528810673524337,Loam,Masvingo,V,Temperate Highland,5.440487111458879,Tobacco,1.61,Cool Dry Season,53.18,Moderately Suitable
248,78.61509871895886,Sandy Loam,Masvingo,III,Subtropical Highland,5.151735377661197,Pumpkin,13.47,Dry Season,70.13,Suitable
249,88.11946001290138,Clay Loam,Manicaland,I,Semi-Arid,6.254956485939273,Maize,3.59,Winter,64.4,Moderately Suitable
250,71.28536035190918,Sandy Soil,Mashonaland East,IIb,Temperate Highland,6.885968040490135,Dry Beans,1.28,Hot Dry Season,56.3,Moderately Suitable
251,84.2061176446707,Sandy Loam,Mashonaland West,III,Semi-Arid,6.5799373656426905,Watermelon,26.45,Rainy Season,85.26,Highly Suitable
252,25.60728354350825,Clay Loam,Matabeleland South,V,Temperate Highland,6.869641862242217,Tea,1.77,Hot Dry Season,29.68,Not Suitable
253,93.17435181693394,Sandy Soil,Mashonaland Central,IIa,Subtropical Highland,7.482457965509053,Macadamia Nuts,1.5,Dry Season,51.31,Moderately Suitable
254,76.8089273666763,Clay Soil,Harare,IIa,Dry Tropical,5.407133844396294,Groundnuts,1.37,Hot Dry Season,68.99,Suitable
255,100.0,Sandy Loam,Mashonaland West,IIa,Subtropical Highland,5.861461661776704,Macadamia Nuts,1.56,Cool Dry Season,65.44,Suitable
256,47.49156686586565,Clay Soil,Matabeleland North,III,Dry Tropical,6.358000158293465,Wheat,4.41,Winter,45.72,Low Suitability
257,72.2155922774326,Sandy Soil,Mashonaland Central,IIa,Dry Tropical,6.715820848699904,Dry Beans,1.56,Cool Dry Season,70.42,Suitable
258,43.44163764743081,Sandy Loam,Matabeleland North,III,Semi-Arid,6.194071613470073,Sweet Potatoes,8.55,Dry Season,58.65,Moderately Suitable
259,48.07505874087919,Clay Loam,Matabeleland North,IV,Subtropical Highland,5.777396430931198,Cabbage,20.79,Cool Dry Season,46.35,Low Suitability
260,86.20060249730795,Clay Soil,Mashonaland Central,IIa,Subtropical Highland,4.759313055578614,Sunflower,1.48,Cool Dry Season,69.51,Suitable
261,39.34015969183347,Silty Loam,Mashonaland Central,III,Subtropical Highland,6.40535288399264,Sugar Beans,1.44,Winter,58.4,Moderately Suitable
262,38.291769821369854,Red Clay,Matabeleland South,V,Humid Subtropical,6.004378656196563,Carrots,16.16,Winter,42.7,Low Suitability
263,93.75932711768085,Sandy Soil,Mashonaland East,IIa,Dry Tropical,6.845397280971084,Sunflower,1.47,Winter,89.8,Highly Suitable
264,63.47474117333343,Silty Loam,Harare,IIb,Temperate Highland,6.510962213770028,Sweet Potatoes,9.58,Dry Season,74.69,Suitable
265,20.291001611735204,Loam,Matabeleland South,V,Dry Tropical,5.759509427927166,Dry Beans,1.39,Hot Dry Season,47.27,Low Suitability
266,50.42503792829252,Sandy Soil,Matabeleland North,IV,Humid Subtropical,5.361270637095092,Macadamia Nuts,1.8,Dry Season,45.51,Low Suitability
267,93.73748609625368,Clay Soil,Mashonaland Central,IIa,Temperate Highland,6.5563460505110065,Pearl Millet,1.76,Dry Season,86.03,Highly Suitable
268,73.52303479522797,Sandy Loam,Manicaland,III,Semi-Arid,5.386542033172821,Wheat,4.53,Hot Dry Season,63.61,Moderately Suitable
269,40.82081136820037,Clay Loam,Matabeleland South,V,Semi-Arid,5.921916372903454,Cotton,1.7,Rainy Season,51.13,Moderately Suitable
270,36.161854300359764,Silty Loam,Masvingo,IV,Humid Subtropical,4.828703516418873,Cotton,1.78,Cool Dry Season,39.67,Low Suitability
271,83.48738254900624,Sandy Loam,Midlands,III,Dry Tropical,5.857392514446002,Carrots,13.8,Rainy Season,79.36,Suitable
272,29.704362011544557,Clay Soil,Matabeleland North,IV,Dry Tropical,6.607143668358197,Pearl Millet,1.47,Hot Dry Season,61.76,Moderately Suitable
273,24.439278854339133,Sandy Loam,Matabeleland South,V,Humid Subtropical,5.036735440738959,Cabbage,18.65,Rainy Season,35.22,Low Suitability
274,72.8381802688179,Red Clay,Mashonaland Central,III,Semi-Arid,6.102480453876133,Sweet Potatoes,8.5,Dry Season,79.08,Suitable
275,70.66095836744643,Silty Loam,Matabeleland North,III,Dry Tropical,5.614674909016662,Paprika,2.43,Winter,66.96,Suitable
276,56.991362667770375,Clay Soil,Manicaland,III,Temperate Highland,6.969011025693316,Tobacco,1.31,Hot Dry Season,37.79,Low Suitability
277,79.67688431250622,Silty Loam,Midlands,III,Humid Subtropical,6.158673425718283,Cabbage,20.76,Winter,59.65,Moderately Suitable
278,42.65090525961139,Loam,Mashonaland Central,III,Temperate Highland,5.897305911110499,Maize,3.91,Rainy Season,49.61,Low Suitability
279,79.89485271705885,Red Clay,Manicaland,I,Dry Tropical,5.692044361993042,Coffee,0.86,Dry Season,49.56,Low Suitability
280,80.06420587897375,Clay Soil,Mashonaland Central,IIa,Dry Tropical,4.847857852686588,Wheat,3.37,Winter,47.64,Low Suitability
281,88.18982311693932,Sandy Soil,Mashonaland East,IIa,Dry Tropical,4.867701277743279,Dry Beans,1.32,Hot Dry Season,52.59,Moderately Suitable
282,74.27724023375272,Sandy Soil,Mashonaland East,IIb,Temperate Highland,5.7604612700183315,Maize,3.09,Winter,46.65,Low Suitability
283,91.30622029046246,Sandy Loam,Mashonaland East,IIa,Humid Subtropical,6.378791281128069,Pearl Millet,1.75,Hot Dry Season,91.19,Highly Suitable
284,66.36097038854564,Sandy Soil,Midlands,III,Subtropical Highland,7.472440012228138,Potatoes,15.12,Dry Season,28.31,Not Suitable
285,71.35269081807499,Clay Loam,Midlands,III,Semi-Arid,6.327968808904845,Dry Beans,1.38,Dry Season,66.81,Suitable
286,52.578955088143715,Clay Soil,Masvingo,IV,Humid Subtropical,5.62458719860202,Sorghum,1.67,Rainy Season,60.83,Moderately Suitable
287,77.54721640547265,Red Clay,Manicaland,III,Subtropical Highland,6.265900727810545,Pumpkin,12.6,Rainy Season,92.3,Highly Suitable
288,44.12463726190439,Red Clay,Matabeleland North,IV,Temperate Highland,5.700591716659673,Pearl Millet,1.66,Winter,62.14,Moderately Suitable
289,35.557895762195635,Red Clay,Masvingo,IV,Humid Subtropical,7.091588085765405,Wheat,3.29,Rainy Season,52.11,Moderately Suitable
290,67.07087118978532,Sandy Soil,Mashonaland Central,III,Humid Subtropical,6.178937693671976,Finger Millet,1.74,Rainy Season,78.28,Suitable
291,66.68908810415896,Sandy Soil,Manicaland,III,Temperate Highland,6.147650910678397,Carrots,13.72,Winter,64.85,Moderately Suitable
292,78.78492024920028,Silty Loam,Mashonaland Central,IIa,Temperate Highland,7.1811849551599325,Dry Beans,1.47,Dry Season,66.77,Suitable
293,78.98677568778047,Loam,Mashonaland Central,IIa,Semi-Arid,6.947416163373803,Dry Beans,1.42,Dry Season,66.91,Suitable
294,55.075288874961416,Loam,Matabeleland North,III,Subtropical Highland,5.1656380614885595,Dry Beans,1.32,Hot Dry Season,40.55,Low Suitability
295,94.96927481327779,Red Clay,Mashonaland East,IIa,Semi-Arid,5.281471416762095,Tobacco,2.48,Dry Season,75.98,Suitable
296,43.592823004357726,Clay Loam,Midlands,IV,Subtropical Highland,4.842340009184888,Groundnuts,1.05,Winter,40.07,Low Suitability
297,54.93593854798179,Loam,Midlands,IV,Semi-Arid,5.968233226102813,Sugar Beans,1.55,Rainy Season,56.01,Moderately Suitable
298,80.55201242048338,Red Clay,Mashonaland West,IIa,Dry Tropical,5.144814375798603,Tobacco,1.63,Dry Season,47.89,Low Suitability
299,64.55182675454978,Sandy Loam,Masvingo,III,Subtropical Highland,6.240314422242877,Groundnuts,1.26,Rainy Season,70.58,Suitable
300,87.05982465649656,Clay Loam,Mashonaland East,IIa,Subtropical Highland,6.966805419020354,Tomatoes,28.33,Dry Season,75.94,Suitable
301,52.53635165085755,Loam,Masvingo,IV,Humid Subtropical,6.67205300457665,Coffee,1.11,Hot Dry Season,47.79,Low Suitability
302,54.54115380707742,Silty Loam,Mashonaland Central,III,Dry Tropical,4.843891964846941,Cabbage,20.84,Dry Season,39.47,Low Suitability
303,91.36420119527239,Clay Soil,Manicaland,I,Humid Subtropical,5.815953935510655,Pearl Millet,1.66,Rainy Season,93.57,Highly Suitable
304,91.45245944642951,Sandy Loam,Mashonaland West,IIa,Temperate Highland,6.88342853342671,Carrots,18.95,Cool Dry Season,88.53,Highly Suitable
305,52.79627576564747,Red Clay,Masvingo,IV,Humid Subtropical,6.779404855687071,Tobacco,1.69,Dry Season,47.04,Low Suitability
306,87.51136053757158,Sandy Loam,Manicaland,IIa,Subtropical Highland,7.8548939803553015,Cowpeas,1.17,Cool Dry Season,71.06,Suitable
307,45.0854892074908,Sandy Loam,Matabeleland North,IV,Dry Tropical,6.443066916740036,Macadamia Nuts,1.59,Winter,45.1,Low Suitability
308,94.36849304135157,Sandy Loam,Harare,IIb,Subtropical Highland,6.128776017055497,Potatoes,21.75,Winter,72.03,Suitable
309,65.74516111109257,Silty Loam,Mashonaland West,IIb,Subtropical Highland,6.902427016892591,Sunflower,1.54,Rainy Season,75.36,Suitable
310,71.0175602801408,Clay Soil,Mashonaland East,IIa,Subtropical Highland,6.368222980386196,Tobacco,1.87,Rainy Season,63.13,Moderately Suitable
311,71.21999761777701,Silty Loam,Mashonaland Central,IIb,Semi-Arid,5.492034856458498,Groundnuts,1.58,Cool Dry Season,85.1,Highly Suitable
312,27.78006064916798,Clay Loam,Midlands,IV,Temperate Highland,5.6462175643421695,Coffee,0.95,Rainy Season,56.8,Moderately Suitable
313,69.35555077798637,Loam,Midlands,III,Subtropical Highland,6.238773741071461,Carrots,18.6,Rainy Season,83.17,Highly Suitable
314,53.04760451426727,Clay Soil,Matabeleland South,IV,Humid Subtropical,4.803136435531404,Wheat,2.67,Dry Season,29.55,Not Suitable
315,91.14203946120668,Clay Loam,Mashonaland West,III,Temperate Highland,6.611737155557683,Sugar Beans,1.46,Dry Season,89.43,Highly Suitable
316,40.86794962751206,Sandy Loam,Matabeleland North,III,Dry Tropical,6.06476973286285,Potatoes,14.93,Dry Season,50.24,Moderately Suitable
317,86.18040030693062,Sandy Soil,Mashonaland East,IIa,Temperate Highland,6.653593686912926,Cabbage,23.51,Hot Dry Season,79.99,Suitable
318,59.35539436763449,Silty Loam,Mashonaland Central,III,Subtropical Highland,6.792795107724629,Tea,2.39,Rainy Season,44.26,Low Suitability
319,95.14661005604258,Sandy Soil,Manicaland,I,Humid Subtropical,6.12644482360062,Cowpeas,1.02,Rainy Season,87.75,Highly Suitable
320,21.677433957914907,Clay Soil,Matabeleland South,V,Semi-Arid,5.375256240616745,Coffee,1.03,Hot Dry Season,48.73,Low Suitability
321,71.30606297183368,Red Clay,Midlands,III,Dry Tropical,5.391829003349506,Cotton,1.86,Hot Dry Season,56.46,Moderately Suitable
322,83.82749862609396,Clay Loam,Mashonaland East,IIa,Semi-Arid,5.5231201201675315,Cabbage,24.73,Winter,54.08,Moderately Suitable
323,71.39985985519448,Clay Soil,Mashonaland Central,III,Subtropical Highland,5.734611034513504,Sweet Potatoes,8.32,Dry Season,64.08,Moderately Suitable
324,83.90124154035084,Silty Loam,Harare,IIa,Temperate Highland,6.706358494921174,Coffee,1.05,Winter,31.22,Not Suitable
325,100.0,Sandy Soil,Manicaland,I,Semi-Arid,6.613193285670155,Watermelon,21.65,Cool Dry Season,73.64,Suitable
326,88.26176522370616,Sandy Loam,Mashonaland West,IIb,Dry Tropical,6.656338802322259,Maize,2.86,Dry Season,62.66,Moderately Suitable
327,40.20657149158049,Clay Loam,Matabeleland South,V,Temperate Highland,6.881294972950479,Paprika,1.4,Rainy Season,53.89,Moderately Suitable
328,59.206138099323056,Sandy Loam,Mashonaland East,IIa,Humid Subtropical,7.126435541232705,Cotton,1.83,Cool Dry Season,64.48,Moderately Suitable
329,94.067348054973,Loam,Mashonaland East,IIa,Humid Subtropical,7.908072836417074,Carrots,14.26,Hot Dry Season,75.06,Suitable
330,79.4541352202317,Clay Loam,Mashonaland East,IIa,Semi-Arid,7.073708333891096,Cabbage,29.88,Hot Dry Season,72.03,Suitable
331,43.62711204949592,Clay Loam,Midlands,IV,Subtropical Highland,5.532484437677298,Tobacco,1.56,Rainy Season,43.53,Low Suitability
332,65.17388556530621,Silty Loam,Midlands,III,Temperate Highland,7.1682717913881016,Finger Millet,1.74,Cool Dry Season,72.13,Suitable
333,91.44956920515422,Sandy Soil,Harare,IIa,Humid Subtropical,6.474749700237533,Finger Millet,1.75,Winter,85.32,Highly Suitable
334,100.0,Sandy Soil,Manicaland,IIa,Subtropical Highland,7.05518996070821,Groundnuts,1.07,Cool Dry Season,76.14,Suitable
335,97.20316032551239,Red Clay,Manicaland,I,Subtropical Highland,6.949755514903992,Pumpkin,9.86,Hot Dry Season,81.74,Highly Suitable
336,86.10059664952593,Clay Loam,Mashonaland West,IIa,Humid Subtropical,8.275576919024195,Sweet Potatoes,10.52,Rainy Season,74.19,Suitable
337,68.28810300022118,Clay Soil,Manicaland,I,Subtropical Highland,6.058560400245493,Paprika,2.11,Hot Dry Season,72.34,Suitable
338,94.74294120028533,Sandy Loam,Harare,IIa,Semi-Arid,6.688655465482969,Sunflower,1.66,Rainy Season,98.24,Highly Suitable
339,51.951054694485315,Silty Loam,Matabeleland North,IV,Subtropical Highland,6.4429926922041085,Sunflower,1.77,Dry Season,74.3,Suitable
340,56.24434584645793,Red Clay,Matabeleland North,IV,Semi-Arid,8.098928508306633,Tea,2.28,Cool Dry Season,37.2,Low Suitability
341,63.69140356495332,Clay Loam,Harare,IIb,Temperate Highland,6.021172736764774,Cotton,1.91,Winter,63.63,Moderately Suitable
342,55.91271590964896,Silty Loam,Mashonaland Central,III,Humid Subtropical,6.231973268328311,Coffee,1.02,Rainy Season,56.04,Moderately Suitable
343,86.89249287052596,Clay Soil,Harare,IIb,Semi-Arid,5.739436418491724,Paprika,2.5,Dry Season,70.58,Suitable
344,87.1776067070846,Silty Loam,Mashonaland West,IIb,Subtropical Highland,4.955084088935234,Onions,16.21,Winter,62.32,Moderately Suitable
345,41.62529274497617,Clay Loam,Masvingo,IV,Semi-Arid,6.641527458661363,Tobacco,1.85,Cool Dry Season,43.91,Low Suitability
346,85.48780331538227,Silty Loam,Mashonaland Central,IIb,Dry Tropical,5.550545087125785,Finger Millet,1.66,Hot Dry Season,74.98,Suitable
347,38.286557619685624,Red Clay,Masvingo,IV,Semi-Arid,7.381758194127995,Macadamia Nuts,1.23,Hot Dry Season,27.1,Not Suitable
348,69.78288430348415,Clay Soil,Harare,IIb,Temperate Highland,6.662176547414985,Sunflower,1.15,Cool Dry Season,64.38,Moderately Suitable
349,79.31217829255701,Loam,Mashonaland West,IIb,Subtropical Highland,7.0503419544230095,Pearl Millet,1.79,Rainy Season,100.0,Highly Suitable
350,91.35855391719969,Sandy Loam,Mashonaland West,IIb,Temperate Highland,5.436263350729057,Macadamia Nuts,1.71,Rainy Season,57.7,Moderately Suitable
351,19.219674940442424,Clay Loam,Masvingo,V,Temperate Highland,6.407310773190316,Sweet Potatoes,8.83,Hot Dry Season,61.61,Moderately Suitable
352,87.616002609368,Sandy Soil,Harare,IIb,Temperate Highland,6.81450732279481,Onions,19.84,Cool Dry Season,94.91,Highly Suitable
353,25.043867006102744,Red Clay,Matabeleland South,V,Semi-Arid,5.897627992302463,Watermelon,19.09,Winter,49.14,Low Suitability
354,77.14021798966597,Clay Soil,Manicaland,IIa,Temperate Highland,4.818211653476997,Watermelon,18.21,Cool Dry Season,51.05,Moderately Suitable
355,68.86418552232435,Sandy Loam,Mashonaland East,IIb,Humid Subtropical,5.619435586263463,Sunflower,1.67,Dry Season,65.97,Suitable
356,44.36797546390073,Clay Soil,Masvingo,IV,Subtropical Highland,6.445809852463962,Watermelon,20.17,Winter,61.87,Moderately Suitable
357,87.90794014546292,Clay Soil,Mashonaland East,IIb,Dry Tropical,5.989948529839344,Potatoes,15.5,Hot Dry Season,74.79,Suitable
358,63.51381181593828,Loam,Mashonaland Central,III,Subtropical Highland,6.2803287725071035,Cotton,1.97,Rainy Season,76.41,Suitable
359,75.59910893823123,Sandy Soil,Masvingo,III,Temperate Highland,5.673674790299914,Cotton,1.52,Dry Season,68.1,Suitable
360,21.496934619503687,Sandy Soil,Matabeleland North,IV,Humid Subtropical,5.788945300066383,Pearl Millet,1.65,Hot Dry Season,52.93,Moderately Suitable
361,100.0,Sandy Soil,Mashonaland East,IIa,Temperate Highland,6.889567757485239,Pearl Millet,1.92,Rainy Season,94.97,Highly Suitable
362,72.18797932544666,Loam,Midlands,IV,Semi-Arid,6.362153507242017,Groundnuts,1.56,Rainy Season,93.97,Highly Suitable
363,39.218120965632515,Silty Loam,Matabeleland South,V,Semi-Arid,4.916395130202156,Onions,19.04,Winter,30.97,Not Suitable
364,61.59377700745566,Red Clay,Harare,IIa,Subtropical Highland,7.619786664066908,Cotton,1.63,Rainy Season,66.21,Suitable
365,64.92733351870785,Loam,Matabeleland South,IV,Subtropical Highland,6.606646464293192,Paprika,2.42,Rainy Season,75.74,Suitable
366,38.750543182676154,Clay Loam,Masvingo,IV,Temperate Highland,4.983556154877343,Paprika,2.22,Dry Season,43.56,Low Suitability
367,42.23727515701183,Loam,Matabeleland South,V,Temperate Highland,6.165831404934094,Dry Beans,1.24,Hot Dry Season,52.22,Moderately Suitable
368,28.171564440891675,Sandy Loam,Matabeleland North,IV,Dry Tropical,6.1188249962577705,Pumpkin,7.59,Hot Dry Season,47.79,Low Suitability
369,88.91438518006528,Sandy Loam,Mashonaland East,IIb,Humid Subtropical,7.2762546334917015,Wheat,4.61,Cool Dry Season,84.86,Highly Suitable
370,79.73639313738312,Red Clay,Mashonaland West,III,Subtropical Highland,5.493846798327649,Tea,2.3,Dry Season,56.07,Moderately Suitable
371,86.31917015541029,Loam,Mashonaland West,IIb,Dry Tropical,7.305059811081318,Tobacco,1.73,Dry Season,56.18,Moderately Suitable
372,66.46195924320176,Sandy Soil,Midlands,IV,Subtropical Highland,7.229256757149889,Soybeans,2.0,Cool Dry Season,40.65,Low Suitability
373,44.92655608561614,Clay Soil,Masvingo,V,Subtropical Highland,6.262038651397392,Macadamia Nuts,1.84,Winter,59.71,Moderately Suitable
374,91.10772400166456,Silty Loam,Manicaland,IIa,Humid Subtropical,6.734748069008825,Soybeans,1.82,Winter,64.76,Moderately Suitable
375,91.49776907678965,Loam,Harare,IIb,Semi-Arid,5.792162896735458,Sorghum,2.26,Cool Dry Season,96.36,Highly Suitable
376,72.09299149815878,Sandy Loam,Harare,IIa,Humid Subtropical,6.0526261847014196,Sweet Potatoes,8.45,Cool Dry Season,82.14,Highly Suitable
377,72.90106183203632,Clay Soil,Mashonaland West,IIb,Semi-Arid,4.807392198544876,Finger Millet,1.53,Cool Dry Season,62.09,Moderately Suitable
378,69.1007716856626,Silty Loam,Mashonaland Central,IIb,Dry Tropical,5.687681148811119,Watermelon,24.36,Hot Dry Season,75.79,Suitable
379,100.0,Sandy Loam,Manicaland,IIa,Dry Tropical,5.587405115547308,Onions,18.88,Hot Dry Season,71.29,Suitable
380,79.82272322617756,Loam,Mashonaland Central,III,Humid Subtropical,7.105568771233401,Sunflower,1.52,Winter,81.12,Highly Suitable
381,76.85721566420021,Clay Soil,Harare,IIb,Dry Tropical,5.472951066696035,Paprika,2.58,Cool Dry Season,59.03,Moderately Suitable
382,53.78566761470941,Sandy Loam,Matabeleland North,IV,Subtropical Highland,7.9945075422636815,Finger Millet,1.12,Rainy Season,49.3,Low Suitability
383,57.3830632641294,Sandy Loam,Manicaland,III,Subtropical Highland,6.401122085716487,Macadamia Nuts,1.65,Cool Dry Season,47.93,Low Suitability
384,73.48402316321909,Loam,Harare,IIb,Dry Tropical,5.128388424330291,Pearl Millet,1.77,Cool Dry Season,79.98,Suitable
385,69.47533498837991,Red Clay,Mashonaland Central,IIb,Temperate Highland,6.718296924400158,Sugar Beans,1.46,Rainy Season,77.08,Suitable
386,70.3551339056423,Sandy Loam,Matabeleland South,IV,Humid Subtropical,6.581494657263574,Watermelon,24.54,Cool Dry Season,71.56,Suitable
387,56.0284979650247,Silty Loam,Matabeleland North,III,Temperate Highland,5.085845630358294,Sorghum,1.59,Dry Season,62.28,Moderately Suitable
388,68.36654165311933,Sandy Loam,Harare,IIa,Humid Subtropical,5.425975816128817,Coffee,1.0,Hot Dry Season,54.21,Moderately Suitable
389,79.8931940864705,Clay Soil,Harare,IIb,Semi-Arid,6.4949223327386205,Sugar Beans,1.63,Hot Dry Season,70.14,Suitable
390,52.74123982714514,Clay Loam,Matabeleland South,IV,Semi-Arid,6.067840205778518,Maize,2.3,Winter,53.05,Moderately Suitable
391,94.18492266767176,Silty Loam,Mashonaland East,IIa,Subtropical Highland,6.143923308826454,Finger Millet,1.68,Winter,87.76,Highly Suitable
392,63.511797583941195,Sandy Loam,Matabeleland North,IV,Semi-Arid,5.38547408522439,Wheat,4.41,Rainy Season,50.41,Moderately Suitable
393,80.18076500184964,Clay Soil,Mashonaland East,IIa,Subtropical Highland,5.521394372589183,Watermelon,28.16,Hot Dry Season,73.11,Suitable
394,87.45643772616532,Silty Loam,Midlands,III,Subtropical Highland,5.853245220859035,Cowpeas,1.16,Winter,89.78,Highly Suitable
395,68.09692197266531,Silty Loam,Matabeleland North,IV,Subtropical Highland,5.560296636655796,Carrots,15.34,Winter,71.33,Suitable
396,98.5986792636227,Loam,Mashonaland East,IIa,Semi-Arid,5.847601063085321,Tomatoes,30.2,Hot Dry Season,70.42,Suitable
397,86.48037752384616,Clay Loam,Mashonaland West,IIa,Semi-Arid,7.009257229427085,Cowpeas,1.25,Cool Dry Season,81.0,Highly Suitable
398,55.97195185497041,Clay Soil,Midlands,III,Dry Tropical,4.987280449876291,Onions,17.16,Rainy Season,29.81,Not Suitable
399,100.0,Silty Loam,Mashonaland East,IIa,Semi-Arid,6.819285231068982,Pumpkin,13.35,Hot Dry Season,91.46,Highly Suitable
400,44.44166326030238,Clay Soil,Midlands,IV,Temperate Highland,8.17605556581125,Groundnuts,1.13,Hot Dry Season,36.77,Low Suitability
401,69.40610175450718,Sandy Soil,Mashonaland West,IIb,Dry Tropical,6.57581407446685,Potatoes,15.94,Dry Season,49.3,Low Suitability
402,57.50291964394247,Loam,Manicaland,III,Dry Tropical,5.862887427672722,Cabbage,21.2,Dry Season,52.18,Moderately Suitable
403,86.78288623113822,Clay Soil,Mashonaland East,IIb,Temperate Highland,6.620246883674193,Cowpeas,1.25,Cool Dry Season,84.3,Highly Suitable
404,76.36560982594784,Loam,Matabeleland North,III,Temperate Highland,5.463567615536897,Dry Beans,1.36,Rainy Season,62.08,Moderately Suitable
405,32.11143668954907,Sandy Soil,Midlands,IV,Humid Subtropical,5.724251754855841,Tea,2.02,Rainy Season,49.83,Low Suitability
406,58.988053996896014,Clay Loam,Mashonaland East,IIb,Humid Subtropical,6.784902209392083,Potatoes,16.57,Rainy Season,46.52,Low Suitability
407,71.59437311028539,Clay Loam,Mashonaland East,IIa,Semi-Arid,6.206879936136597,Dry Beans,1.66,Winter,67.51,Suitable
408,20.102065625006787,Clay Soil,Matabeleland South,V,Semi-Arid,6.935504970745569,Onions,15.45,Winter,55.46,Moderately Suitable
409,52.99873993094813,Loam,Matabeleland South,IV,Semi-Arid,7.097254614027685,Cotton,1.57,Winter,60.16,Moderately Suitable
410,69.36037326063824,Clay Loam,Mashonaland East,IIb,Semi-Arid,5.416052913951145,Sweet Potatoes,8.46,Winter,64.59,Moderately Suitable
411,83.60194724471658,Sandy Soil,Mashonaland Central,III,Subtropical Highland,7.226352045323847,Wheat,3.83,Rainy Season,70.95,Suitable
412,27.58513466711461,Clay Loam,Masvingo,V,Temperate Highland,5.532657255277102,Potatoes,16.47,Rainy Season,50.4,Moderately Suitable
413,61.65402782524219,Loam,Mashonaland West,IIb,Subtropical Highland,6.582604036710081,Cowpeas,1.23,Hot Dry Season,91.79,Highly Suitable
414,64.04299552121162,Sandy Soil,Harare,IIb,Dry Tropical,4.77871561253909,Watermelon,15.36,Dry Season,47.18,Low Suitability
415,70.15331052869188,Silty Loam,Masvingo,III,Temperate Highland,6.42918514392686,Cotton,1.89,Rainy Season,81.67,Highly Suitable
416,71.64967812494949,Red Clay,Manicaland,III,Temperate Highland,6.306242523043269,Onions,17.32,Rainy Season,62.31,Moderately Suitable
417,69.37874124172205,Sandy Loam,Mashonaland Central,IIb,Semi-Arid,5.703316385506556,Cabbage,22.87,Rainy Season,41.77,Low Suitability
418,77.71416547267316,Sandy Soil,Mashonaland Central,IIa,Subtropical Highland,5.1451245297408255,Coffee,0.96,Dry Season,50.15,Moderately Suitable
419,78.26048478126205,Clay Loam,Mashonaland Central,IIb,Subtropical Highland,5.300662155391078,Pearl Millet,1.69,Winter,84.43,Highly Suitable
420,69.64574463802376,Red Clay,Mashonaland Central,III,Humid Subtropical,7.658448344195172,Tomatoes,31.55,Hot Dry Season,54.62,Moderately Suitable
421,67.91576219242002,Clay Loam,Midlands,III,Temperate Highland,5.245285678445201,Sugar Beans,1.25,Cool Dry Season,50.44,Moderately Suitable
422,67.44452156527998,Sandy Soil,Mashonaland Central,IIa,Temperate Highland,5.9662704245377105,Tea,2.23,Cool Dry Season,38.32,Low Suitability
423,29.38606941023677,Silty Loam,Midlands,III,Dry Tropical,4.874778576402459,Tomatoes,23.25,Cool Dry Season,41.29,Low Suitability
424,32.317833384957225,Clay Loam,Matabeleland South,V,Subtropical Highland,5.979947681702019,Potatoes,16.2,Rainy Season,56.88,Moderately Suitable
425,65.20051141791222,Sandy Loam,Matabeleland North,IV,Temperate Highland,5.322742999231686,Potatoes,15.47,Hot Dry Season,59.67,Moderately Suitable
426,71.90590197170356,Sandy Soil,Mashonaland West,III,Humid Subtropical,6.285349674005222,Sweet Potatoes,11.54,Cool Dry Season,77.32,Suitable
427,75.42844948500164,Loam,Manicaland,IIa,Semi-Arid,6.2212450588122055,Onions,20.55,Hot Dry Season,59.07,Moderately Suitable
428,78.36469635018938,Clay Soil,Mashonaland Central,III,Temperate Highland,6.160022848256634,Cabbage,21.09,Rainy Season,63.0,Moderately Suitable
429,32.52060058043473,Sandy Soil,Midlands,IV,Subtropical Highland,5.611806118313615,Cowpeas,0.94,Hot Dry Season,48.6,Low Suitability
430,62.45690969950005,Red Clay,Masvingo,III,Semi-Arid,6.394465731151181,Sorghum,2.02,Rainy Season,78.27,Suitable
431,100.0,Sandy Loam,Mashonaland Central,IIa,Semi-Arid,6.68054683265219,Paprika,2.6,Dry Season,99.18,Highly Suitable
432,69.26931295404256,Sandy Soil,Mashonaland East,IIa,Temperate Highland,7.948268503668553,Tobacco,1.55,Cool Dry Season,39.19,Low Suitability
433,29.878173174381153,Silty Loam,Matabeleland North,IV,Semi-Arid,6.000979918764309,Tobacco,1.33,Hot Dry Season,53.25,Moderately Suitable
434,100.0,Sandy Loam,Manicaland,IIa,Subtropical Highland,5.935067231129294,Watermelon,24.88,Dry Season,83.3,Highly Suitable
435,78.74346051313776,Sandy Loam,Matabeleland North,III,Semi-Arid,6.483979492878527,Coffee,0.79,Cool Dry Season,33.49,Not Suitable
436,75.78467445594524,Clay Loam,Mashonaland Central,IIb,Subtropical Highland,6.209927504601253,Tea,1.81,Rainy Season,52.45,Moderately Suitable
437,72.43416937427723,Silty Loam,Manicaland,III,Subtropical Highland,5.277869451980302,Cabbage,24.02,Hot Dry Season,50.39,Moderately Suitable
438,54.14693501397048,Loam,Manicaland,III,Dry Tropical,6.146001055670159,Finger Millet,1.61,Dry Season,77.42,Suitable
439,80.144318036649,Clay Soil,Mashonaland Central,IIa,Temperate Highland,6.5639774622973555,Watermelon,27.28,Dry Season,88.05,Highly Suitable
440,38.25405219450846,Sandy Loam,Masvingo,IV,Dry Tropical,6.143171392655132,Tobacco,1.49,Rainy Season,52.42,Moderately Suitable
441,73.89473667998493,Red Clay,Mashonaland Central,IIb,Semi-Arid,7.0838381377387485,Sorghum,2.77,Rainy Season,90.68,Highly Suitable
442,53.33439571976602,Silty Loam,Matabeleland South,IV,Humid Subtropical,6.526440467878298,Tobacco,1.62,Dry Season,60.62,Moderately Suitable
443,88.01908416723192,Clay Soil,Mashonaland East,IIb,Humid Subtropical,7.150717670602929,Dry Beans,1.39,Hot Dry Season,69.29,Suitable
444,71.93658542190335,Loam,Mashonaland Central,IIb,Temperate Highland,5.368397768796471,Finger Millet,1.57,Rainy Season,81.42,Highly Suitable
445,20.23025223513618,Loam,Masvingo,V,Dry Tropical,6.315559994111652,Cowpeas,1.25,Winter,66.05,Suitable
446,88.7407215097884,Clay Loam,Manicaland,III,Humid Subtropical,5.349671730935204,Sorghum,2.09,Rainy Season,91.59,Highly Suitable
447,58.21089976594741,Red Clay,Mashonaland Central,III,Semi-Arid,6.785885903917807,Potatoes,14.69,Hot Dry Season,43.36,Low Suitability
448,68.18443682860112,Red Clay,Manicaland,IIa,Dry Tropical,5.590269481519865,Tomatoes,29.24,Dry Season,50.81,Moderately Suitable
449,87.7345805177722,Red Clay,Harare,IIb,Humid Subtropical,5.699936862344859,Cotton,1.6,Rainy Season,79.87,Suitable
450,58.939482298617165,Clay Soil,Matabeleland North,IV,Dry Tropical,6.609583873169336,Sorghum,2.25,Dry Season,78.77,Suitable
451,54.80617703330869,Red Clay,Matabeleland North,IV,Temperate Highland,6.701313263964507,Finger Millet,1.54,Winter,62.85,Moderately Suitable
452,100.0,Clay Loam,Mashonaland East,IIa,Temperate Highland,6.9992638810400365,Sorghum,2.69,Rainy Season,93.81,Highly Suitable
453,62.04211760027813,Silty Loam,Midlands,III,Subtropical Highland,6.391395013817013,Paprika,2.44,Dry Season,72.51,Suitable
454,53.10894070023499,Silty Loam,Matabeleland North,IV,Subtropical Highland,6.402864039582649,Maize,3.63,Hot Dry Season,53.86,Moderately Suitable
455,100.0,Sandy Soil,Mashonaland East,IIb,Humid Subtropical,6.002392062365724,Groundnuts,1.35,Cool Dry Season,79.98,Suitable
456,100.0,Red Clay,Manicaland,I,Subtropical Highland,5.7163547700220025,Cowpeas,1.1,Dry Season,87.69,Highly Suitable
457,63.83472335515411,Loam,Midlands,IV,Humid Subtropical,6.716458775734166,Watermelon,24.71,Rainy Season,83.62,Highly Suitable
458,87.30255779006539,Red Clay,Mashonaland East,IIa,Semi-Arid,6.670332200111875,Cotton,1.63,Cool Dry Season,88.63,Highly Suitable
459,100.0,Loam,Manicaland,I,Subtropical Highland,5.174043291963603,Pumpkin,10.4,Cool Dry Season,72.18,Suitable
460,74.3161411467018,Loam,Manicaland,IIa,Humid Subtropical,6.264690377168755,Paprika,2.36,Dry Season,76.83,Suitable
461,91.32183753876004,Clay Soil,Harare,IIb,Humid Subtropical,5.8862987072271435,Finger Millet,1.87,Hot Dry Season,83.7,Highly Suitable
462,73.54301951217212,Loam,Mashonaland West,IIb,Temperate Highland,6.559767897948148,Cotton,1.96,Rainy Season,83.78,Highly Suitable
463,94.1539258413172,Clay Soil,Mashonaland Central,IIa,Humid Subtropical,5.431115604166869,Pumpkin,12.26,Hot Dry Season,81.24,Highly Suitable
464,45.023841604142305,Clay Soil,Matabeleland South,V,Semi-Arid,7.270238575419852,Carrots,11.63,Cool Dry Season,40.59,Low Suitability
465,38.11050838174443,Clay Loam,Masvingo,IV,Humid Subtropical,6.152939987023494,Cotton,1.31,Winter,55.25,Moderately Suitable
466,96.30689543314443,Clay Soil,Mashonaland Central,IIa,Subtropical Highland,5.836451928838255,Cowpeas,1.35,Rainy Season,91.99,Highly Suitable
467,99.47757618763688,Clay Loam,Mashonaland West,IIa,Humid Subtropical,5.560480164023885,Sugar Beans,1.61,Hot Dry Season,82.33,Highly Suitable
468,67.45172364015569,Clay Soil,Harare,IIa,Humid Subtropical,6.854261509971327,Watermelon,26.46,Winter,73.36,Suitable
469,45.18518207440561,Sandy Loam,Masvingo,IV,Humid Subtropical,6.456502593065766,Sweet Potatoes,10.38,Winter,55.82,Moderately Suitable
470,63.80162974786954,Sandy Soil,Mashonaland Central,IIb,Semi-Arid,6.4478896464406965,Groundnuts,1.39,Winter,80.67,Highly Suitable
471,80.93045028295933,Clay Loam,Mashonaland West,IIa,Dry Tropical,5.586126798192211,Soybeans,1.88,Cool Dry Season,59.6,Moderately Suitable
472,70.28417627899951,Clay Loam,Mashonaland East,IIa,Semi-Arid,6.920820114590162,Tea,1.68,Rainy Season,24.5,Not Suitable
473,24.756783148309708,Sandy Soil,Matabeleland South,V,Semi-Arid,7.178385272836664,Coffee,1.02,Hot Dry Season,25.36,Not Suitable
474,36.629444867763496,Loam,Masvingo,IV,Dry Tropical,6.037142290192764,Cotton,1.47,Dry Season,54.69,Moderately Suitable
475,70.7488868064758,Clay Loam,Manicaland,III,Temperate Highland,6.154307708969049,Potatoes,16.21,Winter,58.79,Moderately Suitable
476,44.68786934760594,Sandy Soil,Matabeleland South,V,Subtropical Highland,8.4,Potatoes,15.01,Winter,33.88,Not Suitable
477,58.41979953299966,Clay Soil,Matabeleland North,III,Temperate Highland,6.685710482914671,Sweet Potatoes,9.11,Cool Dry Season,61.81,Moderately Suitable
478,56.29006374058311,Red Clay,Mashonaland West,III,Dry Tropical,7.051456048739892,Pearl Millet,1.48,Rainy Season,82.88,Highly Suitable
479,76.83131943421702,Clay Soil,Manicaland,III,Temperate Highland,6.412929500881606,Cowpeas,1.24,Rainy Season,94.04,Highly Suitable
480,31.54916974975833,Sandy Soil,Masvingo,V,Subtropical Highland,4.785820321667398,Dry Beans,1.16,Dry Season,29.0,Not Suitable
481,35.97355656836776,Clay Loam,Matabeleland North,IV,Semi-Arid,4.978968339536592,Potatoes,16.16,Dry Season,42.87,Low Suitability
482,61.97922588810197,Red Clay,Manicaland,III,Semi-Arid,6.392475785811147,Finger Millet,1.71,Dry Season,74.93,Suitable
483,75.73372239294757,Red Clay,Midlands,III,Dry Tropical,5.595711375040406,Paprika,1.59,Winter,64.12,Moderately Suitable
484,51.74540139382324,Clay Loam,Matabeleland North,III,Humid Subtropical,6.324209112674489,Carrots,12.4,Cool Dry Season,66.22,Suitable
485,68.33593377952735,Sandy Loam,Mashonaland East,IIa,Humid Subtropical,6.222504903898205,Watermelon,24.78,Rainy Season,77.72,Suitable
486,30.79629647500659,Loam,Midlands,IV,Temperate Highland,5.762084795680836,Pearl Millet,1.43,Winter,51.93,Moderately Suitable
487,61.38474819115718,Silty Loam,Mashonaland Central,III,Subtropical Highland,6.369394877237414,Tomatoes,32.38,Winter,60.37,Moderately Suitable
488,49.6955015303894,Clay Loam,Matabeleland North,IV,Subtropical Highland,5.82453639050851,Groundnuts,1.23,Dry Season,55.56,Moderately Suitable
489,51.38780763003609,Red Clay,Matabeleland North,III,Temperate Highland,6.6378399089697115,Watermelon,20.62,Cool Dry Season,66.25,Suitable
490,70.1867647091305,Silty Loam,Midlands,III,Semi-Arid,6.818703417210577,Pumpkin,12.73,Winter,76.43,Suitable
491,86.72457597132221,Sandy Soil,Manicaland,III,Semi-Arid,6.570073991137772,Tea,1.38,Hot Dry Season,30.61,Not Suitable
492,35.62414263202247,Clay Loam,Matabeleland North,IV,Semi-Arid,6.249149435622538,Sunflower,1.56,Winter,58.34,Moderately Suitable
493,83.50064506750464,Sandy Soil,Harare,IIa,Subtropical Highland,6.998234139685387,Macadamia Nuts,2.19,Rainy Season,40.57,Low Suitability
494,89.40277417931135,Clay Soil,Mashonaland West,III,Semi-Arid,6.7943805587544555,Tomatoes,31.11,Dry Season,61.64,Moderately Suitable
495,56.84062623561064,Silty Loam,Matabeleland North,IV,Temperate Highland,5.711469282449336,Tea,2.07,Hot Dry Season,51.61,Moderately Suitable
496,32.831710247795115,Clay Loam,Matabeleland South,V,Semi-Arid,5.919917775237864,Paprika,2.12,Dry Season,57.52,Moderately Suitable
497,64.5091845521691,Sandy Soil,Mashonaland West,III,Semi-Arid,5.014016913866755,Macadamia Nuts,2.05,Rainy Season,44.93,Low Suitability
498,81.0722156663666,Sandy Loam,Mashonaland East,IIb,Dry Tropical,5.492630056722958,Tomatoes,28.11,Cool Dry Season,52.41,Moderately Suitable
499,32.04486889061994,Sandy Loam,Matabeleland North,IV,Humid Subtropical,6.568589442454693,Cowpeas,1.26,Dry Season,66.17,Suitable
500,57.91110070812615,Red Clay,Mashonaland East,IIb,Dry Tropical,5.972598787467127,Cowpeas,1.26,Cool Dry Season,85.52,Highly Suitable
501,82.10331171515625,Red Clay,Harare,IIa,Semi-Arid,7.053467577050037,Potatoes,14.17,Hot Dry Season,46.76,Low Suitability
502,76.36645156980303,Red Clay,Masvingo,III,Subtropical Highland,7.01103109545286,Finger Millet,1.72,Winter,84.06,Highly Suitable
503,52.58095038534249,Clay Loam,Mashonaland Central,III,Subtropical Highland,5.9884891385485925,Macadamia Nuts,2.07,Dry Season,60.8,Moderately Suitable
504,81.99119163004572,Silty Loam,Mashonaland West,IIa,Humid Subtropical,6.646017658527638,Carrots,19.88,Rainy Season,80.62,Highly Suitable
505,86.42545810371044,Silty Loam,Mashonaland West,III,Temperate Highland,6.064076724089975,Tea,2.24,Dry Season,47.66,Low Suitability
506,86.86688661678185,Silty Loam,Manicaland,I,Semi-Arid,7.006792225620644,Sorghum,2.2,Rainy Season,95.53,Highly Suitable
507,73.53864084736179,Clay Loam,Midlands,III,Humid Subtropical,5.654474194505651,Pearl Millet,1.73,Cool Dry Season,85.46,Highly Suitable
508,90.00140308960805,Sandy Loam,Mashonaland East,IIa,Subtropical Highland,5.2073087739489585,Tomatoes,25.53,Dry Season,53.1,Moderately Suitable
509,82.57510002064255,Clay Soil,Harare,IIb,Semi-Arid,6.553437843384421,Sweet Potatoes,10.36,Dry Season,73.02,Suitable
510,87.30164151762887,Sandy Soil,Mashonaland East,IIa,Humid Subtropical,6.464002215453224,Carrots,18.42,Winter,83.18,Highly Suitable
511,91.63638726269875,Sandy Loam,Harare,IIb,Subtropical Highland,5.629351441213868,Cotton,1.65,Rainy Season,85.43,Highly Suitable
512,97.04912687649504,Silty Loam,Mashonaland East,IIa,Humid Subtropical,6.010458265570207,Sweet Potatoes,10.53,Dry Season,90.47,Highly Suitable
513,66.4738169943279,Sandy Loam,Mashonaland Central,III,Semi-Arid,5.257958905348971,Onions,19.14,Rainy Season,42.17,Low Suitability
514,71.37788973192654,Loam,Mashonaland West,III,Temperate Highland,6.838145677894395,Watermelon,26.48,Dry Season,82.64,Highly Suitable
515,57.09122255324776,Loam,Matabeleland North,III,Dry Tropical,4.7765483611238775,Tea,2.19,Winter,51.56,Moderately Suitable
516,100.0,Sandy Loam,Mashonaland East,IIb,Subtropical Highland,6.258837598083434,Sunflower,1.66,Cool Dry Season,89.59,Highly Suitable
517,39.604453510130625,Clay Soil,Masvingo,IV,Dry Tropical,5.789746459366254,Paprika,2.42,Dry Season,46.19,Low Suitability
518,100.0,Sandy Loam,Harare,IIb,Temperate Highland,5.87933413900286,Finger Millet,1.4,Rainy Season,87.67,Highly Suitable
519,76.93619642116437,Clay Loam,Manicaland,I,Semi-Arid,7.293628105609333,Watermelon,25.78,Dry Season,75.11,Suitable
520,77.49416954777917,Clay Loam,Mashonaland East,IIb,Dry Tropical,6.683834515745842,Tomatoes,25.03,Cool Dry Season,60.57,Moderately Suitable
521,40.91453779802639,Sandy Soil,Matabeleland North,III,Dry Tropical,6.846318870652525,Maize,3.17,Winter,52.95,Moderately Suitable
522,86.84149586425661,Loam,Manicaland,I,Subtropical Highland,5.537431132934273,Onions,18.63,Hot Dry Season,71.99,Suitable
523,93.95023139366721,Silty Loam,Harare,IIb,Temperate Highland,6.673100123109515,Sweet Potatoes,11.37,Winter,92.02,Highly Suitable
524,33.22029502009696,Clay Soil,Matabeleland South,IV,Semi-Arid,6.002307387381317,Soybeans,1.95,Cool Dry Season,53.37,Moderately Suitable
525,30.82585286668331,Sandy Loam,Masvingo,V,Semi-Arid,5.714442345723787,Tomatoes,20.26,Hot Dry Season,43.27,Low Suitability
526,32.6714722878151,Sandy Loam,Matabeleland South,V,Dry Tropical,7.27214898092633,Tea,2.15,Winter,31.53,Not Suitable
527,46.972940690497396,Sandy Loam,Matabeleland South,IV,Humid Subtropical,7.636576018679645,Cowpeas,1.03,Winter,51.36,Moderately Suitable
528,36.09170197266464,Loam,Masvingo,V,Semi-Arid,6.073368061097775,Watermelon,20.67,Dry Season,43.96,Low Suitability
529,56.34248344625436,Loam,Matabeleland South,IV,Semi-Arid,6.595023531578432,Sunflower,1.22,Dry Season,76.23,Suitable
530,72.94093340477696,Clay Loam,Matabeleland North,III,Subtropical Highland,5.684796783750616,Dry Beans,1.27,Dry Season,64.88,Moderately Suitable
531,64.34776244415076,Clay Soil,Mashonaland East,IIb,Dry Tropical,6.400830648119383,Finger Millet,1.64,Winter,68.22,Suitable
532,76.88710512936508,Clay Soil,Mashonaland West,IIb,Dry Tropical,4.745935529747356,Sugar Beans,1.53,Rainy Season,44.15,Low Suitability
533,64.1933986349948,Sandy Loam,Mashonaland East,IIb,Subtropical Highland,5.279923449086273,Dry Beans,1.15,Cool Dry Season,50.99,Moderately Suitable
534,28.982366023560356,Sandy Loam,Matabeleland South,V,Dry Tropical,6.06607102407961,Maize,3.38,Dry Season,52.21,Moderately Suitable
535,48.088044506388144,Silty Loam,Matabeleland North,IV,Dry Tropical,6.260455831715391,Sugar Beans,1.22,Cool Dry Season,49.51,Low Suitability
536,68.65110653343179,Clay Loam,Matabeleland North,III,Humid Subtropical,6.234652456861215,Pearl Millet,2.04,Rainy Season,96.87,Highly Suitable
537,80.96998886252018,Clay Loam,Harare,IIb,Temperate Highland,6.674282144424349,Paprika,2.54,Cool Dry Season,85.52,Highly Suitable
538,90.12766402772891,Clay Soil,Manicaland,I,Temperate Highland,6.2532460365687115,Cotton,1.67,Winter,81.81,Highly Suitable
539,29.362593291493084,Sandy Soil,Matabeleland North,IV,Subtropical Highland,5.631791206593315,Sunflower,1.36,Dry Season,34.2,Not Suitable
540,89.69999563758654,Loam,Mashonaland West,IIb,Semi-Arid,5.654806280802383,Watermelon,24.3,Cool Dry Season,87.56,Highly Suitable
541,47.04353180017647,Sandy Loam,Midlands,IV,Subtropical Highland,5.827456472904721,Dry Beans,1.07,Hot Dry Season,47.91,Low Suitability
542,41.872007714799665,Sandy Loam,Matabeleland South,V,Humid Subtropical,6.4272862121995376,Sugar Beans,1.41,Dry Season,59.89,Moderately Suitable
543,90.05809510507606,Sandy Loam,Mashonaland West,IIb,Subtropical Highland,6.762817665802682,Pearl Millet,1.56,Winter,88.2,Highly Suitable
544,52.827823424411186,Clay Soil,Masvingo,III,Humid Subtropical,5.520176705542128,Tea,2.16,Dry Season,55.74,Moderately Suitable
545,65.71166482564611,Sandy Soil,Mashonaland Central,IIb,Humid Subtropical,7.213761029645081,Onions,15.94,Dry Season,67.14,Suitable
546,43.59270367828278,Clay Loam,Matabeleland South,IV,Humid Subtropical,5.842336982725041,Sorghum,1.94,Winter,67.56,Suitable
547,58.06102495985389,Sandy Soil,Matabeleland North,IV,Subtropical Highland,4.955302371255197,Paprika,2.22,Winter,38.23,Low Suitability
548,82.13147104786333,Clay Loam,Mashonaland West,IIa,Temperate Highland,6.425834875325521,Sugar Beans,1.16,Hot Dry Season,84.93,Highly Suitable
549,70.24389115284743,Loam,Midlands,III,Temperate Highland,6.400655214594916,Maize,3.34,Rainy Season,59.54,Moderately Suitable
550,68.48389687222571,Loam,Mashonaland East,IIb,Semi-Arid,6.152894957642034,Wheat,4.83,Hot Dry Season,66.83,Suitable
551,77.17119455512157,Sandy Soil,Mashonaland Central,IIb,Temperate Highland,6.041960765692428,Maize,3.29,Winter,49.78,Low Suitability
552,63.372094365062146,Clay Soil,Harare,IIb,Dry Tropical,5.474382441968574,Sunflower,1.45,Cool Dry Season,67.95,Suitable
553,100.0,Sandy Soil,Manicaland,I,Subtropical Highland,6.09646469353885,Finger Millet,1.66,Cool Dry Season,86.33,Highly Suitable
554,74.05602203996881,Sandy Soil,Masvingo,IV,Dry Tropical,6.264499298753912,Sorghum,2.11,Rainy Season,79.24,Suitable
555,85.68438468759723,Clay Loam,Mashonaland West,IIb,Subtropical Highland,5.643489931332695,Watermelon,23.29,Rainy Season,79.08,Suitable
556,65.13436232137062,Sandy Loam,Mashonaland Central,III,Dry Tropical,5.893870118008285,Groundnuts,1.26,Rainy Season,78.34,Suitable
557,10.0,Silty Loam,Matabeleland South,V,Humid Subtropical,5.38058429721244,Carrots,18.12,Rainy Season,47.51,Low Suitability
558,71.65682009650249,Loam,Manicaland,IIa,Semi-Arid,5.832396238820466,Groundnuts,1.27,Rainy Season,81.83,Highly Suitable
559,82.1542020874037,Sandy Loam,Mashonaland West,IIb,Humid Subtropical,5.223632935834177,Onions,16.85,Cool Dry Season,60.32,Moderately Suitable
560,55.176592686472496,Clay Loam,Midlands,III,Dry Tropical,6.242107505183125,Sweet Potatoes,8.58,Dry Season,62.37,Moderately Suitable
561,66.62427479251551,Sandy Soil,Mashonaland West,IIa,Humid Subtropical,4.445188913219452,Sweet Potatoes,8.96,Cool Dry Season,45.85,Low Suitability
562,69.7255513519727,Red Clay,Mashonaland Central,IIb,Semi-Arid,6.440784506873627,Tobacco,1.89,Winter,56.87,Moderately Suitable
563,100.0,Clay Loam,Manicaland,I,Dry Tropical,5.0038435519883,Pearl Millet,1.54,Rainy Season,77.75,Suitable
564,78.81526144893597,Silty Loam,Mashonaland East,IIa,Semi-Arid,5.209682639866693,Coffee,0.93,Dry Season,37.15,Low Suitability
565,90.13725085660133,Clay Soil,Mashonaland West,IIa,Subtropical Highland,6.442312443453425,Pearl Millet,1.61,Dry Season,89.09,Highly Suitable
566,88.27098214313901,Sandy Loam,Mashonaland East,IIb,Temperate Highland,5.133678448214663,Onions,15.86,Cool Dry Season,54.67,Moderately Suitable
567,99.28939191920904,Red Clay,Mashonaland West,IIa,Dry Tropical,6.497365113058189,Dry Beans,1.7,Hot Dry Season,90.01,Highly Suitable
568,33.49735148098627,Sandy Soil,Matabeleland South,V,Humid Subtropical,5.971744546311559,Sunflower,1.43,Dry Season,42.97,Low Suitability
569,10.0,Loam,Masvingo,V,Humid Subtropical,6.158409968894064,Potatoes,14.24,Winter,53.41,Moderately Suitable
570,65.33750747463557,Sandy Loam,Midlands,III,Dry Tropical,4.697889696105628,Potatoes,16.18,Dry Season,37.59,Low Suitability
571,95.42330721237377,Sandy Soil,Mashonaland Central,IIb,Dry Tropical,6.587742854120856,Sugar Beans,1.51,Winter,80.1,Highly Suitable
572,56.9652927117923,Red Clay,Mashonaland West,III,Dry Tropical,5.423959256986441,Sugar Beans,1.31,Hot Dry Season,36.61,Low Suitability
573,53.849307665102515,Clay Soil,Matabeleland South,IV,Temperate Highland,6.4345344344561015,Carrots,17.39,Winter,60.44,Moderately Suitable
574,80.35210858879104,Clay Loam,Harare,IIa,Temperate Highland,5.174184575902206,Wheat,3.78,Cool Dry Season,63.05,Moderately Suitable
575,66.19518837972105,Sandy Loam,Mashonaland Central,IIb,Subtropical Highland,6.412581076808478,Groundnuts,1.36,Hot Dry Season,72.02,Suitable
576,98.15158537818641,Clay Loam,Manicaland,IIa,Dry Tropical,6.0157094197533505,Cotton,1.57,Rainy Season,87.05,Highly Suitable
577,100.0,Loam,Mashonaland Central,IIa,Subtropical Highland,7.2723405893528135,Sorghum,2.11,Cool Dry Season,85.57,Highly Suitable
578,36.70080678396659,Sandy Soil,Matabeleland South,V,Semi-Arid,6.3923441831439,Dry Beans,1.56,Dry Season,54.04,Moderately Suitable
579,44.57815540788476,Sandy Soil,Matabeleland South,V,Subtropical Highland,5.959265119712208,Sugar Beans,1.37,Dry Season,47.32,Low Suitability
580,73.4639297139681,Clay Soil,Mashonaland East,IIa,Subtropical Highland,5.476446167741494,Paprika,2.39,Winter,61.0,Moderately Suitable
581,25.998651362027715,Loam,Matabeleland South,V,Semi-Arid,6.640443246308631,Dry Beans,1.22,Winter,58.82,Moderately Suitable
582,40.98856970014821,Silty Loam,Matabeleland North,IV,Dry Tropical,6.06967820797838,Tomatoes,25.19,Hot Dry Season,51.23,Moderately Suitable
583,76.05864191807053,Silty Loam,Mashonaland Central,IIb,Dry Tropical,6.076049022483173,Tobacco,1.77,Hot Dry Season,62.57,Moderately Suitable
584,90.18834166887729,Sandy Soil,Manicaland,IIa,Semi-Arid,5.793799773924559,Sugar Beans,1.57,Dry Season,73.28,Suitable
585,94.27498601177834,Sandy Soil,Harare,IIa,Subtropical Highland,6.64155171716086,Sugar Beans,1.61,Cool Dry Season,83.33,Highly Suitable
586,97.35860817335471,Sandy Soil,Manicaland,I,Subtropical Highland,6.51145976769909,Onions,19.25,Dry Season,79.98,Suitable
587,75.95486817296994,Sandy Loam,Mashonaland Central,IIb,Dry Tropical,6.079780292882736,Maize,3.12,Rainy Season,62.97,Moderately Suitable
588,59.85663379636199,Red Clay,Mashonaland Central,III,Subtropical Highland,5.817517117749308,Finger Millet,1.78,Dry Season,77.1,Suitable
589,77.74314782213393,Red Clay,Harare,IIb,Humid Subtropical,5.586297470811157,Onions,16.06,Hot Dry Season,49.27,Low Suitability
590,68.05037830343605,Clay Loam,Harare,IIb,Temperate Highland,5.31127609378684,Onions,13.53,Rainy Season,50.74,Moderately Suitable
591,75.14439826479875,Silty Loam,Harare,IIb,Temperate Highland,6.623705490160111,Tomatoes,25.51,Dry Season,69.52,Suitable
592,53.55801432495571,Sandy Loam,Harare,IIa,Humid Subtropical,7.1573531620856965,Cabbage,22.2,Winter,58.72,Moderately Suitable
593,92.11258997071143,Clay Loam,Mashonaland East,IIa,Semi-Arid,5.593527147595584,Cabbage,25.26,Cool Dry Season,61.97,Moderately Suitable
594,76.60724416805026,Sandy Soil,Mashonaland East,IIa,Humid Subtropical,6.749479674849118,Potatoes,15.44,Rainy Season,43.07,Low Suitability
595,61.0439677966327,Clay Loam,Matabeleland North,III,Dry Tropical,6.0396082992545645,Finger Millet,1.75,Dry Season,69.55,Suitable
596,51.31382017954839,Sandy Soil,Masvingo,III,Semi-Arid,5.743172642132509,Macadamia Nuts,1.78,Dry Season,55.45,Moderately Suitable
597,100.0,Sandy Loam,Midlands,III,Semi-Arid,6.413842881006705,Potatoes,19.03,Dry Season,66.27,Suitable
598,76.4894093033232,Sandy Soil,Mashonaland Central,IIb,Semi-Arid,4.900024216513941,Cowpeas,1.3,Hot Dry Season,72.86,Suitable
599,24.723896475052427,Loam,Matabeleland South,V,Subtropical Highland,6.470898413040497,Pearl Millet,1.86,Rainy Season,69.87,Suitable
600,71.93227627577892,Sandy Soil,Masvingo,III,Semi-Arid,5.190896676550329,Sweet Potatoes,9.22,Winter,60.41,Moderately Suitable
601,56.5474537378127,Clay Soil,Matabeleland North,IV,Dry Tropical,6.996139077810318,Coffee,0.96,Cool Dry Season,36.24,Low Suitability
602,36.07820905402125,Sandy Soil,Matabeleland North,IV,Humid Subtropical,5.816842183753139,Cowpeas,1.09,Winter,56.59,Moderately Suitable
603,79.02979562145381,Loam,Harare,IIb,Semi-Arid,5.137243315172761,Tea,2.3,Hot Dry Season,67.76,Suitable
604,55.54154213632187,Sandy Loam,Manicaland,III,Temperate Highland,7.7912562387994555,Coffee,1.06,Winter,37.07,Low Suitability
605,74.03927544584727,Clay Loam,Mashonaland East,IIa,Dry Tropical,6.4124650986129845,Soybeans,1.45,Cool Dry Season,53.09,Moderately Suitable
606,85.02792353831198,Clay Soil,Harare,IIb,Temperate Highland,7.790060578288092,Finger Millet,1.59,Cool Dry Season,78.27,Suitable
607,80.53403565526591,Sandy Soil,Mashonaland Central,IIa,Humid Subtropical,6.225633286793431,Sunflower,1.66,Dry Season,83.72,Highly Suitable
608,100.0,Silty Loam,Mashonaland East,IIa,Subtropical Highland,7.107140526832165,Watermelon,29.72,Rainy Season,91.7,Highly Suitable
609,100.0,Silty Loam,Midlands,III,Temperate Highland,5.305638554913142,Sweet Potatoes,10.06,Cool Dry Season,78.59,Suitable
610,96.7639407430205,Silty Loam,Mashonaland East,IIa,Subtropical Highland,7.071847253511497,Maize,3.35,Winter,70.94,Suitable
611,52.6565199337164,Silty Loam,Masvingo,IV,Dry Tropical,6.369581007533279,Maize,3.78,Rainy Season,57.54,Moderately Suitable
612,73.96917532041566,Clay Loam,Harare,IIa,Dry Tropical,5.413556266379306,Maize,3.33,Cool Dry Season,40.22,Low Suitability
613,41.844827963080576,Sandy Soil,Matabeleland North,IV,Semi-Arid,7.299245126259011,Carrots,13.36,Winter,33.84,Not Suitable
614,62.75394638299383,Clay Soil,Matabeleland North,IV,Temperate Highland,4.896933553203417,Sorghum,2.36,Winter,67.55,Suitable
615,43.931740555434246,Clay Soil,Midlands,IV,Temperate Highland,6.850831640394636,Coffee,0.89,Winter,33.99,Not Suitable
616,62.606531882476865,Sandy Loam,Midlands,III,Temperate Highland,5.246563130065698,Maize,3.35,Rainy Season,37.23,Low Suitability
617,74.9603915690537,Sandy Loam,Mashonaland West,III,Dry Tropical,6.02037602330994,Carrots,15.23,Winter,72.96,Suitable
618,71.97131580863203,Silty Loam,Mashonaland Central,IIb,Semi-Arid,5.89224445141129,Wheat,3.91,Winter,72.45,Suitable
619,59.255874830192695,Silty Loam,Matabeleland North,III,Subtropical Highland,5.019605802098086,Cotton,1.73,Cool Dry Season,45.41,Low Suitability
620,56.4265299497475,Sandy Loam,Mashonaland West,III,Temperate Highland,7.4581770874065585,Groundnuts,1.21,Hot Dry Season,50.66,Moderately Suitable
621,65.13320689221968,Clay Soil,Midlands,III,Semi-Arid,6.200202578066135,Tea,2.54,Winter,39.57,Low Suitability
622,50.49243992836478,Silty Loam,Matabeleland South,IV,Subtropical Highland,6.2325875182635935,Cabbage,21.59,Rainy Season,54.13,Moderately Suitable
623,37.68007763669072,Loam,Midlands,IV,Dry Tropical,8.4,Finger Millet,1.35,Rainy Season,34.01,Not Suitable
624,59.247851742949855,Clay Loam,Matabeleland North,III,Humid Subtropical,6.983798499328343,Sweet Potatoes,9.72,Dry Season,66.33,Suitable
625,100.0,Clay Soil,Manicaland,IIa,Humid Subtropical,6.966157899486115,Carrots,16.31,Cool Dry Season,85.34,Highly Suitable
626,61.751660631887724,Loam,Matabeleland North,III,Humid Subtropical,4.671042120070694,Pearl Millet,1.69,Winter,73.71,Suitable
627,53.38116760217186,Sandy Soil,Matabeleland North,III,Dry Tropical,4.508618331144468,Finger Millet,1.53,Rainy Season,49.9,Low Suitability
628,58.96107921192335,Loam,Mashonaland East,IIb,Dry Tropical,5.429577052484255,Sorghum,2.24,Rainy Season,70.58,Suitable
629,54.58201246345328,Loam,Matabeleland South,IV,Subtropical Highland,6.45424588285612,Groundnuts,1.29,Winter,66.8,Suitable
630,75.67084208822563,Sandy Loam,Harare,IIb,Humid Subtropical,6.097079973622808,Tea,1.73,Winter,49.77,Low Suitability
631,89.38352191409291,Sandy Soil,Mashonaland Central,IIb,Temperate Highland,4.547980519148477,Sunflower,1.38,Dry Season,56.03,Moderately Suitable
632,36.06301888177353,Sandy Loam,Masvingo,V,Subtropical Highland,6.556112242147319,Cabbage,23.37,Winter,53.16,Moderately Suitable
633,28.823031654216106,Sandy Soil,Midlands,IV,Temperate Highland,7.397770894888238,Macadamia Nuts,1.84,Winter,35.1,Low Suitability
634,88.25386974464291,Sandy Soil,Harare,IIa,Subtropical Highland,6.249487476438684,Maize,3.15,Winter,59.65,Moderately Suitable
635,41.08710909934259,Clay Loam,Masvingo,IV,Semi-Arid,7.360317114598708,Maize,3.82,Dry Season,44.69,Low Suitability
636,27.930909976264406,Sandy Soil,Midlands,IV,Temperate Highland,7.271253729697935,Watermelon,22.34,Winter,42.21,Low Suitability
637,81.06798027592411,Silty Loam,Masvingo,III,Temperate Highland,6.433557010588007,Tomatoes,32.54,Dry Season,74.75,Suitable
638,55.956171446283115,Sandy Soil,Mashonaland West,III,Humid Subtropical,5.447083897991486,Maize,3.36,Hot Dry Season,43.51,Low Suitability
639,49.30896565509312,Clay Soil,Matabeleland South,IV,Temperate Highland,4.958470622009612,Tomatoes,24.99,Cool Dry Season,36.33,Low Suitability
640,95.63491121256831,Clay Loam,Manicaland,IIa,Humid Subtropical,5.151752089291117,Coffee,1.07,Rainy Season,52.61,Moderately Suitable
641,51.316991716992426,Sandy Loam,Midlands,IV,Humid Subtropical,5.391697731464553,Sorghum,1.98,Hot Dry Season,62.3,Moderately Suitable
642,46.790483874245325,Sandy Loam,Matabeleland North,IV,Humid Subtropical,5.1918227022374515,Groundnuts,1.37,Hot Dry Season,51.4,Moderately Suitable
643,24.515139182303198,Sandy Loam,Matabeleland South,V,Humid Subtropical,6.359085275848418,Macadamia Nuts,1.74,Dry Season,56.67,Moderately Suitable
644,92.00047209733407,Sandy Soil,Mashonaland Central,IIa,Temperate Highland,6.19097756007579,Tomatoes,34.75,Cool Dry Season,66.4,Suitable
645,88.21306973207697,Sandy Loam,Mashonaland West,III,Subtropical Highland,6.865119746599403,Paprika,2.59,Winter,83.4,Highly Suitable
646,37.06097008435733,Silty Loam,Matabeleland South,V,Dry Tropical,6.361774035414465,Coffee,1.06,Winter,46.67,Low Suitability
647,100.0,Red Clay,Manicaland,IIa,Temperate Highland,5.41218504248859,Soybeans,1.94,Dry Season,65.6,Suitable
648,52.392365177596275,Sandy Soil,Mashonaland Central,III,Subtropical Highland,6.442598788212958,Paprika,2.03,Rainy Season,52.89,Moderately Suitable
649,12.655262328885911,Clay Soil,Matabeleland South,V,Subtropical Highland,7.014207052230544,Sunflower,1.44,Hot Dry Season,42.62,Low Suitability
650,51.89537767863764,Red Clay,Manicaland,III,Semi-Arid,5.51218808584227,Cotton,1.47,Dry Season,48.1,Low Suitability
651,51.18681903828091,Sandy Soil,Matabeleland South,IV,Semi-Arid,6.9159708452392294,Cowpeas,1.1,Cool Dry Season,70.76,Suitable
652,88.20946104790893,Clay Loam,Harare,IIb,Dry Tropical,5.407816255501103,Sugar Beans,1.47,Hot Dry Season,69.92,Suitable
653,81.92965607097555,Sandy Soil,Mashonaland West,IIa,Dry Tropical,6.341533222558414,Cotton,1.98,Dry Season,76.52,Suitable
654,45.514361365068154,Sandy Loam,Manicaland,III,Temperate Highland,6.194205289170739,Soybeans,1.71,Dry Season,54.63,Moderately Suitable
655,98.75185198567578,Red Clay,Mashonaland West,IIa,Dry Tropical,6.4042500508462465,Sweet Potatoes,8.67,Winter,78.35,Suitable
656,46.05051177515189,Clay Loam,Matabeleland North,IV,Dry Tropical,7.132122787901181,Cowpeas,1.01,Rainy Season,68.22,Suitable
657,82.65858446318246,Sandy Loam,Harare,IIb,Subtropical Highland,7.5357788444317215,Cowpeas,1.23,Hot Dry Season,85.69,Highly Suitable
658,93.37392838297578,Silty Loam,Manicaland,IIa,Temperate Highland,5.649444898892354,Onions,18.37,Dry Season,72.75,Suitable
659,87.32559225216735,Clay Loam,Manicaland,IIa,Humid Subtropical,6.681614714224447,Onions,19.73,Rainy Season,86.7,Highly Suitable
660,69.0478506785816,Red Clay,Mashonaland West,III,Subtropical Highland,6.52825497514483,Watermelon,25.65,Dry Season,84.92,Highly Suitable
661,94.89229183645452,Sandy Loam,Manicaland,IIa,Semi-Arid,5.935177751436646,Carrots,18.41,Hot Dry Season,89.48,Highly Suitable
662,84.57650583895968,Sandy Soil,Mashonaland Central,IIb,Temperate Highland,7.3262014044733945,Sorghum,1.95,Hot Dry Season,71.09,Suitable
663,61.19484586252067,Clay Loam,Masvingo,III,Semi-Arid,6.767838776505833,Pumpkin,11.11,Cool Dry Season,78.05,Suitable
664,87.65386447005879,Sandy Loam,Mashonaland West,IIb,Temperate Highland,6.233104172499195,Tobacco,1.98,Dry Season,71.24,Suitable
665,94.86174355438507,Sandy Loam,Mashonaland Central,IIb,Temperate Highland,5.344861454638491,Carrots,17.49,Hot Dry Season,77.99,Suitable
666,77.83938007466068,Loam,Manicaland,IIa,Humid Subtropical,7.444172875708484,Watermelon,19.99,Dry Season,62.46,Moderately Suitable
667,64.45506623172797,Clay Soil,Mashonaland West,III,Humid Subtropical,6.250590924550896,Carrots,20.44,Rainy Season,75.35,Suitable
668,40.922714940782804,Loam,Matabeleland North,IV,Semi-Arid,5.424996878008228,Sunflower,1.06,Rainy Season,41.99,Low Suitability
669,69.40777626428755,Sandy Loam,Harare,IIa,Subtropical Highland,4.2,Coffee,0.86,Cool Dry Season,28.03,Not Suitable
670,76.45200502158957,Red Clay,Matabeleland North,III,Semi-Arid,6.185763050239354,Tomatoes,24.17,Rainy Season,59.82,Moderately Suitable
671,46.92875477589205,Sandy Soil,Masvingo,IV,Dry Tropical,5.4915290501063,Soybeans,1.9,Dry Season,42.75,Low Suitability
672,73.72131781557744,Loam,Manicaland,IIa,Dry Tropical,6.252872171765873,Pearl Millet,1.68,Rainy Season,94.21,Highly Suitable
673,55.969428406074826,Sandy Loam,Matabeleland North,III,Dry Tropical,8.090531519118478,Carrots,17.16,Hot Dry Season,43.21,Low Suitability
674,31.71041398643792,Red Clay,Mashonaland West,III,Humid Subtropical,5.865405793735338,Coffee,1.09,Dry Season,59.93,Moderately Suitable
675,75.38586805868329,Red Clay,Midlands,III,Semi-Arid,5.495327943610431,Coffee,1.19,Dry Season,45.22,Low Suitability
676,23.56139941870265,Sandy Soil,Matabeleland South,V,Humid Subtropical,5.668280734215619,Sweet Potatoes,6.64,Dry Season,40.99,Low Suitability
677,88.80999649246992,Clay Soil,Manicaland,IIa,Semi-Arid,6.398988260058488,Carrots,17.57,Cool Dry Season,84.56,Highly Suitable
678,79.02860913121472,Loam,Mashonaland West,III,Humid Subtropical,6.205991981680957,Onions,18.08,Rainy Season,75.71,Suitable
679,72.47951531349841,Sandy Loam,Mashonaland West,III,Semi-Arid,6.51663999607808,Cowpeas,1.11,Hot Dry Season,89.76,Highly Suitable
680,99.42251445949674,Silty Loam,Harare,IIa,Dry Tropical,5.5378508640893,Paprika,2.79,Winter,75.47,Suitable
681,87.0122991788099,Silty Loam,Mashonaland Central,IIa,Temperate Highland,4.2,Onions,17.29,Rainy Season,54.93,Moderately Suitable
682,73.82003479949894,Sandy Loam,Mashonaland West,IIb,Dry Tropical,5.4067589029078515,Onions,16.74,Cool Dry Season,54.88,Moderately Suitable
683,55.87084460702671,Silty Loam,Mashonaland West,IIa,Humid Subtropical,5.908749572650516,Carrots,14.79,Dry Season,62.38,Moderately Suitable
684,61.481241180531974,Sandy Soil,Mashonaland Central,III,Dry Tropical,6.116032374326265,Sugar Beans,1.37,Hot Dry Season,53.98,Moderately Suitable
685,69.0066180812185,Silty Loam,Mashonaland East,IIa,Temperate Highland,5.412002075575138,Coffee,1.1,Hot Dry Season,44.36,Low Suitability
686,100.0,Sandy Soil,Harare,IIb,Semi-Arid,5.743361818890982,Groundnuts,1.62,Dry Season,85.98,Highly Suitable
687,100.0,Clay Soil,Masvingo,III,Subtropical Highland,6.425843557139018,Sweet Potatoes,11.59,Dry Season,97.19,Highly Suitable
688,58.52456555857539,Red Clay,Mashonaland West,IIb,Humid Subtropical,7.400656342757819,Cabbage,14.62,Winter,49.95,Low Suitability
689,94.29507554291645,Sandy Soil,Harare,IIa,Semi-Arid,5.562481874215779,Cowpeas,1.14,Dry Season,76.39,Suitable
690,20.94730412319225,Silty Loam,Matabeleland South,V,Dry Tropical,6.434874205499263,Cabbage,17.86,Cool Dry Season,55.01,Moderately Suitable
691,85.53050755468455,Red Clay,Harare,IIb,Semi-Arid,4.905773881141526,Groundnuts,1.46,Rainy Season,62.6,Moderately Suitable
692,89.55276247216084,Red Clay,Manicaland,IIa,Temperate Highland,6.834630097270897,Tea,1.81,Dry Season,29.06,Not Suitable
693,84.81365794134516,Sandy Loam,Harare,IIa,Dry Tropical,6.930497253319615,Onions,16.3,Dry Season,74.4,Suitable
694,49.1445568260616,Silty Loam,Matabeleland South,IV,Subtropical Highland,6.250385832240486,Groundnuts,1.36,Dry Season,64.3,Moderately Suitable
695,74.45139199110204,Sandy Loam,Matabeleland North,IV,Dry Tropical,6.089533764849082,Onions,15.41,Dry Season,64.62,Moderately Suitable
696,77.38442311113353,Clay Soil,Mashonaland West,IIa,Dry Tropical,6.768559990205069,Pearl Millet,1.71,Winter,86.63,Highly Suitable
697,32.896373781432374,Clay Soil,Masvingo,IV,Semi-Arid,4.7395211257326375,Onions,13.23,Dry Season,23.16,Not Suitable
698,71.76614659102015,Red Clay,Harare,IIa,Semi-Arid,7.10031529993265,Dry Beans,1.39,Dry Season,63.72,Moderately Suitable
699,84.4382722503518,Sandy Loam,Manicaland,IIa,Subtropical Highland,6.8511325847950015,Sweet Potatoes,10.59,Dry Season,86.54,Highly Suitable
700,29.384533074568246,Clay Soil,Matabeleland South,V,Temperate Highland,7.72784592271986,Sweet Potatoes,7.52,Rainy Season,31.27,Not Suitable
701,78.12249953162069,Sandy Loam,Manicaland,IIa,Dry Tropical,6.032532708459512,Sugar Beans,1.52,Winter,60.46,Moderately Suitable
702,66.12464028023484,Loam,Masvingo,III,Humid Subtropical,5.525419820323185,Pearl Millet,2.13,Dry Season,79.55,Suitable
703,47.42665296117697,Silty Loam,Matabeleland North,III,Subtropical Highland,5.300742205613742,Groundnuts,1.2,Hot Dry Season,48.18,Low Suitability
704,70.71398064732296,Loam,Harare,IIa,Semi-Arid,5.794014233423264,Macadamia Nuts,1.62,Hot Dry Season,56.3,Moderately Suitable
705,87.93877465832632,Sandy Soil,Harare,IIa,Dry Tropical,7.394546342014676,Onions,20.73,Hot Dry Season,67.1,Suitable
706,21.163253520091345,Sandy Loam,Matabeleland South,V,Temperate Highland,5.558873812300413,Tobacco,1.84,Hot Dry Season,51.58,Moderately Suitable
707,22.930863832811635,Sandy Soil,Matabeleland North,IV,Semi-Arid,6.252942181563004,Coffee,1.01,Winter,44.12,Low Suitability
708,65.49299730906921,Sandy Soil,Mashonaland East,IIb,Semi-Arid,5.815253938102442,Watermelon,20.51,Dry Season,61.94,Moderately Suitable
709,100.0,Sandy Soil,Manicaland,I,Subtropical Highland,6.276732750356645,Watermelon,23.93,Hot Dry Season,78.05,Suitable
710,88.7631974768137,Sandy Loam,Harare,IIb,Subtropical Highland,6.340356490077662,Cotton,1.52,Rainy Season,83.72,Highly Suitable
711,69.44418737534036,Silty Loam,Matabeleland South,IV,Temperate Highland,6.992457386781205,Pumpkin,10.78,Rainy Season,84.92,Highly Suitable
712,56.31248993103112,Silty Loam,Midlands,III,Semi-Arid,6.392587836135393,Potatoes,15.72,Dry Season,38.33,Low Suitability
713,46.562556734578855,Sandy Loam,Matabeleland South,IV,Temperate Highland,5.632317595426201,Carrots,18.72,Dry Season,50.2,Moderately Suitable
714,95.97461547900751,Sandy Loam,Manicaland,IIa,Subtropical Highland,7.047477795580668,Sunflower,1.55,Cool Dry Season,81.5,Highly Suitable
715,33.04107412010011,Sandy Loam,Matabeleland South,V,Subtropical Highland,4.606242406322738,Tomatoes,21.14,Cool Dry Season,36.29,Low Suitability
716,71.65458592059818,Loam,Mashonaland West,IIb,Subtropical Highland,5.712795775548752,Dry Beans,1.32,Rainy Season,68.35,Suitable
717,47.68465493134477,Loam,Midlands,IV,Temperate Highland,5.139868551313861,Pumpkin,7.16,Cool Dry Season,55.22,Moderately Suitable
718,92.30160350143557,Clay Soil,Manicaland,IIa,Temperate Highland,7.045073606195777,Maize,3.75,Hot Dry Season,56.98,Moderately Suitable
719,46.29592334587741,Clay Soil,Midlands,III,Dry Tropical,6.514622954232286,Paprika,2.25,Winter,56.05,Moderately Suitable
720,49.144225747239005,Sandy Loam,Midlands,IV,Semi-Arid,5.777093992585656,Groundnuts,1.39,Hot Dry Season,58.71,Moderately Suitable
721,78.64662865077977,Silty Loam,Mashonaland Central,IIb,Temperate Highland,5.530450843071494,Pumpkin,11.32,Rainy Season,80.74,Highly Suitable
722,57.321553922497564,Sandy Soil,Mashonaland East,IIb,Semi-Arid,4.961355503570482,Watermelon,19.14,Rainy Season,49.33,Low Suitability
723,66.65001569050959,Sandy Loam,Mashonaland Central,IIa,Dry Tropical,7.455823761796472,Coffee,0.88,Dry Season,32.01,Not Suitable
724,76.48435826317767,Silty Loam,Masvingo,III,Dry Tropical,5.61743663479526,Groundnuts,1.43,Hot Dry Season,86.07,Highly Suitable
725,76.43000850323791,Red Clay,Mashonaland East,IIb,Dry Tropical,6.072410606652381,Tobacco,1.46,Cool Dry Season,67.59,Suitable
726,84.3146221119462,Sandy Loam,Harare,IIa,Humid Subtropical,6.960422625577067,Onions,20.12,Rainy Season,71.22,Suitable
727,95.07190480218051,Red Clay,Manicaland,I,Semi-Arid,5.581775593836798,Macadamia Nuts,1.4,Winter,57.47,Moderately Suitable
728,51.87878251925402,Silty Loam,Matabeleland North,III,Subtropical Highland,5.4130273730646445,Finger Millet,1.72,Rainy Season,65.66,Suitable
729,75.50073782238414,Sandy Loam,Harare,IIa,Temperate Highland,6.2233838364984715,Carrots,17.18,Rainy Season,82.95,Highly Suitable
730,36.37044064705117,Loam,Matabeleland North,IV,Semi-Arid,6.801346932425336,Potatoes,13.9,Rainy Season,35.96,Low Suitability
731,61.58182759408295,Red Clay,Midlands,IV,Subtropical Highland,5.692257239290877,Cowpeas,1.13,Cool Dry Season,84.43,Highly Suitable
732,81.10504850075496,Red Clay,Mashonaland Central,III,Dry Tropical,6.22928381417342,Wheat,4.35,Cool Dry Season,77.59,Suitable
733,56.698509525098714,Sandy Loam,Midlands,III,Subtropical Highland,6.274782782243069,Pumpkin,12.06,Cool Dry Season,70.89,Suitable
734,66.3288875619329,Clay Loam,Mashonaland Central,IIa,Temperate Highland,7.722779743069328,Carrots,16.78,Cool Dry Season,58.61,Moderately Suitable
735,46.714150023052476,Loam,Matabeleland South,IV,Dry Tropical,7.006779218619796,Pearl Millet,1.62,Rainy Season,85.68,Highly Suitable
736,78.55061912138589,Clay Loam,Masvingo,III,Semi-Arid,6.098354136654764,Dry Beans,1.28,Cool Dry Season,71.64,Suitable
737,100.0,Silty Loam,Manicaland,I,Humid Subtropical,6.059003796437584,Macadamia Nuts,1.85,Winter,68.01,Suitable
738,75.44308490711546,Clay Loam,Midlands,III,Dry Tropical,6.050109453424157,Sunflower,1.62,Cool Dry Season,74.53,Suitable
739,83.9223386947398,Sandy Soil,Harare,IIa,Temperate Highland,5.817156599728641,Macadamia Nuts,1.88,Hot Dry Season,60.19,Moderately Suitable
740,72.82422837106677,Clay Loam,Manicaland,IIa,Subtropical Highland,6.208947149897425,Onions,15.63,Dry Season,67.07,Suitable
741,83.99755145581418,Loam,Mashonaland West,IIb,Semi-Arid,5.764011138526096,Pumpkin,11.8,Rainy Season,87.92,Highly Suitable
742,28.136525163840165,Clay Loam,Masvingo,IV,Dry Tropical,6.284518400311655,Pearl Millet,1.51,Dry Season,66.83,Suitable
743,30.916675849044015,Silty Loam,Matabeleland South,V,Temperate Highland,6.234970132095514,Sweet Potatoes,9.77,Winter,65.14,Suitable
744,56.88642628418178,Silty Loam,Midlands,III,Dry Tropical,4.6120675159096045,Sweet Potatoes,6.95,Winter,48.33,Low Suitability
745,55.9177786093881,Silty Loam,Masvingo,III,Dry Tropical,4.78295180909456,Soybeans,1.89,Cool Dry Season,27.4,Not Suitable
746,44.384528116499084,Clay Soil,Matabeleland North,IV,Temperate Highland,5.482628139817728,Sunflower,1.36,Hot Dry Season,54.68,Moderately Suitable
747,56.3426188551292,Sandy Soil,Masvingo,III,Humid Subtropical,5.698216156869633,Carrots,15.48,Hot Dry Season,54.02,Moderately Suitable
748,67.97660916363706,Loam,Manicaland,III,Temperate Highland,6.6623808068508525,Sweet Potatoes,9.68,Rainy Season,76.85,Suitable
749,69.25880759552467,Loam,Midlands,III,Semi-Arid,6.627650677934069,Cotton,1.95,Rainy Season,85.24,Highly Suitable
750,47.1447950250736,Red Clay,Masvingo,IV,Subtropical Highland,6.389259373506086,Paprika,1.94,Rainy Season,55.24,Moderately Suitable
751,45.894349253086034,Loam,Midlands,III,Semi-Arid,5.449605736881956,Cotton,1.22,Hot Dry Season,40.67,Low Suitability
752,72.31864500106998,Clay Soil,Mashonaland East,IIb,Dry Tropical,6.603072327604308,Groundnuts,1.28,Hot Dry Season,71.14,Suitable
753,44.03338007812321,Clay Soil,Matabeleland South,V,Temperate Highland,4.717040955974478,Cabbage,21.19,Dry Season,39.57,Low Suitability
754,61.42098023929329,Red Clay,Midlands,III,Semi-Arid,6.475358282664654,Cowpeas,1.28,Hot Dry Season,82.19,Highly Suitable
755,23.8609539735589,Loam,Matabeleland South,V,Dry Tropical,6.020987207702392,Groundnuts,1.33,Dry Season,51.13,Moderately Suitable
756,22.916075555407396,Red Clay,Masvingo,V,Semi-Arid,6.791458339448916,Sugar Beans,1.56,Winter,54.86,Moderately Suitable
757,63.708938055047064,Red Clay,Matabeleland South,IV,Temperate Highland,6.44365821830512,Sugar Beans,1.43,Rainy Season,63.73,Moderately Suitable
758,60.20749998748505,Sandy Loam,Midlands,IV,Semi-Arid,5.258254845278321,Soybeans,1.52,Winter,40.74,Low Suitability
759,96.74390228025047,Silty Loam,Mashonaland East,IIa,Dry Tropical,6.572852180289571,Tobacco,1.73,Rainy Season,78.23,Suitable
760,87.62835522795996,Red Clay,Mashonaland West,IIb,Humid Subtropical,5.635156704656781,Pumpkin,13.19,Cool Dry Season,84.55,Highly Suitable
761,41.003574629851286,Clay Loam,Mashonaland West,III,Semi-Arid,6.292482053331844,Wheat,3.66,Hot Dry Season,51.81,Moderately Suitable
762,52.06750591711823,Loam,Mashonaland West,III,Humid Subtropical,6.881196056950493,Sugar Beans,1.49,Rainy Season,60.85,Moderately Suitable
763,88.02037038245831,Sandy Loam,Midlands,III,Dry Tropical,6.56023086291814,Sweet Potatoes,10.06,Hot Dry Season,80.59,Highly Suitable
764,75.37571824409675,Loam,Manicaland,IIa,Temperate Highland,6.16843546127271,Macadamia Nuts,1.86,Cool Dry Season,60.06,Moderately Suitable
765,93.49016056445188,Silty Loam,Harare,IIb,Dry Tropical,7.33410766859144,Finger Millet,1.72,Winter,87.55,Highly Suitable
766,72.22808163732131,Silty Loam,Mashonaland East,IIa,Subtropical Highland,5.424773250860817,Sunflower,1.49,Rainy Season,75.34,Suitable
767,100.0,Silty Loam,Manicaland,I,Humid Subtropical,4.751347920219976,Sunflower,1.61,Winter,71.43,Suitable
768,78.28207622377892,Sandy Soil,Mashonaland West,IIb,Dry Tropical,7.420890476520548,Carrots,15.41,Cool Dry Season,71.91,Suitable
769,83.18673525161005,Sandy Soil,Harare,IIb,Humid Subtropical,6.427806876838496,Tomatoes,31.86,Rainy Season,75.46,Suitable
770,54.09457473297326,Clay Loam,Matabeleland South,IV,Dry Tropical,7.048568277877047,Tobacco,1.67,Hot Dry Season,40.8,Low Suitability
771,69.31274253209058,Clay Loam,Harare,IIb,Subtropical Highland,5.310164016355582,Onions,18.59,Hot Dry Season,57.22,Moderately Suitable
772,100.0,Sandy Loam,Manicaland,I,Humid Subtropical,5.579775617339795,Coffee,1.18,Cool Dry Season,61.98,Moderately Suitable
773,83.26021184918456,Red Clay,Harare,IIa,Subtropical Highland,5.823778582721073,Maize,4.27,Winter,56.53,Moderately Suitable
774,57.849797481156784,Clay Soil,Matabeleland North,III,Temperate Highland,7.561006511696727,Tea,2.37,Dry Season,30.13,Not Suitable
775,76.88746128157027,Clay Loam,Mashonaland East,IIa,Semi-Arid,6.256843662473265,Sorghum,2.29,Dry Season,98.09,Highly Suitable
776,61.73982705568895,Loam,Mashonaland West,III,Humid Subtropical,6.94435746018729,Potatoes,13.96,Rainy Season,48.08,Low Suitability
777,46.89787400806328,Sandy Soil,Matabeleland South,V,Dry Tropical,5.261110840865067,Wheat,3.11,Dry Season,33.27,Not Suitable
778,63.95475118735753,Sandy Soil,Mashonaland West,IIa,Dry Tropical,5.578584384924798,Tomatoes,26.49,Cool Dry Season,42.75,Low Suitability
779,100.0,Sandy Loam,Harare,IIa,Humid Subtropical,4.877685804324553,Cotton,1.66,Winter,76.06,Suitable
780,53.07152001765718,Silty Loam,Masvingo,IV,Subtropical Highland,7.0668132781238135,Dry Beans,1.26,Hot Dry Season,46.1,Low Suitability
781,81.73321315260515,Sandy Soil,Manicaland,III,Humid Subtropical,5.798727909268719,Onions,21.24,Cool Dry Season,69.01,Suitable
782,46.63655697696331,Clay Soil,Midlands,IV,Humid Subtropical,5.2919198168561685,Watermelon,18.16,Cool Dry Season,49.1,Low Suitability
783,69.85378972633708,Red Clay,Mashonaland East,IIb,Temperate Highland,5.686562233379109,Finger Millet,1.8,Dry Season,77.03,Suitable
784,70.87504465895421,Clay Loam,Mashonaland East,IIa,Subtropical Highland,6.964108432405057,Tomatoes,24.07,Rainy Season,54.96,Moderately Suitable
785,71.28811811691068,Red Clay,Midlands,III,Humid Subtropical,6.195674340362912,Sweet Potatoes,10.22,Rainy Season,74.79,Suitable
786,74.17042854443707,Red Clay,Manicaland,I,Semi-Arid,6.174480497987694,Wheat,4.32,Hot Dry Season,73.68,Suitable
787,36.615166266497866,Silty Loam,Matabeleland South,IV,Dry Tropical,5.6559543067788205,Coffee,0.84,Hot Dry Season,58.08,Moderately Suitable
788,85.2555211553455,Loam,Harare,IIb,Dry Tropical,6.079157361907723,Dry Beans,1.38,Hot Dry Season,71.02,Suitable
789,69.19851220557669,Loam,Midlands,IV,Humid Subtropical,6.4788257304146475,Maize,3.51,Cool Dry Season,64.53,Moderately Suitable
790,53.49941525475955,Sandy Soil,Matabeleland North,IV,Semi-Arid,5.4041058579984345,Potatoes,16.09,Cool Dry Season,45.11,Low Suitability
791,43.07443625054143,Clay Soil,Matabeleland South,IV,Dry Tropical,6.212378882150233,Cowpeas,1.24,Dry Season,75.87,Suitable
792,52.183625325096905,Clay Soil,Manicaland,III,Temperate Highland,5.658408297328557,Macadamia Nuts,1.25,Rainy Season,52.08,Moderately Suitable
793,89.58145192713052,Clay Soil,Harare,IIa,Subtropical Highland,5.749477529172998,Paprika,2.64,Hot Dry Season,83.5,Highly Suitable
794,50.8214203331993,Loam,Midlands,III,Humid Subtropical,5.6431478296823165,Macadamia Nuts,1.59,Rainy Season,60.41,Moderately Suitable
795,70.5342897296038,Sandy Soil,Matabeleland North,III,Humid Subtropical,6.5017740113148665,Soybeans,1.6,Dry Season,58.06,Moderately Suitable
796,65.97475583386787,Sandy Soil,Masvingo,III,Subtropical Highland,7.269156029278264,Macadamia Nuts,1.46,Rainy Season,44.23,Low Suitability
797,96.0352569942607,Sandy Loam,Mashonaland West,IIa,Dry Tropical,6.079717523041053,Macadamia Nuts,1.82,Winter,54.11,Moderately Suitable
798,55.65188877444999,Sandy Soil,Matabeleland North,III,Humid Subtropical,6.657597877847833,Finger Millet,1.6,Rainy Season,68.37,Suitable
799,49.27072202498928,Silty Loam,Mashonaland West,IIb,Temperate Highland,6.623556693867806,Cabbage,21.9,Hot Dry Season,53.15,Moderately Suitable
800,31.152898964171015,Sandy Loam,Matabeleland South,V,Temperate Highland,7.452710315590812,Sweet Potatoes,9.53,Cool Dry Season,50.95,Moderately Suitable
801,62.94572402629107,Clay Soil,Masvingo,III,Temperate Highland,6.620396206454633,Carrots,16.11,Cool Dry Season,65.62,Suitable
802,57.47046520117631,Sandy Soil,Manicaland,III,Humid Subtropical,5.192536660917348,Pearl Millet,2.16,Rainy Season,75.45,Suitable
803,38.6185283976626,Silty Loam,Matabeleland South,V,Semi-Arid,7.205836708760964,Onions,16.24,Rainy Season,43.63,Low Suitability
804,11.670409012814979,Loam,Matabeleland South,V,Temperate Highland,6.665898169589677,Wheat,4.06,Winter,65.32,Suitable
805,91.34353384711385,Red Clay,Harare,IIb,Temperate Highland,6.490621885860846,Groundnuts,1.73,Hot Dry Season,88.59,Highly Suitable
806,77.66392790910386,Clay Loam,Mashonaland Central,IIa,Dry Tropical,6.787352401454338,Macadamia Nuts,1.46,Hot Dry Season,44.88,Low Suitability
807,55.11083174091652,Clay Soil,Midlands,IV,Temperate Highland,6.545859793519877,Watermelon,22.56,Dry Season,67.82,Suitable
808,86.9676940657332,Red Clay,Mashonaland Central,III,Dry Tropical,7.2066367210799145,Watermelon,25.78,Rainy Season,85.85,Highly Suitable
809,79.31820043426833,Silty Loam,Mashonaland Central,IIb,Humid Subtropical,6.372092355833497,Sorghum,2.47,Hot Dry Season,95.41,Highly Suitable
810,100.0,Red Clay,Manicaland,I,Semi-Arid,5.906921793400009,Coffee,1.04,Winter,56.73,Moderately Suitable
811,80.46683529511448,Clay Loam,Mashonaland East,IIb,Subtropical Highland,6.696948612818939,Soybeans,1.84,Hot Dry Season,58.42,Moderately Suitable
812,77.67678810554953,Red Clay,Midlands,III,Subtropical Highland,4.867483424178266,Pearl Millet,2.08,Hot Dry Season,78.13,Suitable
813,62.19398628569437,Loam,Masvingo,IV,Temperate Highland,6.19351353049082,Onions,17.66,Hot Dry Season,47.11,Low Suitability
814,79.6482105395922,Clay Loam,Mashonaland East,IIa,Dry Tropical,4.803957683584233,Sunflower,1.75,Hot Dry Season,67.49,Suitable
815,21.002419356634576,Sandy Soil,Masvingo,V,Humid Subtropical,5.005268411539893,Soybeans,1.82,Winter,33.96,Not Suitable
816,24.87393137703186,Sandy Soil,Masvingo,V,Dry Tropical,6.070608510512012,Macadamia Nuts,1.56,Winter,41.07,Low Suitability
817,88.17514266199744,Sandy Soil,Manicaland,IIa,Dry Tropical,6.001742227050747,Onions,20.43,Winter,67.88,Suitable
818,41.59213408576557,Sandy Soil,Midlands,IV,Dry Tropical,6.592159750188204,Carrots,15.74,Cool Dry Season,46.51,Low Suitability
819,58.39442709859607,Sandy Soil,Mashonaland West,III,Dry Tropical,4.965649120933239,Pumpkin,10.65,Rainy Season,53.6,Moderately Suitable
820,80.06343267795476,Sandy Loam,Mashonaland East,IIa,Subtropical Highland,5.543667768353978,Dry Beans,1.08,Dry Season,61.04,Moderately Suitable
821,73.35084549891486,Loam,Mashonaland Central,IIa,Semi-Arid,7.55845076116934,Cowpeas,1.14,Rainy Season,82.28,Highly Suitable
822,68.23338938414726,Loam,Mashonaland West,III,Temperate Highland,5.902226900315957,Tea,1.62,Dry Season,45.72,Low Suitability
823,50.26400408528527,Sandy Soil,Masvingo,IV,Humid Subtropical,5.4537991671377535,Tea,2.45,Rainy Season,57.15,Moderately Suitable
824,89.27336358345616,Red Clay,Mashonaland Central,IIb,Dry Tropical,4.2,Wheat,5.14,Winter,58.91,Moderately Suitable
825,25.986423417264497,Clay Loam,Masvingo,V,Temperate Highland,6.977280681919234,Wheat,4.02,Dry Season,56.98,Moderately Suitable
826,51.96751013753764,Sandy Loam,Matabeleland North,IV,Semi-Arid,6.346461573867279,Coffee,0.89,Hot Dry Season,37.38,Low Suitability
827,50.42010112543847,Silty Loam,Matabeleland South,IV,Semi-Arid,7.2280583806062335,Sunflower,1.37,Hot Dry Season,59.45,Moderately Suitable
828,26.837477511685695,Sandy Loam,Matabeleland South,IV,Humid Subtropical,7.050899336522914,Cowpeas,1.18,Rainy Season,55.01,Moderately Suitable
829,96.29014017951555,Loam,Harare,IIa,Subtropical Highland,4.835931673157061,Sorghum,1.88,Dry Season,69.91,Suitable
830,99.52237554892841,Sandy Loam,Mashonaland West,IIa,Dry Tropical,7.061371473935264,Cowpeas,1.19,Winter,80.49,Highly Suitable
831,10.0,Clay Loam,Matabeleland North,IV,Dry Tropical,8.008433029729764,Potatoes,13.12,Hot Dry Season,34.58,Not Suitable
832,58.667494464830845,Clay Loam,Mashonaland Central,III,Dry Tropical,7.4389938780825045,Potatoes,14.22,Rainy Season,31.23,Not Suitable
833,92.43508264064702,Loam,Mashonaland Central,IIb,Dry Tropical,8.103862422070964,Sweet Potatoes,9.6,Rainy Season,74.48,Suitable
834,46.381871723748404,Clay Soil,Matabeleland South,IV,Dry Tropical,5.046917788155019,Potatoes,13.36,Hot Dry Season,36.04,Low Suitability
835,53.14297936753268,Silty Loam,Midlands,III,Temperate Highland,5.654014635976914,Cotton,1.79,Dry Season,58.39,Moderately Suitable
836,19.086747352579074,Clay Loam,Matabeleland South,V,Humid Subtropical,6.494022798543142,Pearl Millet,1.72,Winter,70.75,Suitable
837,76.87649403120561,Loam,Manicaland,I,Dry Tropical,6.72577702015408,Sweet Potatoes,9.51,Hot Dry Season,83.1,Highly Suitable
838,57.68921102199852,Clay Loam,Mashonaland West,III,Semi-Arid,5.441725484972558,Tea,2.38,Dry Season,63.42,Moderately Suitable
839,79.62957061364271,Sandy Soil,Harare,IIa,Semi-Arid,6.404414467228601,Sorghum,2.31,Cool Dry Season,88.92,Highly Suitable
840,96.9010817405516,Clay Soil,Manicaland,I,Subtropical Highland,6.046797884144526,Dry Beans,1.49,Dry Season,73.38,Suitable
841,70.99674534486212,Sandy Loam,Harare,IIb,Humid Subtropical,5.3679342271705695,Sorghum,2.16,Hot Dry Season,78.19,Suitable
842,97.0428977218322,Sandy Soil,Mashonaland West,IIa,Semi-Arid,5.621990555245875,Carrots,14.66,Winter,76.8,Suitable
843,71.23652270179265,Clay Soil,Masvingo,III,Temperate Highland,7.279306312614665,Maize,3.76,Cool Dry Season,48.66,Low Suitability
844,78.11845478131572,Clay Loam,Midlands,III,Semi-Arid,7.004756964471243,Sweet Potatoes,8.16,Dry Season,77.77,Suitable
845,49.722496552082724,Red Clay,Midlands,IV,Temperate Highland,7.052651475087923,Cowpeas,1.26,Cool Dry Season,70.34,Suitable
846,58.92503227277288,Sandy Soil,Mashonaland West,III,Humid Subtropical,6.561976624591832,Sugar Beans,1.16,Rainy Season,59.85,Moderately Suitable
847,58.231521830876595,Silty Loam,Matabeleland South,V,Subtropical Highland,6.332922608951084,Macadamia Nuts,1.87,Hot Dry Season,67.37,Suitable
848,71.47237332377378,Clay Loam,Mashonaland Central,IIb,Dry Tropical,5.714714270443455,Potatoes,18.77,Rainy Season,69.28,Suitable
849,49.22189282995393,Red Clay,Matabeleland North,IV,Dry Tropical,6.786888635504299,Sugar Beans,1.49,Rainy Season,61.28,Moderately Suitable
850,75.77324827967668,Red Clay,Midlands,III,Subtropical Highland,7.47945520903158,Sweet Potatoes,10.91,Rainy Season,80.54,Highly Suitable
851,86.7616684385236,Red Clay,Mashonaland West,III,Humid Subtropical,6.5253268416608385,Cowpeas,1.22,Dry Season,91.12,Highly Suitable
852,47.89225141362907,Red Clay,Midlands,IV,Dry Tropical,6.301569488934148,Pumpkin,10.89,Cool Dry Season,70.36,Suitable
853,95.76682932333767,Sandy Soil,Mashonaland West,IIb,Humid Subtropical,7.418373384467567,Cabbage,25.05,Cool Dry Season,73.68,Suitable
854,85.75743703426933,Sandy Soil,Harare,IIa,Subtropical Highland,6.303315269207848,Onions,18.4,Winter,74.89,Suitable
855,69.34322966905744,Loam,Harare,IIa,Temperate Highland,5.255396596717956,Pumpkin,10.75,Winter,63.94,Moderately Suitable
856,71.87616211045268,Clay Loam,Mashonaland West,III,Semi-Arid,5.680935382528723,Tobacco,1.81,Rainy Season,63.92,Moderately Suitable
857,59.933406907889065,Clay Loam,Matabeleland South,IV,Humid Subtropical,6.384016211429312,Tea,1.63,Winter,46.01,Low Suitability
858,100.0,Silty Loam,Harare,IIa,Semi-Arid,4.832512142357908,Cabbage,20.82,Cool Dry Season,67.9,Suitable
859,100.0,Clay Soil,Manicaland,I,Humid Subtropical,4.843877964804696,Tobacco,1.82,Hot Dry Season,70.6,Suitable
860,66.17134810638504,Sandy Soil,Mashonaland West,IIa,Dry Tropical,7.131227947174056,Potatoes,11.41,Rainy Season,31.08,Not Suitable
861,93.87762968107344,Clay Loam,Mashonaland East,IIb,Humid Subtropical,5.601390721410174,Maize,3.62,Dry Season,60.47,Moderately Suitable
862,62.401565367722,Loam,Mashonaland Central,III,Humid Subtropical,6.162082223109021,Potatoes,16.13,Hot Dry Season,61.48,Moderately Suitable
863,66.77275205144406,Loam,Mashonaland East,IIa,Humid Subtropical,5.637218518755141,Sugar Beans,1.44,Hot Dry Season,67.45,Suitable
864,75.90241484320153,Clay Loam,Harare,IIb,Humid Subtropical,5.8389199828321185,Maize,3.28,Dry Season,54.62,Moderately Suitable
865,60.91874808827792,Red Clay,Masvingo,III,Dry Tropical,5.4753609709456725,Pearl Millet,1.72,Rainy Season,70.57,Suitable
866,67.92651745149924,Clay Soil,Masvingo,III,Subtropical Highland,6.159992778314955,Cowpeas,1.3,Hot Dry Season,92.71,Highly Suitable
867,13.517526361166912,Silty Loam,Masvingo,V,Subtropical Highland,6.058644942219828,Watermelon,17.72,Hot Dry Season,55.67,Moderately Suitable
868,53.72089280704837,Clay Loam,Matabeleland North,III,Subtropical Highland,5.465466496858031,Sugar Beans,1.16,Rainy Season,56.12,Moderately Suitable
869,55.79485982962677,Red Clay,Mashonaland Central,IIb,Temperate Highland,6.08996252740356,Pearl Millet,1.49,Hot Dry Season,77.48,Suitable
870,89.11075012438695,Loam,Mashonaland West,IIb,Dry Tropical,4.548307423266083,Sweet Potatoes,11.03,Cool Dry Season,72.86,Suitable
871,76.7345667648808,Sandy Soil,Harare,IIa,Humid Subtropical,5.972805654570768,Macadamia Nuts,1.63,Rainy Season,61.64,Moderately Suitable
872,47.52286755731703,Silty Loam,Manicaland,III,Humid Subtropical,5.1914414402626905,Maize,3.3,Dry Season,45.16,Low Suitability
873,62.94211074515357,Sandy Soil,Masvingo,III,Dry Tropical,5.650621958507038,Potatoes,13.14,Rainy Season,49.91,Low Suitability
874,86.07504129228046,Sandy Soil,Harare,IIb,Semi-Arid,6.683385566511647,Tobacco,1.54,Cool Dry Season,56.15,Moderately Suitable
875,66.6830843545176,Loam,Mashonaland West,IIb,Temperate Highland,6.316598183276858,Tobacco,2.14,Rainy Season,63.35,Moderately Suitable
876,70.01080003487581,Sandy Soil,Mashonaland East,IIa,Subtropical Highland,5.477500947147842,Onions,13.76,Hot Dry Season,42.86,Low Suitability
877,44.29468529977051,Sandy Loam,Mashonaland East,IIb,Semi-Arid,7.741607643963964,Tobacco,1.92,Cool Dry Season,26.08,Not Suitable
878,69.70762468725506,Red Clay,Matabeleland North,III,Temperate Highland,5.374057384391576,Cowpeas,0.98,Cool Dry Season,75.0,Suitable
879,41.085813926051344,Clay Soil,Matabeleland South,IV,Humid Subtropical,6.364114528285101,Pumpkin,9.91,Winter,52.4,Moderately Suitable
880,77.8838669808095,Sandy Loam,Mashonaland Central,III,Semi-Arid,5.567890795836792,Cotton,1.7,Rainy Season,74.7,Suitable
881,87.65008000055103,Sandy Loam,Mashonaland Central,III,Semi-Arid,6.430558074870518,Soybeans,1.99,Cool Dry Season,69.87,Suitable
882,61.44300428883989,Sandy Soil,Masvingo,III,Dry Tropical,6.039316592471818,Coffee,0.93,Dry Season,47.86,Low Suitability
883,50.33409241780313,Silty Loam,Midlands,III,Humid Subtropical,5.83763108352702,Sunflower,1.74,Rainy Season,59.1,Moderately Suitable
884,91.27792571177142,Clay Soil,Manicaland,I,Temperate Highland,5.111220939675951,Tomatoes,27.93,Rainy Season,57.97,Moderately Suitable
885,63.15687109939484,Clay Loam,Mashonaland Central,III,Subtropical Highland,6.327534146420477,Dry Beans,1.18,Hot Dry Season,71.02,Suitable
886,50.90012521549714,Sandy Soil,Mashonaland Central,IIb,Subtropical Highland,6.097644716091235,Watermelon,26.93,Winter,64.93,Moderately Suitable
887,44.39294617135616,Red Clay,Masvingo,V,Dry Tropical,5.861576833320179,Coffee,0.95,Rainy Season,53.13,Moderately Suitable
888,61.11358200248922,Sandy Loam,Mashonaland West,III,Temperate Highland,5.718775670646488,Pumpkin,9.38,Cool Dry Season,62.5,Moderately Suitable
889,43.40873061457292,Silty Loam,Manicaland,III,Humid Subtropical,5.934164003017789,Cowpeas,1.2,Dry Season,62.16,Moderately Suitable
890,58.79355792169979,Clay Soil,Masvingo,III,Humid Subtropical,7.410684570781172,Cotton,1.73,Cool Dry Season,61.41,Moderately Suitable
891,100.0,Loam,Harare,IIa,Dry Tropical,4.8146828105597725,Sorghum,1.84,Winter,77.11,Suitable
892,54.423619037993404,Loam,Midlands,IV,Humid Subtropical,5.624153330201423,Pearl Millet,1.22,Dry Season,72.22,Suitable
893,10.0,Loam,Masvingo,V,Subtropical Highland,5.914133519223178,Paprika,1.84,Cool Dry Season,57.41,Moderately Suitable
894,75.00822948954871,Red Clay,Harare,IIb,Subtropical Highland,6.071299551218697,Wheat,3.73,Cool Dry Season,77.83,Suitable
895,59.07557485907336,Clay Soil,Matabeleland North,III,Temperate Highland,6.095816140471175,Carrots,17.77,Hot Dry Season,70.5,Suitable
896,51.77708964325376,Loam,Masvingo,IV,Semi-Arid,7.3178312105753935,Groundnuts,1.3,Winter,50.45,Moderately Suitable
897,96.33991710605866,Clay Loam,Harare,IIb,Temperate Highland,5.6192360743338625,Dry Beans,1.39,Winter,83.89,Highly Suitable
898,80.77060225605106,Red Clay,Mashonaland Central,III,Subtropical Highland,6.9454134526084434,Cowpeas,1.29,Rainy Season,88.06,Highly Suitable
899,96.75284434090338,Red Clay,Mashonaland West,IIa,Subtropical Highland,5.679940001624486,Onions,18.8,Dry Season,80.39,Highly Suitable
900,61.12719191429097,Sandy Loam,Mashonaland West,III,Humid Subtropical,6.177482414143647,Tomatoes,24.54,Winter,58.6,Moderately Suitable
901,83.70201013967133,Clay Soil,Mashonaland West,IIa,Temperate Highland,7.5562243208702915,Potatoes,14.57,Dry Season,45.84,Low Suitability
902,58.10133043339179,Sandy Soil,Matabeleland North,III,Semi-Arid,7.051872386637598,Maize,3.11,Winter,44.27,Low Suitability
903,73.90983003594295,Silty Loam,Mashonaland Central,IIa,Dry Tropical,5.828563534854759,Wheat,4.35,Winter,73.23,Suitable
904,57.571155577932565,Sandy Soil,Mashonaland West,III,Semi-Arid,6.364579968964949,Potatoes,12.98,Winter,46.82,Low Suitability
905,57.679698992756045,Clay Soil,Mashonaland Central,III,Humid Subtropical,6.557839653409603,Tomatoes,24.35,Dry Season,56.59,Moderately Suitable
906,99.70802790545802,Clay Loam,Harare,IIa,Subtropical Highland,6.140596969258992,Finger Millet,1.8,Dry Season,92.4,Highly Suitable
907,83.40520912550863,Red Clay,Mashonaland East,IIa,Semi-Arid,6.110656224712752,Sweet Potatoes,11.63,Cool Dry Season,87.2,Highly Suitable
908,100.0,Sandy Soil,Mashonaland East,IIb,Dry Tropical,6.666830785069599,Carrots,17.56,Winter,74.3,Suitable
909,78.9651672509963,Sandy Soil,Mashonaland East,IIb,Humid Subtropical,5.556664998506115,Sugar Beans,1.66,Hot Dry Season,58.94,Moderately Suitable
910,60.66788067680733,Clay Soil,Mashonaland West,IIa,Temperate Highland,5.2615395248579855,Pearl Millet,1.84,Hot Dry Season,69.03,Suitable
911,81.90584760256156,Silty Loam,Harare,IIa,Subtropical Highland,5.390317459747061,Cotton,2.1,Hot Dry Season,76.83,Suitable
912,13.189708221467182,Loam,Masvingo,V,Humid Subtropical,6.625012930228315,Watermelon,22.9,Hot Dry Season,64.57,Moderately Suitable
913,84.19442623055173,Sandy Loam,Mashonaland East,IIa,Semi-Arid,5.800716613025576,Sugar Beans,1.61,Dry Season,65.17,Suitable
914,58.46096733465619,Red Clay,Manicaland,III,Temperate Highland,6.409865198764343,Carrots,17.22,Dry Season,79.71,Suitable
915,50.711365025747895,Silty Loam,Matabeleland South,V,Semi-Arid,6.323515714864789,Groundnuts,1.13,Rainy Season,69.75,Suitable
916,60.290756761723024,Clay Soil,Mashonaland Central,IIb,Dry Tropical,7.141683024439537,Sorghum,2.02,Winter,73.11,Suitable
917,72.19008594709155,Red Clay,Mashonaland Central,IIa,Subtropical Highland,7.091262440454011,Tea,1.95,Rainy Season,38.77,Low Suitability
918,54.380977269119086,Silty Loam,Masvingo,III,Subtropical Highland,7.752798956682967,Sorghum,2.33,Rainy Season,63.19,Moderately Suitable
919,99.9090728169506,Red Clay,Mashonaland West,IIa,Subtropical Highland,5.5695322196268915,Tobacco,2.36,Cool Dry Season,85.95,Highly Suitable
920,80.4963287215937,Sandy Soil,Mashonaland East,IIa,Subtropical Highland,7.483567099199368,Maize,2.95,Rainy Season,45.24,Low Suitability
921,59.144297708263906,Sandy Loam,Matabeleland North,III,Semi-Arid,6.294710852928177,Sugar Beans,1.44,Rainy Season,58.8,Moderately Suitable
922,84.25178938794305,Red Clay,Mashonaland Central,IIa,Dry Tropical,5.907226756550251,Cotton,1.84,Cool Dry Season,74.78,Suitable
923,84.31177935237588,Sandy Loam,Manicaland,III,Subtropical Highland,5.07115404299701,Coffee,1.04,Winter,44.62,Low Suitability
924,77.8697803634881,Silty Loam,Mashonaland Central,IIb,Dry Tropical,7.635744056452836,Dry Beans,1.52,Rainy Season,62.22,Moderately Suitable
925,100.0,Red Clay,Manicaland,I,Semi-Arid,5.481955455444206,Potatoes,14.75,Cool Dry Season,76.93,Suitable
926,46.762548822730565,Clay Soil,Midlands,IV,Humid Subtropical,5.352653451277961,Finger Millet,1.75,Cool Dry Season,50.96,Moderately Suitable
927,57.233440924834696,Red Clay,Harare,IIb,Humid Subtropical,5.439380230894841,Dry Beans,1.28,Winter,54.33,Moderately Suitable
928,86.3316240610476,Sandy Loam,Mashonaland West,IIb,Semi-Arid,4.2,Carrots,16.2,Rainy Season,63.72,Moderately Suitable
929,66.14780204215855,Sandy Soil,Midlands,IV,Subtropical Highland,6.003264105814254,Dry Beans,1.33,Winter,54.68,Moderately Suitable
930,67.67356597151807,Clay Loam,Matabeleland North,III,Temperate Highland,6.8754853121415795,Paprika,2.62,Dry Season,79.43,Suitable
931,100.0,Clay Loam,Manicaland,I,Subtropical Highland,6.131827894938396,Potatoes,20.46,Rainy Season,78.59,Suitable
932,84.02125550271049,Clay Loam,Mashonaland Central,III,Subtropical Highland,6.8003137684364106,Carrots,17.41,Cool Dry Season,87.3,Highly Suitable
933,86.67755027163406,Clay Loam,Mashonaland West,IIa,Humid Subtropical,6.399068034229706,Pearl Millet,1.99,Cool Dry Season,91.48,Highly Suitable
934,94.82567955444884,Clay Soil,Mashonaland West,IIa,Dry Tropical,6.25847104809503,Sunflower,1.65,Hot Dry Season,78.77,Suitable
935,74.24495204014882,Clay Loam,Matabeleland North,III,Temperate Highland,6.386877875966135,Sugar Beans,1.36,Hot Dry Season,74.77,Suitable
936,22.627989383283207,Loam,Matabeleland South,IV,Dry Tropical,5.791758655795438,Carrots,14.83,Hot Dry Season,48.87,Low Suitability
937,93.60788865937783,Clay Soil,Mashonaland Central,IIa,Semi-Arid,5.779774417326388,Carrots,17.46,Winter,80.67,Highly Suitable
938,72.54280309228139,Red Clay,Mashonaland Central,IIb,Semi-Arid,5.378977709726847,Watermelon,22.98,Hot Dry Season,64.33,Moderately Suitable
939,37.86598201178383,Sandy Loam,Masvingo,V,Dry Tropical,7.8723463363962285,Coffee,1.13,Hot Dry Season,36.51,Low Suitability
940,97.65862381460731,Loam,Manicaland,IIa,Dry Tropical,5.7805726749537545,Pearl Millet,1.7,Cool Dry Season,89.72,Highly Suitable
941,83.37515281037156,Clay Loam,Harare,IIb,Humid Subtropical,6.096716419414575,Onions,15.34,Cool Dry Season,65.64,Suitable
942,67.84620501193126,Loam,Matabeleland North,III,Humid Subtropical,6.9989595287743995,Finger Millet,1.83,Winter,80.38,Highly Suitable
943,76.95236629262129,Red Clay,Midlands,III,Temperate Highland,6.482071525665494,Soybeans,1.53,Winter,70.01,Suitable
944,70.42813496036,Sandy Soil,Matabeleland North,IV,Temperate Highland,5.1123654723423035,Sweet Potatoes,8.05,Dry Season,68.08,Suitable
945,64.7405753636806,Sandy Loam,Harare,IIa,Semi-Arid,6.687408480119426,Dry Beans,1.53,Cool Dry Season,66.66,Suitable
946,86.94394073909004,Clay Soil,Masvingo,III,Humid Subtropical,4.2,Tobacco,1.66,Hot Dry Season,45.08,Low Suitability
947,69.4500805856979,Loam,Mashonaland West,IIb,Humid Subtropical,6.248351694577004,Paprika,2.38,Dry Season,81.86,Highly Suitable
948,62.375845650652515,Sandy Loam,Mashonaland East,IIa,Humid Subtropical,6.546165438470959,Pearl Millet,2.0,Hot Dry Season,83.52,Highly Suitable
949,60.17197366456345,Clay Loam,Mashonaland Central,III,Dry Tropical,5.268156134406944,Cowpeas,1.28,Winter,72.15,Suitable
950,77.00945626368866,Loam,Mashonaland East,IIb,Subtropical Highland,6.639204231357336,Cotton,1.44,Rainy Season,78.25,Suitable
951,87.10719351126492,Sandy Soil,Manicaland,IIa,Humid Subtropical,6.511749477449838,Watermelon,24.2,Hot Dry Season,88.63,Highly Suitable
952,65.49039765686909,Clay Loam,Matabeleland North,III,Subtropical Highland,6.487376766992145,Paprika,2.66,Hot Dry Season,84.1,Highly Suitable
953,74.94006009343113,Red Clay,Mashonaland East,IIb,Temperate Highland,6.0923205150213775,Sweet Potatoes,10.72,Hot Dry Season,73.79,Suitable
954,52.89768911904989,Loam,Matabeleland North,IV,Humid Subtropical,6.7398709856985315,Pearl Millet,1.65,Dry Season,70.91,Suitable
955,32.50090058692885,Loam,Matabeleland North,III,Humid Subtropical,5.3887252117378095,Pumpkin,10.01,Cool Dry Season,44.46,Low Suitability
956,31.57891340184131,Clay Loam,Matabeleland South,V,Semi-Arid,7.02813753662727,Finger Millet,1.38,Hot Dry Season,44.61,Low Suitability
957,83.10248618102098,Loam,Mashonaland East,IIb,Dry Tropical,5.6693575279970405,Groundnuts,1.56,Dry Season,84.65,Highly Suitable
958,54.40650469013449,Sandy Loam,Matabeleland North,IV,Humid Subtropical,5.931459290591986,Macadamia Nuts,1.49,Cool Dry Season,56.53,Moderately Suitable
959,52.58401880735334,Red Clay,Masvingo,IV,Subtropical Highland,6.761001697051924,Maize,3.74,Hot Dry Season,57.38,Moderately Suitable
960,57.28896540460494,Loam,Midlands,III,Humid Subtropical,6.214737571352427,Tomatoes,26.42,Dry Season,55.31,Moderately Suitable
961,43.832610260244024,Clay Loam,Matabeleland South,IV,Humid Subtropical,5.572224760082082,Cotton,1.53,Winter,39.62,Low Suitability
962,63.931213918557944,Sandy Soil,Midlands,IV,Dry Tropical,4.842165721731266,Sunflower,1.82,Rainy Season,60.22,Moderately Suitable
963,28.55796697823846,Sandy Loam,Matabeleland South,V,Dry Tropical,5.886211197788057,Cotton,1.53,Winter,53.27,Moderately Suitable
964,49.611622739051334,Red Clay,Mashonaland West,III,Dry Tropical,4.965324733272515,Tea,2.06,Hot Dry Season,59.87,Moderately Suitable
965,72.12514015306785,Sandy Loam,Masvingo,III,Humid Subtropical,7.5295924423182825,Tomatoes,21.38,Cool Dry Season,53.62,Moderately Suitable
966,10.0,Loam,Matabeleland South,V,Subtropical Highland,6.81450569013083,Cowpeas,1.2,Rainy Season,51.18,Moderately Suitable
967,68.98468611290538,Sandy Loam,Mashonaland Central,IIa,Temperate Highland,6.667757244859336,Groundnuts,1.24,Winter,72.08,Suitable
968,90.34583873661266,Clay Loam,Mashonaland East,IIb,Semi-Arid,5.6110193055232,Cabbage,19.92,Hot Dry Season,69.85,Suitable
969,71.62745052478574,Sandy Loam,Mashonaland Central,IIb,Semi-Arid,5.942203496346609,Cotton,1.95,Cool Dry Season,70.42,Suitable
970,74.8329876423113,Clay Soil,Harare,IIa,Semi-Arid,5.456337265568979,Paprika,2.11,Dry Season,59.58,Moderately Suitable
971,84.70832661914382,Clay Soil,Midlands,III,Semi-Arid,7.041433301805594,Watermelon,20.55,Hot Dry Season,77.93,Suitable
972,82.22336304751788,Clay Loam,Mashonaland East,IIa,Temperate Highland,7.5734752404330505,Wheat,4.42,Winter,60.26,Moderately Suitable
973,57.744722787252314,Clay Soil,Masvingo,IV,Temperate Highland,6.707103038582644,Cabbage,25.55,Dry Season,67.78,Suitable
974,51.15191649331311,Loam,Masvingo,V,Semi-Arid,5.616369286791601,Onions,17.87,Hot Dry Season,47.72,Low Suitability
975,84.79888008312157,Sandy Loam,Manicaland,IIa,Dry Tropical,5.9230900313983925,Wheat,4.27,Cool Dry Season,78.08,Suitable
976,71.35583015285145,Sandy Loam,Matabeleland North,III,Subtropical Highland,5.85960510623436,Sorghum,2.49,Dry Season,77.05,Suitable
977,61.09586634890606,Clay Soil,Mashonaland West,III,Subtropical Highland,7.236745584422349,Coffee,0.85,Hot Dry Season,30.55,Not Suitable
978,31.820905161029973,Sandy Loam,Matabeleland South,IV,Subtropical Highland,6.588638662088377,Paprika,2.31,Hot Dry Season,67.37,Suitable
979,39.98833492567106,Silty Loam,Midlands,IV,Temperate Highland,6.128893580457508,Paprika,2.49,Hot Dry Season,47.22,Low Suitability
980,100.0,Clay Soil,Mashonaland West,IIa,Semi-Arid,5.9255512047146395,Tea,1.56,Hot Dry Season,37.18,Low Suitability
981,87.6773135380703,Loam,Mashonaland East,IIb,Subtropical Highland,5.918449877018575,Finger Millet,1.64,Rainy Season,96.24,Highly Suitable
982,73.46968098565034,Sandy Loam,Mashonaland East,IIb,Semi-Arid,6.488322078214744,Paprika,2.7,Cool Dry Season,69.7,Suitable
983,39.95053174527048,Sandy Soil,Masvingo,V,Temperate Highland,6.70325932040825,Finger Millet,1.65,Rainy Season,52.66,Moderately Suitable
984,36.54425333221678,Red Clay,Matabeleland South,V,Semi-Arid,5.853505248234304,Tobacco,1.52,Dry Season,54.37,Moderately Suitable
985,64.28463643692615,Clay Loam,Masvingo,III,Semi-Arid,6.300503357125932,Tobacco,1.71,Rainy Season,54.08,Moderately Suitable
986,53.550223373210166,Silty Loam,Midlands,IV,Temperate Highland,7.079084695607522,Cotton,1.08,Hot Dry Season,51.29,Moderately Suitable
987,67.67353632773369,Clay Soil,Manicaland,III,Humid Subtropical,6.890310873755459,Sugar Beans,1.47,Cool Dry Season,57.26,Moderately Suitable
988,100.0,Sandy Soil,Mashonaland East,IIa,Semi-Arid,6.1223685136777055,Sweet Potatoes,9.61,Rainy Season,97.41,Highly Suitable
989,40.22009942607811,Loam,Masvingo,V,Semi-Arid,5.975619890607808,Sugar Beans,0.81,Rainy Season,40.21,Low Suitability
990,46.07302717321802,Sandy Soil,Masvingo,IV,Semi-Arid,7.61550570969196,Coffee,0.77,Rainy Season,30.01,Not Suitable
991,99.43147139866026,Clay Loam,Harare,IIb,Dry Tropical,7.879627159732802,Pumpkin,11.39,Dry Season,74.98,Suitable
992,81.24086282066204,Silty Loam,Mashonaland Central,IIa,Subtropical Highland,6.560880566505904,Pumpkin,12.34,Winter,90.98,Highly Suitable
993,80.06441118824216,Red Clay,Manicaland,III,Humid Subtropical,6.049147866618785,Macadamia Nuts,1.52,Dry Season,57.66,Moderately Suitable
994,85.01361341907298,Loam,Mashonaland East,IIa,Temperate Highland,6.290918137767018,Potatoes,15.77,Cool Dry Season,62.34,Moderately Suitable
995,80.11127866095545,Loam,Harare,IIb,Semi-Arid,6.105529675589751,Finger Millet,1.7,Rainy Season,88.89,Highly Suitable
996,47.03879278884399,Silty Loam,Mashonaland Central,III,Semi-Arid,6.906036462867759,Tea,1.73,Winter,31.59,Not Suitable
997,36.56455809101472,Sandy Soil,Matabeleland South,IV,Subtropical Highland,5.104899852611165,Sunflower,1.45,Hot Dry Season,30.09,Not Suitable
998,87.87393869492185,Silty Loam,Mashonaland East,IIb,Subtropical Highland,5.430438499301514,Carrots,17.67,Winter,81.57,Highly Suitable
999,73.90563652745668,Sandy Loam,Mashonaland Central,III,Humid Subtropical,7.803630852863906,Sorghum,1.88,Rainy Season,72.67,Suitable
1000,33.04498054728784,Clay Soil,Matabeleland North,IV,Humid Subtropical,7.25296704016251,Tea,1.83,Dry Season,25.69,Not Suitable
1001,32.46721646713855,Sandy Loam,Masvingo,IV,Temperate Highland,6.027500602979163,Pumpkin,10.29,Cool Dry Season,46.7,Low Suitability
1002,80.4678731265822,Loam,Harare,IIb,Semi-Arid,7.280807583680013,Cotton,1.61,Rainy Season,79.72,Suitable
1003,39.20092942417695,Red Clay,Midlands,IV,Semi-Arid,4.6826860602252065,Sweet Potatoes,8.18,Dry Season,32.88,Not Suitable
1004,59.87133902896009,Red Clay,Matabeleland South,IV,Semi-Arid,7.23689048180617,Finger Millet,1.84,Winter,65.94,Suitable
1005,29.331981764814223,Loam,Masvingo,V,Temperate Highland,6.168997039277068,Dry Beans,1.39,Cool Dry Season,53.01,Moderately Suitable
1006,72.40016863204262,Clay Loam,Matabeleland North,IV,Semi-Arid,6.034644063060261,Sweet Potatoes,11.13,Dry Season,79.38,Suitable
1007,100.0,Clay Loam,Mashonaland East,IIb,Dry Tropical,7.015332648866575,Dry Beans,1.7,Winter,85.64,Highly Suitable
1008,53.72821764836546,Sandy Soil,Mashonaland East,IIb,Humid Subtropical,6.620343331219104,Sorghum,2.5,Hot Dry Season,72.24,Suitable
1009,59.188877021145885,Red Clay,Mashonaland West,III,Semi-Arid,5.283496709780155,Paprika,2.16,Rainy Season,43.5,Low Suitability
1010,49.23056052396758,Red Clay,Mashonaland West,III,Humid Subtropical,5.804143140230079,Maize,3.28,Cool Dry Season,49.22,Low Suitability
1011,73.9687609883374,Sandy Soil,Mashonaland Central,IIb,Humid Subtropical,5.416833488317881,Pearl Millet,1.82,Hot Dry Season,78.11,Suitable
1012,29.298311546635105,Red Clay,Masvingo,V,Semi-Arid,5.629224572279911,Macadamia Nuts,1.4,Dry Season,53.19,Moderately Suitable
1013,66.08962965284465,Loam,Mashonaland East,IIa,Temperate Highland,5.744938368014327,Maize,3.19,Dry Season,46.81,Low Suitability
1014,71.34666031653644,Sandy Soil,Matabeleland North,III,Humid Subtropical,5.594664859519009,Cabbage,21.53,Cool Dry Season,49.74,Low Suitability
1015,58.485334472746246,Clay Soil,Mashonaland East,IIb,Humid Subtropical,6.231390856836859,Watermelon,26.89,Dry Season,74.1,Suitable
1016,82.65414964734684,Sandy Soil,Harare,IIa,Humid Subtropical,7.4602303294837515,Tomatoes,24.86,Rainy Season,54.77,Moderately Suitable
1017,67.33985436568646,Clay Soil,Harare,IIb,Semi-Arid,7.02361118914081,Macadamia Nuts,1.59,Winter,32.92,Not Suitable
1018,79.47129243642458,Sandy Loam,Mashonaland Central,IIa,Semi-Arid,6.305821536621605,Pearl Millet,2.01,Rainy Season,98.5,Highly Suitable
1019,87.89145482041995,Loam,Midlands,III,Temperate Highland,6.591745657140948,Sorghum,2.51,Rainy Season,100.0,Highly Suitable
1020,69.44207219762256,Clay Soil,Matabeleland South,IV,Semi-Arid,6.220095082339579,Watermelon,22.32,Hot Dry Season,77.92,Suitable
1021,83.70268617642112,Loam,Harare,IIb,Semi-Arid,6.901956980976175,Wheat,4.06,Hot Dry Season,64.99,Moderately Suitable
1022,90.2432448132131,Silty Loam,Manicaland,I,Temperate Highland,6.236590328775973,Paprika,2.01,Hot Dry Season,95.8,Highly Suitable
1023,54.37507491558774,Clay Loam,Midlands,IV,Subtropical Highland,7.120588472606492,Tomatoes,25.85,Cool Dry Season,56.33,Moderately Suitable
1024,40.9899528241533,Sandy Soil,Matabeleland North,IV,Subtropical Highland,5.723574476658253,Coffee,1.07,Rainy Season,61.56,Moderately Suitable
1025,57.89188051056509,Loam,Mashonaland West,III,Subtropical Highland,6.447790816741986,Cabbage,19.49,Winter,65.16,Suitable
1026,94.10907997946565,Loam,Mashonaland East,IIb,Subtropical Highland,5.202911139003194,Wheat,4.79,Hot Dry Season,77.71,Suitable
1027,69.48262201256725,Clay Loam,Midlands,III,Humid Subtropical,6.636764455525342,Watermelon,22.12,Winter,83.29,Highly Suitable
1028,45.575981014854335,Loam,Masvingo,III,Subtropical Highland,6.113940720499932,Soybeans,1.67,Dry Season,56.11,Moderately Suitable
1029,34.157419093726666,Clay Loam,Matabeleland South,V,Dry Tropical,4.965662626389317,Maize,3.17,Winter,37.2,Low Suitability
1030,74.97901985604851,Sandy Soil,Harare,IIa,Temperate Highland,5.796372337588696,Groundnuts,1.47,Cool Dry Season,78.94,Suitable
1031,100.0,Sandy Loam,Mashonaland East,IIa,Humid Subtropical,5.621956136376344,Potatoes,23.35,Cool Dry Season,79.43,Suitable
1032,53.16949444038508,Sandy Soil,Manicaland,III,Dry Tropical,6.881796130853823,Maize,3.15,Dry Season,45.44,Low Suitability
1033,37.653955833759305,Loam,Masvingo,V,Humid Subtropical,5.866666607155176,Potatoes,18.3,Winter,61.38,Moderately Suitable
1034,67.75577314703095,Loam,Manicaland,III,Subtropical Highland,6.388614898263364,Dry Beans,1.22,Hot Dry Season,72.07,Suitable
1035,99.38980124316103,Red Clay,Manicaland,I,Humid Subtropical,6.215980617766333,Onions,21.53,Cool Dry Season,90.03,Highly Suitable
1036,48.155417018575136,Loam,Midlands,IV,Dry Tropical,6.139335159728652,Maize,3.22,Cool Dry Season,50.78,Moderately Suitable
1037,30.60249799240057,Clay Soil,Matabeleland South,V,Humid Subtropical,6.664338488760315,Cabbage,21.57,Cool Dry Season,57.99,Moderately Suitable
1038,80.65487203308126,Sandy Soil,Mashonaland East,IIb,Dry Tropical,6.652202015943444,Sweet Potatoes,10.1,Hot Dry Season,72.26,Suitable
1039,71.06332695914219,Silty Loam,Harare,IIa,Semi-Arid,6.961746712539247,Pumpkin,10.51,Winter,73.84,Suitable
1040,51.84362298808503,Sandy Soil,Manicaland,III,Dry Tropical,6.824713405717014,Finger Millet,1.67,Rainy Season,65.13,Suitable
1041,54.40539901334173,Loam,Matabeleland North,III,Dry Tropical,7.167429145071253,Tomatoes,23.67,Winter,52.05,Moderately Suitable
1042,67.30946789607692,Clay Loam,Midlands,III,Semi-Arid,5.8883805018206035,Cowpeas,1.01,Dry Season,84.72,Highly Suitable
1043,20.62108946788989,Red Clay,Masvingo,V,Semi-Arid,6.688054570742921,Coffee,1.04,Dry Season,39.34,Low Suitability
1044,33.585231343761805,Sandy Soil,Midlands,IV,Temperate Highland,6.6045788904774865,Sorghum,2.08,Rainy Season,50.78,Moderately Suitable
1045,23.188993890525335,Silty Loam,Masvingo,V,Dry Tropical,6.485701210136428,Finger Millet,1.81,Rainy Season,62.73,Moderately Suitable
1046,79.28397909071865,Sandy Soil,Mashonaland Central,III,Subtropical Highland,5.4933642522805215,Cabbage,15.75,Rainy Season,53.59,Moderately Suitable
1047,70.55034494025941,Sandy Loam,Mashonaland Central,III,Dry Tropical,6.879843590609273,Sugar Beans,1.28,Winter,61.85,Moderately Suitable
1048,33.32717812354506,Silty Loam,Matabeleland South,V,Dry Tropical,5.970492407677393,Carrots,14.77,Rainy Season,60.61,Moderately Suitable
1049,100.0,Red Clay,Manicaland,I,Subtropical Highland,7.048517864189988,Dry Beans,1.55,Winter,82.78,Highly Suitable
1050,42.16044377235108,Clay Soil,Midlands,IV,Subtropical Highland,6.661962452861056,Carrots,16.9,Dry Season,60.47,Moderately Suitable
1051,90.98292075168176,Clay Soil,Mashonaland East,IIa,Dry Tropical,5.437430318871105,Wheat,5.05,Winter,64.28,Moderately Suitable
1052,65.6801989630491,Sandy Soil,Mashonaland West,IIb,Humid Subtropical,5.864435641857742,Potatoes,16.47,Cool Dry Season,65.21,Suitable
1053,85.01806932489319,Sandy Loam,Midlands,III,Temperate Highland,5.7453597892744,Maize,4.28,Hot Dry Season,60.59,Moderately Suitable
1054,38.85450521679573,Loam,Masvingo,IV,Semi-Arid,6.402721210030873,Sunflower,1.38,Cool Dry Season,59.52,Moderately Suitable
1055,52.13044999798852,Red Clay,Matabeleland North,IV,Humid Subtropical,5.750880240907412,Pearl Millet,1.62,Cool Dry Season,65.65,Suitable
1056,41.408097267222445,Sandy Loam,Masvingo,III,Humid Subtropical,5.652150305818287,Cowpeas,0.98,Rainy Season,62.24,Moderately Suitable
1057,78.718000796449,Sandy Soil,Harare,IIa,Semi-Arid,6.18816580972028,Carrots,16.52,Hot Dry Season,71.25,Suitable
1058,63.33595829023417,Sandy Soil,Mashonaland West,IIb,Dry Tropical,7.29794480338575,Macadamia Nuts,1.87,Hot Dry Season,37.92,Low Suitability
1059,64.5157376985469,Sandy Soil,Mashonaland Central,IIb,Subtropical Highland,7.060058454087272,Cabbage,28.25,Rainy Season,57.68,Moderately Suitable
1060,67.3686317643631,Loam,Matabeleland North,IV,Dry Tropical,7.472518802924341,Tea,1.81,Rainy Season,30.39,Not Suitable
1061,82.44383118676272,Sandy Loam,Mashonaland East,IIa,Semi-Arid,6.2392747423926025,Cotton,1.42,Hot Dry Season,81.23,Highly Suitable
1062,73.0692669099711,Loam,Midlands,III,Dry Tropical,7.2280974205728805,Sorghum,1.75,Rainy Season,89.87,Highly Suitable
1063,96.9173785076282,Sandy Loam,Manicaland,I,Semi-Arid,5.929236173955282,Sorghum,2.3,Winter,81.83,Highly Suitable
1064,100.0,Sandy Soil,Harare,IIa,Subtropical Highland,6.169312878669956,Cowpeas,1.17,Rainy Season,92.21,Highly Suitable
1065,73.92927049735313,Sandy Loam,Midlands,III,Dry Tropical,6.654672654413259,Tomatoes,23.39,Hot Dry Season,54.33,Moderately Suitable
1066,53.661715368682536,Red Clay,Mashonaland East,IIb,Humid Subtropical,5.190103090149394,Tea,2.18,Dry Season,56.75,Moderately Suitable
1067,99.17745663586003,Clay Soil,Harare,IIa,Humid Subtropical,6.078780676981372,Onions,20.05,Winter,83.08,Highly Suitable
1068,76.59442910318002,Clay Loam,Mashonaland Central,IIb,Temperate Highland,5.641151887076983,Maize,2.9,Winter,52.38,Moderately Suitable
1069,96.79874240101694,Silty Loam,Mashonaland Central,IIa,Semi-Arid,5.6268741815868335,Cabbage,23.27,Rainy Season,65.62,Suitable
1070,68.45801240556904,Clay Soil,Matabeleland South,V,Subtropical Highland,5.995177037033019,Carrots,15.37,Cool Dry Season,65.48,Suitable
1071,66.1483891098062,Red Clay,Mashonaland Central,IIb,Dry Tropical,5.84695705831137,Coffee,0.85,Dry Season,57.55,Moderately Suitable
1072,61.179730332843356,Sandy Soil,Manicaland,III,Semi-Arid,5.252187260445108,Maize,3.11,Cool Dry Season,35.84,Low Suitability
1073,66.19800439110853,Red Clay,Mashonaland West,IIa,Semi-Arid,6.569443663733654,Watermelon,23.09,Hot Dry Season,72.56,Suitable
1074,50.77817889185021,Loam,Masvingo,V,Semi-Arid,6.7645883280232795,Groundnuts,0.99,Hot Dry Season,57.22,Moderately Suitable
1075,80.25631046882283,Clay Loam,Matabeleland North,III,Temperate Highland,5.553830839341643,Onions,18.96,Cool Dry Season,61.32,Moderately Suitable
1076,67.74443966707469,Sandy Soil,Mashonaland West,III,Semi-Arid,7.13556975261776,Sugar Beans,1.43,Hot Dry Season,61.36,Moderately Suitable
1077,44.84673153629127,Red Clay,Midlands,III,Semi-Arid,5.954980558559788,Watermelon,25.19,Cool Dry Season,52.69,Moderately Suitable
1078,36.56186860753133,Clay Soil,Matabeleland South,V,Humid Subtropical,6.08431487945293,Carrots,14.48,Dry Season,58.57,Moderately Suitable
1079,44.796973471223865,Sandy Loam,Midlands,IV,Semi-Arid,6.829782452419975,Paprika,2.34,Cool Dry Season,51.71,Moderately Suitable
1080,69.7999678325141,Clay Loam,Harare,IIb,Semi-Arid,7.118297359946583,Soybeans,1.69,Cool Dry Season,54.69,Moderately Suitable
1081,77.49335979605877,Sandy Soil,Matabeleland North,III,Dry Tropical,6.10614080846663,Tomatoes,17.31,Hot Dry Season,57.12,Moderately Suitable
1082,97.51062424734674,Red Clay,Mashonaland East,IIa,Dry Tropical,6.042306686169929,Watermelon,21.15,Cool Dry Season,82.31,Highly Suitable
1083,50.89266818856248,Red Clay,Mashonaland Central,III,Subtropical Highland,7.331513680852979,Sugar Beans,1.36,Winter,45.22,Low Suitability
1084,21.761424181877345,Sandy Soil,Midlands,IV,Subtropical Highland,5.783905492406256,Carrots,15.61,Hot Dry Season,48.51,Low Suitability
1085,75.26614616094439,Sandy Loam,Harare,IIa,Subtropical Highland,5.62017987863369,Sunflower,1.35,Cool Dry Season,78.31,Suitable
1086,83.2692856674199,Sandy Soil,Harare,IIa,Temperate Highland,6.793348225398169,Tobacco,1.83,Cool Dry Season,55.89,Moderately Suitable
1087,55.605380638509985,Loam,Matabeleland South,IV,Subtropical Highland,6.556626749863912,Sweet Potatoes,10.59,Hot Dry Season,65.06,Suitable
1088,100.0,Clay Loam,Mashonaland Central,IIa,Humid Subtropical,5.962227785157625,Watermelon,20.88,Cool Dry Season,83.71,Highly Suitable
1089,72.51715513721095,Clay Loam,Matabeleland South,V,Semi-Arid,6.443783555889725,Pearl Millet,1.78,Dry Season,89.13,Highly Suitable
1090,70.36868291612835,Sandy Loam,Harare,IIb,Dry Tropical,5.155038120983452,Sunflower,1.52,Hot Dry Season,68.15,Suitable
1091,68.58397952564661,Silty Loam,Matabeleland North,III,Humid Subtropical,6.713748554575121,Potatoes,16.69,Cool Dry Season,52.58,Moderately Suitable
1092,51.895171418900816,Red Clay,Matabeleland South,V,Subtropical Highland,5.841573845169925,Onions,17.52,Hot Dry Season,46.13,Low Suitability
1093,25.601180908717097,Silty Loam,Matabeleland South,V,Dry Tropical,5.106402078770851,Cowpeas,1.02,Dry Season,44.05,Low Suitability
1094,58.33694829184526,Clay Loam,Matabeleland South,IV,Subtropical Highland,5.7813861605782115,Potatoes,16.21,Dry Season,63.01,Moderately Suitable
1095,82.47726463717316,Clay Soil,Midlands,III,Subtropical Highland,6.185254859686185,Cowpeas,1.37,Rainy Season,98.94,Highly Suitable
1096,79.04728317623736,Clay Loam,Mashonaland West,IIa,Dry Tropical,6.736795460806079,Pearl Millet,1.62,Rainy Season,91.81,Highly Suitable
1097,66.53946417867478,Sandy Loam,Mashonaland West,III,Semi-Arid,5.884909956229872,Onions,14.63,Hot Dry Season,52.95,Moderately Suitable
1098,97.02889433160449,Red Clay,Mashonaland East,IIa,Semi-Arid,6.390643007418243,Paprika,2.65,Hot Dry Season,80.87,Highly Suitable
1099,82.82631111929896,Sandy Loam,Manicaland,IIa,Temperate Highland,5.325753995070715,Paprika,2.41,Cool Dry Season,79.4,Suitable
1100,78.17657939415348,Sandy Loam,Manicaland,IIa,Temperate Highland,5.041265105891297,Wheat,4.53,Rainy Season,55.82,Moderately Suitable
1101,59.72324897468447,Silty Loam,Midlands,IV,Dry Tropical,6.000057977274045,Potatoes,16.03,Dry Season,51.89,Moderately Suitable
1102,28.069438898088983,Sandy Loam,Midlands,IV,Temperate Highland,6.058009758074077,Tomatoes,28.51,Cool Dry Season,49.4,Low Suitability
1103,77.4809225309808,Clay Soil,Midlands,III,Dry Tropical,6.167340072976331,Cabbage,24.92,Cool Dry Season,70.19,Suitable
1104,89.17214917637546,Sandy Loam,Harare,IIb,Semi-Arid,5.200851715031741,Cowpeas,1.21,Winter,77.84,Suitable
1105,63.17824333043592,Clay Soil,Mashonaland West,III,Semi-Arid,4.787093778547128,Groundnuts,1.0,Dry Season,42.42,Low Suitability
1106,70.85666669170747,Sandy Loam,Harare,IIb,Dry Tropical,5.3689695901653725,Dry Beans,1.31,Rainy Season,55.08,Moderately Suitable
1107,76.92184196758757,Sandy Loam,Harare,IIa,Humid Subtropical,5.547711978256323,Cowpeas,1.3,Hot Dry Season,81.67,Highly Suitable
1108,100.0,Silty Loam,Manicaland,I,Subtropical Highland,6.357261975731711,Watermelon,28.84,Rainy Season,100.0,Highly Suitable
1109,100.0,Clay Loam,Masvingo,III,Temperate Highland,5.23809152772201,Cabbage,21.43,Cool Dry Season,67.48,Suitable
1110,56.919024921443885,Clay Soil,Masvingo,IV,Temperate Highland,6.110381067170003,Cabbage,18.32,Rainy Season,39.38,Low Suitability
1111,88.33512688410414,Clay Soil,Harare,IIa,Humid Subtropical,5.6094467050254595,Maize,3.3,Hot Dry Season,55.56,Moderately Suitable
1112,100.0,Clay Soil,Manicaland,I,Humid Subtropical,5.743738549975658,Carrots,17.2,Rainy Season,88.73,Highly Suitable
1113,18.524687853940534,Sandy Soil,Matabeleland North,IV,Semi-Arid,5.973565089187313,Tobacco,1.63,Winter,51.47,Moderately Suitable
1114,38.236656070183905,Clay Loam,Matabeleland North,IV,Dry Tropical,5.777167265753397,Soybeans,2.21,Winter,51.87,Moderately Suitable
1115,94.98171002475094,Red Clay,Mashonaland West,IIb,Subtropical Highland,7.040753305187227,Sugar Beans,1.35,Rainy Season,83.95,Highly Suitable
1116,51.14011753472507,Clay Loam,Harare,IIb,Dry Tropical,5.959017567096588,Cotton,1.6,Cool Dry Season,64.47,Moderately Suitable
1117,61.19527318642587,Red Clay,Matabeleland North,III,Subtropical Highland,6.103479321091473,Pumpkin,9.88,Cool Dry Season,67.6,Suitable
1118,59.325701781254786,Sandy Loam,Manicaland,III,Subtropical Highland,6.180770502587621,Tobacco,1.66,Rainy Season,59.93,Moderately Suitable
1119,52.90910838056873,Clay Loam,Manicaland,IIa,Dry Tropical,6.029864954976157,Watermelon,24.56,Rainy Season,67.53,Suitable
1120,97.42080621065575,Clay Soil,Manicaland,I,Temperate Highland,4.676050107467223,Wheat,4.25,Rainy Season,65.93,Suitable
1121,77.95849462781436,Loam,Manicaland,IIa,Semi-Arid,4.747857979805382,Tea,1.89,Winter,50.37,Moderately Suitable
1122,31.505218395253884,Clay Soil,Matabeleland South,V,Subtropical Highland,6.6155486273344035,Pumpkin,10.37,Dry Season,47.47,Low Suitability
1123,81.85871097688918,Clay Soil,Mashonaland East,IIa,Temperate Highland,6.994110850349596,Finger Millet,1.46,Hot Dry Season,80.57,Highly Suitable
1124,69.50694602833298,Clay Loam,Masvingo,III,Subtropical Highland,6.400713131773336,Sunflower,1.52,Hot Dry Season,80.37,Highly Suitable
1125,47.1401180697261,Silty Loam,Midlands,IV,Semi-Arid,6.647698244617322,Pumpkin,10.39,Winter,62.77,Moderately Suitable
1126,44.70890049384741,Red Clay,Matabeleland North,IV,Dry Tropical,7.0786433818885826,Sunflower,1.23,Hot Dry Season,44.14,Low Suitability
1127,68.75289512215352,Sandy Soil,Matabeleland North,IV,Temperate Highland,5.5479436663589965,Soybeans,2.04,Winter,45.58,Low Suitability
1128,96.17693284234903,Sandy Soil,Mashonaland West,IIa,Humid Subtropical,5.254554485900107,Sugar Beans,1.52,Dry Season,71.49,Suitable
1129,72.31813367280836,Silty Loam,Mashonaland West,IIa,Humid Subtropical,6.7361953505753025,Pumpkin,8.44,Hot Dry Season,82.05,Highly Suitable
1130,96.1066840411206,Silty Loam,Mashonaland East,IIb,Humid Subtropical,6.212571842946461,Potatoes,17.6,Hot Dry Season,78.03,Suitable
1131,73.75110086553907,Loam,Mashonaland Central,III,Semi-Arid,6.057191182242466,Finger Millet,1.65,Hot Dry Season,91.35,Highly Suitable
1132,92.18381534461003,Sandy Soil,Mashonaland West,IIa,Dry Tropical,7.093753576718479,Watermelon,20.23,Dry Season,72.62,Suitable
1133,65.14460293745509,Sandy Soil,Midlands,III,Temperate Highland,4.4104688957269484,Cotton,1.35,Dry Season,43.32,Low Suitability
1134,90.14096243438884,Silty Loam,Harare,IIa,Semi-Arid,5.0769899384598,Sorghum,2.33,Rainy Season,86.74,Highly Suitable
1135,59.94980126696323,Silty Loam,Midlands,III,Subtropical Highland,5.643300022131767,Cabbage,21.02,Winter,47.41,Low Suitability
1136,64.46542092389612,Clay Soil,Harare,IIb,Dry Tropical,5.431831046676469,Carrots,13.34,Winter,53.44,Moderately Suitable
1137,43.35896130273055,Clay Soil,Matabeleland South,V,Humid Subtropical,6.1553746037849475,Wheat,3.85,Dry Season,56.53,Moderately Suitable
1138,100.0,Loam,Manicaland,I,Temperate Highland,5.891499325797277,Cowpeas,1.14,Rainy Season,95.52,Highly Suitable
1139,78.79269505163765,Red Clay,Mashonaland West,IIb,Humid Subtropical,7.340715300043298,Watermelon,19.55,Cool Dry Season,69.93,Suitable
1140,58.08015988597839,Clay Soil,Matabeleland South,IV,Subtropical Highland,6.196865904940506,Cabbage,20.13,Rainy Season,48.44,Low Suitability
1141,67.81225932491711,Sandy Soil,Mashonaland Central,IIa,Subtropical Highland,6.797037963114746,Sweet Potatoes,11.32,Rainy Season,69.52,Suitable
1142,78.22263418137395,Red Clay,Mashonaland West,IIa,Semi-Arid,5.642809424068223,Maize,3.7,Rainy Season,54.4,Moderately Suitable
1143,72.74002910172443,Silty Loam,Midlands,III,Humid Subtropical,6.003629605148191,Cowpeas,1.01,Hot Dry Season,90.63,Highly Suitable
1144,79.5318689817292,Clay Soil,Mashonaland Central,IIb,Semi-Arid,6.637601094973861,Sunflower,1.66,Dry Season,97.98,Highly Suitable
1145,45.42007859276838,Clay Soil,Midlands,IV,Dry Tropical,5.001708711594319,Sorghum,1.7,Dry Season,50.71,Moderately Suitable
1146,56.71094906172543,Sandy Loam,Harare,IIb,Temperate Highland,6.873628842880468,Tea,2.18,Winter,28.41,Not Suitable
1147,92.71185194915343,Clay Soil,Harare,IIa,Temperate Highland,6.7763628030054495,Coffee,1.03,Winter,39.45,Low Suitability
1148,59.21116567299531,Clay Loam,Mashonaland East,IIb,Semi-Arid,6.649380617584992,Wheat,3.85,Hot Dry Season,61.63,Moderately Suitable
1149,64.71044737775195,Clay Soil,Midlands,III,Dry Tropical,6.438138633877174,Carrots,13.5,Cool Dry Season,66.62,Suitable
1150,29.425568420294283,Sandy Soil,Matabeleland South,V,Dry Tropical,4.555595119096687,Sorghum,2.12,Cool Dry Season,27.46,Not Suitable
1151,47.62807317353772,Sandy Loam,Matabeleland South,IV,Subtropical Highland,6.668906194699928,Carrots,18.23,Dry Season,50.94,Moderately Suitable
1152,93.56336373122218,Clay Soil,Harare,IIa,Dry Tropical,7.3840945548873975,Dry Beans,1.66,Hot Dry Season,70.86,Suitable
1153,36.1084330551292,Clay Soil,Midlands,IV,Humid Subtropical,6.360357278477999,Sorghum,1.73,Cool Dry Season,55.49,Moderately Suitable
1154,49.108492902237096,Loam,Midlands,IV,Temperate Highland,6.132492305807285,Finger Millet,1.58,Dry Season,67.0,Suitable
1155,46.67866780895089,Loam,Mashonaland Central,III,Dry Tropical,5.761447942074156,Macadamia Nuts,2.12,Cool Dry Season,51.66,Moderately Suitable
1156,99.33682996076912,Red Clay,Manicaland,I,Temperate Highland,7.127257371958205,Tomatoes,27.34,Winter,76.61,Suitable
1157,74.67813743818505,Red Clay,Mashonaland East,IIa,Temperate Highland,6.060213180529613,Cotton,1.69,Dry Season,62.54,Moderately Suitable
1158,53.9546665432335,Clay Soil,Midlands,III,Subtropical Highland,7.066049076908872,Paprika,2.5,Winter,58.34,Moderately Suitable
1159,65.94842646967427,Clay Loam,Mashonaland East,IIa,Dry Tropical,6.759575250908678,Tobacco,1.48,Winter,45.81,Low Suitability
1160,80.7931785556323,Loam,Harare,IIb,Humid Subtropical,6.29896797599693,Groundnuts,1.59,Winter,95.58,Highly Suitable
1161,43.846298514844435,Clay Soil,Manicaland,III,Humid Subtropical,6.101544893685211,Dry Beans,1.28,Dry Season,43.55,Low Suitability
1162,100.0,Red Clay,Manicaland,I,Subtropical Highland,4.649207801175107,Macadamia Nuts,1.73,Cool Dry Season,44.88,Low Suitability
1163,78.03895970585943,Loam,Mashonaland Central,III,Humid Subtropical,6.480738670527575,Finger Millet,1.79,Winter,95.27,Highly Suitable
1164,86.77918497659431,Loam,Manicaland,I,Humid Subtropical,7.147612508136735,Sugar Beans,1.82,Rainy Season,87.56,Highly Suitable
1165,37.60093748825386,Sandy Loam,Matabeleland North,IV,Dry Tropical,7.157730245562623,Tomatoes,26.35,Hot Dry Season,48.83,Low Suitability
1166,73.24281062902742,Clay Soil,Mashonaland West,III,Semi-Arid,7.234165024704658,Coffee,1.05,Winter,37.82,Low Suitability
1167,38.708049324250304,Sandy Loam,Masvingo,IV,Subtropical Highland,6.155613820317337,Sunflower,1.53,Winter,60.53,Moderately Suitable
1168,47.91363066585726,Red Clay,Masvingo,V,Dry Tropical,5.303091028796349,Watermelon,20.39,Dry Season,43.05,Low Suitability
1169,44.768398587278334,Sandy Loam,Matabeleland South,IV,Humid Subtropical,7.111253014311457,Tomatoes,29.92,Cool Dry Season,69.59,Suitable
1170,62.221766958685045,Clay Soil,Midlands,III,Dry Tropical,5.7990498197996505,Cowpeas,1.38,Cool Dry Season,80.41,Highly Suitable
1171,95.38577935773137,Loam,Harare,IIb,Temperate Highland,6.163209294903977,Cotton,1.86,Dry Season,78.51,Suitable
1172,63.564097852999716,Loam,Mashonaland West,III,Humid Subtropical,6.750883183481463,Tomatoes,23.75,Winter,56.22,Moderately Suitable
1173,70.55029648533032,Sandy Soil,Harare,IIa,Subtropical Highland,5.185750235572701,Sugar Beans,1.43,Winter,54.71,Moderately Suitable
1174,100.0,Clay Loam,Manicaland,IIa,Dry Tropical,5.057780927004147,Coffee,1.21,Winter,56.84,Moderately Suitable
1175,29.269274951023405,Sandy Soil,Matabeleland South,V,Subtropical Highland,5.2287202423764505,Watermelon,21.4,Rainy Season,35.33,Low Suitability
1176,83.90594297461747,Silty Loam,Mashonaland East,IIb,Subtropical Highland,7.332414690932827,Finger Millet,1.88,Rainy Season,87.4,Highly Suitable
1177,63.417322057558124,Loam,Mashonaland West,III,Semi-Arid,6.170762923829352,Coffee,1.07,Winter,49.79,Low Suitability
1178,85.43550896201337,Red Clay,Manicaland,I,Semi-Arid,7.0228895556171755,Cabbage,20.85,Winter,71.52,Suitable
1179,71.5924044040827,Clay Loam,Mashonaland Central,III,Semi-Arid,6.051215043051053,Pumpkin,13.37,Winter,76.41,Suitable
1180,92.00448274831695,Sandy Soil,Mashonaland West,IIb,Temperate Highland,6.176345913426675,Sunflower,1.32,Winter,78.43,Suitable
1181,80.75792507887382,Sandy Soil,Mashonaland East,IIa,Subtropical Highland,6.123314680335735,Dry Beans,1.23,Dry Season,73.52,Suitable
1182,88.8735081963745,Loam,Mashonaland Central,III,Subtropical Highland,6.374184944542893,Dry Beans,1.51,Cool Dry Season,77.9,Suitable
1183,72.85471103907501,Loam,Matabeleland South,IV,Humid Subtropical,5.397587064814057,Groundnuts,1.49,Winter,80.85,Highly Suitable
1184,70.73736504843407,Sandy Soil,Mashonaland Central,IIb,Humid Subtropical,7.029494206345971,Sunflower,1.5,Hot Dry Season,67.9,Suitable
1185,36.78512721155134,Silty Loam,Masvingo,V,Semi-Arid,4.923207032981727,Tea,1.96,Cool Dry Season,54.27,Moderately Suitable
1186,78.98545925347028,Sandy Loam,Harare,IIb,Subtropical Highland,5.512823749190956,Finger Millet,1.72,Hot Dry Season,89.82,Highly Suitable
1187,61.24100248072932,Loam,Mashonaland West,IIb,Subtropical Highland,6.506263684581228,Tomatoes,22.88,Rainy Season,55.64,Moderately Suitable
1188,86.95123144176263,Sandy Loam,Manicaland,I,Humid Subtropical,5.52220133304026,Sorghum,2.43,Winter,91.2,Highly Suitable
1189,41.25560003453659,Sandy Loam,Matabeleland North,IV,Semi-Arid,6.278647449456415,Sweet Potatoes,8.74,Winter,58.34,Moderately Suitable
1190,46.15010730151838,Silty Loam,Matabeleland North,IV,Dry Tropical,5.880301345491662,Paprika,2.23,Hot Dry Season,50.2,Moderately Suitable
1191,55.18546347732487,Loam,Midlands,IV,Humid Subtropical,7.303754975503159,Onions,16.63,Dry Season,55.66,Moderately Suitable
1192,17.221321507325428,Clay Loam,Matabeleland South,V,Subtropical Highland,7.181707367402348,Finger Millet,1.33,Hot Dry Season,49.32,Low Suitability
1193,62.37087883718823,Clay Loam,Matabeleland North,III,Subtropical Highland,6.316524309586695,Sugar Beans,1.36,Winter,68.73,Suitable
1194,53.28505435410893,Clay Soil,Matabeleland North,IV,Subtropical Highland,6.165678451292646,Potatoes,15.49,Winter,51.75,Moderately Suitable
1195,45.55201963849454,Loam,Midlands,IV,Subtropical Highland,6.699963971722127,Carrots,16.89,Cool Dry Season,60.58,Moderately Suitable
1196,81.00806323491739,Silty Loam,Mashonaland West,IIa,Semi-Arid,5.4553157195770385,Sugar Beans,1.56,Cool Dry Season,62.67,Moderately Suitable
1197,27.14056595543132,Sandy Soil,Matabeleland South,V,Subtropical Highland,6.065107066780042,Watermelon,23.59,Hot Dry Season,52.38,Moderately Suitable
1198,71.09598147393369,Sandy Loam,Mashonaland Central,III,Semi-Arid,6.056025693153134,Groundnuts,1.47,Winter,93.36,Highly Suitable
1199,94.05285827944971,Red Clay,Manicaland,I,Humid Subtropical,6.000061336532648,Cotton,1.67,Cool Dry Season,80.49,Highly Suitable
1200,54.089735026404874,Clay Soil,Masvingo,IV,Subtropical Highland,5.152264913168619,Dry Beans,1.02,Dry Season,43.04,Low Suitability
1201,68.1743606548576,Sandy Soil,Mashonaland East,IIa,Dry Tropical,6.2917867427036125,Finger Millet,1.52,Cool Dry Season,81.73,Highly Suitable
1202,53.35566912068941,Sandy Soil,Mashonaland East,IIa,Humid Subtropical,7.71155477283708,Macadamia Nuts,1.74,Rainy Season,38.17,Low Suitability
1203,77.65255563299849,Silty Loam,Mashonaland West,IIa,Humid Subtropical,6.607948770637505,Tobacco,1.83,Winter,60.3,Moderately Suitable
1204,100.0,Red Clay,Harare,IIa,Humid Subtropical,7.878461476240259,Macadamia Nuts,1.96,Hot Dry Season,50.91,Moderately Suitable
1205,64.80427195081101,Sandy Loam,Mashonaland Central,IIa,Semi-Arid,7.327401060523016,Tobacco,1.67,Rainy Season,46.57,Low Suitability
1206,44.2860510840337,Sandy Soil,Masvingo,V,Temperate Highland,4.997518274851865,Tea,1.92,Hot Dry Season,50.96,Moderately Suitable
1207,42.89645837052978,Silty Loam,Matabeleland South,V,Temperate Highland,5.24929604845347,Sorghum,1.35,Rainy Season,51.08,Moderately Suitable
1208,86.20544066791139,Red Clay,Mashonaland West,IIa,Humid Subtropical,5.582128425570117,Coffee,1.15,Dry Season,54.8,Moderately Suitable
1209,24.60543528892285,Silty Loam,Masvingo,V,Subtropical Highland,5.805355440506097,Soybeans,1.67,Hot Dry Season,51.57,Moderately Suitable
1210,95.99151336019126,Clay Loam,Mashonaland Central,IIb,Dry Tropical,6.073855966079786,Onions,16.03,Dry Season,82.64,Highly Suitable
1211,52.520622917621424,Clay Loam,Mashonaland East,IIb,Semi-Arid,6.127842603580418,Finger Millet,1.49,Winter,76.47,Suitable
1212,98.35501618090738,Sandy Soil,Harare,IIb,Semi-Arid,6.536355357554924,Maize,3.7,Rainy Season,77.77,Suitable
1213,84.28565205073124,Clay Soil,Harare,IIb,Dry Tropical,5.910591415433566,Pumpkin,12.08,Cool Dry Season,76.75,Suitable
1214,80.0682537732244,Clay Soil,Mashonaland West,III,Dry Tropical,5.905446816327824,Cowpeas,1.24,Cool Dry Season,91.76,Highly Suitable
1215,78.11431601014772,Clay Soil,Mashonaland Central,III,Temperate Highland,6.13423780815657,Cabbage,24.63,Rainy Season,66.53,Suitable
1216,61.05776261766332,Silty Loam,Masvingo,III,Humid Subtropical,6.902321959599873,Paprika,2.54,Winter,65.46,Suitable
1217,68.02155898279972,Loam,Masvingo,III,Dry Tropical,7.094639536214532,Paprika,2.43,Winter,66.88,Suitable
1218,100.0,Clay Soil,Mashonaland West,IIa,Semi-Arid,6.259552861396789,Coffee,0.96,Rainy Season,54.45,Moderately Suitable
1219,94.73987165984195,Sandy Loam,Mashonaland Central,IIa,Semi-Arid,5.368055708071617,Cotton,1.72,Winter,78.58,Suitable
1220,35.42871077042858,Sandy Loam,Matabeleland South,V,Semi-Arid,6.731595201428926,Cotton,1.85,Cool Dry Season,59.16,Moderately Suitable
1221,98.85353956324056,Loam,Mashonaland West,IIa,Subtropical Highland,5.8178568460454265,Sorghum,2.27,Dry Season,82.94,Highly Suitable
1222,77.63625545604165,Sandy Loam,Mashonaland East,IIa,Temperate Highland,5.362919005486747,Sunflower,1.42,Winter,72.46,Suitable
1223,59.294374583519954,Clay Soil,Matabeleland North,IV,Subtropical Highland,6.654449380735098,Finger Millet,1.36,Winter,66.32,Suitable
1224,78.34192202330297,Silty Loam,Mashonaland West,IIa,Humid Subtropical,6.423368331864952,Cowpeas,1.28,Hot Dry Season,99.85,Highly Suitable
1225,61.26391942949726,Silty Loam,Mashonaland West,IIb,Subtropical Highland,6.222293496371766,Tomatoes,26.45,Winter,55.5,Moderately Suitable
1226,100.0,Silty Loam,Mashonaland Central,IIa,Dry Tropical,6.111758255910138,Wheat,4.2,Cool Dry Season,87.61,Highly Suitable
1227,55.9570612047162,Sandy Loam,Matabeleland South,IV,Semi-Arid,6.71506051562126,Sorghum,2.02,Dry Season,73.68,Suitable
1228,75.46818018646428,Loam,Matabeleland North,III,Subtropical Highland,6.226362934542882,Cabbage,21.43,Cool Dry Season,70.63,Suitable
1229,74.20410060145319,Silty Loam,Mashonaland Central,IIb,Semi-Arid,5.097918721460237,Tomatoes,24.03,Rainy Season,45.68,Low Suitability
1230,76.98371718098193,Clay Loam,Mashonaland West,IIa,Humid Subtropical,6.895002623581955,Sweet Potatoes,7.23,Cool Dry Season,67.96,Suitable
1231,70.99334439237178,Sandy Soil,Mashonaland East,IIb,Semi-Arid,5.511557146180751,Onions,15.86,Winter,46.78,Low Suitability
1232,100.0,Sandy Soil,Manicaland,I,Semi-Arid,6.053929829951985,Maize,3.92,Dry Season,66.19,Suitable
1233,66.30434576788251,Silty Loam,Midlands,III,Dry Tropical,5.76800457332467,Maize,4.18,Hot Dry Season,48.21,Low Suitability
1234,38.700713186501524,Loam,Masvingo,IV,Dry Tropical,6.004615884350211,Carrots,18.57,Hot Dry Season,58.28,Moderately Suitable
1235,66.25139624699665,Silty Loam,Matabeleland North,III,Subtropical Highland,7.5675214795252845,Pumpkin,11.47,Winter,70.26,Suitable
1236,64.54497100816873,Sandy Loam,Mashonaland Central,IIb,Temperate Highland,5.9356620858346725,Sorghum,2.12,Cool Dry Season,81.34,Highly Suitable
1237,59.1546528212622,Silty Loam,Midlands,III,Temperate Highland,6.35927489599096,Wheat,3.6,Winter,59.66,Moderately Suitable
1238,22.69233897856752,Silty Loam,Matabeleland South,V,Humid Subtropical,5.401216722533331,Sugar Beans,1.02,Hot Dry Season,46.46,Low Suitability
1239,71.56446384928888,Clay Soil,Manicaland,I,Semi-Arid,6.223796898901655,Finger Millet,2.02,Rainy Season,92.92,Highly Suitable
1240,62.48923153576665,Clay Soil,Mashonaland East,IIb,Semi-Arid,6.1148975342074445,Wheat,4.33,Dry Season,63.14,Moderately Suitable
1241,40.211704620367875,Sandy Soil,Matabeleland North,IV,Subtropical Highland,5.582081341474062,Sweet Potatoes,8.18,Cool Dry Season,47.19,Low Suitability
1242,92.02170257045691,Sandy Loam,Mashonaland Central,IIa,Dry Tropical,6.311998269576788,Coffee,1.06,Rainy Season,48.77,Low Suitability
1243,80.10478531960563,Red Clay,Manicaland,III,Temperate Highland,5.372929492049483,Pearl Millet,1.56,Winter,88.07,Highly Suitable
1244,25.456449624987027,Loam,Matabeleland South,V,Semi-Arid,5.824369132603601,Groundnuts,1.32,Winter,55.21,Moderately Suitable
1245,85.74307786802376,Clay Soil,Manicaland,IIa,Dry Tropical,6.213354966114983,Carrots,20.51,Hot Dry Season,89.59,Highly Suitable
1246,74.97545045504936,Red Clay,Matabeleland North,III,Humid Subtropical,5.770643150649067,Carrots,16.18,Rainy Season,66.86,Suitable
1247,75.26647472039454,Clay Soil,Mashonaland West,IIa,Subtropical Highland,6.985888328410993,Sweet Potatoes,9.48,Hot Dry Season,68.75,Suitable
1248,75.39060100831637,Clay Soil,Mashonaland West,IIa,Subtropical Highland,6.860230214069423,Tea,1.89,Hot Dry Season,41.46,Low Suitability
1249,63.29566287258115,Loam,Mashonaland Central,III,Humid Subtropical,6.61713331679826,Pearl Millet,1.76,Rainy Season,88.78,Highly Suitable
1250,61.93624344940552,Red Clay,Mashonaland East,IIb,Temperate Highland,5.303091139144164,Maize,2.79,Dry Season,40.37,Low Suitability
1251,73.21422505937991,Clay Loam,Mashonaland West,IIb,Semi-Arid,6.420244468363782,Maize,3.78,Cool Dry Season,58.76,Moderately Suitable
1252,46.873513539728876,Red Clay,Midlands,IV,Subtropical Highland,6.5884281411336,Soybeans,1.94,Rainy Season,57.22,Moderately Suitable
1253,84.60295242405327,Sandy Loam,Manicaland,III,Subtropical Highland,7.045239689210841,Tomatoes,26.64,Cool Dry Season,64.44,Moderately Suitable
1254,60.40750439476315,Sandy Loam,Mashonaland Central,IIb,Dry Tropical,6.365922156500467,Watermelon,25.29,Rainy Season,73.02,Suitable
1255,68.02186878785875,Silty Loam,Manicaland,III,Subtropical Highland,5.217337704712525,Cabbage,19.52,Dry Season,42.01,Low Suitability
1256,82.90647634965087,Sandy Loam,Harare,IIa,Humid Subtropical,5.863909394258343,Paprika,2.61,Rainy Season,82.66,Highly Suitable
1257,47.2680378822984,Loam,Midlands,III,Humid Subtropical,5.158711774257608,Tea,2.17,Winter,54.46,Moderately Suitable
1258,75.19176658097861,Loam,Mashonaland East,IIb,Dry Tropical,6.6296210925407415,Carrots,16.17,Cool Dry Season,75.47,Suitable
1259,79.18203811022019,Loam,Harare,IIb,Dry Tropical,5.645109117314064,Cowpeas,1.17,Hot Dry Season,95.8,Highly Suitable
1260,58.51885614416806,Red Clay,Mashonaland East,IIb,Temperate Highland,7.9171254615093165,Carrots,14.46,Dry Season,46.45,Low Suitability
1261,41.38947874716135,Silty Loam,Matabeleland North,IV,Semi-Arid,6.438855059580795,Tomatoes,27.53,Winter,50.27,Moderately Suitable
1262,48.09745359007389,Clay Loam,Matabeleland South,IV,Subtropical Highland,6.011758384558729,Cotton,1.69,Rainy Season,51.82,Moderately Suitable
1263,83.61838712058315,Sandy Soil,Harare,IIb,Semi-Arid,6.206073358511644,Sunflower,1.35,Rainy Season,81.51,Highly Suitable
1264,69.78014197933628,Loam,Midlands,III,Subtropical Highland,6.177529213700659,Carrots,13.4,Hot Dry Season,69.15,Suitable
1265,96.2293741873617,Clay Soil,Harare,IIa,Semi-Arid,5.84007319424378,Pearl Millet,2.01,Cool Dry Season,85.9,Highly Suitable
1266,50.59225167447674,Sandy Soil,Midlands,IV,Semi-Arid,7.018403817939623,Watermelon,24.74,Winter,49.71,Low Suitability
1267,58.428825234045476,Clay Loam,Midlands,III,Humid Subtropical,6.198737892128771,Wheat,4.42,Winter,58.95,Moderately Suitable
1268,55.55266401983448,Silty Loam,Mashonaland East,IIb,Semi-Arid,6.663478068165456,Coffee,0.99,Cool Dry Season,36.56,Low Suitability
1269,80.05794598217685,Red Clay,Mashonaland Central,IIb,Temperate Highland,4.2,Cotton,1.68,Rainy Season,59.95,Moderately Suitable
1270,60.45357110893395,Sandy Soil,Mashonaland Central,III,Humid Subtropical,5.025413889719002,Finger Millet,1.73,Winter,66.96,Suitable
1271,80.7472275318818,Clay Loam,Matabeleland North,III,Dry Tropical,7.068533522492091,Onions,18.34,Hot Dry Season,75.42,Suitable
1272,60.43376405515486,Clay Soil,Midlands,III,Humid Subtropical,7.049984952168657,Paprika,2.12,Winter,68.69,Suitable
1273,78.20923732986317,Clay Soil,Manicaland,IIa,Temperate Highland,7.612640472758033,Tomatoes,27.38,Winter,52.38,Moderately Suitable
1274,15.706811022718824,Sandy Soil,Masvingo,V,Subtropical Highland,6.070737145809817,Sorghum,1.97,Hot Dry Season,42.69,Low Suitability
1275,59.89906339745688,Loam,Matabeleland North,IV,Humid Subtropical,5.3481529348325765,Cowpeas,1.23,Winter,76.38,Suitable
1276,48.47127170993008,Clay Loam,Masvingo,IV,Temperate Highland,5.32745667192858,Finger Millet,1.37,Rainy Season,67.93,Suitable
1277,75.44013202736886,Sandy Loam,Manicaland,I,Humid Subtropical,6.594361399366138,Cowpeas,1.03,Cool Dry Season,78.79,Suitable
1278,79.33616921525845,Silty Loam,Manicaland,III,Subtropical Highland,6.085044657153325,Sugar Beans,1.5,Winter,62.39,Moderately Suitable
1279,49.536464063600114,Silty Loam,Mashonaland West,III,Semi-Arid,5.806019747278689,Coffee,0.93,Winter,65.82,Suitable
1280,69.63718341133992,Clay Soil,Mashonaland East,IIa,Dry Tropical,7.345978384042262,Groundnuts,1.3,Hot Dry Season,63.42,Moderately Suitable
1281,83.16526481210343,Silty Loam,Mashonaland Central,III,Semi-Arid,6.87022515845708,Soybeans,1.88,Rainy Season,63.86,Moderately Suitable
1282,57.1471433927685,Loam,Masvingo,IV,Temperate Highland,6.109088896457285,Sweet Potatoes,9.46,Rainy Season,67.42,Suitable
1283,25.50271356597202,Sandy Soil,Matabeleland South,V,Dry Tropical,6.146391129753507,Maize,3.9,Cool Dry Season,41.81,Low Suitability
1284,42.86573049013758,Sandy Soil,Masvingo,IV,Humid Subtropical,7.518811710869771,Pumpkin,9.68,Dry Season,43.58,Low Suitability
1285,85.58351186013984,Silty Loam,Mashonaland Central,IIb,Semi-Arid,7.151993988528375,Pearl Millet,2.08,Hot Dry Season,93.61,Highly Suitable
1286,65.15295699821444,Red Clay,Harare,IIa,Humid Subtropical,5.130115190844644,Cabbage,24.46,Dry Season,41.49,Low Suitability
1287,78.50591549164521,Sandy Soil,Mashonaland Central,IIa,Temperate Highland,4.794539144642556,Cotton,1.32,Hot Dry Season,59.72,Moderately Suitable
1288,82.93341459302019,Red Clay,Harare,IIa,Semi-Arid,6.627629378081383,Cotton,1.75,Winter,85.5,Highly Suitable
1289,100.0,Silty Loam,Manicaland,I,Humid Subtropical,6.434049818059173,Tobacco,2.03,Cool Dry Season,73.75,Suitable
1290,41.026656680925065,Loam,Masvingo,IV,Temperate Highland,6.866632834140821,Carrots,13.15,Rainy Season,44.96,Low Suitability
1291,43.669069557786074,Silty Loam,Matabeleland North,III,Semi-Arid,7.213510316564365,Macadamia Nuts,1.44,Dry Season,46.94,Low Suitability
1292,98.68640560740263,Sandy Soil,Mashonaland West,IIb,Humid Subtropical,5.546879551729063,Cabbage,17.85,Winter,71.66,Suitable
1293,100.0,Loam,Mashonaland East,IIa,Humid Subtropical,6.915667741575047,Sorghum,2.36,Dry Season,83.93,Highly Suitable
1294,70.12894856248812,Clay Soil,Mashonaland Central,IIb,Semi-Arid,6.978491967515582,Coffee,0.8,Rainy Season,35.89,Low Suitability
1295,64.82418000936087,Sandy Loam,Mashonaland West,IIa,Semi-Arid,7.614167677673082,Pearl Millet,1.71,Winter,83.13,Highly Suitable
1296,89.19479367498059,Loam,Mashonaland West,IIa,Dry Tropical,5.201950672354426,Cowpeas,1.06,Rainy Season,86.87,Highly Suitable
1297,52.69628431021518,Clay Soil,Matabeleland North,IV,Subtropical Highland,4.6914651041890085,Watermelon,21.22,Hot Dry Season,38.19,Low Suitability
1298,54.76526444614596,Sandy Soil,Matabeleland South,IV,Subtropical Highland,7.162821498649025,Cabbage,15.28,Rainy Season,46.37,Low Suitability
1299,29.68242435086087,Red Clay,Matabeleland North,III,Dry Tropical,5.863732654945534,Potatoes,16.23,Cool Dry Season,62.79,Moderately Suitable
1300,100.0,Sandy Loam,Harare,IIa,Subtropical Highland,6.27591152431794,Pearl Millet,1.63,Hot Dry Season,91.33,Highly Suitable
1301,100.0,Silty Loam,Mashonaland Central,IIa,Temperate Highland,6.5629557902489974,Watermelon,18.87,Winter,89.5,Highly Suitable
1302,60.179146538075344,Loam,Masvingo,III,Humid Subtropical,6.691494480934384,Tobacco,1.71,Hot Dry Season,56.1,Moderately Suitable
1303,24.540350357191585,Loam,Masvingo,V,Temperate Highland,6.508910088150405,Pearl Millet,2.01,Rainy Season,63.13,Moderately Suitable
1304,91.82704477039353,Loam,Mashonaland East,IIa,Subtropical Highland,5.657763990049206,Groundnuts,1.62,Hot Dry Season,90.02,Highly Suitable
1305,68.56373699840988,Sandy Loam,Matabeleland South,IV,Temperate Highland,7.082933999621822,Watermelon,28.16,Dry Season,74.99,Suitable
1306,57.663591452132515,Sandy Loam,Mashonaland Central,III,Humid Subtropical,6.621044333046251,Sorghum,1.9,Dry Season,82.63,Highly Suitable
1307,89.10241679605744,Red Clay,Mashonaland West,IIb,Subtropical Highland,8.4,Sorghum,1.92,Dry Season,73.94,Suitable
1308,71.0781472956805,Sandy Loam,Mashonaland Central,III,Humid Subtropical,6.53901622683817,Sunflower,1.86,Hot Dry Season,79.26,Suitable
1309,96.59671361900777,Silty Loam,Mashonaland East,IIa,Temperate Highland,7.1581823911574,Carrots,19.62,Winter,83.74,Highly Suitable
1310,100.0,Loam,Mashonaland Central,IIa,Temperate Highland,4.948673005828593,Dry Beans,1.51,Winter,68.22,Suitable
1311,70.50712178184428,Clay Loam,Mashonaland Central,IIb,Dry Tropical,5.877357499916066,Soybeans,1.72,Winter,46.24,Low Suitability
1312,61.47693779645088,Clay Soil,Manicaland,III,Humid Subtropical,5.987671763257909,Pumpkin,11.26,Rainy Season,81.85,Highly Suitable
1313,55.84318300947591,Clay Loam,Mashonaland Central,IIb,Subtropical Highland,5.02147531414168,Sugar Beans,1.31,Hot Dry Season,37.27,Low Suitability
1314,32.23042077844547,Silty Loam,Masvingo,IV,Semi-Arid,6.001792179399838,Potatoes,15.1,Winter,58.37,Moderately Suitable
1315,85.11880587438158,Sandy Soil,Manicaland,I,Dry Tropical,6.319186464376794,Tea,2.06,Rainy Season,33.42,Not Suitable
1316,83.47154764605304,Silty Loam,Mashonaland Central,IIa,Humid Subtropical,6.608508047879084,Cotton,1.92,Dry Season,91.8,Highly Suitable
1317,32.833214086196506,Clay Loam,Matabeleland North,IV,Semi-Arid,4.2,Coffee,0.85,Rainy Season,34.7,Not Suitable
1318,84.1135087762383,Silty Loam,Mashonaland West,IIb,Semi-Arid,5.427622890238265,Soybeans,1.8,Cool Dry Season,56.37,Moderately Suitable
1319,66.20240134716789,Silty Loam,Masvingo,III,Subtropical Highland,5.589492278840941,Sweet Potatoes,9.85,Dry Season,67.75,Suitable
1320,76.65629681685346,Clay Loam,Harare,IIb,Humid Subtropical,5.4430381030629675,Carrots,17.09,Hot Dry Season,61.8,Moderately Suitable
1321,99.08137789298729,Red Clay,Mashonaland Central,IIa,Humid Subtropical,6.646933285071743,Watermelon,22.7,Hot Dry Season,88.08,Highly Suitable
1322,82.65824980847165,Sandy Soil,Manicaland,IIa,Humid Subtropical,5.388011206907932,Sweet Potatoes,10.01,Hot Dry Season,75.96,Suitable
1323,56.88307580054585,Red Clay,Manicaland,III,Temperate Highland,7.161076323092492,Sorghum,2.27,Rainy Season,67.59,Suitable
1324,38.09746652769916,Sandy Loam,Matabeleland South,V,Humid Subtropical,5.542045669144574,Maize,3.74,Dry Season,42.77,Low Suitability
1325,52.64579877609465,Sandy Soil,Matabeleland North,IV,Dry Tropical,5.819296558193294,Maize,3.56,Cool Dry Season,54.13,Moderately Suitable
1326,91.0965589380252,Silty Loam,Mashonaland West,IIb,Subtropical Highland,4.949200703312762,Dry Beans,1.52,Cool Dry Season,64.71,Moderately Suitable
1327,39.37680359481597,Silty Loam,Masvingo,V,Temperate Highland,5.732724578811716,Maize,3.7,Hot Dry Season,46.55,Low Suitability
1328,50.12942261436365,Clay Soil,Midlands,IV,Dry Tropical,4.802432638645337,Finger Millet,1.18,Cool Dry Season,45.93,Low Suitability
1329,50.95960491915031,Sandy Loam,Midlands,III,Dry Tropical,5.406352173243449,Tobacco,1.5,Winter,49.27,Low Suitability
1330,28.281512990917523,Red Clay,Matabeleland South,V,Humid Subtropical,5.4931030495792275,Dry Beans,0.8,Rainy Season,51.95,Moderately Suitable
1331,89.22609160050517,Clay Loam,Harare,IIb,Subtropical Highland,7.101520462977856,Potatoes,19.24,Cool Dry Season,52.44,Moderately Suitable
1332,43.45188573752041,Sandy Soil,Midlands,IV,Temperate Highland,5.892974802743123,Onions,16.59,Hot Dry Season,39.61,Low Suitability
1333,49.20435614803965,Sandy Soil,Matabeleland North,III,Humid Subtropical,5.587016223156577,Soybeans,1.65,Winter,36.07,Low Suitability
1334,49.26411082164108,Sandy Soil,Mashonaland Central,IIb,Subtropical Highland,6.552005724660642,Onions,18.76,Dry Season,51.64,Moderately Suitable
1335,40.3271002320597,Sandy Soil,Matabeleland North,IV,Humid Subtropical,6.660259984515841,Wheat,4.05,Rainy Season,42.88,Low Suitability
1336,62.93044895035105,Clay Loam,Mashonaland West,III,Humid Subtropical,7.1729778203603765,Groundnuts,1.64,Dry Season,80.18,Highly Suitable
1337,37.97291060818614,Sandy Soil,Masvingo,IV,Semi-Arid,5.2544005270844885,Coffee,1.09,Dry Season,43.79,Low Suitability
1338,85.54240697251754,Red Clay,Harare,IIa,Dry Tropical,7.262205215449247,Finger Millet,1.98,Cool Dry Season,70.1,Suitable
1339,50.25203393280188,Red Clay,Matabeleland North,III,Humid Subtropical,6.170933251966341,Coffee,1.01,Hot Dry Season,51.84,Moderately Suitable
1340,79.34764331981192,Red Clay,Mashonaland Central,III,Dry Tropical,6.06472081060377,Watermelon,19.45,Dry Season,74.23,Suitable
1341,91.85694501891084,Clay Loam,Mashonaland Central,IIa,Dry Tropical,4.866747454127456,Watermelon,24.56,Rainy Season,79.13,Suitable
1342,31.96223586323386,Sandy Loam,Matabeleland South,V,Temperate Highland,5.685427517944399,Sorghum,1.49,Cool Dry Season,49.2,Low Suitability
1343,94.9576418165203,Clay Soil,Manicaland,I,Subtropical Highland,6.986734449166814,Soybeans,2.12,Cool Dry Season,64.0,Moderately Suitable
1344,31.14184584281198,Loam,Masvingo,V,Subtropical Highland,5.728160604390951,Dry Beans,1.26,Dry Season,49.99,Low Suitability
1345,50.97195040663334,Clay Loam,Masvingo,IV,Temperate Highland,5.597964219708939,Coffee,1.0,Cool Dry Season,51.0,Moderately Suitable
1346,70.57250124771785,Clay Soil,Mashonaland West,IIb,Semi-Arid,6.676859946641576,Maize,3.55,Winter,39.49,Low Suitability
1347,100.0,Clay Soil,Mashonaland East,IIa,Subtropical Highland,7.4580645200107,Pearl Millet,1.86,Rainy Season,87.42,Highly Suitable
1348,74.38329866290462,Sandy Loam,Manicaland,IIa,Subtropical Highland,6.316102317480994,Maize,3.84,Hot Dry Season,55.9,Moderately Suitable
1349,79.67473422409599,Clay Soil,Mashonaland East,IIa,Humid Subtropical,6.428469814609431,Soybeans,2.01,Rainy Season,61.76,Moderately Suitable
1350,75.99082541456995,Clay Soil,Mashonaland Central,IIb,Dry Tropical,5.624122615577591,Sugar Beans,1.38,Hot Dry Season,59.36,Moderately Suitable
1351,73.0247409759016,Sandy Loam,Harare,IIb,Dry Tropical,6.309395323118531,Cowpeas,1.15,Winter,88.89,Highly Suitable
1352,71.42703486603327,Silty Loam,Mashonaland West,IIb,Dry Tropical,5.933399999414448,Pearl Millet,2.35,Rainy Season,90.25,Highly Suitable
1353,59.87093409504065,Clay Soil,Matabeleland South,IV,Subtropical Highland,7.202339518762347,Sorghum,2.33,Rainy Season,70.02,Suitable
1354,97.35131294340349,Sandy Soil,Manicaland,I,Temperate Highland,6.858091866615231,Soybeans,1.91,Hot Dry Season,71.2,Suitable
1355,62.42979062803346,Sandy Soil,Mashonaland East,IIb,Subtropical Highland,6.851994070161962,Coffee,1.0,Cool Dry Season,39.73,Low Suitability
1356,81.43061521415014,Sandy Loam,Mashonaland Central,IIb,Subtropical Highland,5.679678105839084,Carrots,17.4,Hot Dry Season,80.81,Highly Suitable
1357,90.46066716774727,Red Clay,Mashonaland Central,IIb,Subtropical Highland,5.552996791809627,Sweet Potatoes,12.45,Dry Season,84.66,Highly Suitable
1358,100.0,Sandy Soil,Mashonaland East,IIa,Humid Subtropical,5.564587281776479,Cotton,1.67,Rainy Season,82.46,Highly Suitable
1359,47.023195273610355,Red Clay,Midlands,IV,Temperate Highland,5.023619121471804,Sunflower,1.11,Hot Dry Season,48.85,Low Suitability
1360,58.26095639172115,Clay Soil,Mashonaland East,IIb,Temperate Highland,7.72997312005397,Cowpeas,1.03,Hot Dry Season,56.77,Moderately Suitable
1361,94.2340189755655,Sandy Soil,Mashonaland East,IIa,Dry Tropical,6.546764345503294,Macadamia Nuts,1.61,Winter,46.3,Low Suitability
1362,58.23543723782517,Clay Loam,Masvingo,V,Temperate Highland,5.630612459405417,Macadamia Nuts,1.5,Winter,53.38,Moderately Suitable
1363,79.61465868598721,Silty Loam,Manicaland,IIa,Temperate Highland,5.4657762284271945,Tobacco,1.7,Winter,69.37,Suitable
1364,52.79339025693519,Loam,Midlands,IV,Dry Tropical,6.125232852584398,Potatoes,12.83,Dry Season,44.28,Low Suitability
1365,35.13115533357523,Red Clay,Masvingo,V,Temperate Highland,5.553784618306855,Pearl Millet,1.36,Winter,47.68,Low Suitability
1366,77.05518067586702,Sandy Soil,Matabeleland North,IV,Humid Subtropical,7.137769868387749,Potatoes,16.62,Cool Dry Season,51.61,Moderately Suitable
1367,99.19358865946872,Clay Soil,Mashonaland Central,IIb,Subtropical Highland,6.50320953728744,Potatoes,16.96,Rainy Season,69.83,Suitable
1368,47.58000050309621,Red Clay,Matabeleland North,IV,Semi-Arid,5.145388268138262,Carrots,11.27,Rainy Season,35.23,Low Suitability
1369,79.74482139215601,Sandy Soil,Midlands,III,Subtropical Highland,5.695987303575397,Tea,1.78,Dry Season,47.77,Low Suitability
1370,81.55850455438313,Clay Loam,Mashonaland West,IIa,Subtropical Highland,5.741233972863714,Tomatoes,27.28,Winter,61.57,Moderately Suitable
1371,19.540960225204515,Silty Loam,Matabeleland South,V,Semi-Arid,6.477646592787654,Cabbage,22.75,Hot Dry Season,46.81,Low Suitability
1372,43.09309388034307,Sandy Soil,Midlands,III,Subtropical Highland,6.720021507241746,Onions,20.95,Dry Season,53.07,Moderately Suitable
1373,22.183683661712138,Sandy Soil,Masvingo,V,Humid Subtropical,5.284056047877222,Maize,3.34,Dry Season,46.74,Low Suitability
1374,77.5758487073842,Red Clay,Mashonaland West,IIb,Dry Tropical,7.029904488944335,Carrots,14.75,Dry Season,68.82,Suitable
1375,10.0,Clay Loam,Matabeleland South,V,Semi-Arid,6.675799693371003,Onions,17.71,Rainy Season,56.36,Moderately Suitable
1376,84.02109132465463,Clay Soil,Mashonaland Central,IIb,Dry Tropical,6.679338329775013,Macadamia Nuts,1.85,Winter,44.47,Low Suitability
1377,32.32797655957982,Red Clay,Matabeleland South,IV,Temperate Highland,6.374538731809436,Sorghum,1.62,Winter,47.23,Low Suitability
1378,98.92523813001822,Sandy Soil,Harare,IIb,Temperate Highland,6.112192504188924,Tobacco,2.44,Rainy Season,83.95,Highly Suitable
1379,85.00855670689909,Sandy Soil,Harare,IIa,Humid Subtropical,5.725329016054307,Coffee,1.15,Cool Dry Season,53.11,Moderately Suitable
1380,43.9679429701259,Silty Loam,Masvingo,IV,Humid Subtropical,6.649316709623939,Sweet Potatoes,11.72,Hot Dry Season,63.07,Moderately Suitable
1381,69.13118265358683,Clay Soil,Mashonaland East,IIb,Subtropical Highland,6.094278603882112,Pumpkin,8.26,Winter,75.14,Suitable
1382,78.07137529797261,Clay Soil,Mashonaland Central,IIb,Semi-Arid,5.258939391264371,Tobacco,1.33,Dry Season,55.53,Moderately Suitable
1383,76.99260711347486,Clay Loam,Masvingo,III,Temperate Highland,4.724830811841464,Finger Millet,1.53,Rainy Season,74.4,Suitable
1384,100.0,Loam,Harare,IIa,Subtropical Highland,5.923934668035075,Soybeans,1.94,Rainy Season,84.45,Highly Suitable
1385,72.44595316944645,Clay Soil,Mashonaland Central,III,Subtropical Highland,6.2759848952909945,Sugar Beans,1.52,Rainy Season,77.26,Suitable
1386,40.81931800262712,Clay Loam,Midlands,IV,Subtropical Highland,6.555822079882565,Onions,16.7,Winter,56.47,Moderately Suitable
1387,58.8637450273338,Silty Loam,Manicaland,III,Temperate Highland,4.9194168315031295,Carrots,16.51,Winter,50.36,Moderately Suitable
1388,33.406828821196925,Sandy Soil,Masvingo,V,Temperate Highland,6.9168751798106625,Dry Beans,1.45,Cool Dry Season,51.47,Moderately Suitable
1389,60.74824544930039,Silty Loam,Harare,IIb,Semi-Arid,6.697789057764066,Maize,4.21,Rainy Season,61.21,Moderately Suitable
1390,52.974537695202166,Sandy Loam,Matabeleland North,IV,Temperate Highland,5.16126265900569,Pumpkin,9.87,Rainy Season,56.98,Moderately Suitable
1391,63.734700775999364,Loam,Matabeleland North,III,Humid Subtropical,6.9012651430494385,Sunflower,1.47,Rainy Season,62.47,Moderately Suitable
1392,86.90347929357301,Clay Loam,Matabeleland North,III,Temperate Highland,6.3267019968190565,Potatoes,17.52,Hot Dry Season,67.66,Suitable
1393,17.542012221009955,Clay Loam,Matabeleland South,V,Semi-Arid,6.596282821148933,Finger Millet,1.4,Winter,52.88,Moderately Suitable
1394,91.56573250059515,Red Clay,Mashonaland East,IIa,Temperate Highland,6.785336135457553,Wheat,3.76,Rainy Season,78.48,Suitable
1395,86.01981958380217,Red Clay,Mashonaland Central,III,Semi-Arid,7.4144261025448515,Onions,20.26,Rainy Season,72.99,Suitable
1396,43.03039403799582,Silty Loam,Matabeleland South,V,Semi-Arid,5.9470347441185325,Pearl Millet,1.69,Hot Dry Season,72.84,Suitable
1397,87.88757047908052,Red Clay,Manicaland,I,Subtropical Highland,6.403374722627582,Onions,21.11,Cool Dry Season,77.56,Suitable
1398,55.90680489177623,Sandy Loam,Mashonaland East,IIb,Subtropical Highland,6.196860683276178,Wheat,4.83,Dry Season,74.17,Suitable
1399,67.2109528704728,Silty Loam,Manicaland,IIa,Semi-Arid,7.227219401775954,Macadamia Nuts,1.6,Dry Season,39.17,Low Suitability
1400,62.80938993780212,Loam,Mashonaland East,IIa,Semi-Arid,6.442216469675033,Macadamia Nuts,1.57,Dry Season,41.44,Low Suitability
1401,73.06456774763677,Sandy Soil,Matabeleland North,III,Semi-Arid,8.007750866587557,Onions,17.64,Cool Dry Season,48.02,Low Suitability
1402,87.34498343277258,Silty Loam,Midlands,III,Semi-Arid,5.801888033448518,Sorghum,2.4,Cool Dry Season,95.7,Highly Suitable
1403,82.62741084327354,Loam,Mashonaland East,IIb,Humid Subtropical,6.044846695179207,Wheat,4.09,Dry Season,73.21,Suitable
1404,62.170588281935906,Silty Loam,Masvingo,III,Subtropical Highland,6.686033781110775,Sweet Potatoes,7.69,Cool Dry Season,74.15,Suitable
1405,100.0,Sandy Soil,Manicaland,IIa,Temperate Highland,5.583644825064049,Soybeans,2.1,Rainy Season,55.9,Moderately Suitable
1406,65.99725368711212,Silty Loam,Matabeleland South,IV,Subtropical Highland,5.252560536640477,Soybeans,1.75,Rainy Season,57.74,Moderately Suitable
1407,48.2612783171372,Red Clay,Matabeleland South,IV,Dry Tropical,5.0828795732516845,Wheat,3.58,Rainy Season,48.95,Low Suitability
1408,92.64367928405593,Silty Loam,Mashonaland Central,IIb,Dry Tropical,5.29911490773006,Paprika,1.92,Rainy Season,76.14,Suitable
1409,49.95838044759296,Silty Loam,Matabeleland North,IV,Humid Subtropical,6.53375492085576,Groundnuts,1.59,Rainy Season,64.04,Moderately Suitable
1410,100.0,Clay Soil,Mashonaland West,IIb,Dry Tropical,5.597701141791116,Macadamia Nuts,2.23,Winter,65.15,Suitable
1411,82.46496859862509,Loam,Mashonaland West,IIa,Dry Tropical,7.026624229939655,Sugar Beans,1.34,Dry Season,77.53,Suitable
1412,40.51673078405129,Loam,Midlands,III,Subtropical Highland,7.047858382090679,Soybeans,1.84,Cool Dry Season,58.8,Moderately Suitable
1413,50.085627497839056,Sandy Loam,Midlands,III,Subtropical Highland,6.666869467429932,Sunflower,1.1,Dry Season,55.57,Moderately Suitable
1414,76.55640262692772,Clay Loam,Manicaland,IIa,Humid Subtropical,7.6142687493391925,Maize,3.52,Rainy Season,51.6,Moderately Suitable
1415,70.74623269620763,Silty Loam,Matabeleland North,III,Dry Tropical,6.751988078649193,Potatoes,11.2,Rainy Season,37.73,Low Suitability
1416,95.26021972838556,Red Clay,Manicaland,I,Humid Subtropical,6.636398700840658,Soybeans,2.06,Rainy Season,71.33,Suitable
1417,43.59535754485754,Clay Loam,Masvingo,V,Dry Tropical,6.46123257390566,Tea,1.83,Winter,29.87,Not Suitable
1418,58.482079168801576,Clay Loam,Mashonaland East,IIb,Subtropical Highland,4.9289311252961046,Macadamia Nuts,1.78,Cool Dry Season,45.46,Low Suitability
1419,74.44592715625042,Clay Soil,Harare,IIb,Semi-Arid,5.395198004703264,Maize,2.74,Rainy Season,41.65,Low Suitability
1420,100.0,Clay Loam,Matabeleland North,III,Temperate Highland,5.190653301871245,Onions,15.59,Dry Season,67.92,Suitable
1421,72.15433499016703,Clay Loam,Harare,IIb,Subtropical Highland,6.056510299957881,Cowpeas,1.05,Cool Dry Season,90.24,Highly Suitable
1422,92.26631473392273,Sandy Soil,Mashonaland East,IIa,Semi-Arid,6.024052617716729,Onions,15.06,Winter,68.72,Suitable
1423,95.11371932210454,Sandy Loam,Mashonaland East,IIb,Humid Subtropical,6.059063729980246,Sweet Potatoes,9.9,Hot Dry Season,85.5,Highly Suitable
1424,72.32591873906638,Clay Soil,Manicaland,III,Semi-Arid,6.573183706020647,Cotton,1.38,Winter,70.97,Suitable
1425,33.96504401182748,Clay Loam,Matabeleland South,V,Humid Subtropical,4.7832894297180015,Watermelon,21.44,Rainy Season,39.01,Low Suitability
1426,48.602053808426284,Clay Loam,Masvingo,V,Subtropical Highland,6.508267000656936,Coffee,0.88,Dry Season,41.5,Low Suitability
1427,60.73183029592798,Sandy Loam,Masvingo,IV,Dry Tropical,4.855424878174867,Wheat,2.62,Dry Season,34.71,Not Suitable
1428,88.04967608699576,Loam,Mashonaland West,IIa,Semi-Arid,5.721178094548584,Pumpkin,12.25,Winter,80.87,Highly Suitable
1429,71.40576909873128,Loam,Mashonaland East,IIa,Humid Subtropical,5.638231325553843,Cowpeas,1.25,Rainy Season,90.81,Highly Suitable
1430,100.0,Clay Loam,Mashonaland East,IIa,Humid Subtropical,6.105316715423914,Finger Millet,1.99,Winter,92.48,Highly Suitable
1431,78.99027532614289,Silty Loam,Matabeleland North,III,Subtropical Highland,6.470785351399765,Tomatoes,23.55,Cool Dry Season,69.94,Suitable
1432,81.81828674055747,Silty Loam,Harare,IIa,Dry Tropical,5.90938645088123,Sunflower,1.58,Dry Season,77.58,Suitable
1433,73.60221197366212,Loam,Manicaland,I,Dry Tropical,6.396791327398047,Dry Beans,1.67,Hot Dry Season,70.06,Suitable
1434,85.40179812764721,Loam,Mashonaland West,IIb,Subtropical Highland,6.853214387938613,Wheat,4.36,Cool Dry Season,88.67,Highly Suitable
1435,65.00816512689714,Loam,Manicaland,IIa,Semi-Arid,6.683573727179741,Groundnuts,1.49,Cool Dry Season,74.5,Suitable
1436,42.2257965505859,Sandy Loam,Masvingo,V,Semi-Arid,6.0508305973362,Cotton,1.56,Cool Dry Season,39.75,Low Suitability
1437,53.68332093163997,Clay Loam,Midlands,IV,Semi-Arid,6.127610897678863,Dry Beans,1.18,Hot Dry Season,43.79,Low Suitability
1438,78.55888868525298,Clay Loam,Masvingo,III,Subtropical Highland,6.796616943653402,Finger Millet,1.28,Rainy Season,95.07,Highly Suitable
1439,54.82976159993431,Red Clay,Matabeleland North,III,Dry Tropical,4.877412045763317,Wheat,3.44,Rainy Season,35.38,Low Suitability
1440,81.87079540443456,Clay Soil,Mashonaland West,IIa,Temperate Highland,6.592039864637096,Dry Beans,1.37,Hot Dry Season,74.85,Suitable
1441,62.813013734568166,Clay Soil,Matabeleland North,III,Humid Subtropical,4.595158259185113,Tomatoes,21.05,Cool Dry Season,31.9,Not Suitable
1442,51.489416819989664,Loam,Midlands,III,Temperate Highland,5.239461922461216,Sugar Beans,1.22,Rainy Season,51.95,Moderately Suitable
1443,75.33302666389957,Clay Loam,Matabeleland North,III,Humid Subtropical,6.427149885876152,Pearl Millet,2.12,Hot Dry Season,97.28,Highly Suitable
1444,59.05281093238714,Silty Loam,Midlands,IV,Temperate Highland,5.729678049717947,Cowpeas,1.18,Hot Dry Season,85.73,Highly Suitable
1445,80.29160146446642,Loam,Harare,IIb,Dry Tropical,6.874342612999334,Dry Beans,1.33,Dry Season,66.14,Suitable
1446,64.51299634357007,Clay Loam,Harare,IIa,Subtropical Highland,4.9324986740404,Sunflower,1.57,Dry Season,60.89,Moderately Suitable
1447,39.4197783239273,Clay Loam,Masvingo,IV,Dry Tropical,5.669863718713025,Pumpkin,11.27,Winter,49.61,Low Suitability
1448,70.43346836555594,Loam,Mashonaland West,III,Humid Subtropical,6.193476222493374,Soybeans,2.2,Winter,56.67,Moderately Suitable
1449,55.72286360100336,Clay Loam,Manicaland,III,Humid Subtropical,6.587057057254287,Wheat,4.34,Dry Season,63.85,Moderately Suitable
1450,28.94749133534775,Sandy Loam,Matabeleland North,IV,Dry Tropical,5.4120852529463574,Sweet Potatoes,7.19,Hot Dry Season,41.51,Low Suitability
1451,91.55601052400586,Silty Loam,Mashonaland East,IIa,Humid Subtropical,7.8059541615905115,Cotton,1.45,Cool Dry Season,79.79,Suitable
1452,56.76145902149635,Red Clay,Masvingo,IV,Dry Tropical,6.123213889963415,Cabbage,17.75,Rainy Season,44.56,Low Suitability
1453,54.20706356466621,Loam,Matabeleland North,III,Humid Subtropical,5.264346154552002,Soybeans,1.86,Hot Dry Season,38.99,Low Suitability
1454,21.260127514233243,Loam,Matabeleland North,IV,Subtropical Highland,6.515009572754124,Paprika,2.36,Cool Dry Season,55.8,Moderately Suitable
1455,95.65008999034279,Clay Soil,Mashonaland West,III,Humid Subtropical,6.76177249333743,Dry Beans,1.54,Cool Dry Season,85.0,Highly Suitable
1456,100.0,Clay Soil,Mashonaland West,IIb,Semi-Arid,7.345539521866812,Tomatoes,27.96,Winter,67.15,Suitable
1457,66.70840797654428,Loam,Mashonaland West,III,Temperate Highland,5.776515150341078,Soybeans,2.1,Winter,41.55,Low Suitability
1458,48.392005774344305,Sandy Loam,Matabeleland North,III,Subtropical Highland,6.101192355716021,Cabbage,20.02,Rainy Season,50.32,Moderately Suitable
1459,45.35647698495065,Clay Loam,Midlands,IV,Semi-Arid,8.4,Tomatoes,20.3,Rainy Season,29.23,Not Suitable
1460,81.82931696976154,Silty Loam,Mashonaland East,IIb,Semi-Arid,4.771022172826395,Cowpeas,1.0,Winter,79.02,Suitable
1461,35.98599322984496,Sandy Soil,Matabeleland North,IV,Dry Tropical,6.087261912930206,Maize,2.93,Dry Season,42.45,Low Suitability
1462,61.241065077521114,Sandy Soil,Masvingo,V,Semi-Arid,6.511984441921051,Sorghum,2.0,Hot Dry Season,74.08,Suitable
1463,47.56763205433447,Clay Soil,Masvingo,III,Semi-Arid,5.756340410938144,Watermelon,24.89,Rainy Season,55.57,Moderately Suitable
1464,75.3301355600819,Sandy Loam,Manicaland,III,Temperate Highland,5.341624536926218,Onions,17.3,Rainy Season,42.84,Low Suitability
1465,53.225554269317854,Sandy Loam,Midlands,IV,Temperate Highland,6.903343653893789,Sunflower,1.49,Cool Dry Season,65.89,Suitable
1466,75.44642401391978,Silty Loam,Harare,IIb,Humid Subtropical,8.163630067685311,Dry Beans,1.37,Dry Season,55.07,Moderately Suitable
1467,59.975583210516106,Red Clay,Matabeleland North,IV,Semi-Arid,6.361168435065098,Paprika,2.64,Cool Dry Season,69.69,Suitable
1468,66.24637101472334,Red Clay,Mashonaland West,IIb,Dry Tropical,5.6615297895385055,Tomatoes,19.82,Winter,46.23,Low Suitability
1469,82.4821194629443,Sandy Loam,Manicaland,I,Humid Subtropical,5.846381733873683,Cotton,1.72,Hot Dry Season,75.02,Suitable
1470,59.18859755084736,Clay Loam,Midlands,III,Dry Tropical,5.6201041567709265,Soybeans,1.41,Cool Dry Season,49.94,Low Suitability
1471,66.09419364525289,Silty Loam,Harare,IIa,Temperate Highland,5.825160994067297,Groundnuts,1.61,Rainy Season,78.95,Suitable
1472,89.51866758458898,Clay Loam,Mashonaland West,IIb,Dry Tropical,5.2994188505577,Cowpeas,1.18,Hot Dry Season,84.26,Highly Suitable
1473,55.84694707178137,Sandy Soil,Matabeleland South,IV,Dry Tropical,5.625274159835537,Soybeans,1.99,Dry Season,42.29,Low Suitability
1474,80.1227504433514,Loam,Manicaland,I,Humid Subtropical,6.977596574375155,Potatoes,10.91,Winter,49.37,Low Suitability
1475,100.0,Clay Loam,Harare,IIa,Temperate Highland,6.09369342935927,Sorghum,1.94,Dry Season,88.32,Highly Suitable
1476,88.97183030674005,Silty Loam,Manicaland,IIa,Temperate Highland,5.839054189648088,Sweet Potatoes,8.18,Cool Dry Season,87.92,Highly Suitable
1477,50.09723540357761,Clay Loam,Midlands,IV,Semi-Arid,5.492997985890441,Cotton,1.44,Hot Dry Season,45.43,Low Suitability
1478,63.735337253477745,Sandy Loam,Mashonaland East,IIa,Dry Tropical,6.397181151974762,Cabbage,22.65,Dry Season,62.03,Moderately Suitable
1479,74.41161065780169,Sandy Soil,Harare,IIa,Semi-Arid,6.346481063784173,Sugar Beans,1.59,Cool Dry Season,73.09,Suitable
1480,63.456544958295225,Clay Soil,Mashonaland West,III,Temperate Highland,6.161496498097403,Paprika,1.77,Dry Season,73.59,Suitable
1481,86.73297381563705,Sandy Loam,Mashonaland East,IIb,Dry Tropical,5.656624856041307,Macadamia Nuts,2.08,Cool Dry Season,51.64,Moderately Suitable
1482,82.85915970821054,Clay Soil,Mashonaland East,IIa,Temperate Highland,7.699532949027576,Sorghum,1.98,Hot Dry Season,81.07,Highly Suitable
1483,31.42380382969982,Silty Loam,Masvingo,IV,Semi-Arid,6.521439624283687,Paprika,2.31,Hot Dry Season,55.41,Moderately Suitable
1484,78.52723392574632,Silty Loam,Manicaland,IIa,Subtropical Highland,5.875338595114272,Dry Beans,1.57,Rainy Season,71.38,Suitable
1485,68.39665122089217,Clay Soil,Mashonaland West,IIb,Semi-Arid,4.2,Pearl Millet,1.62,Winter,71.62,Suitable
1486,100.0,Red Clay,Mashonaland East,IIa,Temperate Highland,6.319933429488136,Carrots,19.74,Hot Dry Season,99.29,Highly Suitable
1487,60.66553318132521,Silty Loam,Masvingo,IV,Subtropical Highland,6.947594514275652,Sunflower,1.52,Rainy Season,71.3,Suitable
1488,54.518476132872394,Red Clay,Mashonaland West,III,Subtropical Highland,6.019223418089011,Potatoes,18.36,Cool Dry Season,60.97,Moderately Suitable
1489,88.33132141998637,Loam,Mashonaland East,IIb,Humid Subtropical,5.803917098458625,Tobacco,1.63,Cool Dry Season,76.47,Suitable
1490,91.62632808173275,Silty Loam,Manicaland,I,Semi-Arid,7.0452466264484475,Soybeans,1.79,Winter,61.4,Moderately Suitable
1491,70.22277483007393,Sandy Soil,Matabeleland North,III,Subtropical Highland,6.173499085779539,Coffee,1.1,Winter,46.23,Low Suitability
1492,66.96384323197628,Loam,Midlands,IV,Subtropical Highland,5.931548559351766,Coffee,1.02,Winter,53.8,Moderately Suitable
1493,42.88965626941367,Clay Soil,Matabeleland South,V,Semi-Arid,6.304895435569576,Potatoes,13.43,Hot Dry Season,41.79,Low Suitability
1494,61.01309940990354,Sandy Soil,Masvingo,IV,Dry Tropical,5.839793728531685,Dry Beans,1.11,Cool Dry Season,58.3,Moderately Suitable
1495,43.6717206821411,Clay Soil,Matabeleland South,IV,Dry Tropical,7.5279257067777365,Coffee,0.84,Rainy Season,32.02,Not Suitable
1496,76.76205620619741,Sandy Loam,Manicaland,IIa,Subtropical Highland,6.0319619703241365,Paprika,2.25,Cool Dry Season,65.09,Suitable
1497,99.09693621573454,Silty Loam,Mashonaland East,IIb,Temperate Highland,4.779165389062146,Sunflower,1.32,Cool Dry Season,65.64,Suitable
1498,78.56579213191462,Sandy Loam,Harare,IIb,Temperate Highland,6.107640283025591,Sweet Potatoes,10.21,Rainy Season,93.27,Highly Suitable
1499,77.065298790445,Clay Soil,Mashonaland East,IIa,Semi-Arid,7.840231879208618,Soybeans,1.89,Winter,45.83,Low Suitability
1500,29.628266154129044,Sandy Soil,Matabeleland North,IV,Humid Subtropical,5.780834657838766,Macadamia Nuts,2.18,Hot Dry Season,63.03,Moderately Suitable
1501,51.0143994317611,Loam,Matabeleland South,IV,Dry Tropical,6.32150956399109,Macadamia Nuts,1.94,Winter,56.98,Moderately Suitable
1502,71.98155293368892,Sandy Soil,Manicaland,III,Temperate Highland,5.819575941361581,Paprika,2.42,Dry Season,70.43,Suitable
1503,18.15608916312778,Loam,Matabeleland South,V,Temperate Highland,5.9974552448352245,Soybeans,1.74,Cool Dry Season,45.1,Low Suitability
1504,98.38258448883042,Silty Loam,Mashonaland East,IIa,Semi-Arid,6.4262560391072885,Sorghum,2.3,Rainy Season,95.77,Highly Suitable
1505,43.58236162991173,Sandy Soil,Midlands,III,Dry Tropical,4.911648306933573,Soybeans,1.19,Rainy Season,31.11,Not Suitable
1506,63.574581277885656,Loam,Harare,IIb,Temperate Highland,6.971089321982083,Potatoes,12.66,Rainy Season,38.82,Low Suitability
1507,80.50473903440361,Silty Loam,Masvingo,III,Semi-Arid,6.983728474210027,Tobacco,1.95,Winter,55.47,Moderately Suitable
1508,54.51861331440826,Sandy Soil,Matabeleland North,III,Semi-Arid,5.7260096961506175,Onions,14.79,Winter,33.95,Not Suitable
1509,48.25944985029032,Red Clay,Mashonaland Central,III,Dry Tropical,5.606415305953875,Cabbage,20.03,Cool Dry Season,42.88,Low Suitability
1510,49.756120527492804,Sandy Soil,Matabeleland South,IV,Humid Subtropical,5.587835580034592,Sugar Beans,1.28,Hot Dry Season,43.18,Low Suitability
1511,88.24844294224832,Clay Soil,Mashonaland East,IIa,Dry Tropical,6.976775661417223,Groundnuts,1.56,Rainy Season,85.45,Highly Suitable
1512,83.8437810984993,Silty Loam,Matabeleland North,IV,Temperate Highland,6.432577166371015,Soybeans,2.14,Cool Dry Season,73.09,Suitable
1513,84.77528477358013,Silty Loam,Mashonaland Central,IIb,Humid Subtropical,7.065790924733319,Tomatoes,26.22,Rainy Season,67.59,Suitable
1514,57.964743024228966,Red Clay,Masvingo,III,Dry Tropical,6.92558034510343,Cowpeas,1.18,Winter,76.61,Suitable
1515,72.47005005446418,Clay Loam,Matabeleland North,IV,Subtropical Highland,6.2854708091279345,Sweet Potatoes,11.39,Hot Dry Season,87.67,Highly Suitable
1516,34.956220560780444,Silty Loam,Masvingo,IV,Dry Tropical,6.060890018071808,Maize,3.26,Dry Season,53.59,Moderately Suitable
1517,10.0,Sandy Soil,Masvingo,V,Humid Subtropical,6.576232474270444,Macadamia Nuts,1.55,Cool Dry Season,47.03,Low Suitability
1518,87.41822259165178,Clay Soil,Mashonaland East,IIa,Semi-Arid,7.01955598734247,Macadamia Nuts,1.88,Rainy Season,52.03,Moderately Suitable
1519,39.396791362594826,Red Clay,Midlands,IV,Dry Tropical,5.022920829459307,Groundnuts,1.17,Rainy Season,30.31,Not Suitable
1520,86.97883594085336,Sandy Loam,Mashonaland Central,IIa,Semi-Arid,7.2120894611865145,Sweet Potatoes,8.58,Cool Dry Season,78.56,Suitable
1521,59.25279103497162,Clay Soil,Mashonaland Central,IIb,Dry Tropical,6.2752220482299546,Paprika,2.47,Rainy Season,56.26,Moderately Suitable
1522,79.75234285388693,Sandy Soil,Mashonaland Central,IIb,Dry Tropical,7.272044480075991,Paprika,2.22,Hot Dry Season,63.66,Moderately Suitable
1523,78.15951918701165,Sandy Loam,Manicaland,I,Humid Subtropical,6.116773414002331,Pumpkin,11.8,Winter,88.78,Highly Suitable
1524,64.46456677305136,Sandy Loam,Mashonaland West,IIb,Humid Subtropical,5.229419326233094,Watermelon,23.07,Dry Season,54.57,Moderately Suitable
1525,65.9784549124986,Clay Soil,Mashonaland West,IIb,Humid Subtropical,6.889134866310874,Potatoes,14.8,Dry Season,38.35,Low Suitability
1526,68.68843063329186,Loam,Mashonaland West,IIb,Humid Subtropical,6.810877866088624,Carrots,14.86,Hot Dry Season,57.92,Moderately Suitable
1527,93.72291284081217,Loam,Mashonaland Central,IIa,Temperate Highland,6.992698835936595,Cabbage,23.23,Winter,79.12,Suitable
1528,94.58945653230342,Clay Soil,Mashonaland Central,IIb,Subtropical Highland,6.591991108148315,Tomatoes,28.77,Cool Dry Season,74.42,Suitable
1529,100.0,Clay Soil,Mashonaland Central,IIa,Dry Tropical,7.187261150903496,Soybeans,1.86,Dry Season,69.41,Suitable
1530,55.00960574773232,Silty Loam,Harare,IIb,Semi-Arid,6.571019850158942,Pearl Millet,1.91,Hot Dry Season,88.8,Highly Suitable
1531,48.00705170060366,Clay Loam,Midlands,IV,Dry Tropical,6.532280880691931,Sunflower,1.63,Hot Dry Season,65.54,Suitable
1532,76.7177444288403,Red Clay,Mashonaland East,IIb,Subtropical Highland,6.848306639501558,Sugar Beans,1.75,Dry Season,76.23,Suitable
1533,42.448184968869306,Silty Loam,Matabeleland North,III,Temperate Highland,7.2048012836739534,Cowpeas,1.11,Dry Season,56.19,Moderately Suitable
1534,100.0,Clay Soil,Manicaland,I,Dry Tropical,6.417826636762658,Sorghum,2.19,Winter,89.0,Highly Suitable
1535,53.245689967734606,Sandy Soil,Matabeleland South,V,Humid Subtropical,6.92461102324901,Sorghum,1.74,Dry Season,65.09,Suitable
1536,84.19355750383005,Silty Loam,Mashonaland East,IIb,Dry Tropical,5.106651216441676,Paprika,3.07,Winter,66.72,Suitable
1537,100.0,Clay Loam,Mashonaland Central,IIb,Dry Tropical,6.835819617183266,Watermelon,26.28,Dry Season,94.12,Highly Suitable
1538,35.73169569464557,Loam,Masvingo,V,Subtropical Highland,7.236835198906416,Groundnuts,1.15,Hot Dry Season,45.63,Low Suitability
1539,75.80743781140774,Sandy Soil,Midlands,III,Temperate Highland,5.918942085270242,Sunflower,1.63,Dry Season,72.07,Suitable
1540,84.5349587427446,Clay Soil,Harare,IIb,Semi-Arid,6.426660097684996,Pearl Millet,1.61,Cool Dry Season,93.2,Highly Suitable
1541,50.29809455737896,Clay Soil,Masvingo,IV,Dry Tropical,5.607678257439978,Tomatoes,29.66,Winter,38.65,Low Suitability
1542,48.39894866882603,Loam,Matabeleland North,III,Dry Tropical,6.728745339504603,Watermelon,17.59,Rainy Season,62.61,Moderately Suitable
1543,84.04638767050193,Silty Loam,Mashonaland Central,IIa,Dry Tropical,5.920496627910214,Onions,19.18,Hot Dry Season,77.13,Suitable
1544,46.07682309874673,Clay Soil,Mashonaland Central,III,Subtropical Highland,5.853449340711025,Wheat,3.42,Winter,42.78,Low Suitability
1545,51.72444736674152,Silty Loam,Matabeleland South,V,Semi-Arid,6.179317014797511,Tomatoes,28.0,Cool Dry Season,57.56,Moderately Suitable
1546,41.71550413738882,Red Clay,Matabeleland North,IV,Temperate Highland,5.480599324867944,Maize,3.59,Winter,37.05,Low Suitability
1547,76.22816238099989,Sandy Loam,Mashonaland West,IIa,Temperate Highland,6.610890633355247,Coffee,1.01,Winter,42.83,Low Suitability
1548,39.62402514072943,Clay Soil,Matabeleland South,V,Semi-Arid,6.319299262270011,Pumpkin,11.1,Cool Dry Season,57.31,Moderately Suitable
1549,93.01683906053297,Sandy Loam,Mashonaland West,IIb,Dry Tropical,6.512080361212785,Dry Beans,1.34,Cool Dry Season,80.37,Highly Suitable
1550,50.39148314679812,Sandy Loam,Masvingo,III,Dry Tropical,5.352709974263711,Groundnuts,0.78,Rainy Season,44.77,Low Suitability
1551,52.28299164240137,Clay Soil,Mashonaland West,III,Dry Tropical,6.312427473042958,Potatoes,12.0,Hot Dry Season,36.91,Low Suitability
1552,53.28512562048917,Silty Loam,Matabeleland South,IV,Humid Subtropical,6.697412292278212,Wheat,4.03,Cool Dry Season,60.32,Moderately Suitable
1553,73.44022141466695,Silty Loam,Mashonaland Central,III,Subtropical Highland,5.946569113933817,Watermelon,23.26,Rainy Season,71.72,Suitable
1554,40.85957781564858,Silty Loam,Matabeleland South,V,Dry Tropical,7.01672227053874,Sweet Potatoes,8.31,Hot Dry Season,43.23,Low Suitability
1555,67.714817883731,Clay Loam,Harare,IIa,Temperate Highland,6.6155271647858935,Sorghum,2.24,Hot Dry Season,83.49,Highly Suitable
1556,73.34766785039872,Silty Loam,Matabeleland North,III,Semi-Arid,6.716308290416589,Onions,19.36,Rainy Season,80.33,Highly Suitable
1557,67.6415228551862,Red Clay,Mashonaland West,IIa,Temperate Highland,6.569922630937079,Tomatoes,22.93,Cool Dry Season,58.76,Moderately Suitable
1558,91.29022493781426,Silty Loam,Mashonaland Central,IIb,Semi-Arid,4.297199363190739,Dry Beans,1.6,Winter,58.95,Moderately Suitable
1559,10.0,Red Clay,Matabeleland South,V,Dry Tropical,6.254071100629817,Watermelon,26.05,Cool Dry Season,51.41,Moderately Suitable
1560,64.55264655201206,Loam,Mashonaland East,IIb,Semi-Arid,7.045552045298434,Sunflower,1.42,Dry Season,73.65,Suitable
1561,48.56221052423956,Loam,Matabeleland North,III,Subtropical Highland,6.0059528430761,Tobacco,1.61,Cool Dry Season,57.15,Moderately Suitable
1562,76.12625604003868,Sandy Soil,Mashonaland East,IIb,Subtropical Highland,7.818967795175643,Tea,1.78,Cool Dry Season,41.9,Low Suitability
1563,79.81911910551598,Red Clay,Mashonaland West,IIa,Semi-Arid,6.379755682697225,Tomatoes,28.79,Dry Season,77.68,Suitable
1564,91.76910251264417,Clay Soil,Mashonaland Central,IIb,Dry Tropical,5.562724393174861,Macadamia Nuts,1.68,Rainy Season,62.08,Moderately Suitable
1565,44.45206380972904,Red Clay,Matabeleland North,IV,Semi-Arid,4.376488581567042,Sugar Beans,1.14,Cool Dry Season,28.63,Not Suitable
1566,72.0388401274632,Clay Loam,Harare,IIb,Dry Tropical,6.024036471109327,Finger Millet,1.58,Hot Dry Season,90.23,Highly Suitable
1567,35.991047107131436,Clay Soil,Masvingo,V,Temperate Highland,6.352177498304908,Tea,2.32,Winter,43.74,Low Suitability
1568,68.09705751326632,Loam,Manicaland,IIa,Dry Tropical,6.722433625607245,Wheat,4.49,Cool Dry Season,70.67,Suitable
1569,86.80745551861793,Sandy Soil,Harare,IIa,Temperate Highland,5.687550568857107,Tobacco,2.31,Hot Dry Season,75.19,Suitable
1570,73.69192934327197,Loam,Mashonaland Central,III,Humid Subtropical,4.797384037593684,Sugar Beans,1.15,Dry Season,50.51,Moderately Suitable
1571,80.3267640362967,Sandy Loam,Mashonaland East,IIa,Subtropical Highland,5.814973423387958,Potatoes,18.13,Winter,78.46,Suitable
1572,87.28674911806232,Sandy Loam,Mashonaland West,IIb,Dry Tropical,5.511324903195934,Tobacco,1.79,Dry Season,67.3,Suitable
1573,83.05959097624986,Clay Loam,Mashonaland West,III,Dry Tropical,5.9141416347041185,Sugar Beans,1.54,Rainy Season,74.24,Suitable
1574,77.22365776333444,Silty Loam,Mashonaland West,IIa,Temperate Highland,6.005450554623132,Carrots,16.24,Dry Season,82.43,Highly Suitable
1575,85.0011574025273,Sandy Loam,Mashonaland East,IIa,Humid Subtropical,6.731550163741949,Watermelon,27.55,Hot Dry Season,85.61,Highly Suitable
1576,60.14303825382484,Red Clay,Masvingo,III,Humid Subtropical,6.478694312108978,Maize,3.88,Hot Dry Season,65.63,Suitable
1577,93.86970375027524,Clay Soil,Harare,IIb,Subtropical Highland,5.534199837200058,Tea,2.39,Cool Dry Season,58.04,Moderately Suitable
1578,100.0,Clay Loam,Mashonaland Central,IIa,Semi-Arid,6.673896888293023,Pumpkin,11.69,Hot Dry Season,91.34,Highly Suitable
1579,83.19838390153645,Sandy Loam,Mashonaland West,IIb,Semi-Arid,6.750755216353951,Potatoes,12.59,Dry Season,49.03,Low Suitability
1580,71.38053220854708,Clay Soil,Mashonaland East,IIb,Humid Subtropical,6.568811144151252,Cotton,1.45,Rainy Season,87.22,Highly Suitable
1581,66.60718195089169,Clay Soil,Mashonaland Central,IIa,Temperate Highland,6.947653677669741,Paprika,2.27,Rainy Season,65.9,Suitable
1582,46.928377738718545,Clay Loam,Midlands,IV,Subtropical Highland,7.080649509233114,Macadamia Nuts,1.58,Hot Dry Season,50.41,Moderately Suitable
1583,86.2867558938355,Red Clay,Harare,IIa,Temperate Highland,6.2519868132058445,Sunflower,1.49,Dry Season,74.7,Suitable
1584,76.07519832192264,Sandy Soil,Masvingo,III,Humid Subtropical,6.021149421995834,Watermelon,21.99,Rainy Season,73.87,Suitable
1585,63.392151610310115,Clay Loam,Matabeleland North,IV,Subtropical Highland,7.32537733521342,Pearl Millet,1.99,Winter,88.29,Highly Suitable
1586,85.36245353950018,Silty Loam,Harare,IIa,Dry Tropical,6.666179579314563,Maize,3.53,Hot Dry Season,62.73,Moderately Suitable
1587,100.0,Sandy Soil,Harare,IIb,Temperate Highland,6.198014651565423,Cotton,1.59,Dry Season,83.28,Highly Suitable
1588,71.03048289613112,Sandy Loam,Manicaland,III,Dry Tropical,6.6042666819837805,Groundnuts,1.71,Rainy Season,81.16,Highly Suitable
1589,86.09503817443877,Sandy Loam,Manicaland,IIa,Dry Tropical,5.725913530295228,Tobacco,2.01,Cool Dry Season,72.31,Suitable
1590,79.07320353772946,Sandy Soil,Mashonaland West,IIa,Dry Tropical,5.568167033801972,Paprika,2.4,Hot Dry Season,66.93,Suitable
1591,85.2094028751061,Sandy Loam,Mashonaland Central,III,Subtropical Highland,6.07662810194531,Tobacco,1.88,Rainy Season,76.45,Suitable
1592,65.34537894764813,Clay Loam,Masvingo,III,Subtropical Highland,5.545673016883249,Carrots,18.67,Hot Dry Season,75.34,Suitable
1593,83.33914424145253,Red Clay,Mashonaland West,III,Temperate Highland,7.308713442038369,Watermelon,25.12,Cool Dry Season,74.17,Suitable
1594,50.62306260091978,Sandy Soil,Matabeleland South,V,Semi-Arid,6.213009513525166,Macadamia Nuts,1.62,Winter,42.93,Low Suitability
1595,90.45152032148157,Red Clay,Mashonaland East,IIb,Semi-Arid,6.37865049054651,Cowpeas,1.19,Winter,89.72,Highly Suitable
1596,81.53521679401916,Clay Loam,Harare,IIb,Humid Subtropical,5.147977528527718,Sweet Potatoes,9.56,Dry Season,72.27,Suitable
1597,66.69798716853096,Sandy Loam,Masvingo,III,Humid Subtropical,6.77248188162687,Coffee,1.0,Dry Season,35.99,Low Suitability
1598,81.94620507047559,Sandy Soil,Mashonaland West,IIb,Semi-Arid,5.552140085614754,Tea,1.99,Winter,49.27,Low Suitability
1599,69.49197612494469,Red Clay,Mashonaland West,III,Temperate Highland,5.906132532314344,Tea,2.45,Hot Dry Season,44.16,Low Suitability
1600,52.379810640639704,Sandy Loam,Matabeleland South,IV,Semi-Arid,6.457526754301113,Wheat,4.31,Cool Dry Season,65.06,Suitable
1601,98.64302615915156,Sandy Loam,Manicaland,I,Subtropical Highland,7.273710989205943,Pearl Millet,1.63,Hot Dry Season,81.6,Highly Suitable
1602,73.14912445169885,Clay Loam,Mashonaland East,IIb,Semi-Arid,6.151264264257141,Wheat,3.83,Cool Dry Season,63.54,Moderately Suitable
1603,73.91209888853246,Red Clay,Masvingo,IV,Subtropical Highland,7.334362584998303,Sugar Beans,1.45,Dry Season,67.22,Suitable
1604,95.68519137719368,Clay Soil,Mashonaland Central,IIa,Dry Tropical,6.667314300136888,Cowpeas,1.29,Winter,87.1,Highly Suitable
1605,74.15996699742192,Sandy Soil,Mashonaland Central,IIa,Temperate Highland,5.55682442795892,Carrots,16.8,Rainy Season,64.39,Moderately Suitable
1606,88.16271104897012,Clay Soil,Mashonaland Central,IIa,Humid Subtropical,5.5252400674267985,Cotton,1.67,Dry Season,76.8,Suitable
1607,73.96912411449094,Sandy Loam,Mashonaland East,IIa,Subtropical Highland,6.018040715139464,Watermelon,22.68,Rainy Season,83.31,Highly Suitable
1608,60.8605624080332,Clay Soil,Mashonaland West,IIb,Temperate Highland,5.939208578617816,Watermelon,19.99,Cool Dry Season,71.86,Suitable
1609,60.2195972628172,Red Clay,Matabeleland North,III,Temperate Highland,6.082338024110571,Sunflower,1.75,Hot Dry Season,68.37,Suitable
1610,86.34024842262745,Clay Soil,Harare,IIa,Semi-Arid,5.1457344726365655,Dry Beans,1.19,Dry Season,57.91,Moderately Suitable
1611,44.14680397804868,Sandy Soil,Manicaland,III,Humid Subtropical,6.298630215839634,Soybeans,1.74,Winter,45.69,Low Suitability
1612,100.0,Clay Loam,Harare,IIb,Semi-Arid,5.513618982220012,Coffee,0.9,Hot Dry Season,64.06,Moderately Suitable
1613,85.72761329652384,Clay Loam,Harare,IIa,Dry Tropical,5.969251400612314,Pearl Millet,1.76,Winter,95.94,Highly Suitable
1614,68.27061355823301,Sandy Soil,Mashonaland East,IIb,Semi-Arid,6.240395725486875,Onions,20.63,Dry Season,59.82,Moderately Suitable
1615,99.28979319830144,Sandy Loam,Manicaland,I,Dry Tropical,5.977161819726431,Sweet Potatoes,9.95,Rainy Season,88.55,Highly Suitable
1616,70.61241441974335,Sandy Soil,Mashonaland West,III,Subtropical Highland,4.2,Cowpeas,0.94,Winter,61.78,Moderately Suitable
1617,64.36790769170744,Clay Loam,Masvingo,III,Humid Subtropical,5.753470678651315,Sweet Potatoes,9.33,Winter,68.44,Suitable
1618,44.42017312046352,Red Clay,Matabeleland South,IV,Humid Subtropical,5.442381744716519,Cabbage,19.44,Hot Dry Season,30.34,Not Suitable
1619,94.93261931772172,Loam,Mashonaland East,IIa,Temperate Highland,6.931016853708968,Cabbage,26.44,Rainy Season,85.99,Highly Suitable
1620,58.057221518121,Silty Loam,Harare,IIb,Dry Tropical,7.516755447674237,Cabbage,19.46,Winter,55.17,Moderately Suitable
1621,48.26507141975597,Sandy Soil,Midlands,III,Humid Subtropical,4.725035356333343,Watermelon,21.74,Winter,47.11,Low Suitability
1622,45.31532351656718,Clay Loam,Midlands,III,Temperate Highland,5.569309574854827,Watermelon,15.9,Rainy Season,53.28,Moderately Suitable
1623,70.83593649832724,Loam,Mashonaland East,IIb,Dry Tropical,5.453081055594128,Cowpeas,1.17,Cool Dry Season,78.17,Suitable
1624,81.16564746405481,Sandy Soil,Mashonaland East,IIa,Semi-Arid,5.854232036253414,Finger Millet,1.73,Rainy Season,74.49,Suitable
1625,79.94655527187619,Sandy Loam,Mashonaland Central,IIa,Dry Tropical,7.0642193688124335,Macadamia Nuts,1.87,Dry Season,43.13,Low Suitability
1626,80.8721750797348,Clay Loam,Manicaland,IIa,Temperate Highland,6.031318301113544,Onions,17.96,Winter,74.69,Suitable
1627,76.26132693002026,Silty Loam,Mashonaland East,IIb,Semi-Arid,6.82084021151986,Tea,1.46,Hot Dry Season,23.53,Not Suitable
1628,93.75767019125357,Sandy Soil,Mashonaland East,IIa,Subtropical Highland,6.872620680424462,Sugar Beans,1.46,Rainy Season,79.87,Suitable
1629,88.31951036793771,Silty Loam,Mashonaland West,IIb,Dry Tropical,6.448264793602626,Cabbage,23.59,Dry Season,79.76,Suitable
1630,75.72487826316903,Clay Loam,Mashonaland East,IIb,Humid Subtropical,5.361943967162045,Sunflower,1.62,Winter,76.55,Suitable
1631,44.55781962068528,Red Clay,Midlands,III,Subtropical Highland,5.301268943687596,Finger Millet,1.67,Hot Dry Season,50.26,Moderately Suitable
1632,67.1128430414109,Sandy Loam,Mashonaland West,IIa,Dry Tropical,7.049470492769758,Dry Beans,1.56,Cool Dry Season,63.59,Moderately Suitable
1633,71.04332697600721,Red Clay,Mashonaland Central,III,Dry Tropical,5.922712231072985,Soybeans,1.61,Dry Season,47.53,Low Suitability
1634,76.76317076579426,Clay Soil,Harare,IIa,Semi-Arid,6.332215819174857,Maize,3.32,Cool Dry Season,48.53,Low Suitability
1635,100.0,Red Clay,Harare,IIb,Dry Tropical,4.849442694931351,Soybeans,1.9,Hot Dry Season,47.63,Low Suitability
1636,80.61115124120579,Red Clay,Mashonaland East,IIa,Dry Tropical,5.817033808295467,Finger Millet,1.57,Hot Dry Season,84.63,Highly Suitable
1637,50.51106915993578,Clay Loam,Midlands,IV,Humid Subtropical,6.038959348549352,Watermelon,19.1,Winter,53.01,Moderately Suitable
1638,53.566083826900496,Clay Soil,Masvingo,III,Humid Subtropical,6.178209022830912,Groundnuts,1.35,Dry Season,60.58,Moderately Suitable
1639,80.55333720669348,Silty Loam,Mashonaland Central,IIa,Humid Subtropical,6.6028956094862234,Pumpkin,11.87,Winter,91.96,Highly Suitable
1640,34.989151374435906,Silty Loam,Matabeleland South,IV,Semi-Arid,6.691085814328561,Tea,1.87,Dry Season,37.35,Low Suitability
1641,91.84084242338021,Red Clay,Mashonaland West,IIa,Humid Subtropical,5.391778882175316,Coffee,0.87,Dry Season,54.63,Moderately Suitable
1642,58.48596689510208,Sandy Soil,Midlands,III,Dry Tropical,5.3072253978218,Maize,2.74,Cool Dry Season,31.94,Not Suitable
1643,36.37106916204235,Clay Loam,Mashonaland West,III,Humid Subtropical,5.732539394303986,Sugar Beans,1.26,Cool Dry Season,53.36,Moderately Suitable
1644,91.47630159968315,Loam,Mashonaland West,IIb,Semi-Arid,6.537645479233575,Groundnuts,1.34,Winter,84.25,Highly Suitable
1645,59.40629861640573,Clay Soil,Midlands,III,Temperate Highland,6.306077989414364,Sorghum,1.89,Dry Season,67.42,Suitable
1646,91.01444865119325,Loam,Manicaland,IIa,Temperate Highland,5.832108122680496,Tobacco,1.94,Dry Season,75.36,Suitable
1647,87.27055643689705,Clay Soil,Mashonaland East,IIa,Semi-Arid,5.955398667721283,Sweet Potatoes,9.84,Cool Dry Season,85.41,Highly Suitable
1648,66.09049652197957,Loam,Matabeleland North,III,Humid Subtropical,4.938824148227419,Sunflower,1.34,Winter,60.57,Moderately Suitable
1649,39.44852116393045,Red Clay,Manicaland,III,Humid Subtropical,5.571850944170382,Paprika,2.47,Winter,44.91,Low Suitability
1650,60.383395803835356,Sandy Loam,Mashonaland West,IIb,Humid Subtropical,6.399002124016366,Onions,16.2,Hot Dry Season,62.0,Moderately Suitable
1651,54.08525859637929,Sandy Soil,Harare,IIb,Semi-Arid,6.451232067671656,Tea,2.22,Winter,30.66,Not Suitable
1652,76.34239003237396,Clay Loam,Harare,IIb,Dry Tropical,6.790751982210722,Tobacco,1.87,Cool Dry Season,59.06,Moderately Suitable
1653,68.67270387934154,Clay Loam,Manicaland,IIa,Temperate Highland,6.861845862549355,Tea,1.84,Rainy Season,40.08,Low Suitability
1654,38.777395201278395,Clay Soil,Matabeleland North,IV,Semi-Arid,5.604306991550548,Soybeans,2.02,Winter,36.17,Low Suitability
1655,92.53342314316198,Clay Loam,Mashonaland West,IIa,Dry Tropical,5.510532318717305,Carrots,19.31,Cool Dry Season,76.71,Suitable
1656,35.49149670240314,Red Clay,Masvingo,IV,Semi-Arid,5.270386558922728,Finger Millet,1.16,Rainy Season,36.01,Low Suitability
1657,81.53103746272244,Loam,Manicaland,IIa,Temperate Highland,6.0743188716918395,Groundnuts,1.51,Winter,95.7,Highly Suitable
1658,100.0,Loam,Mashonaland Central,IIa,Dry Tropical,6.883344383033264,Sweet Potatoes,10.04,Hot Dry Season,79.37,Suitable
1659,50.59886717490828,Clay Soil,Mashonaland West,III,Subtropical Highland,6.4579306718675955,Watermelon,24.4,Winter,68.95,Suitable
1660,78.45198743464032,Clay Loam,Harare,IIa,Temperate Highland,6.809751356537598,Cowpeas,1.23,Rainy Season,94.85,Highly Suitable
1661,65.9839163147576,Sandy Loam,Midlands,III,Dry Tropical,6.563169430814671,Tomatoes,24.28,Dry Season,60.37,Moderately Suitable
1662,60.24983115380089,Clay Loam,Matabeleland South,IV,Dry Tropical,5.753388285167749,Tea,2.22,Dry Season,52.28,Moderately Suitable
1663,76.7117825617976,Clay Soil,Harare,IIb,Semi-Arid,6.2438595672937245,Maize,3.62,Hot Dry Season,49.53,Low Suitability
1664,79.64608639277425,Silty Loam,Mashonaland Central,IIa,Temperate Highland,6.791970783458028,Cowpeas,1.31,Hot Dry Season,82.97,Highly Suitable
1665,71.67554702622904,Loam,Mashonaland West,IIb,Dry Tropical,6.281890794729022,Wheat,3.96,Rainy Season,71.54,Suitable
1666,100.0,Clay Soil,Harare,IIb,Subtropical Highland,6.273041956377633,Potatoes,15.05,Hot Dry Season,67.23,Suitable
1667,67.15101243163276,Sandy Soil,Matabeleland North,IV,Temperate Highland,7.112461594098958,Paprika,2.36,Winter,65.11,Suitable
1668,94.51546348105742,Clay Loam,Mashonaland Central,IIa,Temperate Highland,7.293962635472763,Tea,1.87,Cool Dry Season,32.52,Not Suitable
1669,79.92034752136732,Loam,Manicaland,III,Temperate Highland,5.861786554982426,Cabbage,21.39,Cool Dry Season,66.62,Suitable
1670,34.661334258084224,Sandy Soil,Masvingo,IV,Semi-Arid,5.93980264635635,Wheat,3.86,Dry Season,47.17,Low Suitability
1671,64.45583034715442,Red Clay,Midlands,III,Subtropical Highland,6.537510087844627,Tomatoes,33.72,Winter,54.64,Moderately Suitable
1672,26.659723338792972,Sandy Soil,Masvingo,V,Subtropical Highland,6.205868595687098,Groundnuts,1.18,Rainy Season,56.93,Moderately Suitable
1673,60.308621504719106,Sandy Loam,Midlands,IV,Semi-Arid,6.6793417682400325,Soybeans,1.65,Dry Season,44.38,Low Suitability
1674,63.525690940569575,Red Clay,Matabeleland North,IV,Humid Subtropical,7.096019348792773,Macadamia Nuts,1.8,Winter,48.96,Low Suitability
1675,34.26239285318191,Sandy Loam,Midlands,IV,Temperate Highland,5.244853005921133,Pumpkin,9.87,Dry Season,44.5,Low Suitability
1676,23.280498221773748,Loam,Matabeleland South,V,Temperate Highland,5.73468034530991,Sugar Beans,1.23,Hot Dry Season,41.64,Low Suitability
1677,15.182691405681432,Clay Soil,Masvingo,V,Semi-Arid,5.977526176814,Dry Beans,1.16,Winter,55.62,Moderately Suitable
1678,68.84106893764628,Clay Loam,Mashonaland Central,III,Subtropical Highland,5.876528391557187,Cotton,1.67,Cool Dry Season,67.97,Suitable
1679,98.86363664223622,Red Clay,Harare,IIa,Semi-Arid,5.416858229847607,Pumpkin,11.19,Rainy Season,76.25,Suitable
1680,45.366769576734505,Clay Soil,Matabeleland North,IV,Temperate Highland,5.119074999976986,Sorghum,2.13,Winter,50.05,Moderately Suitable
1681,74.30413042856762,Sandy Loam,Mashonaland West,III,Subtropical Highland,6.309794126798419,Soybeans,2.42,Winter,63.65,Moderately Suitable
1682,56.318585887481674,Silty Loam,Matabeleland South,IV,Temperate Highland,6.22019442631103,Onions,14.03,Hot Dry Season,48.35,Low Suitability
1683,44.6514504478585,Silty Loam,Masvingo,IV,Semi-Arid,5.729661586751217,Cowpeas,1.12,Hot Dry Season,63.93,Moderately Suitable
1684,49.06145802424282,Red Clay,Matabeleland North,IV,Subtropical Highland,5.425152062406433,Pumpkin,9.72,Hot Dry Season,49.86,Low Suitability
1685,86.27747178143635,Sandy Loam,Mashonaland West,IIa,Subtropical Highland,5.972500435045631,Dry Beans,1.44,Rainy Season,84.69,Highly Suitable
1686,83.29747886132827,Silty Loam,Matabeleland North,III,Temperate Highland,6.097509586918142,Carrots,18.36,Cool Dry Season,91.33,Highly Suitable
1687,67.68591866039623,Sandy Loam,Mashonaland Central,III,Humid Subtropical,6.166357858388515,Dry Beans,1.34,Cool Dry Season,59.34,Moderately Suitable
1688,88.73093751013904,Silty Loam,Mashonaland West,IIa,Temperate Highland,7.609887518708972,Coffee,1.13,Dry Season,36.41,Low Suitability
1689,22.486121180070686,Loam,Matabeleland South,V,Humid Subtropical,5.602171674401372,Tobacco,1.8,Rainy Season,62.16,Moderately Suitable
1690,53.06994069407533,Sandy Soil,Matabeleland South,V,Subtropical Highland,5.375104164635064,Onions,17.1,Dry Season,38.21,Low Suitability
1691,92.33959347311568,Sandy Loam,Mashonaland East,IIa,Dry Tropical,5.924723670552087,Sugar Beans,1.3,Winter,76.47,Suitable
1692,57.971868648652105,Sandy Loam,Midlands,III,Subtropical Highland,5.710529504699112,Soybeans,1.51,Winter,56.85,Moderately Suitable
1693,69.70477192023773,Loam,Harare,IIb,Temperate Highland,5.460516737435564,Tomatoes,17.88,Rainy Season,50.7,Moderately Suitable
1694,84.67184337884198,Silty Loam,Mashonaland West,III,Humid Subtropical,5.754156218902014,Wheat,4.01,Cool Dry Season,75.17,Suitable
1695,74.69330964810857,Clay Loam,Matabeleland North,III,Subtropical Highland,7.015995325228829,Cowpeas,1.26,Winter,93.99,Highly Suitable
1696,82.55443344786909,Loam,Mashonaland West,IIb,Dry Tropical,4.833937277474131,Tomatoes,20.75,Rainy Season,48.98,Low Suitability
1697,49.90752123305609,Sandy Soil,Matabeleland South,IV,Semi-Arid,6.303825889512399,Macadamia Nuts,1.53,Rainy Season,51.8,Moderately Suitable
1698,16.446285018689046,Sandy Soil,Masvingo,V,Subtropical Highland,6.06625433240301,Cowpeas,1.18,Cool Dry Season,58.05,Moderately Suitable
1699,41.46663206260854,Clay Loam,Matabeleland North,IV,Dry Tropical,5.1506993444701035,Finger Millet,1.56,Rainy Season,50.68,Moderately Suitable
1700,45.716543510776845,Sandy Soil,Matabeleland South,V,Semi-Arid,5.741306122396685,Sunflower,1.23,Rainy Season,50.33,Moderately Suitable
1701,78.71252817770292,Red Clay,Mashonaland Central,IIb,Temperate Highland,7.155980867146548,Watermelon,20.53,Dry Season,83.96,Highly Suitable
1702,69.25988793136325,Loam,Mashonaland West,III,Subtropical Highland,4.905212573584411,Wheat,4.3,Cool Dry Season,63.65,Moderately Suitable
1703,73.9185557521287,Sandy Loam,Harare,IIb,Semi-Arid,5.837951017069563,Cabbage,22.82,Dry Season,46.25,Low Suitability
1704,83.65479982771332,Clay Loam,Mashonaland East,IIb,Semi-Arid,6.185270778128718,Soybeans,1.81,Dry Season,59.14,Moderately Suitable
1705,34.73480193983251,Silty Loam,Masvingo,V,Humid Subtropical,5.056379012537059,Soybeans,1.81,Hot Dry Season,42.73,Low Suitability
1706,100.0,Loam,Masvingo,III,Subtropical Highland,6.345568722127385,Tomatoes,26.66,Dry Season,84.35,Highly Suitable
1707,58.84378082299104,Clay Soil,Mashonaland Central,III,Dry Tropical,6.057997803066484,Cowpeas,1.31,Rainy Season,76.58,Suitable
1708,71.44622143051505,Clay Soil,Harare,IIb,Humid Subtropical,6.450955468798041,Tobacco,1.9,Rainy Season,63.12,Moderately Suitable
1709,45.722626941556676,Sandy Loam,Midlands,IV,Temperate Highland,6.1181937882685835,Finger Millet,1.52,Hot Dry Season,55.73,Moderately Suitable
1710,60.35024716684852,Loam,Matabeleland South,IV,Semi-Arid,7.00552781599071,Tomatoes,29.48,Hot Dry Season,46.89,Low Suitability
1711,66.23038963100453,Clay Soil,Harare,IIa,Temperate Highland,6.403815388649854,Cotton,1.87,Rainy Season,66.7,Suitable
1712,56.0813908569275,Red Clay,Manicaland,III,Humid Subtropical,6.206412495026603,Sorghum,2.14,Cool Dry Season,77.38,Suitable
1713,83.09389074909637,Clay Soil,Mashonaland West,IIb,Temperate Highland,6.319948682544422,Sweet Potatoes,10.66,Winter,88.88,Highly Suitable
1714,53.21304235301017,Sandy Loam,Midlands,IV,Subtropical Highland,5.966637927140483,Tea,2.04,Cool Dry Season,50.5,Moderately Suitable
1715,52.03685644238237,Clay Loam,Matabeleland South,V,Subtropical Highland,5.045589139355715,Tomatoes,22.43,Winter,32.44,Not Suitable
1716,99.97069218220742,Sandy Loam,Manicaland,IIa,Dry Tropical,7.8156486750177026,Coffee,1.11,Hot Dry Season,41.64,Low Suitability
1717,77.37264447893955,Clay Soil,Matabeleland South,IV,Humid Subtropical,5.936008915619708,Groundnuts,1.64,Cool Dry Season,83.18,Highly Suitable
1718,78.47522855328135,Sandy Soil,Harare,IIa,Humid Subtropical,6.2522670342958175,Dry Beans,1.31,Winter,76.51,Suitable
1719,36.14480149682136,Clay Soil,Matabeleland South,V,Semi-Arid,6.127311072778051,Maize,3.29,Hot Dry Season,51.3,Moderately Suitable
1720,64.29987301285244,Clay Soil,Mashonaland East,IIa,Subtropical Highland,6.14522360765413,Sugar Beans,1.33,Rainy Season,54.05,Moderately Suitable
1721,48.88810477467507,Sandy Loam,Matabeleland South,IV,Semi-Arid,5.611951671891627,Cabbage,20.42,Cool Dry Season,40.25,Low Suitability
1722,47.839271123446075,Sandy Soil,Matabeleland North,IV,Humid Subtropical,8.015785277215114,Pearl Millet,1.5,Hot Dry Season,52.93,Moderately Suitable
1723,56.078789415747146,Clay Soil,Matabeleland North,III,Temperate Highland,5.774038889751686,Tobacco,1.51,Winter,50.56,Moderately Suitable
1724,80.56073747104817,Clay Soil,Mashonaland East,IIb,Subtropical Highland,7.370431452641094,Pumpkin,12.41,Hot Dry Season,82.97,Highly Suitable
1725,64.85096251841821,Clay Loam,Matabeleland North,III,Dry Tropical,7.357840048387662,Cowpeas,1.08,Cool Dry Season,78.25,Suitable
1726,55.37993214384385,Clay Loam,Matabeleland South,IV,Subtropical Highland,6.057947999145128,Onions,14.44,Winter,55.18,Moderately Suitable
1727,67.0257259053227,Clay Soil,Manicaland,III,Semi-Arid,5.752705962662422,Cowpeas,1.31,Dry Season,77.24,Suitable
1728,86.4463448082735,Clay Soil,Mashonaland East,IIb,Semi-Arid,6.675464699907147,Potatoes,16.1,Cool Dry Season,57.2,Moderately Suitable
1729,99.2278857669721,Clay Loam,Harare,IIa,Semi-Arid,6.242311146519388,Sorghum,2.18,Winter,89.37,Highly Suitable
1730,76.93758957810022,Sandy Soil,Midlands,III,Dry Tropical,7.340092112638496,Tomatoes,25.04,Cool Dry Season,43.69,Low Suitability
1731,48.19268702286026,Clay Loam,Midlands,III,Humid Subtropical,5.369586874630699,Groundnuts,1.29,Rainy Season,56.29,Moderately Suitable
1732,59.51637112113101,Sandy Soil,Mashonaland West,III,Subtropical Highland,6.411994092672426,Sunflower,1.61,Winter,68.11,Suitable
1733,32.78307024815517,Red Clay,Masvingo,V,Semi-Arid,5.26943304192686,Onions,15.28,Dry Season,23.98,Not Suitable
1734,56.7866692519478,Loam,Manicaland,III,Subtropical Highland,7.062358702899019,Onions,18.42,Hot Dry Season,60.35,Moderately Suitable
1735,50.22177561630184,Red Clay,Mashonaland West,III,Temperate Highland,6.105717905210957,Sugar Beans,1.11,Rainy Season,55.8,Moderately Suitable
1736,77.74778978590227,Sandy Soil,Harare,IIb,Dry Tropical,6.75762620182218,Tomatoes,28.55,Hot Dry Season,63.91,Moderately Suitable
1737,57.01455383507682,Red Clay,Matabeleland South,IV,Temperate Highland,5.28588567762884,Groundnuts,1.44,Cool Dry Season,55.46,Moderately Suitable
1738,37.91375699012147,Sandy Soil,Mashonaland Central,III,Humid Subtropical,7.391974020903376,Watermelon,23.47,Cool Dry Season,41.09,Low Suitability
1739,72.43756197055694,Loam,Midlands,III,Temperate Highland,6.437802839351635,Paprika,2.18,Rainy Season,81.61,Highly Suitable
1740,62.86086094063507,Clay Soil,Matabeleland South,IV,Subtropical Highland,6.312856941506461,Finger Millet,1.6,Hot Dry Season,70.82,Suitable
1741,53.592115448692944,Clay Soil,Midlands,IV,Temperate Highland,4.2,Wheat,4.04,Cool Dry Season,38.63,Low Suitability
1742,72.17846331065047,Sandy Loam,Matabeleland North,III,Semi-Arid,5.3386475192187435,Coffee,1.05,Rainy Season,57.86,Moderately Suitable
1743,70.78226873897941,Clay Soil,Mashonaland Central,IIb,Subtropical Highland,5.771243701036127,Watermelon,22.62,Dry Season,80.84,Highly Suitable
1744,88.19309910558685,Clay Loam,Mashonaland East,IIb,Subtropical Highland,7.9074047700820795,Sorghum,2.23,Cool Dry Season,86.49,Highly Suitable
1745,56.44395592921014,Sandy Loam,Mashonaland West,III,Subtropical Highland,5.8871946483844475,Watermelon,20.71,Cool Dry Season,56.27,Moderately Suitable
1746,48.5230298560993,Sandy Loam,Matabeleland North,III,Subtropical Highland,4.997170883557475,Onions,15.89,Rainy Season,34.3,Not Suitable
1747,83.07710129796152,Loam,Manicaland,III,Humid Subtropical,5.614891561892009,Maize,3.88,Hot Dry Season,55.98,Moderately Suitable
1748,60.95316194443426,Silty Loam,Mashonaland East,IIb,Semi-Arid,6.326374096074217,Carrots,17.62,Hot Dry Season,68.38,Suitable
1749,92.00749781485973,Loam,Matabeleland North,III,Humid Subtropical,7.160096951728708,Soybeans,2.08,Dry Season,62.33,Moderately Suitable
1750,55.7248452559201,Loam,Mashonaland East,IIb,Dry Tropical,5.9416120709751254,Finger Millet,1.65,Winter,73.47,Suitable
1751,38.88365286812713,Clay Soil,Matabeleland South,V,Humid Subtropical,5.993988928284036,Pumpkin,12.41,Hot Dry Season,52.41,Moderately Suitable
1752,47.16718926188914,Clay Loam,Matabeleland North,IV,Temperate Highland,5.873483027209398,Tea,1.99,Hot Dry Season,49.54,Low Suitability
1753,92.59453427428835,Sandy Loam,Mashonaland Central,IIa,Dry Tropical,6.041063855066814,Macadamia Nuts,1.84,Rainy Season,53.15,Moderately Suitable
1754,76.820472390694,Silty Loam,Manicaland,I,Humid Subtropical,6.984055711493351,Tobacco,1.31,Rainy Season,58.0,Moderately Suitable
1755,55.40956510106916,Sandy Soil,Masvingo,III,Temperate Highland,6.104588156855096,Pumpkin,8.53,Cool Dry Season,61.56,Moderately Suitable
1756,63.3304921269107,Sandy Loam,Mashonaland Central,IIb,Subtropical Highland,6.778049050589691,Pumpkin,11.32,Hot Dry Season,69.93,Suitable
1757,56.935847377218415,Clay Soil,Mashonaland West,III,Semi-Arid,6.206609293630144,Sugar Beans,1.27,Hot Dry Season,55.56,Moderately Suitable
1758,49.91850334330583,Silty Loam,Matabeleland South,IV,Dry Tropical,5.48691204094837,Wheat,3.72,Dry Season,37.42,Low Suitability
1759,96.96116368631378,Clay Loam,Mashonaland West,IIa,Subtropical Highland,4.750770532730623,Pearl Millet,1.77,Dry Season,68.36,Suitable
1760,68.89305181010198,Clay Soil,Masvingo,III,Subtropical Highland,5.433602981130923,Sweet Potatoes,7.99,Hot Dry Season,69.03,Suitable
1761,60.46080656572009,Clay Soil,Matabeleland North,IV,Temperate Highland,7.881143666852251,Macadamia Nuts,1.67,Rainy Season,32.01,Not Suitable
1762,49.99311632442375,Red Clay,Matabeleland South,IV,Temperate Highland,6.232682997372959,Paprika,1.86,Dry Season,68.47,Suitable
1763,47.77256007119503,Red Clay,Midlands,IV,Humid Subtropical,5.575055731338369,Wheat,2.87,Cool Dry Season,42.69,Low Suitability
1764,74.7603133684915,Sandy Loam,Mashonaland West,IIa,Semi-Arid,5.84030676121362,Cotton,1.63,Winter,65.34,Suitable
1765,91.87728181143994,Clay Soil,Mashonaland East,IIb,Temperate Highland,6.296349646843081,Pearl Millet,1.78,Rainy Season,87.84,Highly Suitable
1766,37.86501534591534,Sandy Soil,Matabeleland North,IV,Humid Subtropical,5.6359262357510245,Macadamia Nuts,1.89,Dry Season,49.19,Low Suitability
1767,43.596330555248485,Sandy Loam,Matabeleland North,IV,Subtropical Highland,6.807159136662594,Cabbage,22.44,Hot Dry Season,59.56,Moderately Suitable
1768,64.97731945353738,Sandy Loam,Midlands,III,Semi-Arid,5.558065665356065,Paprika,2.5,Cool Dry Season,56.86,Moderately Suitable
1769,75.04637194189502,Sandy Soil,Mashonaland East,IIa,Subtropical Highland,6.694698057945719,Wheat,4.5,Winter,66.76,Suitable
1770,42.86593422272601,Sandy Soil,Matabeleland North,IV,Semi-Arid,6.4617324175017945,Groundnuts,1.3,Hot Dry Season,63.52,Moderately Suitable
1771,75.85233343049019,Loam,Mashonaland West,IIb,Temperate Highland,5.556936915236335,Wheat,4.03,Hot Dry Season,68.67,Suitable
1772,82.03471355453789,Clay Soil,Mashonaland East,IIa,Semi-Arid,7.2050424610597235,Cabbage,24.86,Dry Season,54.28,Moderately Suitable
1773,38.00098647411849,Sandy Loam,Matabeleland South,IV,Humid Subtropical,7.1854148944763265,Potatoes,14.69,Cool Dry Season,47.08,Low Suitability
1774,22.529044183104048,Clay Soil,Midlands,IV,Humid Subtropical,6.482842580952665,Coffee,0.7,Dry Season,42.34,Low Suitability
1775,95.27995158533994,Sandy Soil,Mashonaland West,IIa,Temperate Highland,7.099004147797525,Tobacco,1.83,Rainy Season,63.6,Moderately Suitable
1776,95.78882826148188,Clay Loam,Manicaland,I,Semi-Arid,6.475506081082762,Dry Beans,1.84,Cool Dry Season,89.43,Highly Suitable
1777,100.0,Loam,Mashonaland East,IIb,Temperate Highland,5.281266433056388,Pumpkin,11.09,Hot Dry Season,78.3,Suitable
1778,65.86497497035019,Silty Loam,Masvingo,IV,Temperate Highland,5.697334180044541,Finger Millet,1.6,Winter,71.7,Suitable
1779,47.58247066807455,Red Clay,Matabeleland South,V,Humid Subtropical,5.927872099524884,Dry Beans,1.32,Dry Season,56.38,Moderately Suitable
1780,54.77363798018236,Sandy Loam,Midlands,IV,Temperate Highland,7.64624970835033,Pumpkin,11.65,Hot Dry Season,57.77,Moderately Suitable
1781,39.115102268576905,Silty Loam,Matabeleland South,V,Semi-Arid,6.77246190985671,Watermelon,21.52,Hot Dry Season,46.5,Low Suitability
1782,55.469098775169904,Sandy Loam,Masvingo,III,Humid Subtropical,5.153923204767499,Pumpkin,8.93,Hot Dry Season,59.15,Moderately Suitable
1783,91.14535515579409,Clay Soil,Mashonaland East,IIa,Dry Tropical,5.868179318915283,Sweet Potatoes,8.5,Rainy Season,79.72,Suitable
1784,25.988046805552553,Loam,Matabeleland South,V,Dry Tropical,6.33877703552398,Potatoes,15.91,Dry Season,48.78,Low Suitability
1785,98.06810566946227,Loam,Manicaland,I,Subtropical Highland,4.378332268179976,Macadamia Nuts,1.75,Rainy Season,52.11,Moderately Suitable
1786,70.81011706464746,Sandy Loam,Manicaland,IIa,Humid Subtropical,6.758451032159656,Soybeans,1.67,Hot Dry Season,51.03,Moderately Suitable
1787,43.78735258402237,Clay Soil,Matabeleland South,V,Humid Subtropical,6.910783817443901,Wheat,4.28,Rainy Season,53.91,Moderately Suitable
1788,67.1804791803077,Sandy Loam,Mashonaland West,III,Semi-Arid,5.804076254505614,Watermelon,24.24,Winter,64.86,Moderately Suitable
1789,75.82829756357427,Clay Soil,Mashonaland West,IIa,Temperate Highland,4.8215190205930565,Maize,2.91,Dry Season,38.76,Low Suitability
1790,65.47104358446992,Clay Loam,Harare,IIa,Humid Subtropical,5.874272552434773,Wheat,4.09,Cool Dry Season,62.62,Moderately Suitable
1791,92.90420066296713,Clay Soil,Mashonaland Central,IIa,Subtropical Highland,6.283816023081095,Coffee,1.01,Winter,48.65,Low Suitability
1792,93.39120861059384,Sandy Soil,Harare,IIb,Humid Subtropical,5.67207066168085,Coffee,1.02,Cool Dry Season,51.59,Moderately Suitable
1793,83.832084499331,Sandy Loam,Mashonaland Central,III,Semi-Arid,6.171046928092331,Tobacco,1.45,Rainy Season,72.14,Suitable
1794,52.34065612823086,Sandy Soil,Masvingo,IV,Dry Tropical,6.32759121286847,Dry Beans,1.32,Rainy Season,48.75,Low Suitability
1795,47.69145909257753,Loam,Matabeleland South,IV,Subtropical Highland,6.840959896298322,Pumpkin,11.49,Rainy Season,62.5,Moderately Suitable
1796,70.6287795839397,Clay Soil,Mashonaland West,IIb,Subtropical Highland,7.342321187176286,Coffee,0.95,Winter,24.25,Not Suitable
1797,61.33945338409973,Loam,Harare,IIb,Humid Subtropical,5.636280967515199,Onions,17.53,Winter,50.96,Moderately Suitable
1798,82.65029149450639,Clay Soil,Mashonaland Central,IIa,Temperate Highland,7.688521592968306,Tomatoes,22.23,Winter,47.14,Low Suitability
1799,66.34905487379054,Red Clay,Mashonaland Central,IIb,Humid Subtropical,5.927903312166251,Pearl Millet,1.81,Rainy Season,81.83,Highly Suitable
1800,76.35531866265661,Loam,Mashonaland Central,IIa,Semi-Arid,5.192449938586363,Tea,2.4,Dry Season,60.54,Moderately Suitable
1801,42.07188956013676,Sandy Soil,Masvingo,V,Semi-Arid,6.422147751524759,Tea,1.74,Rainy Season,35.31,Low Suitability
1802,90.71663814284132,Clay Soil,Mashonaland Central,IIa,Subtropical Highland,5.3879480884819975,Sorghum,2.26,Rainy Season,86.11,Highly Suitable
1803,68.63257697150809,Silty Loam,Mashonaland East,IIa,Semi-Arid,5.396787321031299,Tomatoes,31.47,Rainy Season,46.42,Low Suitability
1804,42.33624129654793,Clay Soil,Matabeleland South,IV,Temperate Highland,6.3208500138386565,Sugar Beans,1.31,Hot Dry Season,50.37,Moderately Suitable
1805,78.74653507213591,Clay Loam,Mashonaland Central,IIb,Temperate Highland,7.017880820616822,Macadamia Nuts,1.69,Rainy Season,50.31,Moderately Suitable
1806,74.52797442872176,Clay Soil,Mashonaland East,IIb,Semi-Arid,6.309499068923115,Soybeans,2.15,Rainy Season,68.59,Suitable
1807,75.55293780876073,Red Clay,Mashonaland Central,III,Temperate Highland,6.0345377474792095,Potatoes,16.14,Dry Season,66.19,Suitable
1808,50.53771517309176,Loam,Masvingo,III,Temperate Highland,6.795299247297333,Potatoes,14.64,Winter,43.78,Low Suitability
1809,63.758699653699885,Clay Soil,Matabeleland South,IV,Semi-Arid,7.255961661948033,Tomatoes,30.28,Hot Dry Season,46.95,Low Suitability
1810,57.860339791470246,Loam,Matabeleland North,III,Dry Tropical,6.335925615784883,Cowpeas,1.2,Cool Dry Season,87.85,Highly Suitable
1811,26.729460307127745,Loam,Mashonaland West,III,Dry Tropical,7.458702613620028,Onions,15.16,Cool Dry Season,47.58,Low Suitability
1812,55.41887696949902,Sandy Loam,Midlands,III,Semi-Arid,5.68840529761657,Sugar Beans,1.69,Cool Dry Season,50.72,Moderately Suitable
1813,51.360649752157514,Red Clay,Midlands,IV,Temperate Highland,6.519861803172716,Soybeans,1.83,Rainy Season,55.73,Moderately Suitable
1814,62.46295664987656,Sandy Soil,Mashonaland Central,IIb,Temperate Highland,5.978306012586756,Sorghum,2.02,Winter,64.75,Moderately Suitable
1815,100.0,Clay Soil,Manicaland,I,Semi-Arid,6.392646532180343,Carrots,17.03,Rainy Season,80.29,Highly Suitable
1816,85.16092260582543,Loam,Harare,IIb,Subtropical Highland,6.858613933942868,Dry Beans,1.62,Dry Season,79.15,Suitable
1817,95.68178424554796,Clay Soil,Matabeleland North,III,Subtropical Highland,5.738537665426744,Cowpeas,1.33,Dry Season,95.68,Highly Suitable
1818,100.0,Red Clay,Mashonaland West,IIa,Semi-Arid,5.384481017207096,Macadamia Nuts,1.31,Cool Dry Season,54.18,Moderately Suitable
1819,67.39189348501888,Clay Soil,Mashonaland Central,IIb,Semi-Arid,6.036674234024949,Paprika,2.88,Dry Season,82.2,Highly Suitable
1820,60.60733787284033,Silty Loam,Manicaland,III,Semi-Arid,6.3337307023689124,Sugar Beans,1.23,Winter,63.55,Moderately Suitable
1821,75.7886846995755,Clay Loam,Mashonaland East,IIa,Subtropical Highland,5.604217895109617,Potatoes,18.38,Cool Dry Season,70.66,Suitable
1822,87.51042741891274,Silty Loam,Manicaland,IIa,Temperate Highland,5.934278428171996,Sweet Potatoes,9.35,Dry Season,90.9,Highly Suitable
1823,86.16985009841483,Red Clay,Mashonaland Central,IIa,Semi-Arid,6.614318436310185,Carrots,19.55,Rainy Season,87.62,Highly Suitable
1824,38.46520774190931,Clay Soil,Matabeleland North,IV,Subtropical Highland,7.788821383395483,Sunflower,1.23,Cool Dry Season,40.33,Low Suitability
1825,79.60182190223577,Silty Loam,Mashonaland West,IIa,Temperate Highland,6.002804567108291,Dry Beans,1.49,Dry Season,66.99,Suitable
1826,82.616397153106,Sandy Soil,Mashonaland East,IIb,Semi-Arid,6.254915907850246,Sweet Potatoes,9.76,Dry Season,78.37,Suitable
1827,92.53139751547154,Sandy Loam,Mashonaland West,IIa,Temperate Highland,6.629103694922382,Potatoes,17.7,Cool Dry Season,66.4,Suitable
1828,51.46835976913276,Silty Loam,Masvingo,V,Humid Subtropical,6.322438719903655,Carrots,18.94,Rainy Season,61.94,Moderately Suitable
1829,25.353319392930306,Clay Soil,Matabeleland South,V,Subtropical Highland,5.441203453061524,Tea,2.1,Dry Season,53.88,Moderately Suitable
1830,71.03524445773058,Silty Loam,Manicaland,III,Temperate Highland,5.8535905496473095,Sweet Potatoes,10.55,Rainy Season,75.55,Suitable
1831,81.78498942710179,Silty Loam,Mashonaland Central,IIa,Temperate Highland,7.213285479225734,Pearl Millet,1.85,Hot Dry Season,83.92,Highly Suitable
1832,87.5675216483961,Sandy Loam,Mashonaland Central,IIb,Dry Tropical,6.050825802693052,Carrots,16.9,Cool Dry Season,92.77,Highly Suitable
1833,61.35463083168947,Red Clay,Mashonaland West,IIb,Subtropical Highland,5.764691478602643,Paprika,2.07,Dry Season,63.66,Moderately Suitable
1834,91.30662640612509,Sandy Soil,Harare,IIb,Temperate Highland,6.728885244477563,Finger Millet,1.71,Cool Dry Season,82.33,Highly Suitable
1835,52.14270719917766,Clay Soil,Masvingo,IV,Temperate Highland,8.14301437704612,Coffee,0.76,Winter,26.7,Not Suitable
1836,61.34493134372253,Loam,Matabeleland North,III,Subtropical Highland,5.555258140396984,Tomatoes,28.52,Dry Season,46.67,Low Suitability
1837,50.3282839187793,Clay Loam,Matabeleland North,III,Semi-Arid,7.490932878124657,Cabbage,21.27,Dry Season,48.54,Low Suitability
1838,84.77156711308834,Clay Loam,Mashonaland East,IIa,Temperate Highland,5.763464988415943,Cabbage,18.82,Rainy Season,62.86,Moderately Suitable
1839,44.701771102136675,Red Clay,Masvingo,III,Subtropical Highland,7.662471724029617,Onions,19.61,Winter,39.13,Low Suitability
1840,83.22425315923192,Clay Soil,Mashonaland Central,III,Humid Subtropical,5.520461749799742,Cowpeas,1.06,Hot Dry Season,80.44,Highly Suitable
1841,61.35441185991891,Loam,Mashonaland Central,IIa,Dry Tropical,5.764340513682484,Maize,3.33,Dry Season,50.8,Moderately Suitable
1842,100.0,Loam,Manicaland,IIa,Temperate Highland,5.345167057398419,Pearl Millet,1.79,Winter,85.35,Highly Suitable
1843,64.92563765776455,Silty Loam,Manicaland,III,Humid Subtropical,5.809499776543103,Carrots,17.53,Rainy Season,69.5,Suitable
1844,100.0,Clay Loam,Harare,IIa,Dry Tropical,6.047097018772856,Sorghum,2.63,Winter,100.0,Highly Suitable
1845,85.03498074339102,Loam,Harare,IIa,Temperate Highland,6.706988610765466,Dry Beans,1.63,Dry Season,86.51,Highly Suitable
1846,74.10639178790913,Red Clay,Manicaland,I,Subtropical Highland,5.138975528593006,Watermelon,23.31,Winter,72.49,Suitable
1847,54.76775380765917,Sandy Soil,Matabeleland North,III,Humid Subtropical,6.553363109997567,Cowpeas,1.19,Rainy Season,74.99,Suitable
1848,44.90460525200835,Loam,Midlands,III,Humid Subtropical,8.4,Tea,2.4,Hot Dry Season,44.39,Low Suitability
1849,47.94293276284342,Clay Loam,Mashonaland West,III,Dry Tropical,5.758419859718225,Onions,18.71,Cool Dry Season,50.39,Moderately Suitable
1850,42.57737186256462,Sandy Soil,Matabeleland North,IV,Humid Subtropical,6.259689683624548,Sweet Potatoes,9.22,Winter,58.2,Moderately Suitable
1851,63.26255193023187,Red Clay,Mashonaland Central,IIb,Temperate Highland,5.028997554873296,Pumpkin,11.53,Winter,57.28,Moderately Suitable
1852,41.122461005322506,Clay Soil,Midlands,III,Semi-Arid,5.997064174897836,Sugar Beans,1.48,Hot Dry Season,54.85,Moderately Suitable
1853,100.0,Sandy Loam,Manicaland,I,Humid Subtropical,5.68243867504942,Sunflower,1.47,Dry Season,81.33,Highly Suitable
1854,34.717134891961194,Loam,Midlands,IV,Dry Tropical,6.567994696560493,Paprika,1.8,Rainy Season,57.43,Moderately Suitable
1855,74.93930173637942,Silty Loam,Mashonaland Central,III,Semi-Arid,6.446181681769988,Groundnuts,1.49,Dry Season,93.16,Highly Suitable
1856,70.24717924637275,Red Clay,Matabeleland North,III,Dry Tropical,7.130547743982144,Cowpeas,1.16,Rainy Season,89.87,Highly Suitable
1857,81.32150138275749,Clay Soil,Manicaland,I,Dry Tropical,4.603960648026469,Wheat,4.58,Rainy Season,42.48,Low Suitability
1858,94.35314571873063,Silty Loam,Manicaland,I,Humid Subtropical,5.074546162384075,Finger Millet,1.97,Cool Dry Season,80.14,Highly Suitable
1859,72.55685051176101,Red Clay,Mashonaland East,IIa,Dry Tropical,5.560556117455655,Macadamia Nuts,2.06,Cool Dry Season,54.79,Moderately Suitable
1860,82.27854396875559,Sandy Loam,Manicaland,I,Dry Tropical,6.2388674957002745,Onions,17.03,Rainy Season,71.92,Suitable
1861,65.02659970381436,Loam,Midlands,III,Dry Tropical,7.2625451419910645,Maize,3.55,Dry Season,56.48,Moderately Suitable
1862,77.84711723132173,Silty Loam,Mashonaland East,IIa,Humid Subtropical,6.127227318233585,Macadamia Nuts,1.74,Rainy Season,64.55,Moderately Suitable
1863,79.26117759878926,Red Clay,Harare,IIa,Humid Subtropical,6.771647452202605,Sweet Potatoes,10.85,Cool Dry Season,69.47,Suitable
1864,40.795230919602574,Silty Loam,Matabeleland South,IV,Subtropical Highland,5.514231082865569,Soybeans,1.76,Rainy Season,43.9,Low Suitability
1865,10.0,Clay Soil,Matabeleland South,V,Subtropical Highland,5.910824598518563,Paprika,2.12,Hot Dry Season,53.95,Moderately Suitable
1866,36.84657438464503,Sandy Loam,Masvingo,IV,Humid Subtropical,6.992931029384437,Tobacco,1.52,Hot Dry Season,38.96,Low Suitability
1867,86.0248230486003,Sandy Loam,Mashonaland East,IIb,Dry Tropical,5.226920726420427,Tea,2.16,Rainy Season,54.72,Moderately Suitable
1868,92.44391130825213,Red Clay,Mashonaland East,IIa,Humid Subtropical,6.6438929897974655,Macadamia Nuts,1.49,Rainy Season,62.88,Moderately Suitable
1869,47.24683876275621,Clay Loam,Matabeleland North,IV,Subtropical Highland,5.704663864544363,Potatoes,17.06,Hot Dry Season,45.43,Low Suitability
1870,89.18503750898088,Sandy Soil,Manicaland,I,Semi-Arid,5.885770762686702,Groundnuts,1.56,Hot Dry Season,83.45,Highly Suitable
1871,62.67454167303258,Loam,Masvingo,III,Dry Tropical,6.0893852075058446,Potatoes,14.61,Rainy Season,57.05,Moderately Suitable
1872,80.87428760798679,Loam,Harare,IIb,Semi-Arid,5.633216405613974,Cabbage,23.67,Hot Dry Season,60.53,Moderately Suitable
1873,44.50436383719325,Red Clay,Matabeleland South,V,Humid Subtropical,5.317050079689292,Pumpkin,7.32,Dry Season,47.98,Low Suitability
1874,80.40039398276433,Red Clay,Mashonaland East,IIa,Dry Tropical,5.518442507985333,Pearl Millet,1.77,Hot Dry Season,77.91,Suitable
1875,78.76336639917893,Sandy Loam,Mashonaland West,IIb,Subtropical Highland,5.158622398958472,Pearl Millet,1.78,Rainy Season,79.87,Suitable
1876,69.69270266029287,Clay Soil,Matabeleland North,IV,Semi-Arid,6.308727027730871,Pumpkin,12.56,Winter,83.65,Highly Suitable
1877,62.363943580059356,Sandy Loam,Manicaland,III,Dry Tropical,6.609707927422982,Tea,2.06,Rainy Season,40.28,Low Suitability
1878,45.20552274841628,Sandy Loam,Matabeleland South,V,Humid Subtropical,6.708122259443497,Sugar Beans,1.51,Dry Season,55.73,Moderately Suitable
1879,77.7162963790307,Clay Loam,Manicaland,I,Humid Subtropical,6.555938189704641,Paprika,2.3,Hot Dry Season,77.87,Suitable
1880,85.86524087567086,Clay Loam,Mashonaland West,IIa,Dry Tropical,5.58486377048087,Macadamia Nuts,1.6,Cool Dry Season,56.39,Moderately Suitable
1881,100.0,Loam,Mashonaland Central,IIb,Temperate Highland,5.321529391257476,Cowpeas,1.31,Rainy Season,81.06,Highly Suitable
1882,79.59753945888492,Clay Loam,Mashonaland East,IIa,Temperate Highland,6.690064633339514,Cotton,1.88,Rainy Season,92.41,Highly Suitable
1883,74.67264994014856,Silty Loam,Mashonaland Central,IIb,Subtropical Highland,7.895880146456092,Tea,2.4,Hot Dry Season,45.24,Low Suitability
1884,67.81545045547008,Sandy Loam,Mashonaland Central,IIb,Subtropical Highland,7.319528455456981,Groundnuts,1.36,Rainy Season,66.65,Suitable
1885,80.74066752725203,Red Clay,Manicaland,I,Semi-Arid,5.979188809581261,Dry Beans,1.28,Dry Season,66.15,Suitable
1886,36.818896458885035,Clay Loam,Matabeleland South,V,Temperate Highland,5.548539094359838,Onions,16.23,Cool Dry Season,45.58,Low Suitability
1887,89.318310338997,Silty Loam,Masvingo,III,Humid Subtropical,6.152514672423058,Macadamia Nuts,1.94,Hot Dry Season,57.49,Moderately Suitable
1888,81.6500531098612,Clay Soil,Midlands,III,Subtropical Highland,5.756930182515527,Groundnuts,1.37,Cool Dry Season,92.33,Highly Suitable
1889,79.52905724347323,Red Clay,Midlands,IV,Semi-Arid,5.998144663071487,Soybeans,2.36,Hot Dry Season,58.36,Moderately Suitable
1890,63.709249568640004,Sandy Loam,Harare,IIa,Humid Subtropical,5.603368867092944,Maize,2.75,Cool Dry Season,49.56,Low Suitability
1891,63.59130403166084,Clay Soil,Matabeleland South,IV,Semi-Arid,6.473037678123332,Groundnuts,1.56,Rainy Season,83.34,Highly Suitable
1892,84.47903963088747,Sandy Loam,Harare,IIa,Temperate Highland,6.331263804012203,Tomatoes,26.2,Dry Season,61.31,Moderately Suitable
1893,52.41349596078851,Silty Loam,Matabeleland South,IV,Humid Subtropical,5.517827842814212,Watermelon,22.6,Winter,46.37,Low Suitability
1894,57.927028042270734,Sandy Loam,Mashonaland Central,IIb,Subtropical Highland,6.615419419069222,Sorghum,2.39,Winter,83.52,Highly Suitable
1895,38.80514581691166,Sandy Soil,Matabeleland South,V,Dry Tropical,6.509994967614123,Soybeans,1.7,Dry Season,38.17,Low Suitability
1896,90.06704847834509,Loam,Mashonaland Central,IIa,Humid Subtropical,5.926254734960967,Pearl Millet,1.77,Winter,83.67,Highly Suitable
1897,66.11619844912214,Clay Loam,Mashonaland Central,III,Humid Subtropical,7.021181273438624,Dry Beans,1.13,Cool Dry Season,61.62,Moderately Suitable
1898,33.562132472321935,Clay Loam,Masvingo,IV,Humid Subtropical,7.543097066458284,Cowpeas,0.99,Hot Dry Season,50.35,Moderately Suitable
1899,100.0,Clay Loam,Mashonaland East,IIb,Temperate Highland,5.740096295075502,Soybeans,2.08,Dry Season,78.87,Suitable
1900,42.46174129221737,Clay Loam,Masvingo,V,Temperate Highland,6.696557852521867,Cabbage,21.62,Rainy Season,65.89,Suitable
1901,57.443033794539225,Red Clay,Matabeleland North,IV,Subtropical Highland,6.035629820166688,Soybeans,1.91,Dry Season,52.08,Moderately Suitable
1902,30.664588016742325,Loam,Matabeleland South,V,Temperate Highland,7.37955196234568,Cotton,1.65,Rainy Season,59.67,Moderately Suitable
1903,36.871489331061476,Loam,Matabeleland North,IV,Subtropical Highland,6.285394713612893,Macadamia Nuts,1.7,Hot Dry Season,58.34,Moderately Suitable
1904,22.776592701728873,Silty Loam,Masvingo,V,Dry Tropical,7.195790294885698,Tea,1.81,Dry Season,31.7,Not Suitable
1905,96.7257568372869,Silty Loam,Mashonaland Central,IIa,Semi-Arid,5.246639919232581,Sunflower,1.58,Dry Season,84.7,Highly Suitable
1906,56.33326483439991,Sandy Loam,Mashonaland East,IIb,Humid Subtropical,5.62791749828766,Onions,14.86,Winter,47.22,Low Suitability
1907,27.508484105389414,Silty Loam,Matabeleland South,V,Humid Subtropical,6.103330318817926,Paprika,2.53,Cool Dry Season,59.1,Moderately Suitable
1908,74.0803070417768,Clay Soil,Matabeleland North,III,Temperate Highland,5.859476588356231,Cotton,1.72,Cool Dry Season,71.16,Suitable
1909,79.64566908698195,Sandy Soil,Manicaland,IIa,Humid Subtropical,6.126904365523797,Maize,2.85,Hot Dry Season,53.42,Moderately Suitable
1910,48.95970259697965,Sandy Loam,Masvingo,V,Humid Subtropical,5.727224264939633,Sugar Beans,1.44,Dry Season,38.03,Low Suitability
1911,90.0110494816039,Sandy Loam,Mashonaland Central,IIa,Temperate Highland,6.836300792152847,Pearl Millet,1.95,Rainy Season,94.3,Highly Suitable
1912,85.30779007988679,Sandy Soil,Masvingo,III,Humid Subtropical,5.148076382136333,Dry Beans,1.13,Winter,58.71,Moderately Suitable
1913,92.87520135589308,Loam,Mashonaland East,IIb,Subtropical Highland,6.370175761972098,Sugar Beans,1.57,Hot Dry Season,86.39,Highly Suitable
1914,69.15152771618514,Loam,Harare,IIb,Humid Subtropical,6.556092364013279,Wheat,3.8,Rainy Season,74.59,Suitable
1915,56.88283903124508,Red Clay,Masvingo,IV,Temperate Highland,5.35105666201571,Tobacco,1.56,Winter,45.58,Low Suitability
1916,59.87463109910651,Sandy Soil,Mashonaland East,IIb,Temperate Highland,6.611767500798396,Cabbage,22.37,Winter,58.6,Moderately Suitable
1917,98.00057234479547,Clay Soil,Masvingo,III,Semi-Arid,7.080925340560357,Sweet Potatoes,9.06,Hot Dry Season,77.02,Suitable
1918,24.930236399405597,Clay Soil,Matabeleland South,V,Humid Subtropical,5.126219237842155,Macadamia Nuts,1.73,Rainy Season,42.89,Low Suitability
1919,62.5678648175143,Red Clay,Matabeleland South,IV,Temperate Highland,6.477181355294185,Onions,14.01,Dry Season,64.84,Moderately Suitable
1920,92.03439420370314,Red Clay,Mashonaland East,IIb,Humid Subtropical,7.610397294550805,Macadamia Nuts,1.53,Rainy Season,44.08,Low Suitability
1921,100.0,Sandy Soil,Mashonaland East,IIb,Temperate Highland,5.645447059974115,Tomatoes,30.82,Hot Dry Season,75.59,Suitable
1922,47.07172149728442,Red Clay,Matabeleland South,IV,Semi-Arid,6.828487032914224,Wheat,4.23,Cool Dry Season,57.32,Moderately Suitable
1923,52.28884062830596,Sandy Loam,Matabeleland North,IV,Humid Subtropical,4.7929618467216315,Sugar Beans,1.28,Rainy Season,39.69,Low Suitability
1924,100.0,Loam,Mashonaland East,IIb,Semi-Arid,6.365088759633026,Tobacco,1.97,Rainy Season,87.14,Highly Suitable
1925,60.63719831015716,Sandy Soil,Masvingo,III,Semi-Arid,5.4102715631633975,Macadamia Nuts,1.87,Hot Dry Season,44.27,Low Suitability
1926,23.403635006643093,Red Clay,Matabeleland South,IV,Subtropical Highland,5.304784579303151,Sweet Potatoes,8.61,Cool Dry Season,36.93,Low Suitability
1927,82.97341894517977,Loam,Harare,IIb,Temperate Highland,5.086009213995158,Soybeans,1.82,Hot Dry Season,44.8,Low Suitability
1928,37.07328715561073,Red Clay,Manicaland,III,Subtropical Highland,6.91450668879521,Potatoes,12.27,Winter,36.54,Low Suitability
1929,61.894966429476035,Loam,Midlands,III,Subtropical Highland,5.293443721429507,Tomatoes,24.25,Cool Dry Season,45.78,Low Suitability
1930,67.26206485753244,Loam,Mashonaland West,III,Temperate Highland,5.427081947057639,Cotton,1.77,Rainy Season,63.96,Moderately Suitable
1931,74.05096563356463,Clay Soil,Harare,IIa,Humid Subtropical,7.306292035423208,Sweet Potatoes,10.02,Rainy Season,74.51,Suitable
1932,63.836812111452495,Sandy Loam,Matabeleland South,IV,Humid Subtropical,5.705974875368198,Potatoes,17.28,Rainy Season,72.62,Suitable
1933,80.14493856108373,Silty Loam,Masvingo,III,Subtropical Highland,6.610958025043473,Maize,4.23,Rainy Season,64.14,Moderately Suitable
1934,56.71991827993304,Red Clay,Masvingo,IV,Semi-Arid,5.926802552920534,Groundnuts,1.39,Dry Season,68.58,Suitable
1935,52.14430065916258,Clay Loam,Mashonaland Central,IIb,Dry Tropical,5.4552209726414596,Cotton,1.18,Cool Dry Season,42.16,Low Suitability
1936,14.893276812887876,Clay Loam,Masvingo,V,Humid Subtropical,5.708113183371079,Watermelon,21.15,Winter,50.33,Moderately Suitable
1937,40.920759283033604,Silty Loam,Mashonaland West,III,Dry Tropical,5.632516325700338,Wheat,3.43,Cool Dry Season,47.21,Low Suitability
1938,25.653555193527122,Clay Soil,Matabeleland South,V,Temperate Highland,6.197895610631169,Sugar Beans,1.52,Hot Dry Season,44.34,Low Suitability
1939,59.444562388967505,Clay Soil,Midlands,III,Temperate Highland,5.973186635115784,Cabbage,23.5,Hot Dry Season,56.65,Moderately Suitable
1940,76.67623372053654,Red Clay,Mashonaland Central,III,Subtropical Highland,6.50614285206513,Paprika,2.43,Cool Dry Season,73.35,Suitable
1941,100.0,Loam,Harare,IIa,Subtropical Highland,6.510416742210724,Dry Beans,1.72,Hot Dry Season,95.47,Highly Suitable
1942,70.62289714699594,Red Clay,Midlands,III,Temperate Highland,6.392032819548693,Tea,2.55,Dry Season,37.97,Low Suitability
1943,65.75455078819658,Silty Loam,Mashonaland East,IIa,Subtropical Highland,6.05876169231012,Sweet Potatoes,10.11,Rainy Season,75.71,Suitable
1944,79.17174205818442,Silty Loam,Matabeleland North,III,Semi-Arid,7.389541649072301,Pearl Millet,1.8,Hot Dry Season,87.77,Highly Suitable
1945,82.71618730882226,Red Clay,Harare,IIa,Dry Tropical,5.104224262107559,Tomatoes,24.42,Dry Season,52.0,Moderately Suitable
1946,53.965988822876284,Sandy Loam,Midlands,III,Subtropical Highland,5.9475813386529826,Tomatoes,22.62,Hot Dry Season,46.75,Low Suitability
1947,54.16579494220289,Clay Loam,Midlands,IV,Subtropical Highland,5.407357250687563,Dry Beans,1.46,Rainy Season,56.96,Moderately Suitable
1948,47.9660810619718,Clay Soil,Midlands,IV,Subtropical Highland,6.468560033359484,Coffee,1.06,Hot Dry Season,44.58,Low Suitability
1949,71.85337302821505,Silty Loam,Masvingo,III,Subtropical Highland,5.91975854120995,Maize,3.7,Winter,56.66,Moderately Suitable
1950,34.12735701591514,Loam,Masvingo,V,Dry Tropical,6.096416984927643,Cotton,1.49,Hot Dry Season,62.45,Moderately Suitable
1951,77.43206291735024,Silty Loam,Harare,IIa,Subtropical Highland,5.847473313705259,Pumpkin,11.77,Hot Dry Season,81.11,Highly Suitable
1952,37.523749819351764,Clay Soil,Masvingo,III,Humid Subtropical,6.840603337983034,Tea,1.99,Hot Dry Season,40.59,Low Suitability
1953,79.06916792252827,Red Clay,Harare,IIa,Subtropical Highland,4.426338642926659,Groundnuts,1.63,Dry Season,66.29,Suitable
1954,77.62462289988318,Sandy Soil,Matabeleland North,III,Humid Subtropical,6.135787670814147,Maize,3.47,Winter,67.02,Suitable
1955,59.482276524480255,Sandy Soil,Mashonaland Central,III,Temperate Highland,6.963573985609524,Cotton,1.68,Cool Dry Season,62.98,Moderately Suitable
1956,77.169169705665,Loam,Mashonaland Central,IIb,Semi-Arid,6.470668897294307,Sunflower,1.51,Winter,88.46,Highly Suitable
1957,96.85431947496667,Silty Loam,Harare,IIa,Humid Subtropical,5.473648307021224,Soybeans,2.0,Dry Season,75.65,Suitable
1958,46.9186639897674,Sandy Soil,Matabeleland North,IV,Semi-Arid,5.769999611774624,Maize,3.44,Winter,42.99,Low Suitability
1959,35.919317094342496,Red Clay,Matabeleland South,V,Dry Tropical,6.231068757538957,Dry Beans,1.56,Cool Dry Season,51.5,Moderately Suitable
1960,31.3588141375456,Sandy Soil,Masvingo,IV,Dry Tropical,5.849730578690179,Cowpeas,0.96,Dry Season,52.07,Moderately Suitable
1961,72.96436985964637,Loam,Manicaland,III,Semi-Arid,7.22704587265851,Tea,1.96,Cool Dry Season,27.26,Not Suitable
1962,65.63769432632594,Clay Loam,Mashonaland Central,III,Temperate Highland,5.758425629017121,Sunflower,1.39,Winter,73.87,Suitable
1963,54.793290854189294,Silty Loam,Manicaland,III,Semi-Arid,7.689666175447429,Tomatoes,24.54,Cool Dry Season,39.2,Low Suitability
1964,100.0,Loam,Harare,IIa,Humid Subtropical,5.62830074355209,Potatoes,18.96,Hot Dry Season,87.07,Highly Suitable
1965,62.16429039428192,Silty Loam,Masvingo,IV,Semi-Arid,6.916019379542216,Sweet Potatoes,9.59,Cool Dry Season,72.27,Suitable
1966,26.87472913261589,Loam,Masvingo,V,Semi-Arid,5.3742058015653384,Cowpeas,0.89,Hot Dry Season,55.39,Moderately Suitable
1967,57.092896262744624,Red Clay,Midlands,III,Temperate Highland,6.539309088535991,Tea,2.22,Cool Dry Season,36.48,Low Suitability
1968,28.98736847360682,Clay Soil,Masvingo,V,Temperate Highland,6.185033266600886,Sunflower,1.26,Dry Season,52.16,Moderately Suitable
1969,44.04303809635816,Red Clay,Matabeleland South,IV,Subtropical Highland,7.646406990475123,Tomatoes,28.03,Cool Dry Season,44.9,Low Suitability
1970,97.39711858865209,Silty Loam,Manicaland,I,Temperate Highland,6.069498626685831,Sorghum,2.11,Winter,86.42,Highly Suitable
1971,12.329188429853197,Sandy Loam,Masvingo,V,Semi-Arid,6.459859575226423,Cotton,1.56,Winter,58.91,Moderately Suitable
1972,64.7050101107965,Clay Soil,Mashonaland Central,III,Subtropical Highland,5.420116924710705,Finger Millet,1.49,Winter,59.93,Moderately Suitable
1973,89.10532028683511,Clay Loam,Manicaland,III,Humid Subtropical,6.270146962957407,Groundnuts,1.62,Cool Dry Season,97.73,Highly Suitable
1974,36.36167153934541,Sandy Loam,Masvingo,IV,Subtropical Highland,7.237078183563327,Tobacco,1.43,Cool Dry Season,41.27,Low Suitability
1975,78.33473027025217,Silty Loam,Mashonaland East,IIa,Semi-Arid,5.666014431361488,Paprika,2.3,Winter,71.89,Suitable
1976,90.96277832051085,Silty Loam,Mashonaland East,IIa,Dry Tropical,6.065681779349474,Sweet Potatoes,10.34,Winter,89.69,Highly Suitable
1977,64.2380444200343,Silty Loam,Matabeleland North,III,Dry Tropical,5.863608955357091,Pearl Millet,1.7,Hot Dry Season,75.88,Suitable
1978,77.27020410967422,Silty Loam,Harare,IIb,Humid Subtropical,6.41580160382324,Sugar Beans,1.28,Hot Dry Season,72.56,Suitable
1979,43.505691508508754,Clay Soil,Midlands,IV,Dry Tropical,7.778474448959731,Tomatoes,24.35,Winter,31.87,Not Suitable
1980,40.72641817988052,Silty Loam,Matabeleland North,IV,Semi-Arid,6.426772982188989,Carrots,14.93,Winter,63.84,Moderately Suitable
1981,58.84330205593558,Clay Loam,Masvingo,IV,Dry Tropical,5.5652331013739005,Cotton,1.6,Dry Season,54.91,Moderately Suitable
1982,71.66293031718767,Sandy Soil,Mashonaland Central,IIa,Subtropical Highland,7.597420123919182,Macadamia Nuts,1.78,Dry Season,33.38,Not Suitable
1983,37.04009569399663,Loam,Mashonaland West,III,Semi-Arid,7.138928908876969,Sweet Potatoes,8.6,Cool Dry Season,47.35,Low Suitability
1984,54.621869020938675,Silty Loam,Matabeleland South,V,Humid Subtropical,5.734044489670587,Cowpeas,1.18,Hot Dry Season,78.06,Suitable
1985,100.0,Loam,Harare,IIa,Dry Tropical,6.486067487781536,Potatoes,19.34,Cool Dry Season,71.88,Suitable
1986,100.0,Clay Loam,Mashonaland West,IIa,Humid Subtropical,7.101472490865407,Carrots,16.9,Rainy Season,61.28,Moderately Suitable
1987,68.38723934255886,Loam,Matabeleland North,III,Subtropical Highland,6.708355562995386,Tomatoes,31.33,Hot Dry Season,61.16,Moderately Suitable
1988,80.04465699741633,Red Clay,Matabeleland North,III,Semi-Arid,6.9662658402016175,Cowpeas,1.31,Winter,84.7,Highly Suitable
1989,69.86707885869798,Clay Soil,Mashonaland Central,IIb,Temperate Highland,7.948033017087699,Cotton,1.64,Winter,49.32,Low Suitability
1990,84.68065895386742,Red Clay,Manicaland,I,Semi-Arid,6.000128965835312,Potatoes,15.58,Rainy Season,61.59,Moderately Suitable
1991,90.08591412428751,Sandy Soil,Mashonaland East,IIa,Subtropical Highland,5.452770206543025,Groundnuts,1.45,Hot Dry Season,70.94,Suitable
1992,100.0,Red Clay,Mashonaland West,IIa,Humid Subtropical,6.947800915198448,Groundnuts,2.0,Winter,93.51,Highly Suitable
1993,56.555021588444184,Red Clay,Matabeleland North,IV,Humid Subtropical,6.143086243245708,Cowpeas,1.14,Dry Season,82.65,Highly Suitable
1994,75.96566047278195,Sandy Soil,Manicaland,III,Temperate Highland,5.834944477500628,Dry Beans,1.43,Winter,61.09,Moderately Suitable
1995,35.22727116594867,Sandy Soil,Matabeleland South,IV,Subtropical Highland,6.428471775513757,Cowpeas,0.96,Winter,59.22,Moderately Suitable
1996,69.33490874550549,Silty Loam,Midlands,IV,Temperate Highland,4.4134008709994585,Dry Beans,1.16,Winter,52.46,Moderately Suitable
1997,39.46849724495608,Sandy Soil,Matabeleland South,IV,Dry Tropical,6.03958947666344,Tea,2.08,Hot Dry Season,48.21,Low Suitability
1998,28.865996115333562,Sandy Soil,Masvingo,IV,Temperate Highland,5.985118208466357,Potatoes,18.06,Dry Season,49.83,Low Suitability
1999,51.83539075806779,Sandy Soil,Matabeleland North,III,Dry Tropical,6.9005377205841265,Wheat,3.72,Winter,51.55,Moderately Suitable
2000,74.63994692353036,Sandy Soil,Mashonaland East,IIa,Temperate Highland,5.3528576806760295,Sorghum,2.2,Hot Dry Season,78.1,Suitable
2001,56.46645343183502,Red Clay,Matabeleland North,IV,Subtropical Highland,5.199423268639929,Sugar Beans,1.51,Hot Dry Season,47.04,Low Suitability
2002,17.707391301565053,Red Clay,Matabeleland South,V,Temperate Highland,6.117560511942679,Tomatoes,26.35,Winter,55.45,Moderately Suitable
2003,68.67613667574898,Clay Loam,Mashonaland Central,III,Temperate Highland,5.911832862464766,Wheat,4.15,Dry Season,63.91,Moderately Suitable
2004,41.97517863164143,Loam,Matabeleland South,IV,Semi-Arid,7.203634677534739,Finger Millet,1.57,Winter,52.62,Moderately Suitable
2005,61.065443386872545,Silty Loam,Matabeleland North,III,Subtropical Highland,5.127722159347091,Pearl Millet,1.89,Winter,73.05,Suitable
2006,44.109489012084644,Loam,Masvingo,V,Temperate Highland,5.9740833547052645,Soybeans,2.07,Winter,56.94,Moderately Suitable
2007,64.25581927649384,Red Clay,Matabeleland North,III,Dry Tropical,6.082248265420937,Potatoes,15.88,Cool Dry Season,50.5,Moderately Suitable
2008,10.0,Sandy Loam,Matabeleland South,V,Dry Tropical,5.198035774342161,Coffee,1.0,Dry Season,47.18,Low Suitability
2009,100.0,Silty Loam,Manicaland,IIa,Humid Subtropical,6.279395114878356,Wheat,5.06,Dry Season,94.1,Highly Suitable
2010,57.12106933137641,Sandy Soil,Masvingo,III,Dry Tropical,5.49288071128812,Pumpkin,11.78,Cool Dry Season,62.83,Moderately Suitable
2011,69.70194029940517,Clay Soil,Midlands,III,Temperate Highland,7.257813476462253,Dry Beans,1.4,Hot Dry Season,58.07,Moderately Suitable
2012,34.60405652412152,Silty Loam,Midlands,IV,Semi-Arid,6.570580117795433,Coffee,1.13,Winter,47.62,Low Suitability
2013,61.60001034048408,Clay Soil,Matabeleland South,IV,Dry Tropical,7.2414097262428285,Macadamia Nuts,1.62,Cool Dry Season,43.31,Low Suitability
2014,70.34934875907561,Sandy Soil,Harare,IIa,Subtropical Highland,5.225516265503693,Dry Beans,1.25,Rainy Season,53.8,Moderately Suitable
2015,79.94165696008281,Red Clay,Mashonaland West,IIb,Semi-Arid,6.128285812462556,Pearl Millet,2.22,Cool Dry Season,95.87,Highly Suitable
2016,78.12093800316615,Red Clay,Mashonaland Central,IIb,Dry Tropical,6.019906059663876,Sugar Beans,1.37,Hot Dry Season,63.21,Moderately Suitable
2017,88.73248985807044,Red Clay,Masvingo,III,Temperate Highland,6.705753555384854,Sorghum,2.17,Cool Dry Season,91.19,Highly Suitable
2018,44.70821136688652,Red Clay,Mashonaland Central,IIb,Semi-Arid,5.443526163069372,Coffee,1.12,Rainy Season,60.87,Moderately Suitable
2019,81.66727031401152,Clay Soil,Mashonaland Central,IIb,Dry Tropical,7.158119197360612,Coffee,0.71,Winter,29.98,Not Suitable
2020,66.56196876768364,Red Clay,Mashonaland East,IIa,Temperate Highland,7.975721884387903,Watermelon,20.96,Rainy Season,53.19,Moderately Suitable
2021,73.26995207799901,Clay Loam,Masvingo,III,Semi-Arid,7.167898583914702,Dry Beans,1.2,Cool Dry Season,62.13,Moderately Suitable
2022,68.58461756778752,Sandy Soil,Midlands,III,Humid Subtropical,6.115575165242239,Sweet Potatoes,9.25,Dry Season,73.36,Suitable
2023,77.91456077637231,Red Clay,Harare,IIb,Subtropical Highland,6.3918960242675515,Tobacco,1.95,Rainy Season,62.52,Moderately Suitable
2024,32.246866988490034,Sandy Loam,Matabeleland South,V,Semi-Arid,5.472457521144219,Potatoes,15.93,Winter,52.83,Moderately Suitable
2025,58.862869826624106,Clay Soil,Mashonaland Central,III,Semi-Arid,6.20130781254335,Sunflower,1.57,Dry Season,70.14,Suitable
2026,23.234075376787402,Clay Soil,Matabeleland South,V,Temperate Highland,8.059552589116118,Paprika,1.75,Dry Season,40.25,Low Suitability
2027,45.56312738150281,Clay Soil,Masvingo,III,Humid Subtropical,5.420702043800828,Soybeans,1.43,Winter,43.72,Low Suitability
2028,55.95485493513764,Clay Loam,Matabeleland North,III,Subtropical Highland,5.8289508895081,Macadamia Nuts,1.8,Hot Dry Season,50.02,Moderately Suitable
2029,28.663842039095186,Loam,Matabeleland South,V,Dry Tropical,5.671510017774248,Onions,16.39,Cool Dry Season,33.16,Not Suitable
2030,65.16591222249582,Sandy Loam,Midlands,III,Semi-Arid,6.560353820394327,Watermelon,27.82,Hot Dry Season,74.77,Suitable
2031,78.63260961908402,Red Clay,Mashonaland East,IIb,Dry Tropical,6.23389456589199,Pearl Millet,1.71,Dry Season,97.59,Highly Suitable
2032,80.20231119020589,Clay Loam,Mashonaland Central,IIa,Temperate Highland,4.920380175969373,Maize,3.93,Hot Dry Season,31.21,Not Suitable
2033,37.68023620205645,Sandy Loam,Matabeleland South,IV,Humid Subtropical,5.9515990419528,Sugar Beans,1.11,Winter,45.63,Low Suitability
2034,46.61092492035632,Clay Loam,Masvingo,IV,Semi-Arid,6.965965822953095,Cabbage,22.45,Rainy Season,48.63,Low Suitability
2035,51.729297966859626,Red Clay,Matabeleland North,IV,Semi-Arid,5.887534725106915,Cotton,1.93,Rainy Season,58.54,Moderately Suitable
2036,78.05406880415504,Sandy Loam,Harare,IIb,Temperate Highland,6.547293470316908,Pearl Millet,1.45,Hot Dry Season,82.9,Highly Suitable
2037,17.65266949960151,Clay Soil,Matabeleland South,V,Subtropical Highland,6.492855982484161,Tomatoes,26.48,Hot Dry Season,52.09,Moderately Suitable
2038,55.176468846756684,Silty Loam,Matabeleland North,IV,Semi-Arid,5.9496868540714125,Dry Beans,1.5,Dry Season,50.42,Moderately Suitable
2039,50.65866502233452,Clay Soil,Masvingo,IV,Temperate Highland,6.501649186997399,Watermelon,22.07,Hot Dry Season,60.62,Moderately Suitable
2040,57.43561025021175,Loam,Matabeleland South,IV,Temperate Highland,6.433034901307184,Tomatoes,27.73,Winter,57.35,Moderately Suitable
2041,85.63118206700683,Silty Loam,Mashonaland Central,IIb,Semi-Arid,5.819547320893225,Tobacco,1.83,Cool Dry Season,70.84,Suitable
2042,50.189803036113794,Silty Loam,Midlands,IV,Dry Tropical,5.500456269733228,Sorghum,1.89,Dry Season,67.37,Suitable
2043,32.455181081237754,Clay Loam,Masvingo,III,Temperate Highland,6.081671927176768,Watermelon,20.74,Hot Dry Season,53.37,Moderately Suitable
2044,65.31891290118648,Red Clay,Mashonaland West,IIb,Humid Subtropical,6.411685341325363,Pearl Millet,1.53,Dry Season,71.02,Suitable
2045,82.17671206936667,Red Clay,Manicaland,IIa,Humid Subtropical,6.119372866001849,Tea,2.12,Hot Dry Season,49.17,Low Suitability
2046,35.752134900363885,Red Clay,Masvingo,V,Humid Subtropical,6.095914885574401,Groundnuts,1.44,Winter,54.65,Moderately Suitable
2047,64.38709723823933,Clay Loam,Mashonaland East,IIb,Dry Tropical,7.275337965879334,Sunflower,1.34,Rainy Season,70.31,Suitable
2048,43.673847217111735,Red Clay,Matabeleland North,IV,Semi-Arid,6.100315876900192,Wheat,4.13,Hot Dry Season,53.96,Moderately Suitable
2049,89.4614326496451,Clay Loam,Mashonaland Central,IIa,Dry Tropical,5.6941662654596765,Pearl Millet,2.0,Cool Dry Season,95.45,Highly Suitable
2050,27.685892656035925,Red Clay,Matabeleland South,V,Temperate Highland,7.142118120298833,Sweet Potatoes,8.55,Hot Dry Season,50.34,Moderately Suitable
2051,90.23404283179816,Sandy Soil,Mashonaland Central,IIa,Dry Tropical,6.6456406655692115,Macadamia Nuts,1.54,Cool Dry Season,49.75,Low Suitability
2052,45.84969255573651,Loam,Midlands,III,Dry Tropical,6.706963970711781,Maize,2.97,Winter,56.36,Moderately Suitable
2053,70.93500816758043,Loam,Mashonaland West,IIa,Semi-Arid,5.184504323004191,Onions,14.18,Cool Dry Season,53.05,Moderately Suitable
2054,88.28532907531208,Clay Soil,Manicaland,IIa,Subtropical Highland,7.398927963358555,Maize,3.74,Rainy Season,49.48,Low Suitability
2055,100.0,Sandy Loam,Harare,IIa,Humid Subtropical,5.907674127892134,Soybeans,2.36,Cool Dry Season,78.45,Suitable
2056,95.23581216377576,Silty Loam,Harare,IIa,Subtropical Highland,5.882398921836149,Paprika,2.61,Dry Season,85.08,Highly Suitable
2057,69.64841663960351,Loam,Mashonaland East,IIb,Subtropical Highland,5.831338489310049,Cotton,1.68,Hot Dry Season,76.14,Suitable
2058,64.55977212523977,Clay Loam,Mashonaland East,IIb,Humid Subtropical,6.52041155034379,Pearl Millet,1.5,Hot Dry Season,90.75,Highly Suitable
2059,63.40845500993532,Red Clay,Harare,IIb,Subtropical Highland,6.371038622768932,Tea,2.3,Cool Dry Season,33.79,Not Suitable
2060,76.54137288763263,Silty Loam,Mashonaland East,IIb,Dry Tropical,7.150409454933024,Dry Beans,1.4,Winter,64.68,Moderately Suitable
2061,46.03676224800148,Clay Loam,Mashonaland West,III,Subtropical Highland,6.637574562078406,Sunflower,1.62,Dry Season,64.48,Moderately Suitable
2062,87.28351294657212,Red Clay,Masvingo,IV,Subtropical Highland,6.595192263903128,Tobacco,1.89,Hot Dry Season,67.06,Suitable
2063,73.55851471607883,Sandy Soil,Mashonaland Central,III,Dry Tropical,5.6273017567790475,Onions,15.49,Dry Season,44.05,Low Suitability
2064,34.53582680627083,Silty Loam,Matabeleland North,IV,Semi-Arid,6.156048227292437,Coffee,0.88,Cool Dry Season,51.82,Moderately Suitable
2065,39.63815302595417,Silty Loam,Matabeleland North,IV,Subtropical Highland,5.803347171822388,Dry Beans,1.22,Rainy Season,44.78,Low Suitability
2066,88.29963344086492,Clay Soil,Harare,IIb,Dry Tropical,4.855416995788668,Groundnuts,1.2,Rainy Season,62.82,Moderately Suitable
2067,32.132720725315814,Loam,Masvingo,V,Subtropical Highland,6.042883004028292,Macadamia Nuts,1.8,Dry Season,53.67,Moderately Suitable
2068,76.35750716276071,Clay Loam,Mashonaland Central,IIb,Dry Tropical,7.198236083035764,Cotton,2.17,Cool Dry Season,72.23,Suitable
2069,78.53436250511933,Sandy Loam,Manicaland,IIa,Subtropical Highland,6.814272567544291,Onions,18.34,Cool Dry Season,84.54,Highly Suitable
2070,68.11069124604396,Clay Loam,Matabeleland North,IV,Temperate Highland,6.727001138708809,Macadamia Nuts,1.81,Hot Dry Season,48.1,Low Suitability
2071,79.49975152460186,Clay Soil,Masvingo,III,Humid Subtropical,6.349827000991845,Paprika,2.72,Hot Dry Season,88.04,Highly Suitable
2072,79.16773781286727,Silty Loam,Mashonaland East,IIa,Subtropical Highland,7.348467633437445,Paprika,2.39,Hot Dry Season,69.0,Suitable
2073,49.01094314615001,Clay Soil,Midlands,IV,Semi-Arid,6.808998884588881,Wheat,3.34,Cool Dry Season,49.81,Low Suitability
2074,74.87131250647673,Sandy Soil,Matabeleland North,III,Dry Tropical,7.8349169812114745,Dry Beans,1.2,Hot Dry Season,56.24,Moderately Suitable
2075,59.637494792001114,Clay Loam,Mashonaland Central,IIb,Dry Tropical,5.985415113600096,Carrots,16.59,Cool Dry Season,69.59,Suitable
2076,69.22708978953949,Silty Loam,Masvingo,III,Temperate Highland,5.581948122800085,Pearl Millet,2.18,Hot Dry Season,85.2,Highly Suitable
2077,10.0,Sandy Soil,Masvingo,V,Subtropical Highland,6.045491040967376,Tobacco,1.53,Hot Dry Season,46.99,Low Suitability
2078,99.9154514956377,Silty Loam,Mashonaland East,IIa,Temperate Highland,5.567569756559337,Wheat,4.29,Cool Dry Season,79.29,Suitable
2079,38.749399555419586,Sandy Soil,Masvingo,V,Dry Tropical,6.646447633581298,Finger Millet,1.25,Winter,44.55,Low Suitability
2080,51.08460487200881,Sandy Loam,Masvingo,V,Humid Subtropical,6.155132989078765,Tomatoes,26.69,Dry Season,50.09,Moderately Suitable
2081,100.0,Red Clay,Manicaland,I,Semi-Arid,6.226626624104979,Coffee,1.29,Rainy Season,54.81,Moderately Suitable
2082,70.99641310933964,Silty Loam,Midlands,III,Dry Tropical,5.4456925730787695,Tea,2.28,Rainy Season,62.23,Moderately Suitable
2083,91.74527755881621,Sandy Soil,Harare,IIb,Humid Subtropical,6.712277812341339,Cowpeas,1.18,Dry Season,84.77,Highly Suitable
2084,40.34561058624924,Clay Soil,Masvingo,IV,Dry Tropical,5.5302752134896105,Paprika,2.24,Cool Dry Season,41.28,Low Suitability
2085,63.23801735227239,Sandy Soil,Manicaland,III,Semi-Arid,6.161759615541803,Tobacco,1.77,Cool Dry Season,55.98,Moderately Suitable
2086,46.24737955806857,Sandy Soil,Matabeleland South,V,Semi-Arid,4.6434933023021125,Watermelon,21.67,Rainy Season,41.67,Low Suitability
2087,68.34827548423247,Clay Loam,Matabeleland South,IV,Dry Tropical,6.110419421342377,Soybeans,1.76,Hot Dry Season,54.14,Moderately Suitable
2088,100.0,Red Clay,Mashonaland West,IIa,Semi-Arid,6.128289465087181,Pumpkin,9.97,Dry Season,79.4,Suitable
2089,28.946459789328898,Red Clay,Matabeleland North,IV,Subtropical Highland,6.717687600931912,Wheat,3.91,Cool Dry Season,53.68,Moderately Suitable
2090,90.29113532548972,Sandy Soil,Mashonaland West,III,Subtropical Highland,6.620556800046815,Pearl Millet,1.82,Hot Dry Season,95.62,Highly Suitable
2091,91.90291261639939,Sandy Soil,Harare,IIa,Dry Tropical,5.954048875409204,Watermelon,26.94,Winter,78.42,Suitable
2092,73.24626075248719,Sandy Soil,Mashonaland East,IIa,Humid Subtropical,6.8222754617976165,Macadamia Nuts,1.81,Rainy Season,43.23,Low Suitability
2093,30.990634194684052,Sandy Loam,Matabeleland South,IV,Dry Tropical,7.44464944981892,Wheat,2.78,Dry Season,43.72,Low Suitability
2094,52.45863265186185,Clay Soil,Manicaland,III,Temperate Highland,5.023199942121211,Tea,2.03,Dry Season,63.52,Moderately Suitable
2095,52.23987082022077,Sandy Soil,Masvingo,III,Dry Tropical,6.9462268956203514,Onions,16.43,Dry Season,52.52,Moderately Suitable
2096,55.09645202672452,Sandy Soil,Midlands,III,Dry Tropical,5.764820510354429,Sweet Potatoes,8.03,Rainy Season,56.4,Moderately Suitable
2097,49.472880696946575,Clay Soil,Mashonaland West,III,Subtropical Highland,6.082042517652038,Macadamia Nuts,1.62,Cool Dry Season,65.94,Suitable
2098,44.043271635146645,Clay Loam,Midlands,IV,Subtropical Highland,7.066309979148915,Pearl Millet,1.81,Hot Dry Season,68.15,Suitable
2099,100.0,Silty Loam,Manicaland,IIa,Semi-Arid,7.943602969696936,Pearl Millet,1.67,Winter,86.65,Highly Suitable
2100,58.82669368801257,Loam,Mashonaland West,III,Subtropical Highland,5.474631112492784,Tea,2.07,Winter,61.17,Moderately Suitable
2101,13.665603580941486,Loam,Matabeleland South,V,Subtropical Highland,6.794919861166924,Macadamia Nuts,1.76,Rainy Season,53.49,Moderately Suitable
2102,86.30351908751031,Loam,Mashonaland East,IIa,Temperate Highland,6.348529370180549,Maize,3.87,Hot Dry Season,77.82,Suitable
2103,29.132684086282282,Sandy Loam,Matabeleland South,IV,Dry Tropical,5.644367220178362,Coffee,0.79,Hot Dry Season,47.31,Low Suitability
2104,40.182220956806844,Loam,Masvingo,V,Humid Subtropical,6.6378757310965,Soybeans,2.1,Dry Season,53.82,Moderately Suitable
2105,48.559000103900274,Loam,Matabeleland North,III,Semi-Arid,6.990826855703996,Onions,18.67,Dry Season,62.82,Moderately Suitable
2106,60.314154508916175,Sandy Soil,Matabeleland North,III,Temperate Highland,6.685987297770545,Wheat,4.5,Rainy Season,62.33,Moderately Suitable
2107,77.68306605375787,Sandy Loam,Manicaland,IIa,Subtropical Highland,6.060147442536161,Watermelon,30.18,Hot Dry Season,90.42,Highly Suitable
2108,87.86010797449109,Silty Loam,Manicaland,IIa,Semi-Arid,5.60749452767221,Soybeans,1.67,Hot Dry Season,67.35,Suitable
2109,73.65888647404374,Loam,Masvingo,III,Semi-Arid,6.966476516586573,Carrots,17.98,Winter,68.23,Suitable
2110,54.317293215819845,Sandy Soil,Matabeleland North,IV,Humid Subtropical,5.80299222772002,Groundnuts,1.49,Hot Dry Season,60.37,Moderately Suitable
2111,59.291133270956635,Clay Soil,Mashonaland Central,III,Semi-Arid,5.110206352737733,Sugar Beans,1.17,Cool Dry Season,47.56,Low Suitability
2112,53.49994705053258,Clay Soil,Mashonaland Central,III,Subtropical Highland,6.735709428270097,Cowpeas,1.26,Rainy Season,74.49,Suitable
2113,29.39324619701018,Red Clay,Midlands,IV,Humid Subtropical,7.514813635787322,Cabbage,21.83,Dry Season,47.23,Low Suitability
2114,52.44324160887363,Loam,Matabeleland North,III,Subtropical Highland,6.813643178804593,Potatoes,17.74,Hot Dry Season,48.15,Low Suitability
2115,88.04279810562778,Loam,Masvingo,III,Dry Tropical,5.436387548747795,Wheat,4.09,Winter,71.05,Suitable
2116,56.6721393864857,Sandy Soil,Matabeleland South,IV,Dry Tropical,5.588235282377473,Groundnuts,1.22,Rainy Season,60.01,Moderately Suitable
2117,74.62794931190638,Loam,Harare,IIb,Subtropical Highland,4.605801256602016,Watermelon,24.31,Winter,69.41,Suitable
2118,100.0,Clay Soil,Harare,IIb,Temperate Highland,6.238883666495028,Pearl Millet,1.79,Winter,78.57,Suitable
2119,65.11603428167946,Red Clay,Mashonaland East,IIb,Temperate Highland,5.512010804210574,Sunflower,1.47,Cool Dry Season,69.72,Suitable
2120,44.1643589305167,Clay Loam,Midlands,IV,Dry Tropical,5.434694932933392,Cabbage,21.99,Dry Season,30.22,Not Suitable
2121,89.25995316385368,Clay Soil,Manicaland,IIa,Humid Subtropical,5.8487040024288195,Tobacco,2.13,Winter,74.7,Suitable
2122,75.91070966691764,Silty Loam,Mashonaland West,III,Temperate Highland,7.611559799161798,Sorghum,2.05,Cool Dry Season,90.38,Highly Suitable
2123,75.24762285067672,Red Clay,Mashonaland West,III,Temperate Highland,5.252026968076428,Macadamia Nuts,1.91,Rainy Season,51.66,Moderately Suitable
2124,40.88702771516215,Clay Soil,Matabeleland South,V,Temperate Highland,6.356561275860433,Sorghum,1.83,Winter,54.08,Moderately Suitable
2125,43.077435421417476,Sandy Loam,Masvingo,V,Temperate Highland,6.202007845632418,Coffee,1.14,Hot Dry Season,41.01,Low Suitability
2126,63.3787542334341,Clay Loam,Midlands,IV,Dry Tropical,6.618568664542732,Cabbage,24.51,Dry Season,61.02,Moderately Suitable
2127,59.57715921800165,Sandy Loam,Mashonaland West,III,Subtropical Highland,6.5157065179288995,Pumpkin,11.71,Hot Dry Season,84.13,Highly Suitable
2128,96.26642307521165,Silty Loam,Masvingo,III,Semi-Arid,7.439508662163824,Onions,18.58,Cool Dry Season,89.71,Highly Suitable
2129,66.9297706256279,Clay Soil,Manicaland,I,Subtropical Highland,6.444718118415367,Sorghum,2.21,Dry Season,78.22,Suitable
2130,100.0,Sandy Loam,Mashonaland East,IIa,Temperate Highland,5.432731976380616,Macadamia Nuts,1.46,Cool Dry Season,65.67,Suitable
2131,25.28554656718522,Clay Loam,Matabeleland South,V,Temperate Highland,5.513962860986504,Potatoes,14.8,Cool Dry Season,54.14,Moderately Suitable
2132,100.0,Sandy Soil,Mashonaland East,IIa,Subtropical Highland,5.091367346032175,Cotton,1.8,Rainy Season,70.41,Suitable
2133,58.093448634617744,Sandy Loam,Midlands,III,Humid Subtropical,5.616977328954709,Pumpkin,10.98,Cool Dry Season,66.08,Suitable
2134,26.855272801234758,Sandy Soil,Matabeleland South,V,Dry Tropical,7.0250070766155766,Sorghum,2.12,Rainy Season,54.82,Moderately Suitable
2135,72.95089325885066,Loam,Mashonaland East,IIa,Humid Subtropical,5.69657314167686,Cowpeas,1.32,Rainy Season,87.71,Highly Suitable
2136,70.7668279788374,Red Clay,Matabeleland South,IV,Humid Subtropical,7.393450404248098,Pearl Millet,1.84,Winter,81.33,Highly Suitable
2137,76.84461352547312,Clay Soil,Harare,IIa,Humid Subtropical,4.429971111002728,Pearl Millet,1.56,Rainy Season,71.85,Suitable
2138,95.47903858664803,Clay Soil,Mashonaland East,IIa,Semi-Arid,6.562699486445391,Tobacco,1.84,Rainy Season,69.69,Suitable
2139,53.404049409664076,Clay Loam,Matabeleland North,IV,Temperate Highland,6.576417784754848,Paprika,1.85,Winter,60.81,Moderately Suitable
2140,90.31843258869053,Silty Loam,Mashonaland East,IIa,Dry Tropical,7.143480079038463,Cotton,1.77,Hot Dry Season,97.14,Highly Suitable
2141,97.01012273273307,Sandy Loam,Harare,IIb,Temperate Highland,5.6536659408939745,Cabbage,21.29,Rainy Season,65.82,Suitable
2142,64.09667943225037,Silty Loam,Matabeleland North,IV,Temperate Highland,6.091384191492765,Pumpkin,10.61,Winter,87.9,Highly Suitable
2143,100.0,Clay Soil,Harare,IIa,Dry Tropical,5.891236993365763,Pumpkin,10.43,Hot Dry Season,77.87,Suitable
2144,44.16938152976486,Silty Loam,Matabeleland North,III,Subtropical Highland,7.920128992494398,Cabbage,20.52,Hot Dry Season,41.08,Low Suitability
2145,77.96190446427161,Sandy Soil,Mashonaland West,IIb,Subtropical Highland,6.1890575671789145,Tea,2.13,Hot Dry Season,45.18,Low Suitability
2146,46.86302612511747,Sandy Soil,Midlands,IV,Semi-Arid,6.9523338007532365,Macadamia Nuts,1.59,Cool Dry Season,40.49,Low Suitability
2147,77.26730568415404,Red Clay,Mashonaland West,IIb,Subtropical Highland,5.78086875859148,Carrots,18.98,Dry Season,80.35,Highly Suitable
2148,53.18121488832513,Silty Loam,Mashonaland East,IIb,Humid Subtropical,6.821782298766416,Sunflower,1.25,Dry Season,57.95,Moderately Suitable
2149,43.697391707521504,Red Clay,Matabeleland North,IV,Humid Subtropical,6.7472194939388945,Tobacco,1.61,Winter,40.08,Low Suitability
2150,75.65858002727718,Red Clay,Masvingo,III,Temperate Highland,6.835941315562132,Tea,2.11,Dry Season,22.12,Not Suitable
2151,89.82474983522718,Sandy Loam,Mashonaland East,IIa,Subtropical Highland,8.113511715215827,Pumpkin,10.68,Dry Season,71.48,Suitable
2152,69.06748039875593,Loam,Matabeleland North,III,Subtropical Highland,5.413326570276615,Dry Beans,1.32,Rainy Season,56.67,Moderately Suitable
2153,93.80876382456026,Clay Soil,Manicaland,I,Temperate Highland,5.502317461244678,Soybeans,2.32,Hot Dry Season,57.24,Moderately Suitable
2154,52.81394156489725,Silty Loam,Matabeleland North,IV,Temperate Highland,5.606569386306461,Tea,2.48,Rainy Season,60.62,Moderately Suitable
2155,53.700788848879185,Sandy Loam,Matabeleland North,IV,Temperate Highland,5.216053204089965,Cotton,1.85,Hot Dry Season,51.75,Moderately Suitable
2156,100.0,Red Clay,Manicaland,IIa,Dry Tropical,7.367736001618024,Tobacco,1.68,Rainy Season,55.24,Moderately Suitable
2157,100.0,Sandy Loam,Mashonaland West,IIa,Semi-Arid,7.422031379601975,Cabbage,22.77,Winter,69.27,Suitable
2158,77.40535289170916,Clay Soil,Manicaland,III,Humid Subtropical,5.533651502199624,Onions,13.19,Dry Season,42.48,Low Suitability
2159,91.31534691443568,Sandy Soil,Mashonaland East,IIa,Semi-Arid,5.390154570853356,Watermelon,20.49,Hot Dry Season,65.63,Suitable
2160,86.95773862065954,Loam,Mashonaland East,IIb,Subtropical Highland,5.4578529611977835,Cowpeas,1.13,Rainy Season,87.05,Highly Suitable
2161,63.019187711937484,Sandy Loam,Mashonaland East,IIb,Semi-Arid,6.162975043673885,Macadamia Nuts,1.46,Winter,50.41,Moderately Suitable
2162,83.34308523610903,Clay Soil,Harare,IIa,Semi-Arid,5.215826285305587,Pearl Millet,1.54,Dry Season,71.55,Suitable
2163,28.571675670856195,Sandy Loam,Midlands,IV,Temperate Highland,5.730540341369771,Cabbage,17.74,Cool Dry Season,48.82,Low Suitability
2164,69.43981715009102,Sandy Loam,Midlands,III,Dry Tropical,5.059155290461227,Tobacco,1.8,Cool Dry Season,53.93,Moderately Suitable
2165,76.96787053799514,Loam,Harare,IIa,Temperate Highland,7.229408213072935,Sugar Beans,1.42,Hot Dry Season,77.25,Suitable
2166,72.72965061359379,Clay Soil,Manicaland,III,Subtropical Highland,6.785302698116287,Maize,3.59,Winter,51.12,Moderately Suitable
2167,56.51857998284721,Clay Loam,Mashonaland Central,III,Temperate Highland,6.896389888101954,Sugar Beans,1.56,Winter,62.41,Moderately Suitable
2168,70.36674199303371,Loam,Midlands,III,Semi-Arid,6.408170337166123,Sorghum,2.36,Winter,93.99,Highly Suitable
2169,64.39288509950211,Clay Soil,Matabeleland South,IV,Humid Subtropical,7.4405750776877095,Cabbage,24.16,Dry Season,39.99,Low Suitability
2170,100.0,Silty Loam,Mashonaland East,IIa,Temperate Highland,6.357306825018123,Maize,3.63,Cool Dry Season,67.25,Suitable
2171,31.14593394767423,Sandy Loam,Masvingo,V,Semi-Arid,5.753368010663848,Macadamia Nuts,1.6,Dry Season,46.69,Low Suitability
2172,24.04300341793282,Sandy Loam,Midlands,IV,Dry Tropical,5.73719385951647,Sweet Potatoes,7.63,Rainy Season,57.98,Moderately Suitable
2173,66.73567394508575,Silty Loam,Manicaland,III,Semi-Arid,6.843825841847362,Sunflower,1.24,Dry Season,70.42,Suitable
2174,77.6060921617829,Clay Soil,Mashonaland Central,IIa,Semi-Arid,6.345046613271235,Macadamia Nuts,1.67,Dry Season,49.6,Low Suitability
2175,67.53564974253602,Silty Loam,Manicaland,III,Humid Subtropical,5.869991175532974,Dry Beans,1.54,Rainy Season,69.3,Suitable
2176,38.15138968277512,Sandy Loam,Midlands,IV,Humid Subtropical,6.2724160597248755,Tomatoes,29.72,Dry Season,53.25,Moderately Suitable
2177,61.48220374954236,Red Clay,Masvingo,III,Humid Subtropical,5.880792692354431,Macadamia Nuts,1.8,Hot Dry Season,66.05,Suitable
2178,84.57727361172677,Red Clay,Midlands,III,Subtropical Highland,6.382227258485637,Sunflower,1.86,Dry Season,90.44,Highly Suitable
2179,21.463962878547303,Silty Loam,Midlands,IV,Semi-Arid,6.854882321012452,Cabbage,23.77,Dry Season,52.57,Moderately Suitable
2180,40.06477412819437,Clay Loam,Midlands,IV,Humid Subtropical,6.267320656414791,Sorghum,2.0,Winter,65.95,Suitable
2181,77.79712204592902,Sandy Loam,Mashonaland Central,IIa,Semi-Arid,6.146194559457696,Tomatoes,25.35,Cool Dry Season,59.82,Moderately Suitable
2182,94.85358029089865,Silty Loam,Mashonaland Central,IIa,Semi-Arid,7.3952617471056055,Coffee,0.75,Rainy Season,33.38,Not Suitable
2183,100.0,Clay Loam,Harare,IIa,Semi-Arid,4.297590980761095,Tobacco,1.91,Winter,67.75,Suitable
2184,69.95598088151466,Clay Loam,Mashonaland West,III,Subtropical Highland,6.949331862736521,Carrots,14.2,Winter,71.53,Suitable
2185,100.0,Loam,Mashonaland Central,IIa,Dry Tropical,5.268911028085756,Sugar Beans,1.38,Rainy Season,75.04,Suitable
2186,73.48289224508733,Silty Loam,Masvingo,III,Semi-Arid,6.999034827556981,Coffee,0.85,Winter,42.41,Low Suitability
2187,41.96897831593285,Red Clay,Midlands,IV,Temperate Highland,6.081638885211729,Paprika,1.88,Dry Season,49.73,Low Suitability
2188,100.0,Silty Loam,Mashonaland West,IIa,Dry Tropical,5.835832162728237,Sweet Potatoes,9.98,Rainy Season,89.51,Highly Suitable
2189,51.84370127655488,Sandy Soil,Midlands,IV,Humid Subtropical,6.468729079396944,Finger Millet,1.67,Hot Dry Season,68.01,Suitable
2190,79.34998946525656,Red Clay,Mashonaland Central,IIa,Temperate Highland,6.375672268584628,Tea,2.29,Hot Dry Season,39.87,Low Suitability
2191,25.42000774026822,Loam,Masvingo,V,Semi-Arid,5.797431425107149,Sweet Potatoes,6.65,Cool Dry Season,47.27,Low Suitability
2192,65.64443709290535,Loam,Mashonaland West,IIb,Temperate Highland,6.763687391859,Macadamia Nuts,1.85,Hot Dry Season,48.47,Low Suitability
2193,19.03283751067248,Clay Soil,Masvingo,IV,Semi-Arid,5.342386740763652,Macadamia Nuts,1.93,Cool Dry Season,49.21,Low Suitability
2194,41.74491512056716,Red Clay,Matabeleland South,IV,Humid Subtropical,7.193491757411474,Sunflower,1.62,Hot Dry Season,57.04,Moderately Suitable
2195,50.19249123699341,Loam,Masvingo,IV,Subtropical Highland,7.37417361506859,Cabbage,21.6,Rainy Season,53.07,Moderately Suitable
2196,40.581013357766054,Loam,Matabeleland North,IV,Semi-Arid,5.406784704030824,Dry Beans,1.03,Winter,49.47,Low Suitability
2197,97.63410161758482,Clay Soil,Mashonaland Central,IIa,Humid Subtropical,6.200256416808705,Cowpeas,1.25,Rainy Season,86.81,Highly Suitable
2198,64.5501220061022,Silty Loam,Matabeleland North,III,Humid Subtropical,5.7635587910357335,Onions,18.03,Cool Dry Season,68.9,Suitable
2199,43.69213058735764,Clay Loam,Midlands,III,Dry Tropical,6.469574316424564,Watermelon,18.49,Dry Season,58.0,Moderately Suitable
2200,35.374331066860556,Clay Loam,Masvingo,V,Semi-Arid,7.496864921514764,Macadamia Nuts,1.31,Cool Dry Season,37.11,Low Suitability
2201,79.97617998650693,Sandy Loam,Mashonaland East,IIb,Dry Tropical,6.43433220655855,Potatoes,16.55,Cool Dry Season,67.52,Suitable
2202,35.0217602220776,Sandy Loam,Masvingo,V,Humid Subtropical,6.015204203593279,Watermelon,21.16,Dry Season,54.33,Moderately Suitable
2203,50.734133994931284,Clay Loam,Matabeleland South,V,Dry Tropical,5.651931167785577,Pearl Millet,1.73,Cool Dry Season,71.31,Suitable
2204,87.75274222057662,Red Clay,Mashonaland West,IIa,Dry Tropical,6.755510775496515,Dry Beans,1.36,Hot Dry Season,83.48,Highly Suitable
2205,56.99159160102166,Clay Loam,Mashonaland Central,IIb,Semi-Arid,6.218166841889722,Cotton,1.59,Cool Dry Season,62.29,Moderately Suitable
2206,44.54306111620053,Silty Loam,Masvingo,IV,Subtropical Highland,5.321290914249583,Pearl Millet,1.94,Hot Dry Season,59.21,Moderately Suitable
2207,34.24805514787462,Clay Loam,Masvingo,III,Subtropical Highland,6.507666892706364,Coffee,0.99,Hot Dry Season,50.55,Moderately Suitable
2208,74.0727515880589,Clay Soil,Mashonaland East,IIb,Subtropical Highland,5.831917217932425,Cotton,1.86,Winter,65.99,Suitable
2209,29.503769128572433,Sandy Loam,Matabeleland South,V,Temperate Highland,5.908825780638098,Finger Millet,1.5,Dry Season,52.33,Moderately Suitable
2210,81.07625968796059,Sandy Loam,Mashonaland East,IIa,Semi-Arid,4.538977808536436,Cotton,1.6,Winter,64.47,Moderately Suitable
2211,84.8989181285335,Clay Loam,Manicaland,IIa,Humid Subtropical,6.4911705445543815,Potatoes,13.71,Winter,57.21,Moderately Suitable
2212,69.87687758099243,Red Clay,Masvingo,III,Dry Tropical,5.662638957409595,Sorghum,2.18,Rainy Season,82.06,Highly Suitable
2213,13.92146226988896,Red Clay,Matabeleland South,V,Semi-Arid,4.586821574372067,Tea,2.22,Rainy Season,45.24,Low Suitability
2214,82.64354883527572,Silty Loam,Masvingo,III,Dry Tropical,7.0639275794482295,Sorghum,2.0,Hot Dry Season,95.38,Highly Suitable
2215,92.20667876498658,Red Clay,Mashonaland East,IIa,Humid Subtropical,5.159084521163284,Sweet Potatoes,9.25,Cool Dry Season,88.49,Highly Suitable
2216,70.89337311771483,Silty Loam,Mashonaland Central,IIa,Humid Subtropical,8.118883874828335,Wheat,3.23,Cool Dry Season,52.69,Moderately Suitable
2217,66.43591786798147,Red Clay,Harare,IIb,Subtropical Highland,6.403050282601369,Groundnuts,1.79,Dry Season,71.06,Suitable
2218,77.80320021775826,Sandy Soil,Mashonaland East,IIa,Humid Subtropical,5.629314890144362,Pearl Millet,2.04,Rainy Season,79.09,Suitable
2219,90.06042005998879,Clay Loam,Harare,IIb,Humid Subtropical,6.010756957556498,Sugar Beans,1.74,Cool Dry Season,80.03,Highly Suitable
2220,57.48639627778034,Sandy Loam,Matabeleland South,IV,Subtropical Highland,5.906648561922756,Onions,18.77,Cool Dry Season,51.68,Moderately Suitable
2221,75.8494361897404,Sandy Soil,Mashonaland Central,IIb,Dry Tropical,5.846282247503911,Cotton,1.83,Cool Dry Season,77.27,Suitable
2222,66.50020111869107,Loam,Masvingo,III,Subtropical Highland,6.077335253655436,Pearl Millet,1.87,Winter,88.42,Highly Suitable
2223,91.9145455496234,Silty Loam,Mashonaland West,IIa,Temperate Highland,7.231039242871721,Sugar Beans,1.65,Cool Dry Season,77.78,Suitable
2224,73.2054595230619,Sandy Soil,Masvingo,III,Subtropical Highland,7.667846086728565,Cowpeas,1.1,Winter,69.81,Suitable
2225,82.87324247420722,Clay Soil,Matabeleland North,III,Humid Subtropical,5.430469655715292,Pearl Millet,1.49,Cool Dry Season,80.22,Highly Suitable
2226,67.52646503826219,Silty Loam,Midlands,III,Humid Subtropical,5.674449064638028,Sunflower,1.49,Hot Dry Season,66.52,Suitable
2227,32.305287666869575,Clay Loam,Masvingo,V,Humid Subtropical,6.604439435193562,Sugar Beans,1.29,Hot Dry Season,65.31,Suitable
2228,72.0898170089862,Red Clay,Mashonaland East,IIa,Temperate Highland,5.645891060145013,Potatoes,15.43,Hot Dry Season,66.28,Suitable
2229,67.97673016370798,Clay Soil,Mashonaland West,IIa,Humid Subtropical,7.323750580834635,Coffee,0.97,Hot Dry Season,29.93,Not Suitable
2230,87.3362830950316,Loam,Mashonaland West,IIb,Dry Tropical,6.07012534825067,Groundnuts,1.53,Rainy Season,96.9,Highly Suitable
2231,59.6839304767167,Loam,Mashonaland Central,IIb,Semi-Arid,6.157677928102745,Tomatoes,22.87,Hot Dry Season,45.4,Low Suitability
2232,15.274905861996551,Loam,Matabeleland South,V,Dry Tropical,6.386253900324327,Tobacco,1.75,Winter,58.78,Moderately Suitable
2233,70.5303947999546,Red Clay,Mashonaland Central,III,Humid Subtropical,5.763244453699855,Watermelon,20.15,Hot Dry Season,72.99,Suitable
2234,37.687301091359885,Loam,Matabeleland South,V,Dry Tropical,4.752984708967507,Tobacco,1.44,Dry Season,34.59,Not Suitable
2235,100.0,Silty Loam,Harare,IIa,Semi-Arid,6.500626907644005,Soybeans,1.91,Cool Dry Season,80.41,Highly Suitable
2236,65.97545840913962,Red Clay,Mashonaland Central,III,Humid Subtropical,6.48791435330552,Sunflower,1.53,Dry Season,72.41,Suitable
2237,82.72707344854153,Sandy Soil,Mashonaland Central,IIa,Semi-Arid,6.753578182907192,Dry Beans,1.16,Rainy Season,81.25,Highly Suitable
2238,60.38593635638307,Clay Soil,Masvingo,III,Temperate Highland,6.440063104081816,Cabbage,20.61,Winter,50.67,Moderately Suitable
2239,73.78840673904402,Clay Loam,Harare,IIb,Temperate Highland,6.720282464346994,Pearl Millet,2.04,Cool Dry Season,96.44,Highly Suitable
2240,84.7946027868939,Clay Loam,Matabeleland North,IV,Dry Tropical,7.113550302536531,Sugar Beans,1.36,Winter,72.14,Suitable
2241,22.89666881253911,Silty Loam,Matabeleland South,V,Humid Subtropical,7.094132878640303,Cotton,1.22,Winter,48.31,Low Suitability
2242,86.71809058493704,Loam,Manicaland,I,Dry Tropical,5.628885628190808,Tomatoes,24.96,Winter,61.04,Moderately Suitable
2243,100.0,Loam,Manicaland,I,Semi-Arid,6.310825671863048,Sorghum,2.24,Cool Dry Season,96.07,Highly Suitable
2244,53.44683982097942,Clay Loam,Mashonaland East,IIb,Subtropical Highland,6.0241266922158445,Sorghum,2.06,Winter,72.41,Suitable
2245,55.15996394484661,Clay Loam,Mashonaland West,III,Subtropical Highland,4.883824631370798,Carrots,16.23,Hot Dry Season,51.4,Moderately Suitable
2246,93.80263880674967,Sandy Loam,Mashonaland West,IIb,Subtropical Highland,4.9889755354784,Dry Beans,1.24,Hot Dry Season,60.11,Moderately Suitable
2247,64.15484127782851,Red Clay,Matabeleland South,IV,Humid Subtropical,6.409076580955601,Wheat,4.34,Cool Dry Season,71.65,Suitable
2248,77.43805979936495,Clay Soil,Manicaland,I,Dry Tropical,6.088621403779188,Carrots,14.64,Dry Season,77.09,Suitable
2249,56.870457584710785,Sandy Soil,Mashonaland West,III,Humid Subtropical,5.359642626241215,Soybeans,1.79,Rainy Season,44.69,Low Suitability
2250,100.0,Clay Soil,Mashonaland East,IIb,Subtropical Highland,4.982704646239746,Cotton,2.02,Dry Season,76.17,Suitable
2251,73.81710232143001,Sandy Soil,Mashonaland East,IIb,Temperate Highland,5.670660810716959,Dry Beans,1.23,Dry Season,56.81,Moderately Suitable
2252,64.61458914402215,Sandy Soil,Manicaland,III,Semi-Arid,5.117171082950897,Tea,1.84,Cool Dry Season,50.11,Moderately Suitable
2253,37.72537794061735,Clay Loam,Masvingo,V,Temperate Highland,6.58184028959957,Sugar Beans,1.35,Dry Season,56.76,Moderately Suitable
2254,94.06731020614278,Clay Soil,Harare,IIb,Temperate Highland,5.568959912768167,Sorghum,2.01,Rainy Season,79.51,Suitable
2255,64.40751794964048,Sandy Soil,Mashonaland West,IIb,Temperate Highland,7.193897081490461,Tomatoes,31.17,Cool Dry Season,44.37,Low Suitability
2256,53.1676201524988,Clay Loam,Midlands,III,Dry Tropical,5.68422441981063,Coffee,1.15,Rainy Season,65.38,Suitable
2257,19.371236882633873,Loam,Masvingo,V,Semi-Arid,5.197011115225361,Cabbage,20.52,Cool Dry Season,36.99,Low Suitability
2258,84.10648140951811,Clay Soil,Midlands,III,Dry Tropical,5.307242751270624,Paprika,2.84,Hot Dry Season,74.66,Suitable
2259,71.99593204786174,Red Clay,Mashonaland East,IIb,Semi-Arid,7.710606192730567,Onions,16.15,Winter,54.79,Moderately Suitable
2260,63.8031063186519,Clay Loam,Mashonaland West,III,Dry Tropical,7.774872132321825,Tea,2.18,Dry Season,34.89,Not Suitable
2261,32.19978972944194,Clay Loam,Midlands,IV,Humid Subtropical,6.882796039863568,Maize,3.82,Winter,52.21,Moderately Suitable
2262,53.92122552851481,Sandy Soil,Masvingo,IV,Subtropical Highland,6.036025237664904,Tea,1.93,Dry Season,48.13,Low Suitability
2263,42.20878888564445,Clay Soil,Matabeleland South,V,Semi-Arid,6.628917684633185,Potatoes,16.11,Cool Dry Season,51.91,Moderately Suitable
2264,34.293716086144805,Sandy Soil,Masvingo,IV,Dry Tropical,7.150193049227506,Cabbage,22.15,Rainy Season,40.3,Low Suitability
2265,54.72051111171826,Silty Loam,Matabeleland North,III,Subtropical Highland,6.483778878574818,Sorghum,1.82,Dry Season,75.37,Suitable
2266,81.85223501366809,Clay Soil,Mashonaland Central,IIa,Temperate Highland,7.139643926868436,Cotton,1.87,Cool Dry Season,68.18,Suitable
2267,100.0,Clay Soil,Harare,IIa,Subtropical Highland,6.293465064981763,Tobacco,1.84,Hot Dry Season,74.97,Suitable
2268,64.98174010012991,Clay Soil,Midlands,III,Humid Subtropical,5.167128187543463,Cotton,1.64,Dry Season,50.54,Moderately Suitable
2269,55.6774201506039,Loam,Matabeleland North,IV,Humid Subtropical,6.036694882425133,Sweet Potatoes,7.74,Dry Season,74.54,Suitable
2270,79.7179023007321,Loam,Matabeleland South,IV,Humid Subtropical,6.237766647753728,Tobacco,2.03,Dry Season,71.32,Suitable
2271,37.97705940577879,Red Clay,Matabeleland South,V,Dry Tropical,6.591667956431283,Carrots,14.3,Winter,44.4,Low Suitability
2272,44.49284251830207,Sandy Loam,Masvingo,IV,Humid Subtropical,6.002088255172805,Maize,3.65,Winter,51.56,Moderately Suitable
2273,76.40189826751583,Sandy Loam,Matabeleland North,III,Humid Subtropical,6.123633337032949,Paprika,2.33,Hot Dry Season,74.98,Suitable
2274,61.264613565993905,Clay Loam,Midlands,III,Dry Tropical,6.691816217613567,Cowpeas,1.37,Winter,85.25,Highly Suitable
2275,72.0603678908559,Sandy Loam,Manicaland,III,Subtropical Highland,5.8344381667721485,Carrots,16.15,Rainy Season,78.22,Suitable
2276,55.70507326474278,Silty Loam,Midlands,IV,Temperate Highland,5.539751470374979,Paprika,2.56,Dry Season,62.17,Moderately Suitable
2277,94.04427085073866,Clay Loam,Midlands,III,Temperate Highland,6.759623925119681,Potatoes,16.17,Dry Season,60.32,Moderately Suitable
2278,70.02923907776498,Red Clay,Manicaland,III,Dry Tropical,5.160685265794585,Groundnuts,1.24,Winter,53.16,Moderately Suitable
2279,38.93904261261037,Clay Loam,Matabeleland South,IV,Subtropical Highland,6.069768601120473,Sugar Beans,1.43,Hot Dry Season,50.6,Moderately Suitable
2280,79.41864696542983,Loam,Masvingo,III,Subtropical Highland,5.435854424699966,Sweet Potatoes,10.83,Rainy Season,83.36,Highly Suitable
2281,75.73882466676017,Red Clay,Manicaland,I,Semi-Arid,5.383996562700281,Cotton,1.67,Winter,58.72,Moderately Suitable
2282,72.31885137352239,Clay Soil,Mashonaland West,IIa,Dry Tropical,6.592933976562248,Potatoes,13.7,Hot Dry Season,42.9,Low Suitability
2283,64.61924408809506,Silty Loam,Harare,IIb,Semi-Arid,6.966277708790085,Soybeans,1.48,Cool Dry Season,50.28,Moderately Suitable
2284,55.45368574980716,Sandy Loam,Matabeleland South,IV,Semi-Arid,7.586692127931074,Cowpeas,1.0,Cool Dry Season,58.57,Moderately Suitable
2285,50.019239885429016,Loam,Matabeleland North,IV,Dry Tropical,4.839648239687849,Sunflower,1.12,Hot Dry Season,42.32,Low Suitability
2286,67.30772222729217,Clay Soil,Matabeleland North,III,Dry Tropical,5.80342568194746,Sugar Beans,1.49,Hot Dry Season,56.08,Moderately Suitable
2287,47.88469633945296,Sandy Soil,Masvingo,III,Dry Tropical,5.649247418916697,Finger Millet,1.64,Cool Dry Season,58.03,Moderately Suitable
2288,61.96934226778016,Sandy Loam,Mashonaland West,III,Subtropical Highland,5.285185435219582,Sugar Beans,1.53,Winter,56.95,Moderately Suitable
2289,48.303661326346585,Clay Loam,Mashonaland Central,III,Subtropical Highland,4.2,Tomatoes,26.19,Winter,39.34,Low Suitability
2290,52.401171435100174,Red Clay,Midlands,IV,Humid Subtropical,6.7870442501593775,Potatoes,15.91,Rainy Season,41.84,Low Suitability
2291,49.56987008088929,Silty Loam,Matabeleland North,III,Temperate Highland,7.241915275742182,Maize,3.7,Rainy Season,57.37,Moderately Suitable
2292,81.13591881277546,Clay Soil,Matabeleland North,III,Subtropical Highland,5.842844976069237,Cabbage,23.08,Rainy Season,65.28,Suitable
2293,29.267297542841646,Clay Loam,Masvingo,V,Semi-Arid,5.733885938961421,Wheat,3.99,Winter,43.27,Low Suitability
2294,67.64870097668971,Red Clay,Manicaland,III,Subtropical Highland,6.635168101474121,Onions,18.26,Winter,65.82,Suitable
2295,100.0,Red Clay,Mashonaland Central,IIa,Dry Tropical,5.0357398659805845,Coffee,0.98,Hot Dry Season,50.18,Moderately Suitable
2296,35.30867400345187,Silty Loam,Masvingo,IV,Dry Tropical,6.059770472359598,Carrots,15.3,Hot Dry Season,49.84,Low Suitability
2297,63.38941898583368,Sandy Loam,Matabeleland North,III,Dry Tropical,5.673378722680831,Carrots,16.07,Dry Season,63.47,Moderately Suitable
2298,46.19582581945568,Sandy Loam,Masvingo,V,Temperate Highland,7.120128835332043,Pearl Millet,1.81,Cool Dry Season,70.92,Suitable
2299,10.0,Silty Loam,Matabeleland South,V,Humid Subtropical,6.739105104310897,Pumpkin,11.54,Cool Dry Season,57.35,Moderately Suitable
2300,49.79954707959959,Red Clay,Mashonaland West,III,Dry Tropical,4.342841300208963,Sweet Potatoes,7.22,Winter,37.43,Low Suitability
2301,66.36981691155239,Silty Loam,Manicaland,IIa,Subtropical Highland,8.108575079564073,Cabbage,18.18,Hot Dry Season,46.39,Low Suitability
2302,100.0,Clay Soil,Manicaland,IIa,Subtropical Highland,6.1404275317758445,Dry Beans,1.5,Rainy Season,98.58,Highly Suitable
2303,67.05433882657456,Silty Loam,Midlands,IV,Temperate Highland,5.995991194339899,Tea,1.47,Dry Season,46.49,Low Suitability
2304,76.87566742686894,Clay Soil,Mashonaland East,IIb,Humid Subtropical,7.474354582197469,Tomatoes,23.76,Dry Season,53.39,Moderately Suitable
2305,68.75026355091192,Red Clay,Mashonaland West,III,Humid Subtropical,6.657484584779789,Sweet Potatoes,9.25,Dry Season,70.28,Suitable
2306,17.69314040058496,Loam,Matabeleland South,V,Semi-Arid,6.121506850935052,Potatoes,18.51,Hot Dry Season,50.52,Moderately Suitable
2307,77.74764522708648,Red Clay,Harare,IIa,Subtropical Highland,6.407614215269173,Groundnuts,1.49,Cool Dry Season,85.57,Highly Suitable
2308,74.02876333791113,Sandy Loam,Mashonaland West,IIb,Subtropical Highland,6.126833403835572,Maize,3.61,Dry Season,57.22,Moderately Suitable
2309,60.770157315853155,Sandy Loam,Mashonaland Central,III,Semi-Arid,5.39842167643586,Potatoes,11.8,Dry Season,43.19,Low Suitability
2310,67.32870285313285,Clay Loam,Harare,IIb,Humid Subtropical,7.0898307290898535,Tobacco,1.54,Cool Dry Season,36.07,Low Suitability
2311,24.74129508012974,Silty Loam,Matabeleland South,IV,Humid Subtropical,5.2081336083868015,Coffee,1.02,Winter,59.46,Moderately Suitable
2312,68.06309412986177,Clay Soil,Mashonaland East,IIa,Temperate Highland,6.505467634880135,Finger Millet,1.67,Cool Dry Season,75.6,Suitable
2313,86.33010902240403,Sandy Soil,Mashonaland Central,IIb,Humid Subtropical,6.495545066807777,Cotton,1.93,Dry Season,83.7,Highly Suitable
2314,97.43603369779493,Silty Loam,Mashonaland Central,IIa,Temperate Highland,6.4186464107913235,Cotton,1.53,Hot Dry Season,86.72,Highly Suitable
2315,100.0,Sandy Soil,Mashonaland East,IIb,Dry Tropical,6.801132156299982,Onions,19.45,Rainy Season,94.03,Highly Suitable
2316,58.270942269514286,Clay Loam,Masvingo,V,Temperate Highland,5.991015631887721,Potatoes,14.21,Dry Season,57.46,Moderately Suitable
2317,43.551127857316935,Red Clay,Mashonaland West,III,Semi-Arid,6.611478553875205,Cabbage,23.01,Rainy Season,49.35,Low Suitability
2318,38.944952099237675,Loam,Matabeleland South,IV,Dry Tropical,6.828340816490645,Watermelon,20.35,Winter,47.7,Low Suitability
2319,81.84736237500027,Clay Loam,Harare,IIa,Humid Subtropical,6.405226148837021,Tobacco,1.54,Rainy Season,59.95,Moderately Suitable
2320,96.1511224651786,Clay Loam,Harare,IIa,Temperate Highland,6.394817547167992,Pumpkin,11.42,Hot Dry Season,92.79,Highly Suitable
2321,90.77943911012474,Red Clay,Mashonaland West,IIa,Temperate Highland,5.6029546386311635,Cowpeas,1.33,Rainy Season,86.9,Highly Suitable
2322,50.410981413150694,Loam,Midlands,IV,Temperate Highland,5.8634083128804395,Carrots,12.95,Dry Season,50.94,Moderately Suitable
2323,67.09238868188314,Silty Loam,Masvingo,IV,Subtropical Highland,5.685135393885061,Paprika,2.2,Winter,69.71,Suitable
2324,58.59563638782494,Sandy Soil,Manicaland,III,Temperate Highland,6.960727765385693,Finger Millet,1.69,Dry Season,53.92,Moderately Suitable
2325,44.94734346578405,Loam,Matabeleland North,IV,Semi-Arid,7.216609549710164,Cowpeas,1.16,Cool Dry Season,61.16,Moderately Suitable
2326,72.88645009572467,Silty Loam,Mashonaland West,IIa,Semi-Arid,6.242338009886708,Sorghum,2.42,Hot Dry Season,99.61,Highly Suitable
2327,95.61754090017999,Silty Loam,Harare,IIa,Semi-Arid,6.438006848933282,Pearl Millet,2.02,Cool Dry Season,99.23,Highly Suitable
2328,43.50290844922452,Sandy Loam,Matabeleland South,IV,Semi-Arid,6.053422039966822,Paprika,1.59,Rainy Season,41.57,Low Suitability
2329,42.50700096177737,Sandy Soil,Matabeleland North,IV,Humid Subtropical,6.860413800047398,Pearl Millet,1.83,Cool Dry Season,60.13,Moderately Suitable
2330,79.17483747748685,Sandy Soil,Harare,IIa,Subtropical Highland,5.158071279235925,Onions,15.06,Cool Dry Season,45.95,Low Suitability
2331,56.6773844255608,Sandy Loam,Masvingo,IV,Temperate Highland,6.762779180210618,Cabbage,23.69,Winter,59.28,Moderately Suitable
2332,10.0,Loam,Matabeleland South,V,Subtropical Highland,4.79502177701948,Watermelon,19.76,Rainy Season,41.73,Low Suitability
2333,89.60037498270188,Loam,Mashonaland Central,IIb,Temperate Highland,7.109307823298329,Sugar Beans,1.34,Cool Dry Season,86.76,Highly Suitable
2334,83.42391790745388,Clay Loam,Mashonaland East,IIb,Dry Tropical,6.260149412352291,Sugar Beans,1.53,Dry Season,77.96,Suitable
2335,69.39582032476919,Clay Loam,Manicaland,IIa,Temperate Highland,6.6307140840185435,Sugar Beans,1.51,Cool Dry Season,68.18,Suitable
2336,20.511897726861527,Clay Loam,Masvingo,V,Dry Tropical,6.441502417653899,Sweet Potatoes,9.26,Hot Dry Season,56.19,Moderately Suitable
2337,62.57737590806954,Clay Loam,Mashonaland West,IIa,Temperate Highland,6.110011388533771,Finger Millet,1.89,Rainy Season,79.92,Suitable
2338,80.42714645904843,Silty Loam,Mashonaland West,IIa,Semi-Arid,5.565230099424816,Wheat,4.02,Winter,77.74,Suitable
2339,43.16153966293952,Red Clay,Masvingo,IV,Dry Tropical,6.503574884486942,Pumpkin,7.98,Hot Dry Season,61.23,Moderately Suitable
2340,65.83443357372765,Sandy Loam,Matabeleland South,IV,Subtropical Highland,5.460764496932532,Macadamia Nuts,1.75,Winter,57.17,Moderately Suitable
2341,76.04030942699288,Clay Soil,Midlands,III,Humid Subtropical,5.867364741519018,Paprika,1.96,Rainy Season,69.47,Suitable
2342,44.39383889929291,Loam,Matabeleland South,IV,Subtropical Highland,5.504191098388041,Maize,3.47,Rainy Season,56.27,Moderately Suitable
2343,55.573045707202986,Clay Soil,Midlands,IV,Humid Subtropical,5.225615004680861,Finger Millet,1.42,Hot Dry Season,56.81,Moderately Suitable
2344,76.0234913886367,Clay Soil,Mashonaland West,IIa,Dry Tropical,8.259777974018503,Sweet Potatoes,8.38,Dry Season,51.84,Moderately Suitable
2345,100.0,Clay Loam,Manicaland,I,Dry Tropical,6.502990792455055,Groundnuts,1.7,Rainy Season,94.79,Highly Suitable
2346,70.55427093596772,Loam,Mashonaland West,IIa,Dry Tropical,8.073658401678726,Sorghum,2.0,Cool Dry Season,73.44,Suitable
2347,100.0,Clay Soil,Mashonaland West,IIb,Temperate Highland,5.774569916893739,Tomatoes,28.93,Dry Season,73.09,Suitable
2348,74.89742934725028,Sandy Soil,Mashonaland East,IIb,Temperate Highland,6.596575726782227,Cabbage,23.16,Rainy Season,69.63,Suitable
2349,100.0,Clay Loam,Mashonaland East,IIa,Dry Tropical,6.04432447637061,Wheat,5.02,Winter,86.73,Highly Suitable
2350,53.89100031064312,Clay Soil,Matabeleland North,IV,Subtropical Highland,5.353087936472424,Potatoes,17.5,Cool Dry Season,54.98,Moderately Suitable
2351,63.65402435631968,Sandy Soil,Mashonaland East,IIa,Subtropical Highland,6.261445441347732,Coffee,1.0,Winter,45.87,Low Suitability
2352,76.02103077642988,Clay Soil,Mashonaland Central,IIa,Semi-Arid,6.844439085557049,Cotton,1.72,Dry Season,77.74,Suitable
2353,38.56218891231138,Sandy Loam,Masvingo,V,Dry Tropical,5.842100847670464,Cabbage,17.32,Hot Dry Season,27.55,Not Suitable
2354,60.61515166653784,Sandy Loam,Matabeleland South,IV,Dry Tropical,6.172027660282614,Sweet Potatoes,7.94,Hot Dry Season,73.68,Suitable
2355,64.40645308113025,Loam,Harare,IIb,Temperate Highland,7.160939625071287,Tea,2.24,Cool Dry Season,36.35,Low Suitability
2356,88.45071065002115,Sandy Soil,Mashonaland West,IIa,Temperate Highland,7.557621120645068,Macadamia Nuts,1.53,Cool Dry Season,37.73,Low Suitability
2357,100.0,Clay Soil,Harare,IIa,Humid Subtropical,6.394969253112774,Soybeans,2.18,Dry Season,77.36,Suitable
2358,63.41886338721325,Sandy Soil,Midlands,IV,Dry Tropical,6.216487047928988,Potatoes,18.34,Winter,51.01,Moderately Suitable
2359,34.69126166763763,Clay Soil,Matabeleland South,V,Humid Subtropical,5.382089894115239,Finger Millet,1.67,Cool Dry Season,44.01,Low Suitability
2360,74.46893164733055,Silty Loam,Harare,IIb,Dry Tropical,6.117315659767629,Paprika,2.24,Hot Dry Season,79.72,Suitable
2361,81.36871721980033,Clay Loam,Harare,IIb,Subtropical Highland,5.680575115040503,Coffee,1.0,Winter,52.84,Moderately Suitable
2362,69.52321962449707,Clay Soil,Mashonaland East,IIa,Semi-Arid,5.924440333173371,Watermelon,28.56,Hot Dry Season,70.26,Suitable
2363,59.05080217379317,Silty Loam,Midlands,IV,Humid Subtropical,5.766754389224988,Dry Beans,1.37,Dry Season,67.11,Suitable
2364,69.83016969536968,Loam,Midlands,IV,Semi-Arid,5.757568445652523,Coffee,1.11,Rainy Season,64.59,Moderately Suitable
2365,87.51695533653816,Red Clay,Mashonaland West,IIb,Subtropical Highland,6.468494942817485,Tobacco,2.08,Hot Dry Season,64.3,Moderately Suitable
2366,69.73370165935661,Clay Loam,Manicaland,III,Humid Subtropical,6.695363918020088,Tomatoes,27.16,Rainy Season,54.44,Moderately Suitable
2367,59.02991874714253,Sandy Loam,Midlands,IV,Semi-Arid,6.63565873569841,Sorghum,2.09,Hot Dry Season,83.31,Highly Suitable
2368,87.13985141932646,Sandy Soil,Harare,IIb,Subtropical Highland,7.076366698121351,Sweet Potatoes,10.27,Cool Dry Season,74.09,Suitable
2369,93.62169918774347,Silty Loam,Harare,IIa,Temperate Highland,7.459259335922768,Pumpkin,10.7,Rainy Season,82.03,Highly Suitable
2370,41.83935655474796,Red Clay,Matabeleland South,V,Temperate Highland,7.034398887771845,Tobacco,1.61,Winter,38.42,Low Suitability
2371,56.228843888570076,Red Clay,Matabeleland North,III,Semi-Arid,5.8643804751821635,Paprika,1.97,Hot Dry Season,54.95,Moderately Suitable
2372,21.243021877675524,Clay Loam,Matabeleland South,V,Humid Subtropical,6.278722286713896,Sugar Beans,1.39,Hot Dry Season,53.85,Moderately Suitable
2373,64.05719330675937,Red Clay,Mashonaland West,III,Semi-Arid,6.50887945542944,Sweet Potatoes,10.23,Cool Dry Season,64.72,Moderately Suitable
2374,81.50960366474047,Loam,Mashonaland West,IIa,Dry Tropical,6.513760492214681,Wheat,4.35,Dry Season,80.23,Highly Suitable
2375,90.98358425808928,Sandy Loam,Mashonaland West,IIa,Subtropical Highland,6.696694906827803,Watermelon,25.7,Cool Dry Season,94.5,Highly Suitable
2376,47.192951735987826,Loam,Midlands,IV,Humid Subtropical,5.918505030981686,Pumpkin,9.83,Dry Season,56.41,Moderately Suitable
2377,52.12272620218533,Clay Loam,Matabeleland South,V,Dry Tropical,4.99797025558977,Tomatoes,20.2,Rainy Season,34.97,Not Suitable
2378,92.46109799976357,Clay Soil,Mashonaland West,IIa,Dry Tropical,7.21336296482931,Tomatoes,30.56,Winter,66.54,Suitable
2379,76.32548188348898,Clay Soil,Matabeleland North,III,Subtropical Highland,7.515014744457369,Coffee,1.08,Rainy Season,39.65,Low Suitability
2380,52.30565274758583,Loam,Midlands,IV,Semi-Arid,5.513710433234899,Finger Millet,1.24,Cool Dry Season,62.62,Moderately Suitable
2381,92.4441770770227,Sandy Loam,Mashonaland East,IIb,Temperate Highland,5.477287201436689,Pumpkin,12.21,Dry Season,88.23,Highly Suitable
2382,78.64770954992221,Red Clay,Mashonaland West,III,Humid Subtropical,6.327333847034824,Carrots,18.06,Winter,82.66,Highly Suitable
2383,46.12719908685142,Sandy Loam,Matabeleland South,V,Subtropical Highland,6.106100418413301,Macadamia Nuts,1.59,Rainy Season,67.59,Suitable
2384,81.24446455266991,Loam,Mashonaland East,IIa,Semi-Arid,6.158511075473565,Potatoes,16.7,Cool Dry Season,62.57,Moderately Suitable
2385,68.44182944389584,Clay Loam,Masvingo,III,Subtropical Highland,5.802866425683476,Potatoes,18.33,Rainy Season,60.39,Moderately Suitable
2386,46.54739397197053,Red Clay,Matabeleland North,IV,Semi-Arid,6.147233313046534,Macadamia Nuts,1.65,Winter,54.78,Moderately Suitable
2387,75.41392939687516,Loam,Masvingo,III,Humid Subtropical,5.566130264540135,Pearl Millet,1.88,Cool Dry Season,83.85,Highly Suitable
2388,19.701607558082067,Clay Loam,Masvingo,V,Semi-Arid,5.04684811211888,Onions,13.03,Winter,24.72,Not Suitable
2389,37.57896466219568,Red Clay,Matabeleland North,IV,Subtropical Highland,6.675152806298437,Tomatoes,24.93,Dry Season,67.45,Suitable
2390,37.201609820228136,Silty Loam,Masvingo,V,Semi-Arid,6.492894874225262,Sugar Beans,1.55,Hot Dry Season,66.24,Suitable
2391,82.56098934290118,Red Clay,Manicaland,I,Dry Tropical,6.281752992184695,Cowpeas,0.96,Hot Dry Season,100.0,Highly Suitable
2392,75.3412496061234,Loam,Mashonaland West,IIb,Semi-Arid,6.268557329871113,Onions,18.77,Rainy Season,66.51,Suitable
2393,92.40494829912132,Red Clay,Mashonaland West,IIa,Dry Tropical,5.698222925117587,Maize,3.92,Rainy Season,64.1,Moderately Suitable
2394,100.0,Clay Loam,Mashonaland East,IIa,Semi-Arid,5.627394719216991,Onions,17.52,Cool Dry Season,80.15,Highly Suitable
2395,55.73954780294028,Loam,Mashonaland West,III,Temperate Highland,5.784648052504233,Sunflower,1.46,Dry Season,63.63,Moderately Suitable
2396,73.36624574501273,Silty Loam,Mashonaland Central,III,Dry Tropical,6.820177174154305,Paprika,2.47,Dry Season,77.25,Suitable
2397,72.52953806719127,Sandy Soil,Manicaland,III,Subtropical Highland,5.350509675675991,Pumpkin,10.44,Rainy Season,69.97,Suitable
2398,99.37369424821442,Sandy Loam,Mashonaland East,IIa,Temperate Highland,6.8946543973180034,Paprika,2.44,Winter,88.25,Highly Suitable
2399,59.996225405850836,Clay Soil,Harare,IIa,Semi-Arid,6.07874925815979,Coffee,0.96,Dry Season,49.62,Low Suitability
2400,61.75769721166165,Clay Loam,Midlands,III,Humid Subtropical,7.239732458886347,Cabbage,23.9,Winter,63.68,Moderately Suitable
2401,77.44858056259332,Sandy Soil,Harare,IIb,Subtropical Highland,5.412468918916601,Sorghum,2.16,Dry Season,76.33,Suitable
2402,49.317144206598755,Sandy Soil,Midlands,IV,Temperate Highland,5.829581900196419,Dry Beans,1.13,Hot Dry Season,42.94,Low Suitability
2403,80.96492865311878,Red Clay,Harare,IIa,Humid Subtropical,6.28384693909734,Tea,2.24,Dry Season,44.42,Low Suitability
2404,90.01079690294415,Sandy Soil,Mashonaland Central,IIa,Subtropical Highland,5.484003236619547,Tomatoes,30.21,Dry Season,62.58,Moderately Suitable
2405,34.27517305990858,Clay Loam,Midlands,IV,Humid Subtropical,6.173072936302493,Watermelon,22.43,Winter,53.23,Moderately Suitable
2406,68.57529846150955,Clay Loam,Mashonaland East,IIa,Subtropical Highland,7.434335047065455,Onions,19.04,Rainy Season,64.28,Moderately Suitable
2407,70.03357862414748,Sandy Soil,Matabeleland North,III,Temperate Highland,5.318847397569479,Cabbage,18.74,Rainy Season,40.99,Low Suitability
2408,75.26493150941981,Loam,Mashonaland West,IIb,Dry Tropical,6.201292100361391,Tomatoes,28.95,Winter,71.1,Suitable
2409,55.905632900108735,Clay Soil,Masvingo,IV,Humid Subtropical,6.411284768318089,Sweet Potatoes,6.94,Rainy Season,71.72,Suitable
2410,46.63091614468604,Loam,Manicaland,III,Subtropical Highland,7.107762824369709,Watermelon,22.96,Cool Dry Season,53.75,Moderately Suitable
2411,65.89681891411452,Red Clay,Manicaland,III,Temperate Highland,4.608359589116381,Watermelon,20.61,Rainy Season,54.24,Moderately Suitable
2412,36.68643262134728,Sandy Soil,Matabeleland North,IV,Subtropical Highland,5.988528797716442,Tea,2.18,Hot Dry Season,43.08,Low Suitability
2413,58.5970927459705,Clay Loam,Matabeleland South,IV,Dry Tropical,5.526602053480146,Soybeans,2.18,Winter,45.17,Low Suitability
2414,50.99542290713188,Loam,Matabeleland South,V,Humid Subtropical,6.7445351999676575,Sorghum,2.16,Winter,72.04,Suitable
2415,84.33138368647491,Sandy Loam,Mashonaland Central,III,Temperate Highland,6.5376179892131345,Sorghum,2.26,Winter,87.06,Highly Suitable
2416,54.26009539356588,Clay Soil,Manicaland,I,Temperate Highland,6.496539563672285,Tea,2.12,Rainy Season,33.56,Not Suitable
2417,48.07263993500494,Silty Loam,Masvingo,V,Humid Subtropical,7.5121616215880165,Cotton,1.86,Dry Season,59.44,Moderately Suitable
2418,32.818388157808265,Loam,Matabeleland South,V,Semi-Arid,7.121531047980676,Sunflower,1.52,Winter,50.62,Moderately Suitable
2419,84.01391398796741,Silty Loam,Mashonaland Central,IIb,Humid Subtropical,7.004018507450831,Onions,20.22,Hot Dry Season,73.69,Suitable
2420,44.02642224074411,Sandy Loam,Matabeleland South,IV,Humid Subtropical,5.246176507168805,Watermelon,23.37,Hot Dry Season,52.81,Moderately Suitable
2421,93.20716375406117,Loam,Mashonaland East,IIa,Dry Tropical,6.465374768094425,Pumpkin,12.51,Dry Season,82.29,Highly Suitable
2422,58.9755211662591,Clay Loam,Manicaland,III,Semi-Arid,6.942615754333005,Paprika,2.59,Cool Dry Season,63.54,Moderately Suitable
2423,88.41857285597312,Clay Soil,Mashonaland East,IIa,Subtropical Highland,7.47346315984194,Groundnuts,1.48,Cool Dry Season,68.73,Suitable
2424,36.8152705051025,Sandy Loam,Matabeleland South,V,Temperate Highland,6.117461547918137,Sugar Beans,1.37,Dry Season,44.26,Low Suitability
2425,61.71895693982243,Sandy Loam,Matabeleland North,III,Dry Tropical,6.689696935083327,Finger Millet,1.45,Winter,72.75,Suitable
2426,32.82101978456152,Red Clay,Matabeleland South,V,Semi-Arid,7.204730735128155,Macadamia Nuts,1.78,Dry Season,31.69,Not Suitable
2427,98.43022744725427,Silty Loam,Mashonaland East,IIa,Subtropical Highland,6.060402218727861,Watermelon,23.69,Dry Season,76.88,Suitable
2428,74.4925854468561,Sandy Soil,Mashonaland West,IIb,Semi-Arid,6.932680448114224,Maize,2.76,Winter,48.41,Low Suitability
2429,13.85906295373486,Sandy Soil,Matabeleland South,V,Dry Tropical,6.109259939308187,Carrots,15.29,Rainy Season,52.08,Moderately Suitable
2430,88.22449662471723,Clay Soil,Mashonaland Central,IIa,Semi-Arid,7.075100789593353,Sorghum,2.39,Rainy Season,94.19,Highly Suitable
2431,86.07914206755885,Loam,Mashonaland Central,IIa,Humid Subtropical,7.626275783299393,Soybeans,1.52,Winter,50.47,Moderately Suitable
2432,82.38543782602827,Sandy Soil,Mashonaland Central,III,Humid Subtropical,7.390678630068532,Pumpkin,10.61,Cool Dry Season,81.55,Highly Suitable
2433,85.60351394045776,Clay Loam,Matabeleland North,III,Humid Subtropical,6.702211070172017,Pearl Millet,1.91,Cool Dry Season,91.87,Highly Suitable
2434,83.53393405395109,Silty Loam,Manicaland,III,Subtropical Highland,7.243550645449651,Sunflower,1.5,Rainy Season,87.06,Highly Suitable
2435,74.61447640671598,Loam,Matabeleland North,III,Semi-Arid,5.5787361239164905,Coffee,1.08,Rainy Season,62.91,Moderately Suitable
2436,76.29951337533043,Sandy Loam,Manicaland,III,Temperate Highland,4.713240339635558,Sweet Potatoes,9.15,Cool Dry Season,65.15,Suitable
2437,63.96558831821876,Red Clay,Midlands,III,Humid Subtropical,6.991021720479161,Potatoes,15.56,Dry Season,42.3,Low Suitability
2438,88.22680592287156,Clay Loam,Mashonaland East,IIa,Humid Subtropical,6.069980384669648,Watermelon,25.89,Dry Season,94.03,Highly Suitable
2439,24.444743282233535,Loam,Masvingo,V,Semi-Arid,5.418009813277465,Macadamia Nuts,1.9,Winter,57.95,Moderately Suitable
2440,61.36514789526858,Red Clay,Midlands,III,Humid Subtropical,6.7843326390925025,Tea,2.01,Cool Dry Season,39.92,Low Suitability
2441,27.6202043670783,Clay Loam,Midlands,IV,Subtropical Highland,4.934168474090505,Macadamia Nuts,1.6,Hot Dry Season,42.88,Low Suitability
2442,65.58360682409675,Sandy Soil,Mashonaland Central,III,Temperate Highland,6.210141069595149,Macadamia Nuts,1.99,Rainy Season,50.79,Moderately Suitable
2443,75.16280976755851,Clay Loam,Mashonaland West,III,Subtropical Highland,6.184377949133113,Sweet Potatoes,9.58,Winter,83.61,Highly Suitable
2444,81.53921206115797,Loam,Mashonaland West,IIb,Temperate Highland,6.216319880597996,Pearl Millet,1.92,Dry Season,90.49,Highly Suitable
2445,69.22822009044746,Sandy Loam,Matabeleland North,III,Temperate Highland,6.462522744696316,Dry Beans,1.44,Rainy Season,75.0,Suitable
2446,83.49339461037229,Red Clay,Harare,IIb,Temperate Highland,8.154489716269497,Onions,19.75,Cool Dry Season,60.34,Moderately Suitable
2447,90.92641423342924,Sandy Loam,Mashonaland Central,IIa,Temperate Highland,6.001679598826906,Dry Beans,1.44,Rainy Season,84.04,Highly Suitable
2448,84.07459149056692,Sandy Loam,Harare,IIb,Subtropical Highland,5.233362477590652,Cabbage,20.25,Cool Dry Season,62.27,Moderately Suitable
2449,56.09145916018634,Red Clay,Matabeleland South,V,Humid Subtropical,5.578519306323488,Pumpkin,12.38,Hot Dry Season,63.86,Moderately Suitable
2450,36.22152946568688,Silty Loam,Masvingo,V,Temperate Highland,5.142142794529287,Groundnuts,1.06,Rainy Season,49.04,Low Suitability
2451,58.69418888792087,Sandy Soil,Midlands,IV,Semi-Arid,5.971429661659256,Finger Millet,1.57,Dry Season,63.14,Moderately Suitable
2452,91.27172600599272,Silty Loam,Midlands,III,Temperate Highland,7.156082706286245,Sugar Beans,1.82,Winter,77.31,Suitable
2453,100.0,Loam,Harare,IIa,Humid Subtropical,4.964459890189267,Maize,3.13,Hot Dry Season,49.17,Low Suitability
2454,91.24604074517484,Red Clay,Harare,IIb,Semi-Arid,6.113439706466639,Tobacco,2.26,Rainy Season,78.65,Suitable
2455,74.62356599739016,Clay Loam,Mashonaland Central,III,Dry Tropical,6.282835802858959,Dry Beans,1.4,Cool Dry Season,75.99,Suitable
2456,61.250865121025896,Red Clay,Mashonaland West,III,Humid Subtropical,7.409953721966637,Tobacco,1.54,Cool Dry Season,37.72,Low Suitability
2457,74.34449842511873,Sandy Loam,Midlands,III,Dry Tropical,5.0764623923644745,Paprika,2.43,Dry Season,48.84,Low Suitability
2458,90.05502916365688,Red Clay,Matabeleland North,III,Temperate Highland,7.260148374384808,Groundnuts,1.34,Rainy Season,82.29,Highly Suitable
2459,64.41215356699516,Loam,Matabeleland South,IV,Subtropical Highland,7.092633534643634,Groundnuts,1.38,Dry Season,70.96,Suitable
2460,37.288258699346166,Clay Loam,Midlands,IV,Semi-Arid,7.51696554875644,Cabbage,19.57,Dry Season,38.17,Low Suitability
2461,45.36172540268599,Silty Loam,Matabeleland South,IV,Subtropical Highland,5.50041255047746,Macadamia Nuts,1.61,Dry Season,52.82,Moderately Suitable
2462,71.92727370366242,Loam,Matabeleland North,III,Subtropical Highland,5.851651418239629,Tomatoes,25.97,Hot Dry Season,54.53,Moderately Suitable
2463,21.23081930382298,Sandy Soil,Matabeleland South,V,Dry Tropical,4.2,Watermelon,24.49,Hot Dry Season,22.85,Not Suitable
2464,19.361195651163406,Clay Loam,Matabeleland South,IV,Temperate Highland,5.368468247403166,Macadamia Nuts,1.79,Rainy Season,54.76,Moderately Suitable
2465,58.143144245957686,Sandy Soil,Mashonaland West,IIa,Dry Tropical,6.9047867651024335,Tea,1.94,Hot Dry Season,24.29,Not Suitable
2466,72.44470887260151,Sandy Loam,Mashonaland West,IIb,Subtropical Highland,7.605216337023311,Cowpeas,1.3,Winter,82.29,Highly Suitable
2467,61.76197438584928,Clay Loam,Midlands,IV,Temperate Highland,6.302936732511914,Tobacco,1.42,Cool Dry Season,52.01,Moderately Suitable
2468,55.0862051903849,Clay Loam,Mashonaland Central,III,Temperate Highland,7.130796443756602,Carrots,18.62,Winter,51.68,Moderately Suitable
2469,59.97378745326775,Sandy Soil,Midlands,III,Semi-Arid,7.044659289760761,Tomatoes,28.64,Rainy Season,48.96,Low Suitability
2470,59.46594170958644,Red Clay,Midlands,III,Dry Tropical,7.29994738488722,Pumpkin,10.93,Winter,67.43,Suitable
2471,83.30782301744246,Sandy Loam,Mashonaland Central,IIa,Temperate Highland,7.362239539789218,Potatoes,14.42,Rainy Season,45.8,Low Suitability
2472,55.08951831918014,Red Clay,Manicaland,III,Humid Subtropical,5.771958700766659,Paprika,1.99,Rainy Season,51.41,Moderately Suitable
2473,50.62410579670551,Sandy Loam,Matabeleland North,IV,Subtropical Highland,7.965341057346735,Cotton,1.62,Dry Season,47.03,Low Suitability
2474,65.26907647341153,Red Clay,Midlands,III,Subtropical Highland,6.351918796783609,Carrots,15.86,Winter,70.19,Suitable
2475,93.09115423398868,Clay Soil,Manicaland,III,Humid Subtropical,6.3277626949435355,Potatoes,18.64,Hot Dry Season,69.31,Suitable
2476,100.0,Clay Soil,Mashonaland Central,IIa,Dry Tropical,6.058805322500979,Sugar Beans,1.57,Hot Dry Season,86.71,Highly Suitable
2477,86.14681247187531,Loam,Mashonaland West,IIb,Humid Subtropical,6.50323247124812,Pearl Millet,1.76,Rainy Season,99.31,Highly Suitable
2478,47.20480186786639,Silty Loam,Matabeleland South,V,Temperate Highland,6.463773325936749,Paprika,2.48,Rainy Season,65.76,Suitable
2479,100.0,Sandy Soil,Manicaland,I,Dry Tropical,6.6434056213526,Sweet Potatoes,9.63,Winter,85.02,Highly Suitable
2480,57.32553145089361,Sandy Soil,Midlands,III,Dry Tropical,5.101880675345426,Macadamia Nuts,1.58,Dry Season,32.14,Not Suitable
2481,52.68369389089396,Clay Loam,Manicaland,III,Humid Subtropical,5.962105255726467,Sugar Beans,1.35,Hot Dry Season,49.75,Low Suitability
2482,82.8913397036704,Loam,Mashonaland West,IIb,Subtropical Highland,6.865416496723395,Finger Millet,1.85,Hot Dry Season,89.63,Highly Suitable
2483,91.61998399811088,Sandy Loam,Mashonaland Central,IIa,Subtropical Highland,7.586347449163597,Carrots,18.12,Winter,81.72,Highly Suitable
2484,26.692790189638238,Red Clay,Masvingo,V,Subtropical Highland,5.755063105713714,Tobacco,1.79,Hot Dry Season,50.78,Moderately Suitable
2485,60.8085392424858,Clay Soil,Mashonaland Central,III,Dry Tropical,6.960521635700532,Soybeans,1.88,Rainy Season,51.64,Moderately Suitable
2486,66.81571106959348,Sandy Loam,Manicaland,III,Dry Tropical,5.653682901817257,Cabbage,21.13,Rainy Season,41.2,Low Suitability
2487,100.0,Silty Loam,Manicaland,I,Semi-Arid,6.978953457145326,Carrots,19.18,Rainy Season,70.36,Suitable
2488,86.4830042261777,Sandy Loam,Matabeleland North,III,Subtropical Highland,6.952148963784148,Tobacco,1.55,Rainy Season,65.52,Suitable
2489,74.40961680910537,Sandy Loam,Mashonaland East,IIa,Humid Subtropical,5.997665026445953,Watermelon,22.29,Dry Season,74.95,Suitable
2490,100.0,Loam,Mashonaland West,IIb,Temperate Highland,5.12418432574433,Cowpeas,1.05,Dry Season,83.31,Highly Suitable
2491,46.604635362906706,Sandy Soil,Midlands,IV,Humid Subtropical,5.924788926652369,Cotton,1.29,Winter,44.29,Low Suitability
2492,74.50229365933839,Sandy Loam,Manicaland,IIa,Semi-Arid,6.526376503486288,Cowpeas,1.19,Dry Season,91.03,Highly Suitable
2493,73.33886308335275,Sandy Soil,Mashonaland Central,III,Dry Tropical,7.261100439638291,Paprika,2.61,Cool Dry Season,65.13,Suitable
2494,60.96447999738311,Silty Loam,Matabeleland South,IV,Temperate Highland,5.982162194813828,Maize,3.26,Winter,46.13,Low Suitability
2495,40.043006493972044,Sandy Loam,Matabeleland North,IV,Subtropical Highland,5.416256779501241,Cotton,1.34,Winter,38.09,Low Suitability
2496,79.76398418300515,Clay Soil,Masvingo,IV,Subtropical Highland,5.49252482237851,Pearl Millet,2.0,Hot Dry Season,73.3,Suitable
2497,55.28539854832618,Clay Loam,Midlands,IV,Temperate Highland,6.302534321557669,Soybeans,1.32,Hot Dry Season,49.33,Low Suitability
2498,74.59611946159998,Red Clay,Mashonaland East,IIb,Humid Subtropical,5.481526833107247,Tomatoes,27.17,Cool Dry Season,52.96,Moderately Suitable
2499,47.29810399432914,Red Clay,Mashonaland West,III,Humid Subtropical,7.0493560010327245,Cowpeas,1.0,Rainy Season,64.6,Moderately Suitable
2500,70.95835023733055,Sandy Loam,Manicaland,III,Semi-Arid,6.1154602968315395,Onions,19.41,Winter,62.0,Moderately Suitable
2501,29.23760744756007,Loam,Matabeleland North,IV,Subtropical Highland,5.601588291081177,Finger Millet,1.34,Cool Dry Season,52.73,Moderately Suitable
2502,41.22025663971834,Loam,Mashonaland West,III,Semi-Arid,5.882493702999291,Sugar Beans,1.36,Winter,49.51,Low Suitability
2503,49.49048314280937,Loam,Mashonaland West,III,Semi-Arid,5.869145561271829,Tomatoes,24.16,Rainy Season,45.92,Low Suitability
2504,45.00691835316368,Red Clay,Midlands,IV,Dry Tropical,7.33127057621355,Paprika,2.12,Cool Dry Season,46.32,Low Suitability
2505,70.11294720209288,Loam,Mashonaland East,IIb,Humid Subtropical,6.760592717931626,Sorghum,2.21,Rainy Season,91.49,Highly Suitable
2506,62.297368356449105,Sandy Soil,Mashonaland Central,III,Dry Tropical,5.877846513577107,Cabbage,23.29,Dry Season,39.02,Low Suitability
2507,30.114084554023528,Clay Loam,Masvingo,V,Semi-Arid,5.74209335900958,Dry Beans,1.13,Dry Season,45.06,Low Suitability
2508,93.02372393738852,Clay Loam,Mashonaland East,IIa,Humid Subtropical,6.41540999834716,Coffee,0.8,Hot Dry Season,54.77,Moderately Suitable
2509,92.40174182022403,Red Clay,Mashonaland West,IIa,Humid Subtropical,5.243876979398024,Sugar Beans,1.29,Rainy Season,74.3,Suitable
2510,25.940367683270452,Sandy Soil,Matabeleland North,IV,Dry Tropical,6.836278553237139,Sweet Potatoes,11.45,Cool Dry Season,53.76,Moderately Suitable
2511,70.74843677843904,Loam,Masvingo,IV,Dry Tropical,6.059683865187273,Watermelon,22.2,Hot Dry Season,80.52,Highly Suitable
2512,64.92043158533588,Sandy Loam,Mashonaland West,III,Humid Subtropical,5.927482452067673,Sorghum,1.95,Cool Dry Season,71.4,Suitable
2513,87.5155944401146,Clay Loam,Mashonaland East,IIb,Humid Subtropical,5.942627974450065,Tea,1.95,Hot Dry Season,56.87,Moderately Suitable
2514,28.238856844995954,Clay Loam,Matabeleland South,V,Humid Subtropical,6.355051693708802,Soybeans,2.2,Cool Dry Season,60.43,Moderately Suitable
2515,62.69509368413872,Sandy Soil,Matabeleland North,III,Dry Tropical,7.290434377840594,Macadamia Nuts,1.19,Cool Dry Season,26.79,Not Suitable
2516,60.239967340539835,Silty Loam,Mashonaland Central,IIa,Subtropical Highland,4.937653690215295,Soybeans,1.51,Hot Dry Season,38.54,Low Suitability
2517,100.0,Sandy Soil,Mashonaland Central,IIa,Dry Tropical,6.642850403700719,Tobacco,2.08,Winter,74.93,Suitable
2518,58.85432928250317,Red Clay,Matabeleland North,IV,Dry Tropical,5.712226116971102,Cotton,1.51,Winter,65.74,Suitable
2519,100.0,Red Clay,Manicaland,I,Semi-Arid,5.870709243940653,Tomatoes,25.65,Rainy Season,67.87,Suitable
2520,79.48319176348046,Loam,Mashonaland East,IIa,Subtropical Highland,6.6572649070879715,Onions,20.07,Cool Dry Season,87.78,Highly Suitable
2521,53.04555061153007,Loam,Midlands,III,Temperate Highland,5.032512909320786,Cowpeas,1.18,Winter,61.11,Moderately Suitable
2522,100.0,Silty Loam,Mashonaland Central,IIa,Humid Subtropical,5.5037130721014975,Soybeans,2.02,Cool Dry Season,69.27,Suitable
2523,95.30928452646195,Clay Soil,Manicaland,IIa,Subtropical Highland,6.178057004027804,Carrots,18.98,Hot Dry Season,100.0,Highly Suitable
2524,65.42308541290501,Sandy Soil,Manicaland,III,Humid Subtropical,6.005321513284142,Tobacco,1.28,Cool Dry Season,46.17,Low Suitability
2525,74.160567447874,Red Clay,Manicaland,I,Dry Tropical,5.414856278473801,Tobacco,1.76,Winter,60.67,Moderately Suitable
2526,62.30026446791409,Clay Soil,Mashonaland West,III,Dry Tropical,5.689967128868832,Tobacco,1.95,Hot Dry Season,45.85,Low Suitability
2527,80.4789491485128,Sandy Soil,Mashonaland West,IIa,Subtropical Highland,6.4553262611473645,Watermelon,26.27,Rainy Season,87.75,Highly Suitable
2528,78.17235772926101,Clay Loam,Mashonaland East,IIa,Semi-Arid,7.42996016961841,Cotton,1.85,Dry Season,81.79,Highly Suitable
2529,85.26117898872616,Red Clay,Mashonaland Central,IIa,Semi-Arid,5.402774905709088,Carrots,18.96,Winter,76.23,Suitable
2530,99.5718584141202,Clay Soil,Manicaland,I,Temperate Highland,7.517055741611556,Finger Millet,1.69,Winter,75.0,Suitable
2531,76.62113202459474,Red Clay,Mashonaland West,IIb,Temperate Highland,6.502642183646998,Dry Beans,1.49,Cool Dry Season,77.44,Suitable
2532,64.44591911410566,Silty Loam,Matabeleland North,III,Humid Subtropical,6.1860790098040646,Sorghum,2.18,Hot Dry Season,79.19,Suitable
2533,95.01702641136112,Red Clay,Mashonaland West,IIb,Subtropical Highland,5.213898752707111,Onions,17.09,Winter,58.42,Moderately Suitable
2534,61.042562877434165,Clay Soil,Mashonaland West,III,Dry Tropical,6.562485366824378,Tomatoes,32.46,Dry Season,49.39,Low Suitability
2535,72.46654470282199,Sandy Loam,Masvingo,III,Dry Tropical,6.275068304621432,Paprika,2.35,Hot Dry Season,77.77,Suitable
2536,51.54335682192963,Red Clay,Masvingo,IV,Subtropical Highland,5.436254976220292,Finger Millet,1.9,Dry Season,70.2,Suitable
2537,55.74216250813159,Silty Loam,Midlands,IV,Semi-Arid,7.336647206208825,Tomatoes,26.53,Winter,51.97,Moderately Suitable
2538,70.81948126723142,Sandy Soil,Mashonaland East,IIb,Humid Subtropical,7.132506127230206,Tobacco,1.56,Rainy Season,42.98,Low Suitability
2539,60.8793783457582,Sandy Soil,Mashonaland West,IIb,Subtropical Highland,7.071559803493073,Paprika,2.7,Winter,57.19,Moderately Suitable
2540,82.09573152893614,Clay Soil,Manicaland,III,Humid Subtropical,6.627754247198324,Sweet Potatoes,10.99,Rainy Season,85.04,Highly Suitable
2541,64.93181600736807,Red Clay,Matabeleland North,III,Semi-Arid,6.579544265369776,Macadamia Nuts,1.24,Cool Dry Season,46.96,Low Suitability
2542,43.97230375993006,Clay Loam,Matabeleland South,V,Dry Tropical,6.337706873292759,Coffee,1.11,Winter,46.31,Low Suitability
2543,60.835166792950574,Sandy Soil,Matabeleland North,III,Subtropical Highland,6.9619251520853105,Coffee,0.76,Hot Dry Season,36.27,Low Suitability
2544,61.650597910808585,Clay Loam,Matabeleland South,IV,Humid Subtropical,6.906276681599781,Potatoes,16.63,Rainy Season,44.21,Low Suitability
2545,60.34171503352344,Clay Loam,Mashonaland Central,III,Temperate Highland,7.4121888019495685,Macadamia Nuts,1.79,Winter,44.4,Low Suitability
2546,92.43878581368999,Red Clay,Harare,IIb,Semi-Arid,6.507403616944426,Paprika,2.5,Dry Season,84.77,Highly Suitable
2547,49.09942180191187,Silty Loam,Matabeleland North,III,Semi-Arid,6.813447997049153,Cotton,1.66,Cool Dry Season,62.26,Moderately Suitable
2548,56.74965027730424,Red Clay,Midlands,IV,Dry Tropical,5.985441992452668,Watermelon,23.62,Hot Dry Season,66.71,Suitable
2549,64.26854389455163,Loam,Matabeleland North,III,Temperate Highland,5.431839908592087,Watermelon,23.56,Hot Dry Season,62.23,Moderately Suitable
2550,58.915677742481634,Sandy Loam,Matabeleland North,III,Humid Subtropical,6.345135142273388,Carrots,16.05,Cool Dry Season,70.67,Suitable
2551,68.62232679520642,Loam,Matabeleland North,III,Semi-Arid,7.267301993968036,Finger Millet,1.88,Dry Season,77.21,Suitable
2552,40.416541612836085,Silty Loam,Matabeleland South,V,Subtropical Highland,7.113740414647923,Potatoes,13.64,Winter,46.25,Low Suitability
2553,46.96520888287214,Clay Loam,Matabeleland North,III,Subtropical Highland,5.623032813932851,Wheat,3.71,Dry Season,40.02,Low Suitability
2554,100.0,Sandy Soil,Manicaland,I,Dry Tropical,6.112782136244532,Carrots,18.84,Cool Dry Season,89.42,Highly Suitable
2555,62.07148951532024,Clay Loam,Matabeleland North,IV,Subtropical Highland,7.173876242145706,Sorghum,2.22,Rainy Season,80.79,Highly Suitable
2556,63.377627850492814,Sandy Soil,Mashonaland Central,III,Semi-Arid,5.243736725334422,Onions,18.23,Dry Season,39.2,Low Suitability
2557,36.78451847406596,Sandy Loam,Matabeleland North,IV,Subtropical Highland,7.7416707828197495,Pearl Millet,1.27,Winter,45.68,Low Suitability
2558,100.0,Clay Loam,Harare,IIa,Dry Tropical,5.617152638604027,Onions,21.86,Dry Season,70.59,Suitable
2559,64.63654686535928,Loam,Matabeleland North,IV,Dry Tropical,6.802387115135777,Groundnuts,1.31,Hot Dry Season,70.12,Suitable
2560,54.60261211517489,Red Clay,Masvingo,III,Temperate Highland,5.729148173697001,Sweet Potatoes,8.81,Hot Dry Season,58.12,Moderately Suitable
2561,35.60091517604449,Red Clay,Matabeleland South,V,Humid Subtropical,6.667993220272384,Watermelon,23.57,Dry Season,46.46,Low Suitability
2562,64.01972423594907,Loam,Manicaland,III,Temperate Highland,6.565197830820005,Sorghum,2.11,Dry Season,84.69,Highly Suitable
2563,74.00275793117177,Sandy Soil,Matabeleland North,III,Humid Subtropical,5.671002880469379,Wheat,3.76,Cool Dry Season,73.66,Suitable
2564,79.09466216790813,Loam,Manicaland,IIa,Humid Subtropical,5.621217499251124,Dry Beans,1.24,Cool Dry Season,74.3,Suitable
2565,56.92389468932009,Loam,Matabeleland North,IV,Temperate Highland,6.08157573672757,Sweet Potatoes,7.95,Dry Season,63.59,Moderately Suitable
2566,72.91028498857341,Clay Loam,Harare,IIb,Subtropical Highland,6.057176349776734,Sugar Beans,1.21,Rainy Season,71.01,Suitable
2567,56.79191319572351,Red Clay,Matabeleland North,IV,Subtropical Highland,6.250706599083655,Cotton,1.49,Hot Dry Season,69.43,Suitable
2568,10.0,Clay Loam,Masvingo,V,Semi-Arid,6.6520234999067025,Carrots,11.62,Winter,51.81,Moderately Suitable
2569,67.60468979918778,Silty Loam,Harare,IIa,Dry Tropical,6.512141509005179,Soybeans,2.1,Rainy Season,70.05,Suitable
2570,17.686837048196658,Clay Soil,Matabeleland South,V,Dry Tropical,6.465217873543271,Cowpeas,0.99,Hot Dry Season,59.57,Moderately Suitable
2571,75.97845489962248,Sandy Soil,Mashonaland Central,IIb,Dry Tropical,5.812995827271891,Pumpkin,12.02,Rainy Season,73.71,Suitable
2572,86.46800441366086,Sandy Loam,Manicaland,I,Dry Tropical,5.379080573706074,Cabbage,19.83,Rainy Season,50.55,Moderately Suitable
2573,60.41109459803221,Sandy Soil,Matabeleland South,IV,Temperate Highland,6.59388789271706,Pearl Millet,2.01,Dry Season,79.85,Suitable
2574,65.35886365890322,Sandy Soil,Matabeleland North,III,Dry Tropical,5.696616269716866,Pearl Millet,1.68,Hot Dry Season,81.27,Highly Suitable
2575,87.6756014561986,Red Clay,Mashonaland Central,IIa,Humid Subtropical,7.337560074991964,Pearl Millet,1.72,Rainy Season,84.65,Highly Suitable
2576,57.70683460644297,Sandy Loam,Mashonaland East,IIb,Semi-Arid,5.5911089132875755,Watermelon,21.48,Dry Season,51.43,Moderately Suitable
2577,16.902583680134732,Sandy Soil,Masvingo,V,Semi-Arid,6.383471588659889,Cotton,1.07,Cool Dry Season,50.24,Moderately Suitable
2578,100.0,Red Clay,Manicaland,IIa,Humid Subtropical,5.889126882377731,Sorghum,1.99,Dry Season,84.71,Highly Suitable
2579,64.62299203547958,Sandy Loam,Manicaland,III,Temperate Highland,5.571101221148582,Wheat,4.57,Hot Dry Season,57.13,Moderately Suitable
2580,28.37266520465159,Clay Soil,Masvingo,V,Subtropical Highland,4.834026379047877,Wheat,3.8,Dry Season,35.82,Low Suitability
2581,90.5688699652864,Sandy Loam,Mashonaland Central,IIb,Dry Tropical,6.589715698201482,Cotton,1.63,Rainy Season,90.76,Highly Suitable
2582,81.79128117593233,Red Clay,Masvingo,III,Dry Tropical,5.899436313130955,Tobacco,1.74,Cool Dry Season,60.28,Moderately Suitable
2583,69.42185718663681,Sandy Soil,Masvingo,IV,Semi-Arid,5.363907071223407,Pearl Millet,2.0,Dry Season,76.33,Suitable
2584,93.78221126214277,Sandy Loam,Mashonaland East,IIb,Dry Tropical,6.695087279634765,Dry Beans,1.34,Cool Dry Season,86.62,Highly Suitable
2585,90.0423637051287,Silty Loam,Manicaland,IIa,Temperate Highland,5.8302391282121,Maize,3.81,Rainy Season,64.97,Moderately Suitable
2586,83.63841961236332,Clay Loam,Mashonaland East,IIb,Humid Subtropical,5.736099271881156,Onions,16.94,Dry Season,70.03,Suitable
2587,61.85149829750915,Clay Loam,Harare,IIa,Semi-Arid,4.511940803613885,Dry Beans,1.45,Rainy Season,35.84,Low Suitability
2588,74.87960871014988,Clay Loam,Mashonaland West,IIb,Semi-Arid,6.166459808698056,Pumpkin,12.9,Cool Dry Season,91.65,Highly Suitable
2589,98.88845870036863,Loam,Mashonaland East,IIa,Humid Subtropical,6.8759769463690485,Sunflower,1.62,Hot Dry Season,94.43,Highly Suitable
2590,66.07882903623961,Clay Soil,Mashonaland West,IIb,Dry Tropical,6.475135821369557,Sugar Beans,1.51,Cool Dry Season,63.07,Moderately Suitable
2591,82.02741501874694,Clay Soil,Mashonaland Central,IIa,Semi-Arid,5.618659457289664,Tobacco,2.12,Hot Dry Season,60.48,Moderately Suitable
2592,59.102715062598726,Clay Loam,Matabeleland North,IV,Semi-Arid,6.9396787122634445,Tobacco,1.79,Dry Season,46.1,Low Suitability
2593,73.91299013749028,Sandy Soil,Mashonaland East,IIa,Subtropical Highland,4.927940351725713,Coffee,1.19,Winter,38.23,Low Suitability
2594,100.0,Sandy Loam,Harare,IIa,Semi-Arid,7.62911976432373,Pumpkin,12.35,Hot Dry Season,86.66,Highly Suitable
2595,81.83291169579955,Red Clay,Mashonaland West,IIb,Humid Subtropical,6.200046653457774,Tomatoes,29.74,Rainy Season,66.52,Suitable
2596,55.99353715377739,Clay Loam,Mashonaland West,III,Humid Subtropical,5.758044876896497,Cotton,1.5,Winter,55.19,Moderately Suitable
2597,87.67821123624799,Red Clay,Mashonaland Central,IIa,Dry Tropical,6.133603248548248,Cabbage,19.64,Winter,66.14,Suitable
2598,60.421736890087715,Clay Soil,Mashonaland West,IIb,Temperate Highland,5.060764848317768,Potatoes,17.38,Winter,44.25,Low Suitability
2599,56.10813904210299,Red Clay,Midlands,III,Humid Subtropical,5.636336653615192,Tobacco,1.97,Dry Season,58.0,Moderately Suitable
2600,62.66414940808188,Clay Loam,Mashonaland Central,IIb,Semi-Arid,6.137135975879074,Macadamia Nuts,1.79,Cool Dry Season,56.85,Moderately Suitable
2601,70.5347241952778,Red Clay,Midlands,IV,Temperate Highland,5.698406599889639,Pumpkin,10.91,Winter,70.08,Suitable
2602,80.37257495120315,Loam,Manicaland,I,Semi-Arid,6.497640266972412,Sweet Potatoes,9.53,Dry Season,79.33,Suitable
2603,68.42960495996188,Silty Loam,Mashonaland East,IIa,Semi-Arid,6.314800980913829,Sweet Potatoes,9.93,Cool Dry Season,81.4,Highly Suitable
2604,88.65435873205354,Sandy Loam,Mashonaland East,IIb,Dry Tropical,6.736443040133851,Dry Beans,1.35,Winter,64.64,Moderately Suitable
2605,80.12752791080631,Sandy Soil,Mashonaland East,IIa,Semi-Arid,7.619426146854506,Potatoes,12.04,Hot Dry Season,31.8,Not Suitable
2606,48.54001125719325,Sandy Loam,Masvingo,IV,Temperate Highland,6.093067821525494,Tobacco,1.76,Dry Season,52.69,Moderately Suitable
2607,59.882702156733615,Clay Loam,Manicaland,III,Semi-Arid,5.808153832655651,Maize,3.75,Hot Dry Season,54.79,Moderately Suitable
2608,52.99189077270687,Clay Loam,Midlands,IV,Dry Tropical,6.174897395585982,Cotton,1.59,Hot Dry Season,63.03,Moderately Suitable
2609,64.88941259694337,Clay Soil,Midlands,IV,Semi-Arid,4.963320331763585,Dry Beans,1.25,Cool Dry Season,42.25,Low Suitability
2610,70.20599035256397,Red Clay,Mashonaland West,III,Semi-Arid,6.557871594798002,Maize,3.87,Hot Dry Season,60.05,Moderately Suitable
2611,66.90806138591708,Sandy Soil,Midlands,III,Humid Subtropical,6.7961017626105225,Sorghum,2.2,Cool Dry Season,78.97,Suitable
2612,95.26982787338784,Red Clay,Manicaland,III,Humid Subtropical,6.727195830017708,Wheat,4.66,Rainy Season,83.43,Highly Suitable
2613,10.106550383207917,Clay Soil,Masvingo,V,Humid Subtropical,7.3353784934973,Cabbage,23.25,Dry Season,55.81,Moderately Suitable
2614,74.07337806892598,Clay Soil,Manicaland,III,Dry Tropical,6.675164294577743,Maize,3.81,Rainy Season,59.85,Moderately Suitable
2615,88.81948456560244,Sandy Loam,Mashonaland Central,IIb,Dry Tropical,7.59393996231217,Sugar Beans,1.71,Hot Dry Season,67.1,Suitable
2616,100.0,Silty Loam,Mashonaland East,IIa,Semi-Arid,7.430357415806639,Finger Millet,1.83,Cool Dry Season,77.16,Suitable
2617,59.53699980515079,Clay Soil,Masvingo,IV,Temperate Highland,5.568096513859787,Macadamia Nuts,2.13,Dry Season,49.65,Low Suitability
2618,75.87104318686163,Clay Soil,Mashonaland West,IIb,Humid Subtropical,6.366241319682044,Pumpkin,13.01,Cool Dry Season,94.69,Highly Suitable
2619,64.390106172108,Sandy Loam,Mashonaland West,IIb,Subtropical Highland,7.526260543692709,Pearl Millet,1.89,Hot Dry Season,77.87,Suitable
2620,85.8286179164652,Clay Loam,Mashonaland Central,IIa,Dry Tropical,5.71405761111629,Tomatoes,25.37,Rainy Season,56.51,Moderately Suitable
2621,69.51966306412045,Clay Loam,Masvingo,III,Subtropical Highland,5.394359789778044,Sugar Beans,1.31,Rainy Season,63.8,Moderately Suitable
2622,63.81617289154309,Sandy Loam,Mashonaland West,III,Subtropical Highland,8.119646342499282,Cowpeas,1.12,Rainy Season,64.24,Moderately Suitable
2623,42.185724141491754,Red Clay,Matabeleland North,IV,Dry Tropical,6.7695974008316515,Wheat,3.7,Winter,49.05,Low Suitability
2624,58.32006646288136,Loam,Mashonaland Central,IIb,Subtropical Highland,6.440539295544347,Watermelon,26.05,Rainy Season,78.07,Suitable
2625,46.80061307997462,Clay Loam,Matabeleland North,IV,Dry Tropical,7.311341056580918,Sorghum,1.67,Cool Dry Season,61.15,Moderately Suitable
2626,93.7228303174402,Silty Loam,Mashonaland East,IIa,Temperate Highland,5.115287571978422,Sweet Potatoes,9.78,Dry Season,81.27,Highly Suitable
2627,60.93097721075161,Silty Loam,Midlands,IV,Semi-Arid,5.676244776070752,Cabbage,19.14,Winter,41.57,Low Suitability
2628,53.30515817161633,Loam,Midlands,IV,Humid Subtropical,4.891555376130814,Cabbage,19.33,Hot Dry Season,33.49,Not Suitable
2629,84.94494469334921,Clay Soil,Manicaland,I,Dry Tropical,5.59265224812701,Maize,2.77,Hot Dry Season,49.24,Low Suitability
2630,45.578474328925694,Clay Loam,Midlands,IV,Humid Subtropical,5.755774390302412,Sorghum,1.93,Dry Season,70.64,Suitable
2631,88.51217171530794,Loam,Manicaland,IIa,Humid Subtropical,5.535635114285305,Carrots,18.7,Cool Dry Season,90.46,Highly Suitable
2632,29.229745566636936,Clay Soil,Masvingo,V,Humid Subtropical,7.2932611621183625,Soybeans,1.83,Dry Season,45.56,Low Suitability
2633,75.65463697184529,Silty Loam,Masvingo,III,Temperate Highland,5.686581426567434,Potatoes,17.07,Hot Dry Season,69.99,Suitable
2634,32.244021238415286,Sandy Loam,Midlands,IV,Temperate Highland,6.224663319988809,Onions,15.53,Rainy Season,44.07,Low Suitability
2635,59.852809746428356,Clay Soil,Matabeleland South,IV,Dry Tropical,6.559420977346684,Sorghum,2.06,Cool Dry Season,79.65,Suitable
2636,53.214564824451784,Loam,Matabeleland South,IV,Subtropical Highland,6.664780376603279,Pumpkin,12.87,Cool Dry Season,74.0,Suitable
2637,67.16081312899574,Sandy Soil,Midlands,III,Dry Tropical,6.014750944593338,Cotton,1.81,Dry Season,73.8,Suitable
2638,87.6909612715657,Sandy Soil,Mashonaland Central,IIa,Semi-Arid,6.21838768965382,Pumpkin,13.01,Cool Dry Season,86.57,Highly Suitable
2639,92.21357758459294,Red Clay,Mashonaland East,IIa,Subtropical Highland,5.6512716088674235,Sorghum,1.97,Hot Dry Season,92.33,Highly Suitable
2640,25.455868946551576,Sandy Loam,Matabeleland South,V,Semi-Arid,6.126403445873033,Macadamia Nuts,1.73,Cool Dry Season,50.94,Moderately Suitable
2641,50.11776489193167,Red Clay,Masvingo,V,Semi-Arid,5.215801176873905,Pumpkin,11.11,Rainy Season,47.45,Low Suitability
2642,39.6771068766222,Clay Loam,Midlands,IV,Dry Tropical,5.810498577426803,Potatoes,15.07,Cool Dry Season,55.56,Moderately Suitable
2643,32.24612012518867,Clay Loam,Matabeleland South,IV,Subtropical Highland,7.251270463014476,Finger Millet,1.35,Dry Season,44.47,Low Suitability
2644,88.28844162754852,Clay Soil,Harare,IIa,Subtropical Highland,6.119101961526031,Maize,3.33,Cool Dry Season,53.85,Moderately Suitable
2645,76.5058911063859,Silty Loam,Matabeleland North,III,Humid Subtropical,5.803513468509429,Cowpeas,1.21,Dry Season,92.63,Highly Suitable
2646,42.003297246106655,Red Clay,Masvingo,V,Semi-Arid,7.178723424622046,Maize,3.02,Cool Dry Season,40.52,Low Suitability
2647,75.42230035528394,Sandy Loam,Mashonaland Central,IIb,Temperate Highland,6.8284912462086265,Coffee,0.81,Dry Season,30.18,Not Suitable
2648,57.2761253539477,Clay Loam,Matabeleland South,IV,Temperate Highland,7.195150217614832,Cabbage,19.26,Dry Season,55.27,Moderately Suitable
2649,50.510276961350435,Sandy Soil,Matabeleland North,IV,Semi-Arid,7.017616726165265,Tobacco,1.24,Winter,36.24,Low Suitability
2650,42.53927611718466,Loam,Masvingo,III,Subtropical Highland,7.092805469874261,Pumpkin,10.79,Winter,53.96,Moderately Suitable
2651,89.95362513619345,Loam,Harare,IIa,Humid Subtropical,6.3035732649840455,Sunflower,1.47,Cool Dry Season,88.67,Highly Suitable
2652,64.32145087314707,Silty Loam,Matabeleland North,IV,Subtropical Highland,6.457929020427118,Cabbage,16.64,Winter,58.42,Moderately Suitable
2653,88.14960085524774,Clay Soil,Mashonaland Central,IIa,Dry Tropical,6.263292880879007,Cotton,1.94,Hot Dry Season,94.72,Highly Suitable
2654,80.33427046892754,Sandy Soil,Harare,IIa,Temperate Highland,5.3941180375030315,Cabbage,21.35,Cool Dry Season,51.31,Moderately Suitable
2655,18.929836839435723,Silty Loam,Matabeleland South,V,Subtropical Highland,5.049881038911103,Sweet Potatoes,7.85,Cool Dry Season,39.5,Low Suitability
2656,92.46775960922356,Sandy Soil,Mashonaland West,IIa,Humid Subtropical,5.704380568183017,Watermelon,22.0,Hot Dry Season,71.93,Suitable
2657,93.61866866294046,Red Clay,Mashonaland West,IIb,Humid Subtropical,7.49690158971453,Sugar Beans,1.74,Winter,71.47,Suitable
2658,52.298240549715885,Clay Soil,Mashonaland Central,IIb,Dry Tropical,5.475329648804907,Sugar Beans,0.98,Hot Dry Season,34.57,Not Suitable
2659,61.10403664976293,Clay Soil,Matabeleland North,IV,Subtropical Highland,7.313468988268058,Pearl Millet,1.73,Rainy Season,78.72,Suitable
2660,91.00346377850934,Clay Soil,Mashonaland East,IIa,Humid Subtropical,6.52059730686265,Onions,16.27,Rainy Season,80.75,Highly Suitable
2661,59.824576449908406,Clay Loam,Midlands,IV,Subtropical Highland,5.344675921631955,Pearl Millet,2.06,Cool Dry Season,70.25,Suitable
2662,74.95522232754865,Clay Soil,Mashonaland East,IIa,Dry Tropical,4.759606983159428,Tea,1.88,Dry Season,47.99,Low Suitability
2663,67.38547821987716,Clay Loam,Mashonaland West,III,Dry Tropical,4.258093558280764,Potatoes,13.98,Hot Dry Season,38.91,Low Suitability
2664,68.76296958672798,Red Clay,Mashonaland East,IIb,Temperate Highland,5.6074491868865275,Tomatoes,24.28,Winter,48.89,Low Suitability
2665,67.24144812204742,Loam,Harare,IIb,Subtropical Highland,6.923788313460504,Maize,3.37,Winter,53.78,Moderately Suitable
2666,83.91273359736365,Loam,Manicaland,I,Dry Tropical,6.381566816409756,Watermelon,21.23,Winter,88.76,Highly Suitable
2667,55.45493337718381,Clay Loam,Midlands,IV,Temperate Highland,5.226106815612579,Carrots,17.46,Cool Dry Season,57.38,Moderately Suitable
2668,42.41352355798462,Sandy Loam,Midlands,III,Dry Tropical,6.188799010416897,Groundnuts,1.48,Winter,51.99,Moderately Suitable
2669,88.23062276559239,Clay Soil,Manicaland,IIa,Dry Tropical,6.875593443116776,Cotton,1.36,Hot Dry Season,81.51,Highly Suitable
2670,92.69870105657564,Red Clay,Mashonaland Central,IIa,Subtropical Highland,7.12705993124583,Potatoes,15.79,Dry Season,52.75,Moderately Suitable
2671,81.56645022795945,Clay Soil,Harare,IIb,Semi-Arid,5.745915251970643,Coffee,1.02,Dry Season,54.24,Moderately Suitable
2672,56.92788896400694,Clay Loam,Mashonaland West,III,Temperate Highland,5.496617870981201,Carrots,14.35,Hot Dry Season,59.23,Moderately Suitable
2673,67.77914561435136,Sandy Loam,Matabeleland North,III,Humid Subtropical,5.6227250747494875,Sugar Beans,1.28,Rainy Season,53.19,Moderately Suitable
2674,89.79976999536697,Sandy Soil,Harare,IIb,Temperate Highland,5.46412537143757,Pumpkin,13.25,Cool Dry Season,72.33,Suitable
2675,82.45982074469697,Clay Soil,Mashonaland Central,IIa,Humid Subtropical,5.8741643844229126,Sorghum,2.28,Rainy Season,90.21,Highly Suitable
2676,59.61195149250719,Clay Loam,Matabeleland North,IV,Humid Subtropical,8.024717213509945,Cowpeas,1.0,Rainy Season,70.23,Suitable
2677,56.11335147714907,Clay Loam,Masvingo,IV,Temperate Highland,4.496467183699635,Paprika,1.96,Cool Dry Season,44.96,Low Suitability
2678,53.54535062184979,Sandy Soil,Midlands,IV,Dry Tropical,6.795441184254836,Maize,2.73,Cool Dry Season,48.55,Low Suitability
2679,27.963722531492046,Sandy Loam,Matabeleland South,V,Humid Subtropical,5.913390206745813,Paprika,2.1,Cool Dry Season,43.85,Low Suitability
2680,53.13370235292953,Clay Loam,Masvingo,V,Humid Subtropical,6.041275142470489,Tea,1.7,Hot Dry Season,44.47,Low Suitability
2681,54.01101616047277,Loam,Matabeleland South,V,Humid Subtropical,7.217121787914524,Carrots,13.57,Rainy Season,44.85,Low Suitability
2682,41.25550530371724,Silty Loam,Matabeleland South,V,Semi-Arid,5.17005435625828,Sugar Beans,1.48,Cool Dry Season,40.04,Low Suitability
2683,88.80094433729157,Silty Loam,Mashonaland West,IIb,Temperate Highland,5.317309915963974,Sunflower,1.55,Hot Dry Season,78.34,Suitable
2684,77.42426610610443,Clay Soil,Mashonaland West,IIa,Subtropical Highland,5.826698141080162,Groundnuts,1.51,Hot Dry Season,77.94,Suitable
2685,91.98237145401781,Silty Loam,Mashonaland West,IIa,Semi-Arid,5.372779625207702,Sorghum,2.32,Cool Dry Season,78.93,Suitable
2686,64.98536330784378,Clay Soil,Midlands,III,Humid Subtropical,6.3172244539521625,Pumpkin,13.39,Hot Dry Season,83.72,Highly Suitable
2687,74.8902890197918,Loam,Midlands,III,Semi-Arid,7.232569776725613,Tea,2.01,Cool Dry Season,38.61,Low Suitability
2688,34.50085712158099,Sandy Soil,Matabeleland South,V,Temperate Highland,6.273646502602103,Pearl Millet,1.41,Hot Dry Season,51.14,Moderately Suitable
2689,64.47254615311174,Red Clay,Manicaland,III,Dry Tropical,6.771473101762777,Pumpkin,13.37,Rainy Season,82.96,Highly Suitable
2690,97.09966651485063,Clay Soil,Harare,IIa,Semi-Arid,7.2366000786506754,Carrots,18.37,Dry Season,80.47,Highly Suitable
2691,94.27697527636167,Sandy Soil,Mashonaland West,IIb,Subtropical Highland,7.272221520487426,Sugar Beans,1.46,Dry Season,79.62,Suitable
2692,69.17678238895081,Sandy Loam,Matabeleland North,IV,Humid Subtropical,4.921580796986059,Wheat,4.06,Cool Dry Season,55.29,Moderately Suitable
2693,88.09142708105512,Loam,Manicaland,I,Semi-Arid,5.81458761407451,Maize,3.32,Hot Dry Season,64.39,Moderately Suitable
2694,20.909895421599316,Silty Loam,Masvingo,IV,Subtropical Highland,7.771472133448022,Dry Beans,0.8,Dry Season,41.39,Low Suitability
2695,60.25966185461505,Clay Loam,Matabeleland North,III,Subtropical Highland,5.703037135005806,Dry Beans,1.11,Hot Dry Season,51.78,Moderately Suitable
2696,49.77072354958042,Red Clay,Matabeleland South,IV,Subtropical Highland,5.355251854855567,Pearl Millet,1.68,Rainy Season,65.71,Suitable
2697,36.29618794182247,Clay Soil,Matabeleland South,IV,Dry Tropical,7.094785635296718,Sweet Potatoes,9.85,Cool Dry Season,41.96,Low Suitability
2698,52.953465165831204,Red Clay,Midlands,IV,Semi-Arid,5.657669850035282,Sugar Beans,1.39,Winter,41.66,Low Suitability
2699,85.50402729462841,Silty Loam,Mashonaland East,IIa,Temperate Highland,6.829257361475545,Tobacco,1.96,Hot Dry Season,57.86,Moderately Suitable
2700,93.89560579079713,Loam,Manicaland,I,Humid Subtropical,6.0759690945175135,Carrots,18.38,Winter,100.0,Highly Suitable
2701,16.044591728522608,Silty Loam,Masvingo,V,Temperate Highland,6.504440663646488,Potatoes,16.22,Rainy Season,52.59,Moderately Suitable
2702,70.08638201804368,Clay Soil,Midlands,III,Dry Tropical,5.618573970249437,Watermelon,23.42,Cool Dry Season,67.43,Suitable
2703,70.13499283846448,Silty Loam,Mashonaland East,IIb,Temperate Highland,6.066600669827765,Sorghum,2.54,Dry Season,91.65,Highly Suitable
2704,100.0,Silty Loam,Harare,IIa,Semi-Arid,6.977256415525975,Pumpkin,9.35,Dry Season,89.18,Highly Suitable
2705,59.13659942390465,Clay Soil,Mashonaland West,III,Subtropical Highland,6.026217337659861,Finger Millet,1.49,Winter,75.44,Suitable
2706,88.51010658390351,Loam,Harare,IIb,Humid Subtropical,7.006553051699374,Paprika,2.87,Winter,87.32,Highly Suitable
2707,70.93601254397957,Loam,Mashonaland Central,III,Dry Tropical,6.8241969780766345,Paprika,2.3,Hot Dry Season,72.98,Suitable
2708,70.45849001312449,Clay Loam,Mashonaland Central,III,Subtropical Highland,7.689952303768429,Soybeans,1.52,Winter,47.2,Low Suitability
2709,57.72791796842949,Sandy Soil,Manicaland,III,Semi-Arid,6.403807356013178,Groundnuts,1.18,Cool Dry Season,70.05,Suitable
2710,100.0,Sandy Loam,Mashonaland East,IIa,Temperate Highland,5.283621466815115,Onions,20.73,Rainy Season,73.38,Suitable
2711,77.2616513701857,Loam,Mashonaland Central,IIa,Semi-Arid,7.356253135106895,Cowpeas,1.06,Hot Dry Season,82.92,Highly Suitable
2712,19.290367229467066,Red Clay,Masvingo,V,Humid Subtropical,5.575607194857068,Macadamia Nuts,2.11,Rainy Season,57.98,Moderately Suitable
2713,84.70191970548566,Silty Loam,Harare,IIb,Humid Subtropical,7.076592011231529,Tomatoes,26.37,Hot Dry Season,55.03,Moderately Suitable
2714,77.61893202466769,Silty Loam,Manicaland,IIa,Humid Subtropical,6.2441112649868415,Tea,2.25,Rainy Season,53.26,Moderately Suitable
2715,47.61125059968254,Clay Loam,Matabeleland South,IV,Semi-Arid,6.721638010601908,Paprika,2.23,Dry Season,64.17,Moderately Suitable
2716,66.02534811869053,Clay Soil,Masvingo,IV,Semi-Arid,5.690927845280297,Paprika,2.4,Dry Season,58.38,Moderately Suitable
2717,60.17692711834476,Clay Loam,Mashonaland East,IIb,Semi-Arid,7.742152354831633,Paprika,2.33,Rainy Season,48.54,Low Suitability
2718,61.135496476428656,Clay Loam,Matabeleland South,IV,Dry Tropical,5.939507094485325,Pumpkin,13.16,Cool Dry Season,66.43,Suitable
2719,100.0,Loam,Harare,IIb,Humid Subtropical,5.7860559676585614,Maize,4.01,Dry Season,78.09,Suitable
2720,56.5011585975288,Clay Loam,Mashonaland East,IIa,Temperate Highland,6.360756139630629,Sorghum,2.04,Winter,74.52,Suitable
2721,64.6934929919843,Sandy Soil,Midlands,III,Humid Subtropical,5.214831366361514,Cotton,1.68,Dry Season,53.0,Moderately Suitable
2722,88.97137988922523,Red Clay,Harare,IIb,Dry Tropical,6.82386555802101,Cabbage,26.61,Dry Season,75.08,Suitable
2723,84.4841413022742,Silty Loam,Harare,IIa,Humid Subtropical,6.630252524732067,Onions,19.71,Hot Dry Season,85.85,Highly Suitable
2724,52.76268717677206,Clay Soil,Masvingo,III,Dry Tropical,5.20465414287394,Carrots,16.66,Dry Season,37.76,Low Suitability
2725,64.86344049088909,Clay Loam,Mashonaland Central,III,Humid Subtropical,5.306017380535284,Dry Beans,1.57,Winter,64.36,Moderately Suitable
2726,40.9984678315404,Silty Loam,Masvingo,IV,Subtropical Highland,6.273186680696352,Cotton,1.51,Cool Dry Season,55.48,Moderately Suitable
2727,70.93569600252755,Silty Loam,Mashonaland Central,III,Subtropical Highland,5.883192960443761,Sweet Potatoes,9.18,Hot Dry Season,69.12,Suitable
2728,94.94538323622182,Silty Loam,Mashonaland East,IIa,Humid Subtropical,6.941204251937862,Cowpeas,1.3,Rainy Season,98.04,Highly Suitable
2729,75.99123632505979,Sandy Loam,Harare,IIb,Subtropical Highland,5.549216369822163,Sugar Beans,1.33,Winter,64.4,Moderately Suitable
2730,99.05040029981548,Silty Loam,Mashonaland East,IIb,Dry Tropical,4.942981936946831,Onions,23.66,Winter,60.09,Moderately Suitable
2731,84.26081808776605,Red Clay,Mashonaland Central,IIa,Temperate Highland,4.749690081848435,Cowpeas,1.1,Winter,69.14,Suitable
2732,61.72851045963679,Sandy Soil,Mashonaland Central,III,Dry Tropical,6.408590006200049,Cowpeas,1.25,Cool Dry Season,83.34,Highly Suitable
2733,33.266863141579336,Silty Loam,Matabeleland South,IV,Humid Subtropical,6.119372000577779,Coffee,1.02,Cool Dry Season,54.43,Moderately Suitable
2734,69.40589965500833,Loam,Midlands,III,Humid Subtropical,6.264228280742132,Cabbage,23.27,Dry Season,50.78,Moderately Suitable
2735,73.42320025404291,Clay Soil,Midlands,III,Semi-Arid,7.078435298918796,Maize,3.53,Cool Dry Season,50.11,Moderately Suitable
2736,56.925528475350305,Silty Loam,Manicaland,III,Temperate Highland,7.0327225307159775,Pearl Millet,1.81,Cool Dry Season,68.27,Suitable
2737,86.16978652461185,Red Clay,Manicaland,IIa,Dry Tropical,6.245472567298458,Tomatoes,24.57,Winter,68.4,Suitable
2738,64.68450990719042,Loam,Harare,IIa,Subtropical Highland,6.8211645497642195,Watermelon,25.11,Winter,77.24,Suitable
2739,85.85829051329418,Clay Loam,Manicaland,IIa,Temperate Highland,6.135324083998544,Sunflower,1.98,Winter,95.02,Highly Suitable
2740,69.30446149185575,Clay Soil,Manicaland,III,Subtropical Highland,6.385383296775116,Potatoes,8.94,Rainy Season,51.31,Moderately Suitable
2741,82.13619229976486,Sandy Loam,Mashonaland Central,IIa,Temperate Highland,5.612147455059967,Groundnuts,1.5,Rainy Season,88.1,Highly Suitable
2742,90.06190142674532,Sandy Loam,Mashonaland West,IIb,Humid Subtropical,5.194712909238701,Macadamia Nuts,1.84,Dry Season,48.94,Low Suitability
2743,30.68727668303802,Sandy Loam,Matabeleland South,V,Dry Tropical,6.127115797949719,Pumpkin,8.92,Cool Dry Season,49.02,Low Suitability
2744,74.80397197349416,Clay Loam,Manicaland,I,Temperate Highland,6.95214273108124,Maize,2.76,Winter,62.92,Moderately Suitable
2745,100.0,Red Clay,Mashonaland West,IIa,Humid Subtropical,6.066504289339996,Sugar Beans,1.49,Hot Dry Season,87.75,Highly Suitable
2746,100.0,Sandy Loam,Mashonaland West,IIa,Subtropical Highland,6.193137466837074,Onions,23.69,Winter,99.81,Highly Suitable
2747,13.214637858003414,Clay Loam,Matabeleland South,V,Semi-Arid,5.499750884806591,Coffee,1.13,Winter,59.9,Moderately Suitable
2748,88.40065871680761,Clay Loam,Harare,IIb,Semi-Arid,5.540901678173127,Potatoes,17.42,Winter,71.99,Suitable
2749,19.09424838076893,Sandy Soil,Masvingo,V,Subtropical Highland,6.839659984640145,Onions,18.11,Rainy Season,53.63,Moderately Suitable
2750,68.58316151280198,Clay Soil,Mashonaland Central,IIa,Dry Tropical,6.465656604492146,Onions,23.0,Winter,57.8,Moderately Suitable
2751,72.18127102790865,Clay Soil,Harare,IIa,Humid Subtropical,6.759705879261341,Coffee,0.79,Dry Season,34.7,Not Suitable
2752,59.28617112837752,Clay Loam,Masvingo,III,Dry Tropical,6.890109909598314,Tea,2.09,Rainy Season,30.44,Not Suitable
2753,79.08067951363654,Sandy Soil,Mashonaland West,IIa,Temperate Highland,5.704191851135429,Cowpeas,0.89,Winter,73.5,Suitable
2754,53.67570390171026,Sandy Loam,Mashonaland Central,III,Subtropical Highland,7.342590392971947,Dry Beans,1.11,Winter,53.5,Moderately Suitable
2755,54.486960899729375,Loam,Mashonaland West,III,Humid Subtropical,5.9463156621631015,Cotton,1.86,Rainy Season,66.23,Suitable
2756,18.892938597681344,Sandy Loam,Matabeleland South,V,Temperate Highland,5.977194115062468,Cotton,1.68,Winter,41.3,Low Suitability
2757,45.70972768943148,Clay Loam,Masvingo,V,Subtropical Highland,7.112111705735014,Soybeans,1.8,Cool Dry Season,45.68,Low Suitability
2758,68.90071064390864,Silty Loam,Harare,IIb,Semi-Arid,5.794804440982719,Groundnuts,1.25,Rainy Season,83.65,Highly Suitable
2759,88.93140440875453,Clay Soil,Mashonaland Central,IIa,Humid Subtropical,5.644757683166115,Finger Millet,2.08,Winter,94.29,Highly Suitable
2760,69.61092056174,Silty Loam,Harare,IIb,Subtropical Highland,4.263620195140794,Paprika,2.21,Cool Dry Season,57.33,Moderately Suitable
2761,79.44865336252474,Loam,Mashonaland Central,IIa,Humid Subtropical,6.729977964458779,Watermelon,23.94,Dry Season,85.92,Highly Suitable
2762,89.94084059607546,Clay Loam,Mashonaland West,IIb,Humid Subtropical,5.649424324827364,Sweet Potatoes,12.09,Dry Season,85.61,Highly Suitable
2763,61.791596571066506,Loam,Harare,IIa,Temperate Highland,7.138106991333895,Potatoes,16.15,Cool Dry Season,48.63,Low Suitability
2764,92.61338819147402,Loam,Mashonaland Central,IIb,Dry Tropical,6.989420815442009,Pumpkin,10.56,Winter,87.64,Highly Suitable
2765,35.45003186921443,Red Clay,Matabeleland South,V,Semi-Arid,6.5801060141874865,Sugar Beans,1.59,Dry Season,51.39,Moderately Suitable
2766,64.3884974296746,Loam,Matabeleland North,III,Subtropical Highland,6.646347622174108,Onions,21.12,Dry Season,76.11,Suitable
2767,59.29683763309811,Silty Loam,Harare,IIb,Dry Tropical,6.226254317114254,Onions,14.5,Winter,54.23,Moderately Suitable
2768,41.956435611370686,Loam,Matabeleland South,V,Semi-Arid,7.966767379056582,Finger Millet,1.31,Hot Dry Season,46.59,Low Suitability
2769,80.78265442829512,Silty Loam,Mashonaland West,III,Dry Tropical,4.2,Finger Millet,1.52,Hot Dry Season,62.47,Moderately Suitable
2770,71.84676447763111,Sandy Loam,Mashonaland West,IIb,Humid Subtropical,5.655786134186992,Tobacco,1.72,Rainy Season,65.63,Suitable
2771,71.90823751844887,Clay Loam,Mashonaland Central,IIb,Humid Subtropical,7.228807866855254,Macadamia Nuts,1.48,Cool Dry Season,44.47,Low Suitability
2772,21.292046781139263,Sandy Loam,Masvingo,V,Subtropical Highland,6.6469096129975265,Onions,21.55,Dry Season,57.06,Moderately Suitable
2773,95.0102858816476,Sandy Loam,Harare,IIa,Dry Tropical,5.902241740778139,Cowpeas,1.25,Dry Season,84.69,Highly Suitable
2774,76.71909232572432,Loam,Mashonaland East,IIa,Semi-Arid,5.06329846860314,Coffee,1.15,Winter,44.96,Low Suitability
2775,57.745363643616294,Clay Soil,Matabeleland North,IV,Humid Subtropical,6.273983436108502,Sorghum,1.83,Dry Season,67.92,Suitable
2776,70.96159167675127,Clay Loam,Harare,IIa,Humid Subtropical,6.24004333656215,Coffee,1.01,Cool Dry Season,51.33,Moderately Suitable
2777,34.81003845981655,Clay Soil,Masvingo,V,Subtropical Highland,6.368193654599993,Wheat,3.94,Cool Dry Season,53.83,Moderately Suitable
2778,30.258183913946525,Clay Soil,Matabeleland South,IV,Temperate Highland,6.246600935031141,Tomatoes,27.43,Rainy Season,57.13,Moderately Suitable
2779,67.31676272821521,Clay Soil,Manicaland,IIa,Subtropical Highland,5.7710093867975045,Coffee,0.98,Winter,44.98,Low Suitability
2780,79.82836539680295,Sandy Loam,Mashonaland Central,IIb,Subtropical Highland,5.0655701692415525,Pearl Millet,2.1,Rainy Season,82.54,Highly Suitable
2781,73.67426937816602,Sandy Soil,Mashonaland East,IIa,Dry Tropical,6.146853493128013,Macadamia Nuts,2.07,Winter,40.13,Low Suitability
2782,29.93987719184226,Loam,Masvingo,IV,Temperate Highland,7.269361123010657,Groundnuts,1.27,Rainy Season,39.72,Low Suitability
2783,48.054780918659,Clay Soil,Matabeleland North,IV,Humid Subtropical,5.487461880468215,Tomatoes,26.73,Cool Dry Season,45.98,Low Suitability
2784,48.07316818000663,Silty Loam,Midlands,III,Dry Tropical,5.041540177354369,Pumpkin,9.85,Rainy Season,49.25,Low Suitability
2785,71.50439117665314,Sandy Loam,Matabeleland North,III,Temperate Highland,6.561624311187244,Maize,3.78,Hot Dry Season,67.59,Suitable
2786,84.57558196153529,Clay Soil,Harare,IIa,Subtropical Highland,7.0197368533294915,Soybeans,2.09,Rainy Season,67.55,Suitable
2787,55.81692670376296,Sandy Soil,Midlands,IV,Humid Subtropical,5.962916424115481,Pumpkin,11.45,Winter,51.66,Moderately Suitable
2788,77.54697604342722,Clay Loam,Mashonaland West,III,Subtropical Highland,6.007072680628901,Sorghum,2.23,Rainy Season,92.22,Highly Suitable
2789,55.62845136149565,Loam,Matabeleland North,III,Semi-Arid,5.685647219825634,Paprika,2.0,Dry Season,62.18,Moderately Suitable
2790,100.0,Sandy Loam,Manicaland,I,Semi-Arid,6.432690295447621,Carrots,19.96,Rainy Season,89.57,Highly Suitable
2791,54.82541709802654,Clay Loam,Matabeleland South,IV,Subtropical Highland,5.94284921997374,Wheat,3.9,Hot Dry Season,48.97,Low Suitability
2792,79.26777957338378,Sandy Loam,Mashonaland Central,III,Subtropical Highland,5.967897611107745,Cotton,1.82,Hot Dry Season,64.9,Moderately Suitable
2793,75.03860944237893,Clay Loam,Harare,IIb,Temperate Highland,6.544519884315847,Carrots,20.12,Hot Dry Season,91.98,Highly Suitable
2794,72.56359264542488,Red Clay,Midlands,III,Temperate Highland,5.497840108205556,Cabbage,19.69,Hot Dry Season,41.61,Low Suitability
2795,93.58876618753332,Silty Loam,Manicaland,IIa,Temperate Highland,5.577210856967243,Cowpeas,1.32,Winter,88.39,Highly Suitable
2796,96.34785722588954,Clay Soil,Harare,IIa,Humid Subtropical,6.313982250385555,Soybeans,2.16,Winter,80.71,Highly Suitable
2797,75.03236621376071,Silty Loam,Masvingo,III,Semi-Arid,7.242319411330864,Cowpeas,1.33,Hot Dry Season,84.27,Highly Suitable
2798,78.41888048955573,Red Clay,Mashonaland East,IIa,Humid Subtropical,5.248506929412759,Watermelon,25.32,Winter,79.75,Suitable
2799,76.21714313335534,Silty Loam,Mashonaland Central,IIb,Semi-Arid,7.699755344076396,Finger Millet,2.0,Hot Dry Season,70.71,Suitable
2800,50.02083198322449,Sandy Loam,Matabeleland South,IV,Semi-Arid,5.833841251553318,Finger Millet,1.36,Hot Dry Season,61.58,Moderately Suitable
2801,85.7125842394572,Red Clay,Mashonaland East,IIb,Semi-Arid,7.971963168340155,Onions,14.51,Winter,49.29,Low Suitability
2802,45.91825113653373,Sandy Soil,Mashonaland Central,III,Subtropical Highland,6.016156672888278,Cowpeas,0.9,Dry Season,59.89,Moderately Suitable
2803,76.79156748681487,Red Clay,Mashonaland East,IIb,Subtropical Highland,6.011378281543664,Paprika,2.26,Hot Dry Season,71.24,Suitable
2804,69.15213033308392,Sandy Soil,Mashonaland East,IIa,Humid Subtropical,6.941399313677454,Sorghum,2.01,Dry Season,81.96,Highly Suitable
2805,91.24316334403737,Sandy Soil,Mashonaland Central,IIa,Dry Tropical,5.55278673730715,Sorghum,1.81,Hot Dry Season,90.97,Highly Suitable
2806,55.79118542857259,Sandy Soil,Mashonaland Central,III,Dry Tropical,7.076897771249792,Coffee,0.8,Rainy Season,32.86,Not Suitable
2807,100.0,Sandy Soil,Mashonaland West,IIa,Semi-Arid,6.986690960406977,Watermelon,29.5,Winter,89.47,Highly Suitable
2808,79.71895637639145,Sandy Soil,Mashonaland Central,IIa,Dry Tropical,7.524239641876964,Macadamia Nuts,1.47,Dry Season,26.49,Not Suitable
2809,57.99026197231129,Clay Loam,Mashonaland East,IIb,Temperate Highland,5.1891680137770555,Onions,18.19,Winter,46.58,Low Suitability
2810,97.10577538548343,Clay Soil,Mashonaland Central,IIa,Semi-Arid,6.148821418352001,Sorghum,1.71,Hot Dry Season,92.02,Highly Suitable
2811,94.31887104641106,Clay Loam,Mashonaland East,IIb,Humid Subtropical,7.11635375535559,Tobacco,1.98,Rainy Season,63.79,Moderately Suitable
2812,74.14132189361243,Loam,Manicaland,IIa,Subtropical Highland,6.790194639173287,Paprika,2.25,Winter,76.61,Suitable
2813,45.535028520391066,Clay Soil,Matabeleland South,V,Dry Tropical,6.281417863943701,Sweet Potatoes,9.46,Rainy Season,52.52,Moderately Suitable
2814,89.7443858614213,Red Clay,Mashonaland Central,IIb,Semi-Arid,5.555061450416321,Wheat,4.35,Hot Dry Season,63.28,Moderately Suitable
2815,76.71360797447066,Clay Soil,Midlands,IV,Humid Subtropical,7.209997453228323,Onions,19.49,Rainy Season,73.24,Suitable
2816,33.6523445374863,Clay Loam,Midlands,IV,Temperate Highland,5.622963569295155,Cowpeas,1.03,Hot Dry Season,46.96,Low Suitability
2817,64.42019524293198,Sandy Loam,Mashonaland East,IIb,Dry Tropical,5.68262394486707,Sugar Beans,1.56,Dry Season,57.89,Moderately Suitable
2818,82.43458606349505,Sandy Soil,Harare,IIa,Dry Tropical,6.3078780456136725,Coffee,1.04,Hot Dry Season,45.6,Low Suitability
2819,57.16384956555189,Clay Soil,Midlands,IV,Semi-Arid,6.7167008975653495,Cowpeas,1.24,Cool Dry Season,72.28,Suitable
2820,15.588682187457113,Silty Loam,Matabeleland South,V,Humid Subtropical,5.981966741371397,Sugar Beans,1.09,Cool Dry Season,53.36,Moderately Suitable
2821,91.54000419612028,Clay Loam,Mashonaland Central,III,Humid Subtropical,6.359368412700488,Macadamia Nuts,1.84,Dry Season,61.94,Moderately Suitable
2822,82.03230876654784,Clay Loam,Mashonaland Central,III,Semi-Arid,7.134368970512941,Soybeans,1.92,Cool Dry Season,58.75,Moderately Suitable
2823,100.0,Sandy Soil,Manicaland,I,Semi-Arid,6.746627691587598,Pumpkin,14.11,Dry Season,83.3,Highly Suitable
2824,70.74982594881419,Clay Loam,Mashonaland East,IIa,Subtropical Highland,5.096119834596908,Groundnuts,1.27,Winter,68.58,Suitable
2825,64.89214202094279,Sandy Loam,Midlands,III,Temperate Highland,6.244111112156679,Paprika,1.82,Cool Dry Season,57.41,Moderately Suitable
2826,100.0,Loam,Mashonaland East,IIa,Temperate Highland,6.144162876955102,Paprika,2.25,Rainy Season,82.75,Highly Suitable
2827,64.6877200809607,Loam,Harare,IIa,Temperate Highland,6.430103701328113,Watermelon,24.26,Hot Dry Season,79.45,Suitable
2828,70.11403854133269,Clay Soil,Mashonaland Central,IIa,Subtropical Highland,7.224490876601183,Tea,1.93,Winter,37.21,Low Suitability
2829,43.34339285190416,Clay Soil,Matabeleland South,V,Dry Tropical,6.826077214046078,Wheat,3.61,Winter,48.96,Low Suitability
2830,54.21595459729281,Clay Soil,Midlands,III,Semi-Arid,6.540399915754879,Onions,13.64,Cool Dry Season,60.36,Moderately Suitable
2831,69.71594273851878,Loam,Mashonaland West,III,Semi-Arid,4.7566540221284335,Watermelon,20.36,Dry Season,47.87,Low Suitability
2832,51.06943054256349,Clay Loam,Matabeleland South,IV,Subtropical Highland,5.9205103599046085,Cabbage,19.42,Hot Dry Season,41.33,Low Suitability
2833,85.11249415883131,Red Clay,Mashonaland West,IIb,Temperate Highland,7.157287669305944,Watermelon,28.22,Rainy Season,85.55,Highly Suitable
2834,88.3051667126071,Clay Loam,Mashonaland West,IIb,Humid Subtropical,5.439136665056414,Maize,2.76,Rainy Season,56.78,Moderately Suitable
2835,95.5641589751071,Clay Loam,Manicaland,IIa,Temperate Highland,6.829550296984961,Pearl Millet,1.95,Winter,93.47,Highly Suitable
2836,85.91316238921067,Clay Soil,Harare,IIa,Dry Tropical,5.948221145975365,Onions,15.14,Hot Dry Season,57.68,Moderately Suitable
2837,85.94268420410454,Clay Soil,Masvingo,IV,Humid Subtropical,5.510178177383548,Finger Millet,1.9,Dry Season,84.2,Highly Suitable
2838,65.7201265195501,Red Clay,Matabeleland North,III,Subtropical Highland,7.447161308615413,Cowpeas,1.06,Hot Dry Season,80.57,Highly Suitable
2839,87.91500873341255,Clay Loam,Mashonaland West,IIa,Semi-Arid,7.21157963305026,Potatoes,11.9,Dry Season,49.21,Low Suitability
2840,100.0,Clay Loam,Manicaland,I,Dry Tropical,7.726892960933222,Sorghum,2.16,Rainy Season,84.9,Highly Suitable
2841,73.1650362367453,Silty Loam,Masvingo,IV,Temperate Highland,6.100845171575364,Soybeans,1.83,Rainy Season,57.01,Moderately Suitable
2842,100.0,Sandy Soil,Harare,IIb,Subtropical Highland,7.723296970466772,Sorghum,2.42,Dry Season,79.37,Suitable
2843,88.25157924423564,Silty Loam,Masvingo,III,Subtropical Highland,5.252178317656902,Wheat,4.41,Dry Season,73.58,Suitable
2844,69.1024385720433,Sandy Soil,Manicaland,III,Subtropical Highland,7.038961469647384,Dry Beans,1.33,Hot Dry Season,63.07,Moderately Suitable
2845,22.82108040752975,Red Clay,Matabeleland South,V,Humid Subtropical,6.909407816535967,Paprika,2.45,Hot Dry Season,53.66,Moderately Suitable
2846,51.6894014366782,Loam,Midlands,IV,Subtropical Highland,6.048112153323583,Sorghum,2.22,Hot Dry Season,73.68,Suitable
2847,100.0,Sandy Soil,Harare,IIa,Temperate Highland,5.199838539827253,Paprika,2.3,Hot Dry Season,72.13,Suitable
2848,81.20833080742867,Sandy Soil,Manicaland,IIa,Subtropical Highland,7.028206608287141,Sugar Beans,1.32,Hot Dry Season,66.66,Suitable
2849,81.5749022032012,Clay Loam,Matabeleland North,III,Humid Subtropical,5.324540948634067,Soybeans,2.07,Winter,51.37,Moderately Suitable
2850,89.36885595836074,Sandy Loam,Mashonaland Central,IIb,Dry Tropical,6.854326383516907,Onions,18.47,Hot Dry Season,80.36,Highly Suitable
2851,49.357638346495655,Loam,Mashonaland Central,III,Temperate Highland,7.313152041315218,Tobacco,1.65,Winter,34.84,Not Suitable
2852,48.89280055915219,Loam,Matabeleland North,IV,Humid Subtropical,5.932380403836592,Watermelon,20.78,Winter,57.88,Moderately Suitable
2853,94.24935475178553,Loam,Mashonaland Central,IIa,Temperate Highland,5.941102588355246,Sorghum,1.93,Rainy Season,96.13,Highly Suitable
2854,63.15016870802254,Sandy Soil,Masvingo,IV,Subtropical Highland,6.527925907898879,Macadamia Nuts,1.61,Winter,53.92,Moderately Suitable
2855,53.87358141383096,Clay Soil,Matabeleland North,III,Humid Subtropical,5.478453726822756,Pumpkin,11.43,Hot Dry Season,57.67,Moderately Suitable
2856,65.60600201528582,Sandy Soil,Matabeleland South,IV,Dry Tropical,6.464969576396181,Pumpkin,13.47,Winter,74.67,Suitable
2857,42.85848503518914,Sandy Soil,Matabeleland South,V,Semi-Arid,5.452181575319741,Cowpeas,1.01,Rainy Season,54.63,Moderately Suitable
2858,83.65573174089829,Clay Soil,Mashonaland East,IIb,Humid Subtropical,5.954419087437024,Tea,2.33,Winter,40.77,Low Suitability
2859,52.05540455534891,Clay Soil,Mashonaland West,III,Humid Subtropical,5.880771867237638,Potatoes,13.95,Rainy Season,53.92,Moderately Suitable
2860,71.89573327728972,Clay Loam,Mashonaland Central,IIa,Humid Subtropical,5.837926576547658,Sweet Potatoes,9.98,Winter,72.28,Suitable
2861,86.805225180983,Loam,Mashonaland West,IIb,Temperate Highland,6.537190268474981,Cabbage,25.67,Winter,82.51,Highly Suitable
2862,88.90595420596291,Loam,Mashonaland East,IIb,Semi-Arid,6.176528892606252,Sugar Beans,1.77,Rainy Season,90.79,Highly Suitable
2863,81.20698360968382,Sandy Loam,Mashonaland West,III,Subtropical Highland,4.279443532622318,Wheat,3.52,Winter,66.25,Suitable
2864,27.726941505042642,Sandy Loam,Matabeleland South,V,Temperate Highland,4.5908611461034585,Wheat,3.42,Dry Season,33.11,Not Suitable
2865,58.438106340214894,Loam,Matabeleland South,IV,Semi-Arid,6.015440198130115,Sweet Potatoes,9.35,Winter,77.65,Suitable
2866,82.33873093321256,Sandy Loam,Mashonaland Central,IIa,Dry Tropical,6.76506008087861,Paprika,2.39,Winter,83.62,Highly Suitable
2867,95.96434110008379,Clay Soil,Mashonaland Central,IIa,Semi-Arid,5.994415853574033,Potatoes,17.14,Hot Dry Season,62.22,Moderately Suitable
2868,84.40893044053648,Clay Loam,Mashonaland East,IIa,Humid Subtropical,6.512940853899486,Groundnuts,1.39,Hot Dry Season,85.97,Highly Suitable
2869,75.2142976468331,Silty Loam,Matabeleland South,IV,Temperate Highland,6.9819752950447755,Tea,2.36,Winter,35.09,Low Suitability
2870,91.04947664161934,Sandy Loam,Mashonaland Central,III,Humid Subtropical,7.699552285834737,Pearl Millet,1.97,Rainy Season,74.15,Suitable
2871,81.89710077818815,Clay Loam,Manicaland,I,Temperate Highland,6.576497815937209,Tea,2.02,Rainy Season,35.45,Low Suitability
2872,72.03834444089296,Red Clay,Midlands,III,Temperate Highland,5.145139818496325,Potatoes,14.67,Rainy Season,52.07,Moderately Suitable
2873,64.64402686416436,Loam,Mashonaland West,III,Dry Tropical,5.608925265498076,Pearl Millet,1.69,Hot Dry Season,90.07,Highly Suitable
2874,77.12866919217983,Red Clay,Harare,IIa,Humid Subtropical,6.989507870665287,Onions,21.32,Hot Dry Season,79.22,Suitable
2875,52.108880918094414,Silty Loam,Masvingo,III,Subtropical Highland,6.8609221637901,Dry Beans,1.31,Cool Dry Season,57.88,Moderately Suitable
2876,82.11871831748088,Sandy Soil,Mashonaland East,IIb,Humid Subtropical,8.20823991719388,Sweet Potatoes,9.63,Winter,65.46,Suitable
2877,88.91398952144469,Clay Loam,Mashonaland Central,III,Humid Subtropical,5.472180076444796,Potatoes,13.59,Cool Dry Season,73.92,Suitable
2878,68.65604023400914,Red Clay,Matabeleland South,IV,Dry Tropical,5.66084000553141,Maize,3.31,Cool Dry Season,41.13,Low Suitability
2879,95.0728908123015,Sandy Soil,Mashonaland Central,IIa,Humid Subtropical,6.626352622759614,Onions,21.49,Winter,87.08,Highly Suitable
2880,61.82997336122874,Clay Soil,Manicaland,III,Temperate Highland,7.210719125985316,Potatoes,14.81,Cool Dry Season,35.15,Low Suitability
2881,76.5668672413249,Silty Loam,Harare,IIb,Humid Subtropical,6.589892880125399,Soybeans,1.93,Hot Dry Season,65.59,Suitable
2882,68.41930318035267,Sandy Soil,Midlands,III,Temperate Highland,6.168280345615517,Wheat,4.08,Winter,66.15,Suitable
2883,50.14861489916395,Sandy Soil,Matabeleland South,V,Humid Subtropical,6.571047323354248,Sweet Potatoes,9.38,Cool Dry Season,56.7,Moderately Suitable
2884,93.3979266236348,Loam,Mashonaland Central,III,Subtropical Highland,5.547991205239526,Pearl Millet,1.81,Winter,79.56,Suitable
2885,56.83447690795694,Red Clay,Manicaland,III,Subtropical Highland,5.085983154441109,Paprika,1.79,Hot Dry Season,48.48,Low Suitability
2886,75.84087008433181,Loam,Matabeleland North,IV,Semi-Arid,6.934444477440345,Sweet Potatoes,10.54,Rainy Season,84.71,Highly Suitable
2887,59.62800588687482,Silty Loam,Masvingo,III,Humid Subtropical,5.9486151728131915,Potatoes,14.31,Winter,60.71,Moderately Suitable
2888,85.2791966667634,Clay Soil,Harare,IIb,Subtropical Highland,6.8100105762100975,Maize,4.25,Cool Dry Season,64.88,Moderately Suitable
2889,37.457664866521625,Silty Loam,Masvingo,IV,Humid Subtropical,7.523621588452702,Sugar Beans,1.41,Winter,41.17,Low Suitability
2890,96.58569090310037,Clay Soil,Mashonaland West,IIa,Subtropical Highland,6.156475995188603,Groundnuts,1.47,Dry Season,88.2,Highly Suitable
2891,35.191602967099364,Sandy Loam,Matabeleland North,IV,Semi-Arid,5.398591552316271,Carrots,12.68,Dry Season,45.58,Low Suitability
2892,41.64923965193506,Silty Loam,Matabeleland South,V,Dry Tropical,5.404223546100254,Sweet Potatoes,9.07,Rainy Season,44.45,Low Suitability
2893,100.0,Clay Soil,Masvingo,III,Temperate Highland,5.845760138514989,Paprika,2.29,Dry Season,85.96,Highly Suitable
2894,29.175296376525438,Clay Soil,Matabeleland South,V,Dry Tropical,7.303876080125395,Carrots,12.43,Winter,43.06,Low Suitability
2895,81.68449268914037,Silty Loam,Harare,IIb,Humid Subtropical,7.045198937495058,Groundnuts,1.32,Rainy Season,77.73,Suitable
2896,88.65696277343227,Loam,Mashonaland Central,IIb,Dry Tropical,6.170630038496923,Onions,19.64,Cool Dry Season,84.36,Highly Suitable
2897,85.56778040043625,Clay Loam,Mashonaland East,IIa,Humid Subtropical,6.003042334290187,Sunflower,1.88,Dry Season,94.52,Highly Suitable
2898,57.95754414326014,Sandy Soil,Mashonaland West,IIb,Dry Tropical,5.0053989285937615,Soybeans,1.72,Hot Dry Season,30.2,Not Suitable
2899,71.75495737729437,Sandy Loam,Mashonaland Central,IIb,Semi-Arid,7.725098134375893,Coffee,1.07,Hot Dry Season,32.7,Not Suitable
2900,89.11314996246355,Silty Loam,Manicaland,III,Semi-Arid,5.442548165770714,Sorghum,1.91,Cool Dry Season,85.47,Highly Suitable
2901,61.028189258794214,Clay Soil,Mashonaland Central,IIb,Subtropical Highland,5.204061732039061,Tomatoes,24.47,Winter,29.47,Not Suitable
2902,63.07736677746436,Clay Loam,Masvingo,IV,Temperate Highland,6.730084000633144,Sugar Beans,1.43,Dry Season,64.55,Moderately Suitable
2903,79.79213600301468,Clay Loam,Midlands,III,Dry Tropical,6.007842182278192,Wheat,3.75,Rainy Season,73.46,Suitable
2904,100.0,Clay Loam,Harare,IIa,Humid Subtropical,5.7724906757546535,Cabbage,26.47,Cool Dry Season,89.93,Highly Suitable
2905,56.40885290114028,Red Clay,Midlands,IV,Semi-Arid,5.775385357875622,Sugar Beans,1.42,Cool Dry Season,48.2,Low Suitability
2906,70.33638136068521,Red Clay,Harare,IIa,Temperate Highland,6.683472745822933,Macadamia Nuts,1.57,Cool Dry Season,46.44,Low Suitability
2907,34.91892919190796,Clay Soil,Masvingo,V,Semi-Arid,6.096365195095328,Cabbage,15.6,Winter,36.29,Low Suitability
2908,100.0,Red Clay,Mashonaland West,IIb,Temperate Highland,6.966546869799176,Sorghum,2.01,Winter,95.08,Highly Suitable
2909,66.24560646357837,Sandy Soil,Matabeleland North,IV,Semi-Arid,4.976908343515506,Cabbage,22.5,Rainy Season,37.77,Low Suitability
2910,54.91645780445042,Sandy Soil,Matabeleland North,III,Subtropical Highland,5.980290438614652,Onions,14.73,Dry Season,40.61,Low Suitability
2911,75.13571124027668,Sandy Loam,Mashonaland East,IIa,Temperate Highland,5.225302210866334,Pumpkin,11.06,Cool Dry Season,80.37,Highly Suitable
2912,34.173088456329005,Clay Loam,Masvingo,V,Subtropical Highland,5.867094092806155,Finger Millet,1.61,Winter,52.9,Moderately Suitable
2913,76.30205594399354,Red Clay,Mashonaland West,IIb,Dry Tropical,8.078983972758811,Tomatoes,27.32,Hot Dry Season,40.39,Low Suitability
2914,68.3016613821697,Clay Soil,Harare,IIa,Temperate Highland,6.759065212035654,Coffee,1.07,Dry Season,47.05,Low Suitability
2915,63.69177274467907,Red Clay,Harare,IIb,Temperate Highland,6.238295574128341,Macadamia Nuts,1.73,Winter,59.84,Moderately Suitable
2916,27.440366475529956,Clay Loam,Matabeleland South,V,Semi-Arid,6.319652255240806,Paprika,1.78,Cool Dry Season,55.61,Moderately Suitable
2917,82.95764977568267,Clay Soil,Harare,IIa,Humid Subtropical,5.894668544458731,Paprika,2.61,Hot Dry Season,73.14,Suitable
2918,63.72424789622395,Loam,Manicaland,III,Humid Subtropical,5.189605766164906,Soybeans,1.94,Hot Dry Season,41.26,Low Suitability
2919,35.37683303018696,Clay Soil,Matabeleland South,V,Humid Subtropical,6.024829795992277,Finger Millet,1.65,Cool Dry Season,57.92,Moderately Suitable
2920,38.888267571394735,Red Clay,Mashonaland West,III,Temperate Highland,6.5300798690849895,Paprika,2.2,Cool Dry Season,49.41,Low Suitability
2921,80.6224220140475,Red Clay,Masvingo,III,Subtropical Highland,5.799863705010555,Finger Millet,1.72,Hot Dry Season,81.64,Highly Suitable
2922,34.74110046781712,Clay Loam,Masvingo,V,Subtropical Highland,8.05217509754539,Cowpeas,1.0,Cool Dry Season,40.72,Low Suitability
2923,45.71132934747115,Sandy Loam,Masvingo,IV,Subtropical Highland,6.660824720450584,Maize,3.05,Rainy Season,61.14,Moderately Suitable
2924,34.983303901944765,Sandy Soil,Matabeleland South,V,Dry Tropical,7.375267256004935,Cotton,1.51,Hot Dry Season,43.66,Low Suitability
2925,72.74702156797478,Clay Soil,Mashonaland West,IIb,Semi-Arid,6.958886930947212,Pearl Millet,2.17,Cool Dry Season,94.46,Highly Suitable
2926,66.03317248205511,Sandy Loam,Mashonaland West,IIa,Temperate Highland,5.9915348505061266,Macadamia Nuts,1.76,Rainy Season,60.49,Moderately Suitable
2927,100.0,Red Clay,Harare,IIb,Semi-Arid,6.946699069626668,Tomatoes,29.67,Rainy Season,75.01,Suitable
2928,46.170431888234305,Sandy Loam,Mashonaland East,IIb,Semi-Arid,5.955833103040418,Dry Beans,1.21,Rainy Season,50.97,Moderately Suitable
2929,72.9707520410591,Red Clay,Harare,IIa,Semi-Arid,7.641061495224092,Sorghum,1.95,Winter,82.92,Highly Suitable
2930,96.82692321074629,Silty Loam,Manicaland,I,Semi-Arid,6.437357282885119,Carrots,17.23,Winter,83.52,Highly Suitable
2931,53.79344815370807,Silty Loam,Matabeleland South,IV,Humid Subtropical,5.1573831362048015,Cabbage,16.17,Hot Dry Season,28.78,Not Suitable
2932,54.96094328776617,Sandy Loam,Mashonaland Central,IIb,Semi-Arid,6.07352046197775,Cabbage,21.67,Dry Season,40.89,Low Suitability
2933,100.0,Silty Loam,Mashonaland East,IIb,Humid Subtropical,5.237315432575099,Watermelon,24.31,Rainy Season,77.91,Suitable
2934,76.01038363840715,Clay Loam,Mashonaland East,IIa,Dry Tropical,5.480461368874102,Pearl Millet,2.25,Winter,93.56,Highly Suitable
2935,65.24600561286732,Red Clay,Harare,IIb,Subtropical Highland,5.788121709804001,Wheat,3.72,Rainy Season,56.64,Moderately Suitable
2936,50.24239552590774,Clay Soil,Masvingo,III,Dry Tropical,5.67348975375518,Tobacco,1.73,Winter,55.07,Moderately Suitable
2937,69.08824142787947,Clay Loam,Mashonaland West,IIb,Subtropical Highland,7.0429764157757715,Sweet Potatoes,8.79,Hot Dry Season,71.21,Suitable
2938,89.21996719595705,Loam,Harare,IIb,Dry Tropical,7.564120779089469,Sugar Beans,1.71,Winter,71.29,Suitable
2939,43.449835658703925,Silty Loam,Matabeleland South,IV,Dry Tropical,6.272750431590707,Sweet Potatoes,8.93,Hot Dry Season,52.55,Moderately Suitable
2940,60.514288859005894,Sandy Loam,Midlands,III,Humid Subtropical,6.839627348628682,Onions,21.12,Hot Dry Season,65.29,Suitable
2941,90.47537552014995,Loam,Manicaland,I,Semi-Arid,6.565979642084877,Macadamia Nuts,1.61,Dry Season,54.82,Moderately Suitable
2942,82.12111390138116,Clay Loam,Mashonaland Central,IIb,Subtropical Highland,5.015987677886132,Pumpkin,12.26,Dry Season,79.67,Suitable
2943,81.5639028672305,Clay Loam,Mashonaland West,IIa,Semi-Arid,6.901835047676098,Tea,1.87,Rainy Season,34.14,Not Suitable
2944,15.67491664876157,Loam,Masvingo,V,Subtropical Highland,7.396791862692964,Tomatoes,25.17,Dry Season,43.53,Low Suitability
2945,62.30320412684578,Red Clay,Midlands,IV,Subtropical Highland,5.865558378172498,Potatoes,15.41,Hot Dry Season,58.92,Moderately Suitable
2946,38.59568904614378,Sandy Soil,Matabeleland North,III,Semi-Arid,6.626848676764266,Paprika,2.7,Dry Season,58.69,Moderately Suitable
2947,84.04211103120127,Silty Loam,Midlands,III,Humid Subtropical,6.860870382622362,Macadamia Nuts,1.66,Cool Dry Season,44.65,Low Suitability
2948,85.37396482794276,Sandy Soil,Matabeleland North,III,Semi-Arid,5.632376237233728,Wheat,4.36,Cool Dry Season,71.81,Suitable
2949,71.31250138933405,Red Clay,Mashonaland Central,III,Dry Tropical,6.152566389949222,Tomatoes,20.49,Dry Season,55.14,Moderately Suitable
2950,65.46748097953923,Loam,Harare,IIb,Humid Subtropical,6.021068627432551,Pumpkin,11.22,Dry Season,79.6,Suitable
2951,50.52347868617474,Clay Loam,Matabeleland North,IV,Temperate Highland,6.251317656720716,Tomatoes,23.25,Cool Dry Season,53.47,Moderately Suitable
2952,91.01190428862205,Sandy Soil,Manicaland,IIa,Dry Tropical,6.2618651294396726,Paprika,2.56,Rainy Season,84.97,Highly Suitable
2953,97.64851221937505,Clay Soil,Matabeleland North,III,Temperate Highland,6.965151531092064,Groundnuts,1.67,Rainy Season,81.59,Highly Suitable
2954,49.78778284148839,Red Clay,Masvingo,IV,Dry Tropical,6.65864596173655,Sunflower,1.4,Hot Dry Season,58.79,Moderately Suitable
2955,79.4443879696246,Clay Loam,Mashonaland West,IIa,Temperate Highland,4.817243004202924,Sunflower,1.48,Winter,60.71,Moderately Suitable
2956,49.602557534890764,Clay Loam,Matabeleland South,V,Dry Tropical,6.14807949854002,Groundnuts,1.31,Cool Dry Season,66.38,Suitable
2957,92.81980841546692,Clay Loam,Mashonaland East,IIb,Humid Subtropical,5.300805234544173,Onions,18.81,Hot Dry Season,62.1,Moderately Suitable
2958,100.0,Red Clay,Mashonaland East,IIa,Humid Subtropical,6.206230244525978,Cowpeas,1.33,Cool Dry Season,100.0,Highly Suitable
2959,69.94191912605274,Clay Soil,Midlands,III,Subtropical Highland,6.684975092148821,Soybeans,1.48,Cool Dry Season,50.93,Moderately Suitable
2960,100.0,Loam,Mashonaland West,IIb,Subtropical Highland,7.190915587394143,Cowpeas,1.33,Hot Dry Season,84.13,Highly Suitable
2961,86.82585633533215,Red Clay,Mashonaland West,IIa,Humid Subtropical,4.391069129206013,Paprika,2.47,Rainy Season,66.13,Suitable
2962,24.038715430594017,Silty Loam,Matabeleland North,IV,Semi-Arid,7.446946070677524,Coffee,0.85,Dry Season,30.21,Not Suitable
2963,42.00180640029473,Sandy Loam,Matabeleland South,V,Humid Subtropical,5.333758748232138,Finger Millet,1.68,Dry Season,51.82,Moderately Suitable
2964,79.32674114427132,Red Clay,Mashonaland East,IIb,Temperate Highland,6.685679074880014,Wheat,3.04,Dry Season,70.06,Suitable
2965,36.61793873459857,Loam,Masvingo,III,Semi-Arid,6.967184511519168,Sorghum,2.03,Hot Dry Season,60.09,Moderately Suitable
2966,10.0,Sandy Soil,Matabeleland South,V,Subtropical Highland,5.461125508694071,Cowpeas,0.9,Hot Dry Season,42.92,Low Suitability
2967,45.7573476484709,Clay Soil,Manicaland,III,Dry Tropical,6.193373459901142,Tea,1.84,Rainy Season,44.64,Low Suitability
2968,58.76457088735882,Loam,Matabeleland North,IV,Temperate Highland,6.271023610287197,Tomatoes,22.53,Winter,54.56,Moderately Suitable
2969,85.56672572298842,Sandy Loam,Mashonaland Central,IIb,Temperate Highland,7.150942629755015,Cabbage,21.37,Rainy Season,69.43,Suitable
2970,79.164490053295,Loam,Mashonaland West,IIa,Subtropical Highland,5.556159366939322,Sugar Beans,1.38,Winter,62.17,Moderately Suitable
2971,64.9990549932516,Sandy Soil,Harare,IIa,Temperate Highland,6.613838061715559,Cabbage,21.99,Cool Dry Season,62.93,Moderately Suitable
2972,66.72660067499268,Clay Soil,Harare,IIa,Subtropical Highland,4.948928637746128,Pumpkin,9.18,Winter,55.93,Moderately Suitable
2973,82.75002684168692,Loam,Harare,IIa,Semi-Arid,6.170258540351285,Cabbage,22.24,Rainy Season,68.1,Suitable
2974,83.4486947782059,Red Clay,Matabeleland North,III,Subtropical Highland,5.956154562916739,Groundnuts,1.49,Hot Dry Season,89.48,Highly Suitable
2975,69.90058234574315,Red Clay,Midlands,IV,Humid Subtropical,6.986638842293422,Pumpkin,10.17,Cool Dry Season,82.86,Highly Suitable
2976,78.25123781826115,Red Clay,Mashonaland East,IIa,Temperate Highland,5.676811352182847,Pearl Millet,1.94,Hot Dry Season,89.32,Highly Suitable
2977,44.33557786062105,Clay Loam,Masvingo,V,Dry Tropical,6.0029556048080766,Watermelon,18.98,Winter,50.16,Moderately Suitable
2978,96.37608616896279,Clay Soil,Mashonaland East,IIa,Dry Tropical,5.067751357454036,Sorghum,1.98,Cool Dry Season,80.38,Highly Suitable
2979,46.267340811098904,Clay Loam,Midlands,IV,Subtropical Highland,5.866733049619103,Pearl Millet,1.87,Dry Season,64.24,Moderately Suitable
2980,59.696730325301125,Sandy Soil,Mashonaland West,III,Dry Tropical,5.719121593728975,Macadamia Nuts,1.56,Cool Dry Season,51.73,Moderately Suitable
2981,42.384753181505076,Silty Loam,Matabeleland North,IV,Temperate Highland,6.883667089960772,Paprika,2.41,Cool Dry Season,39.55,Low Suitability
2982,91.55703036901495,Red Clay,Manicaland,IIa,Subtropical Highland,6.598411992380749,Pumpkin,10.08,Winter,87.96,Highly Suitable
2983,52.285078240120576,Clay Soil,Masvingo,IV,Humid Subtropical,6.665987771372391,Cabbage,16.87,Rainy Season,58.35,Moderately Suitable
2984,60.02032126084356,Sandy Loam,Matabeleland North,IV,Subtropical Highland,4.857439851907016,Tomatoes,21.26,Dry Season,31.7,Not Suitable
2985,81.27739540150347,Sandy Soil,Mashonaland East,IIa,Dry Tropical,6.822860682218739,Cabbage,24.69,Rainy Season,70.9,Suitable
2986,17.289292740417604,Sandy Soil,Masvingo,V,Dry Tropical,6.460311367623504,Sorghum,1.83,Cool Dry Season,55.6,Moderately Suitable
2987,46.535525102607615,Clay Loam,Midlands,IV,Subtropical Highland,6.815472385405995,Pearl Millet,1.68,Winter,65.67,Suitable
2988,44.56812088587749,Clay Loam,Mashonaland West,III,Humid Subtropical,6.282230145618,Onions,18.99,Cool Dry Season,48.08,Low Suitability
2989,36.58596502507802,Red Clay,Matabeleland North,IV,Temperate Highland,5.639237820623497,Sugar Beans,1.47,Hot Dry Season,35.2,Low Suitability
2990,85.90757655960468,Silty Loam,Harare,IIa,Subtropical Highland,5.813229397243511,Macadamia Nuts,1.75,Hot Dry Season,59.58,Moderately Suitable
2991,63.49034350218043,Red Clay,Harare,IIb,Semi-Arid,5.89110656297632,Dry Beans,1.2,Cool Dry Season,47.1,Low Suitability
2992,33.59254203034962,Sandy Loam,Masvingo,V,Temperate Highland,6.183160978627114,Sorghum,1.37,Dry Season,42.96,Low Suitability
2993,53.76723332586515,Silty Loam,Mashonaland West,III,Humid Subtropical,6.019765160475723,Sugar Beans,1.51,Cool Dry Season,53.78,Moderately Suitable
2994,68.59059072050131,Clay Loam,Mashonaland Central,III,Semi-Arid,6.518483296580511,Potatoes,16.04,Cool Dry Season,60.93,Moderately Suitable
2995,37.234282578852294,Loam,Masvingo,III,Humid Subtropical,6.313479905007302,Pumpkin,7.74,Cool Dry Season,62.58,Moderately Suitable
2996,34.45380543954958,Red Clay,Matabeleland South,IV,Humid Subtropical,6.779839979819186,Watermelon,23.36,Rainy Season,56.36,Moderately Suitable
2997,29.347713296668598,Red Clay,Masvingo,V,Temperate Highland,6.413078606672532,Dry Beans,1.32,Cool Dry Season,61.34,Moderately Suitable
2998,48.75418566662829,Loam,Matabeleland South,V,Subtropical Highland,6.736240824746655,Soybeans,1.69,Cool Dry Season,45.5,Low Suitability
2999,100.0,Sandy Soil,Harare,IIa,Semi-Arid,5.389593774832103,Soybeans,1.96,Dry Season,70.16,Suitable
3000,40.44930984330855,Loam,Masvingo,V,Subtropical Highland,5.622908399895497,Cabbage,18.3,Winter,46.33,Low Suitability
3001,98.68572722242223,Loam,Mashonaland West,IIa,Subtropical Highland,5.766374351067802,Tea,1.93,Winter,52.57,Moderately Suitable
3002,63.89106660866928,Sandy Soil,Midlands,IV,Subtropical Highland,5.865544286791064,Sorghum,1.97,Winter,73.33,Suitable
3003,50.600329122120606,Sandy Loam,Matabeleland North,IV,Semi-Arid,5.0133381773555925,Pearl Millet,1.73,Cool Dry Season,61.24,Moderately Suitable
3004,72.0292207397587,Clay Soil,Mashonaland West,IIb,Subtropical Highland,5.362010747017876,Sunflower,1.76,Cool Dry Season,63.38,Moderately Suitable
3005,64.21910056504301,Sandy Soil,Mashonaland East,IIa,Dry Tropical,5.577204822944512,Sorghum,2.0,Winter,75.63,Suitable
3006,63.94358002003884,Loam,Mashonaland Central,III,Temperate Highland,5.729596689342418,Groundnuts,1.74,Winter,72.34,Suitable
3007,48.03567038811977,Loam,Matabeleland North,IV,Temperate Highland,5.716408175636838,Pearl Millet,1.86,Cool Dry Season,69.28,Suitable
3008,86.06742125972711,Sandy Loam,Mashonaland East,IIb,Humid Subtropical,6.7400548799070705,Finger Millet,1.72,Cool Dry Season,87.68,Highly Suitable
3009,94.30749267723355,Silty Loam,Manicaland,IIa,Humid Subtropical,6.672624280427398,Paprika,2.53,Rainy Season,92.17,Highly Suitable
3010,85.07143157244045,Sandy Soil,Harare,IIb,Semi-Arid,5.665348335204078,Potatoes,16.61,Winter,69.43,Suitable
3011,71.80724516547566,Silty Loam,Mashonaland East,IIb,Dry Tropical,6.5066745878592815,Dry Beans,1.2,Cool Dry Season,75.61,Suitable
3012,95.4764499076899,Clay Soil,Mashonaland East,IIa,Temperate Highland,6.641568948094639,Carrots,17.61,Hot Dry Season,84.87,Highly Suitable
3013,72.83472054634753,Clay Loam,Mashonaland East,IIb,Humid Subtropical,6.692189881171632,Sunflower,1.52,Rainy Season,80.99,Highly Suitable
3014,64.65533698755554,Red Clay,Mashonaland Central,IIb,Temperate Highland,6.39566488798752,Groundnuts,1.51,Dry Season,76.58,Suitable
3015,82.87575406306114,Silty Loam,Mashonaland Central,IIb,Semi-Arid,6.041187447322295,Tomatoes,28.87,Rainy Season,68.56,Suitable
3016,100.0,Red Clay,Harare,IIa,Temperate Highland,6.24030692120572,Tea,1.82,Hot Dry Season,42.82,Low Suitability
3017,72.6200744239729,Silty Loam,Mashonaland Central,III,Temperate Highland,6.410354554133454,Sugar Beans,1.65,Winter,75.09,Suitable
3018,79.45412916381997,Loam,Matabeleland North,III,Semi-Arid,5.784354174485002,Groundnuts,1.27,Rainy Season,93.97,Highly Suitable
3019,33.734670051851026,Sandy Soil,Matabeleland South,V,Temperate Highland,6.034853198792045,Coffee,1.03,Cool Dry Season,47.09,Low Suitability
3020,57.657995616045795,Loam,Midlands,IV,Temperate Highland,6.379428590200777,Pumpkin,11.35,Cool Dry Season,73.09,Suitable
3021,73.25558455061449,Clay Soil,Mashonaland Central,III,Humid Subtropical,5.6710945360187806,Paprika,2.59,Hot Dry Season,70.54,Suitable
3022,94.09330712162215,Sandy Loam,Harare,IIb,Humid Subtropical,7.418134964240318,Soybeans,1.81,Hot Dry Season,58.1,Moderately Suitable
3023,41.86204957375094,Clay Loam,Mashonaland West,III,Semi-Arid,5.37695548932863,Tea,2.16,Hot Dry Season,46.31,Low Suitability
3024,78.22245636981161,Sandy Soil,Mashonaland East,IIb,Humid Subtropical,4.797662676885426,Cotton,1.56,Rainy Season,55.96,Moderately Suitable
3025,100.0,Silty Loam,Harare,IIa,Dry Tropical,5.965026135513648,Maize,3.47,Hot Dry Season,60.21,Moderately Suitable
3026,60.754820252550786,Clay Loam,Matabeleland South,V,Subtropical Highland,4.91515935718976,Cabbage,23.84,Rainy Season,37.38,Low Suitability
3027,48.079438138579434,Red Clay,Matabeleland South,V,Humid Subtropical,7.635004808119647,Pearl Millet,1.3,Hot Dry Season,62.35,Moderately Suitable
3028,56.45848539947745,Clay Loam,Matabeleland North,IV,Humid Subtropical,4.31411808194886,Sunflower,1.46,Rainy Season,43.49,Low Suitability
3029,39.0449469847438,Clay Soil,Midlands,III,Subtropical Highland,6.7200544146699785,Cotton,1.29,Winter,54.52,Moderately Suitable
3030,72.55622420033167,Red Clay,Masvingo,III,Dry Tropical,6.049494732405971,Dry Beans,1.39,Rainy Season,67.61,Suitable
3031,91.45036775323257,Clay Soil,Mashonaland East,IIb,Semi-Arid,6.793047003942007,Maize,3.79,Hot Dry Season,58.67,Moderately Suitable
3032,58.83601033441802,Red Clay,Masvingo,IV,Semi-Arid,7.232681114604832,Tobacco,1.84,Winter,26.14,Not Suitable
3033,55.07563483984886,Sandy Soil,Midlands,IV,Humid Subtropical,5.719575979505772,Cabbage,16.27,Dry Season,37.04,Low Suitability
3034,97.64795727303077,Loam,Manicaland,I,Dry Tropical,6.176950405166845,Sugar Beans,1.52,Hot Dry Season,82.23,Highly Suitable
3035,71.23335431191258,Sandy Loam,Manicaland,III,Dry Tropical,6.341273518901108,Cabbage,24.41,Cool Dry Season,63.95,Moderately Suitable
3036,52.72780228418144,Red Clay,Mashonaland Central,III,Temperate Highland,4.794776188831725,Maize,2.91,Winter,35.39,Low Suitability
3037,68.57366725078604,Silty Loam,Harare,IIa,Subtropical Highland,7.651209589257166,Sugar Beans,1.34,Hot Dry Season,48.71,Low Suitability
3038,95.6505725992818,Sandy Soil,Harare,IIa,Semi-Arid,6.186960210269969,Macadamia Nuts,1.72,Dry Season,63.1,Moderately Suitable
3039,41.34962154209308,Loam,Mashonaland Central,III,Dry Tropical,5.4084647929357175,Maize,3.89,Rainy Season,41.65,Low Suitability
3040,10.0,Loam,Matabeleland South,V,Semi-Arid,5.776320416638999,Tobacco,1.8,Cool Dry Season,57.99,Moderately Suitable
3041,84.87836341780967,Clay Soil,Harare,IIa,Subtropical Highland,6.845752967692604,Tobacco,1.92,Rainy Season,64.4,Moderately Suitable
3042,56.26511323913766,Loam,Matabeleland North,III,Subtropical Highland,5.005689595365839,Watermelon,20.86,Hot Dry Season,51.69,Moderately Suitable
3043,83.26733175855753,Sandy Soil,Mashonaland East,IIb,Humid Subtropical,6.275076877988269,Paprika,2.52,Cool Dry Season,80.28,Highly Suitable
3044,67.39400520327067,Silty Loam,Mashonaland Central,IIb,Semi-Arid,7.350900570570023,Pearl Millet,2.06,Hot Dry Season,79.33,Suitable
3045,50.5376294782084,Clay Loam,Mashonaland West,IIb,Semi-Arid,5.420659376693342,Pearl Millet,1.55,Dry Season,69.02,Suitable
3046,34.15273214378358,Clay Loam,Masvingo,IV,Dry Tropical,6.8642440348539235,Coffee,0.95,Cool Dry Season,41.35,Low Suitability
3047,51.96570251224762,Red Clay,Matabeleland North,IV,Temperate Highland,7.19294574993551,Tobacco,1.62,Dry Season,27.92,Not Suitable
3048,89.55813661439215,Clay Soil,Mashonaland East,IIb,Dry Tropical,4.695142483180646,Groundnuts,1.48,Winter,69.83,Suitable
3049,73.61208533591946,Sandy Loam,Mashonaland East,IIb,Semi-Arid,6.066884346270076,Potatoes,16.89,Cool Dry Season,65.36,Suitable
3050,52.84725922236221,Silty Loam,Midlands,III,Subtropical Highland,5.007869567170717,Sorghum,2.1,Rainy Season,65.27,Suitable
3051,47.120266088125774,Silty Loam,Midlands,III,Temperate Highland,5.4600628911110896,Macadamia Nuts,1.76,Cool Dry Season,51.22,Moderately Suitable
3052,90.46074352783381,Loam,Mashonaland East,IIb,Humid Subtropical,5.590172935350336,Pearl Millet,1.86,Rainy Season,89.01,Highly Suitable
3053,41.47476641869465,Sandy Loam,Midlands,IV,Subtropical Highland,7.275769893101671,Maize,3.82,Cool Dry Season,55.0,Moderately Suitable
3054,45.955679594184545,Sandy Soil,Matabeleland South,IV,Semi-Arid,8.011731444810529,Pumpkin,10.52,Winter,38.06,Low Suitability
3055,100.0,Sandy Loam,Manicaland,I,Temperate Highland,6.182352032347092,Maize,2.59,Rainy Season,67.14,Suitable
3056,70.69349327303809,Clay Soil,Manicaland,III,Temperate Highland,6.514092056801777,Sorghum,2.47,Hot Dry Season,90.02,Highly Suitable
3057,75.6813223927171,Sandy Soil,Midlands,III,Humid Subtropical,4.623020754640711,Sunflower,1.56,Dry Season,57.89,Moderately Suitable
3058,29.286624815295923,Silty Loam,Manicaland,III,Dry Tropical,7.410101517179205,Macadamia Nuts,1.9,Rainy Season,41.82,Low Suitability
3059,72.95521614994631,Silty Loam,Mashonaland East,IIa,Semi-Arid,5.9668633215251825,Finger Millet,1.84,Rainy Season,88.76,Highly Suitable
3060,74.18622422255487,Sandy Loam,Matabeleland North,III,Dry Tropical,6.7419170423001,Tomatoes,29.89,Cool Dry Season,51.09,Moderately Suitable
3061,94.171623256686,Sandy Loam,Mashonaland Central,IIa,Semi-Arid,6.582645653974402,Soybeans,2.17,Cool Dry Season,72.78,Suitable
3062,60.563893121746624,Sandy Loam,Mashonaland West,IIb,Semi-Arid,4.2,Paprika,1.94,Dry Season,43.58,Low Suitability
3063,60.04271707353806,Silty Loam,Harare,IIb,Subtropical Highland,6.538081329291244,Tea,2.14,Cool Dry Season,43.67,Low Suitability
3064,73.49554402156652,Sandy Soil,Mashonaland Central,IIb,Semi-Arid,6.564777828968649,Cotton,1.87,Cool Dry Season,75.01,Suitable
3065,92.29254274595633,Clay Loam,Mashonaland West,IIa,Subtropical Highland,6.745031878503322,Soybeans,1.91,Winter,72.34,Suitable
3066,88.04838970394336,Red Clay,Manicaland,III,Semi-Arid,6.950533286476167,Coffee,1.19,Rainy Season,39.6,Low Suitability
3067,55.85447968813547,Red Clay,Midlands,III,Humid Subtropical,6.195222689498706,Sweet Potatoes,7.88,Cool Dry Season,69.95,Suitable
3068,64.66300422296233,Sandy Soil,Mashonaland Central,III,Temperate Highland,6.383381100371256,Sugar Beans,1.25,Hot Dry Season,56.05,Moderately Suitable
3069,66.96528297469334,Clay Loam,Harare,IIb,Humid Subtropical,6.0225785048388545,Potatoes,17.48,Hot Dry Season,66.68,Suitable
3070,50.08567470904295,Loam,Midlands,IV,Humid Subtropical,6.406960323950005,Soybeans,2.06,Winter,61.74,Moderately Suitable
3071,42.765924814937506,Loam,Matabeleland South,IV,Semi-Arid,5.231222228526577,Carrots,13.45,Winter,33.17,Not Suitable
3072,84.90533991319876,Sandy Soil,Harare,IIa,Temperate Highland,7.032168550060057,Tobacco,1.58,Rainy Season,53.6,Moderately Suitable
3073,35.80205085885021,Sandy Soil,Matabeleland South,V,Dry Tropical,6.641364465087674,Maize,3.15,Cool Dry Season,42.73,Low Suitability
3074,43.437737337430576,Silty Loam,Matabeleland South,IV,Humid Subtropical,4.696191772841124,Macadamia Nuts,1.42,Winter,41.96,Low Suitability
3075,74.93498308947579,Sandy Loam,Mashonaland East,IIa,Semi-Arid,6.465029767564405,Sweet Potatoes,10.1,Winter,70.34,Suitable
3076,19.962620868820935,Silty Loam,Midlands,IV,Subtropical Highland,6.810518971070826,Wheat,4.94,Rainy Season,66.95,Suitable
3077,76.35070591002366,Loam,Harare,IIb,Subtropical Highland,6.558598792732564,Onions,19.38,Hot Dry Season,77.37,Suitable
3078,19.999537871976464,Sandy Loam,Matabeleland South,V,Subtropical Highland,4.325663120337358,Wheat,3.03,Winter,33.02,Not Suitable
3079,95.55555924477446,Loam,Mashonaland East,IIa,Temperate Highland,6.4979410100253086,Wheat,5.36,Rainy Season,93.28,Highly Suitable
3080,88.24893601555246,Clay Loam,Mashonaland Central,IIb,Humid Subtropical,6.352134273784615,Finger Millet,1.85,Winter,87.6,Highly Suitable
3081,76.89957568424089,Red Clay,Matabeleland North,IV,Subtropical Highland,7.497469276492176,Potatoes,14.82,Cool Dry Season,48.56,Low Suitability
3082,32.56618777055561,Silty Loam,Masvingo,V,Dry Tropical,4.783834250995688,Sorghum,1.96,Rainy Season,44.16,Low Suitability
3083,46.53357933333468,Sandy Loam,Masvingo,V,Semi-Arid,7.484454044595518,Sunflower,1.38,Cool Dry Season,49.27,Low Suitability
3084,100.0,Red Clay,Manicaland,IIa,Temperate Highland,4.451527452334371,Wheat,4.42,Hot Dry Season,71.09,Suitable
3085,75.76271008503033,Silty Loam,Harare,IIa,Semi-Arid,7.458466557442793,Finger Millet,1.49,Hot Dry Season,75.89,Suitable
3086,47.194900935003965,Silty Loam,Masvingo,IV,Semi-Arid,6.652756611616706,Tobacco,1.89,Rainy Season,47.24,Low Suitability
3087,76.40666239956587,Silty Loam,Matabeleland North,IV,Temperate Highland,6.899147262520318,Sunflower,1.27,Dry Season,75.01,Suitable
3088,31.385370535190155,Clay Soil,Matabeleland South,V,Semi-Arid,6.132171208351464,Tea,2.53,Cool Dry Season,45.0,Low Suitability
3089,86.20924148775535,Red Clay,Matabeleland North,III,Subtropical Highland,5.897588632745268,Onions,17.19,Hot Dry Season,73.35,Suitable
3090,83.48608527669721,Sandy Loam,Mashonaland West,IIa,Semi-Arid,6.656092174371558,Pumpkin,12.0,Hot Dry Season,97.27,Highly Suitable
3091,80.62470114733759,Clay Soil,Mashonaland Central,IIb,Temperate Highland,6.0819328922860585,Sorghum,2.3,Rainy Season,95.99,Highly Suitable
3092,89.28001517213318,Clay Loam,Mashonaland Central,IIa,Semi-Arid,6.384063424900518,Cabbage,23.21,Cool Dry Season,70.67,Suitable
3093,100.0,Silty Loam,Manicaland,I,Dry Tropical,6.030641223837237,Coffee,0.94,Winter,54.27,Moderately Suitable
3094,74.91741371432973,Clay Soil,Harare,IIb,Semi-Arid,6.431367818426316,Wheat,4.53,Dry Season,76.91,Suitable
3095,67.39288167000379,Clay Loam,Mashonaland Central,III,Temperate Highland,5.833283432090491,Sweet Potatoes,9.56,Rainy Season,67.89,Suitable
3096,40.61915682879877,Sandy Soil,Matabeleland South,IV,Temperate Highland,4.871461691101485,Cabbage,15.18,Rainy Season,27.81,Not Suitable
3097,77.52938443327298,Sandy Loam,Mashonaland Central,III,Temperate Highland,5.506269430071403,Watermelon,24.43,Dry Season,68.4,Suitable
3098,49.43132229303756,Clay Soil,Mashonaland Central,IIb,Dry Tropical,5.788612917575929,Potatoes,21.3,Rainy Season,58.15,Moderately Suitable
3099,50.858905944523954,Sandy Soil,Matabeleland South,IV,Humid Subtropical,5.697319070345843,Sugar Beans,1.22,Dry Season,39.33,Low Suitability
3100,41.28918750408468,Clay Loam,Masvingo,IV,Temperate Highland,5.889606087747175,Tobacco,1.59,Dry Season,53.4,Moderately Suitable
3101,78.32433308784466,Clay Loam,Masvingo,III,Subtropical Highland,6.512539864838804,Paprika,2.35,Dry Season,81.58,Highly Suitable
3102,84.0539466594825,Sandy Loam,Mashonaland West,IIa,Temperate Highland,6.0581041851183075,Pearl Millet,2.02,Rainy Season,82.85,Highly Suitable
3103,62.66353289301604,Clay Soil,Matabeleland South,IV,Subtropical Highland,6.241805759568194,Wheat,5.51,Rainy Season,70.86,Suitable
3104,21.22352989976126,Loam,Midlands,IV,Subtropical Highland,7.136108788587233,Sugar Beans,1.5,Cool Dry Season,49.9,Low Suitability
3105,100.0,Clay Soil,Harare,IIb,Temperate Highland,6.147451137654799,Cabbage,20.98,Winter,73.42,Suitable
3106,52.36291050204032,Sandy Loam,Matabeleland North,IV,Temperate Highland,7.3913907076932865,Potatoes,15.31,Dry Season,41.73,Low Suitability
3107,72.89104413445234,Clay Loam,Mashonaland West,IIb,Subtropical Highland,6.877136327314566,Coffee,1.04,Rainy Season,43.33,Low Suitability
3108,67.92886370168091,Loam,Mashonaland Central,IIb,Humid Subtropical,6.34117152837742,Watermelon,25.94,Hot Dry Season,74.68,Suitable
3109,97.7976489018099,Loam,Mashonaland Central,IIb,Temperate Highland,6.312234948834465,Tea,1.93,Cool Dry Season,44.99,Low Suitability
3110,48.64294476467449,Loam,Masvingo,IV,Subtropical Highland,4.954724565008715,Sorghum,2.17,Dry Season,58.53,Moderately Suitable
3111,31.88597923922276,Silty Loam,Matabeleland South,IV,Humid Subtropical,5.742785725597437,Finger Millet,1.1,Winter,60.52,Moderately Suitable
3112,21.880407696764973,Clay Loam,Masvingo,V,Subtropical Highland,7.724304626455646,Cowpeas,1.1,Winter,43.66,Low Suitability
3113,74.76950585807472,Loam,Matabeleland South,IV,Semi-Arid,4.937362306542017,Tomatoes,24.71,Rainy Season,44.54,Low Suitability
3114,90.03114723775613,Sandy Loam,Matabeleland North,III,Dry Tropical,7.025199806972077,Carrots,15.85,Cool Dry Season,87.57,Highly Suitable
3115,72.42670828028649,Silty Loam,Harare,IIa,Dry Tropical,5.496549238091928,Sunflower,1.88,Hot Dry Season,62.43,Moderately Suitable
3116,63.17197486606237,Loam,Mashonaland East,IIb,Humid Subtropical,6.919443799939984,Pumpkin,9.86,Cool Dry Season,67.42,Suitable
3117,84.81197531424368,Clay Soil,Mashonaland Central,III,Humid Subtropical,6.577417403319819,Wheat,4.74,Winter,75.85,Suitable
3118,33.11328051345343,Red Clay,Matabeleland North,III,Humid Subtropical,6.751112800046532,Cowpeas,0.94,Winter,50.25,Moderately Suitable
3119,81.6301814791453,Sandy Loam,Mashonaland Central,IIb,Humid Subtropical,6.48724326901218,Macadamia Nuts,1.66,Winter,52.44,Moderately Suitable
3120,64.40361017103743,Silty Loam,Mashonaland West,IIb,Humid Subtropical,5.761644699964501,Sunflower,1.72,Rainy Season,76.08,Suitable
3121,48.94651664683774,Silty Loam,Matabeleland South,V,Semi-Arid,6.330167409258528,Tea,1.79,Cool Dry Season,49.53,Low Suitability
3122,92.96719112463336,Sandy Loam,Harare,IIa,Humid Subtropical,7.551016862572046,Dry Beans,1.39,Rainy Season,78.93,Suitable
3123,67.51241662101472,Loam,Matabeleland South,IV,Humid Subtropical,7.1567287075712915,Sorghum,2.12,Rainy Season,77.03,Suitable
3124,83.99106089176404,Loam,Manicaland,III,Temperate Highland,6.86885673796495,Wheat,4.23,Cool Dry Season,90.41,Highly Suitable
3125,54.28286181839422,Silty Loam,Matabeleland South,IV,Temperate Highland,6.91987850405068,Sorghum,2.29,Rainy Season,80.43,Highly Suitable
3126,100.0,Silty Loam,Mashonaland West,IIa,Dry Tropical,6.181406092198818,Finger Millet,2.03,Dry Season,83.28,Highly Suitable
3127,65.21081089764088,Sandy Loam,Manicaland,III,Subtropical Highland,6.715163121646665,Wheat,3.93,Cool Dry Season,72.92,Suitable
3128,89.63336172226947,Red Clay,Mashonaland East,IIb,Subtropical Highland,5.806748848550269,Tobacco,1.92,Winter,71.03,Suitable
3129,51.85168658121735,Clay Loam,Matabeleland North,III,Subtropical Highland,6.322002614420394,Pumpkin,14.25,Rainy Season,72.05,Suitable
3130,83.1762280525553,Sandy Soil,Mashonaland East,IIb,Temperate Highland,5.902349678954738,Soybeans,2.05,Hot Dry Season,63.52,Moderately Suitable
3131,83.74648019878711,Sandy Loam,Mashonaland Central,IIb,Temperate Highland,5.410435677613441,Tea,1.84,Hot Dry Season,55.23,Moderately Suitable
3132,88.19248050686716,Red Clay,Mashonaland Central,IIa,Humid Subtropical,5.5874488068119135,Tobacco,1.9,Hot Dry Season,79.8,Suitable
3133,39.58351685048672,Sandy Loam,Midlands,IV,Semi-Arid,6.441694966511907,Wheat,3.81,Cool Dry Season,61.76,Moderately Suitable
3134,45.2667320646387,Silty Loam,Masvingo,III,Temperate Highland,6.464897313800927,Tobacco,1.67,Dry Season,49.7,Low Suitability
3135,63.40529773123062,Silty Loam,Mashonaland Central,IIb,Humid Subtropical,5.7210598976216405,Tea,2.22,Dry Season,56.58,Moderately Suitable
3136,82.11851872769329,Clay Loam,Mashonaland Central,IIa,Humid Subtropical,6.764537584079102,Groundnuts,1.47,Dry Season,89.54,Highly Suitable
3137,36.54626176354456,Silty Loam,Mashonaland West,III,Subtropical Highland,5.471809026257409,Pumpkin,9.44,Cool Dry Season,42.09,Low Suitability
3138,76.09572031353977,Clay Loam,Manicaland,IIa,Humid Subtropical,6.718522222831129,Potatoes,15.76,Cool Dry Season,65.26,Suitable
3139,58.165079575030944,Silty Loam,Midlands,III,Temperate Highland,4.902253690187592,Sweet Potatoes,9.42,Dry Season,47.55,Low Suitability
3140,37.11822839660045,Silty Loam,Matabeleland North,IV,Humid Subtropical,5.871487888132114,Pearl Millet,1.26,Hot Dry Season,51.39,Moderately Suitable
3141,83.91978350958205,Clay Loam,Mashonaland West,IIa,Humid Subtropical,5.181623891895799,Pumpkin,11.23,Rainy Season,78.53,Suitable
3142,79.6993786267375,Red Clay,Mashonaland East,IIb,Temperate Highland,6.6886724492896095,Maize,3.79,Hot Dry Season,66.44,Suitable
3143,100.0,Sandy Loam,Mashonaland East,IIa,Temperate Highland,5.171311681277138,Paprika,2.62,Winter,71.58,Suitable
3144,66.52297307301419,Red Clay,Manicaland,III,Semi-Arid,7.0145628814394305,Pumpkin,11.5,Cool Dry Season,76.79,Suitable
3145,39.28650429300758,Clay Loam,Matabeleland South,IV,Semi-Arid,6.844340125865624,Soybeans,2.23,Winter,47.13,Low Suitability
3146,85.0657141057386,Sandy Soil,Mashonaland East,IIa,Dry Tropical,5.903379529136456,Tobacco,1.92,Winter,66.27,Suitable
3147,81.20078843187092,Clay Loam,Harare,IIa,Subtropical Highland,5.813593812701105,Sugar Beans,1.57,Cool Dry Season,76.32,Suitable
3148,64.7359787213903,Red Clay,Mashonaland East,IIb,Subtropical Highland,7.553879359532662,Sugar Beans,1.67,Hot Dry Season,57.82,Moderately Suitable
3149,49.021746468139305,Loam,Manicaland,III,Dry Tropical,6.677391535031178,Paprika,2.1,Hot Dry Season,57.66,Moderately Suitable
3150,77.82934556482434,Red Clay,Mashonaland West,IIb,Subtropical Highland,5.388666087310774,Cotton,1.78,Winter,62.81,Moderately Suitable
3151,61.34070719097302,Sandy Soil,Matabeleland South,IV,Dry Tropical,5.8979705784449035,Cowpeas,1.04,Cool Dry Season,86.77,Highly Suitable
3152,69.37513654708151,Sandy Soil,Midlands,III,Dry Tropical,5.46665801045812,Carrots,16.06,Rainy Season,51.07,Moderately Suitable
3153,20.06465494144634,Red Clay,Masvingo,V,Temperate Highland,6.407068223337279,Pearl Millet,1.5,Winter,57.77,Moderately Suitable
3154,54.83323497264508,Red Clay,Midlands,IV,Dry Tropical,7.330656990760396,Tomatoes,27.69,Dry Season,51.72,Moderately Suitable
3155,39.13841505943643,Red Clay,Midlands,IV,Subtropical Highland,5.597858859054732,Maize,3.74,Dry Season,47.84,Low Suitability
3156,72.22190762627949,Clay Soil,Mashonaland West,IIa,Subtropical Highland,6.1625503277380576,Cabbage,23.46,Winter,55.66,Moderately Suitable
3157,55.365774235309644,Clay Soil,Masvingo,III,Humid Subtropical,6.922982439366687,Macadamia Nuts,1.67,Cool Dry Season,38.24,Low Suitability
3158,65.09971540371426,Sandy Soil,Mashonaland West,IIa,Semi-Arid,6.7625332893958525,Watermelon,22.63,Hot Dry Season,66.02,Suitable
3159,88.12863314474157,Silty Loam,Harare,IIa,Semi-Arid,5.322784648868854,Potatoes,14.89,Dry Season,69.08,Suitable
3160,91.83815238087503,Clay Soil,Harare,IIb,Dry Tropical,6.370021241872386,Sorghum,2.24,Dry Season,89.18,Highly Suitable
3161,64.48007339871465,Silty Loam,Mashonaland Central,IIb,Temperate Highland,6.279903770022658,Soybeans,1.97,Hot Dry Season,46.72,Low Suitability
3162,86.76752425284728,Silty Loam,Manicaland,III,Humid Subtropical,4.970584492416564,Sunflower,1.52,Winter,67.21,Suitable
3163,74.64479471417123,Clay Loam,Mashonaland East,IIa,Dry Tropical,5.90023103991347,Tobacco,1.72,Hot Dry Season,65.49,Suitable
3164,92.0163759282344,Silty Loam,Harare,IIb,Temperate Highland,5.23554168822208,Pumpkin,12.74,Winter,72.79,Suitable
3165,83.9523314166492,Clay Soil,Mashonaland East,IIb,Semi-Arid,7.565787496135761,Sugar Beans,1.28,Cool Dry Season,63.02,Moderately Suitable
3166,54.81235302282435,Clay Loam,Masvingo,IV,Temperate Highland,5.583984263585859,Maize,3.48,Winter,43.28,Low Suitability
3167,72.13618310664961,Silty Loam,Harare,IIa,Semi-Arid,7.629541899316492,Tea,1.89,Rainy Season,27.4,Not Suitable
3168,86.48217323726519,Clay Loam,Mashonaland Central,IIb,Subtropical Highland,6.194598586823899,Macadamia Nuts,1.35,Winter,59.23,Moderately Suitable
3169,100.0,Clay Soil,Harare,IIb,Dry Tropical,6.410718549612129,Onions,22.45,Cool Dry Season,88.98,Highly Suitable
3170,97.57678525390789,Clay Loam,Harare,IIa,Subtropical Highland,5.937009138322789,Watermelon,24.74,Cool Dry Season,89.15,Highly Suitable
3171,98.1768751782958,Sandy Soil,Harare,IIb,Temperate Highland,6.0315323769913896,Macadamia Nuts,1.9,Hot Dry Season,70.33,Suitable
3172,39.25277107561662,Clay Soil,Matabeleland North,III,Subtropical Highland,6.860131143667363,Carrots,16.81,Winter,58.92,Moderately Suitable
3173,31.489468960022926,Silty Loam,Matabeleland South,V,Humid Subtropical,6.400415073647673,Finger Millet,1.35,Hot Dry Season,49.79,Low Suitability
3174,57.470648100869255,Sandy Soil,Harare,IIb,Temperate Highland,5.091665168563939,Maize,2.89,Hot Dry Season,36.96,Low Suitability
3175,84.55492137583948,Silty Loam,Mashonaland East,IIa,Subtropical Highland,6.560350322752434,Onions,15.12,Dry Season,75.72,Suitable
3176,27.338828506006045,Sandy Soil,Masvingo,V,Subtropical Highland,6.781761230761585,Pumpkin,11.95,Winter,53.32,Moderately Suitable
3177,79.14985973001525,Sandy Soil,Mashonaland Central,IIb,Semi-Arid,6.588645681798871,Groundnuts,1.39,Dry Season,76.25,Suitable
3178,74.7822431711855,Silty Loam,Matabeleland South,IV,Temperate Highland,5.397496859876336,Watermelon,26.45,Hot Dry Season,76.46,Suitable
3179,67.36532083246598,Silty Loam,Mashonaland West,III,Subtropical Highland,5.754093981921659,Wheat,3.86,Hot Dry Season,60.91,Moderately Suitable
3180,96.26943814308287,Silty Loam,Manicaland,I,Semi-Arid,5.8043991648845505,Cowpeas,1.13,Winter,81.48,Highly Suitable
3181,58.68127233835544,Silty Loam,Matabeleland South,IV,Temperate Highland,7.237109002539288,Macadamia Nuts,1.6,Dry Season,38.23,Low Suitability
3182,44.70569898841173,Sandy Soil,Matabeleland North,IV,Dry Tropical,6.71528812282418,Maize,2.64,Hot Dry Season,48.61,Low Suitability
3183,38.081091738234576,Red Clay,Masvingo,IV,Dry Tropical,6.55859634926936,Soybeans,1.63,Hot Dry Season,53.91,Moderately Suitable
3184,53.26852399343886,Sandy Soil,Masvingo,III,Temperate Highland,5.376919628794215,Sorghum,2.02,Dry Season,67.13,Suitable
3185,72.29624379502229,Loam,Matabeleland South,IV,Temperate Highland,6.3907739516427,Sweet Potatoes,9.95,Hot Dry Season,85.52,Highly Suitable
3186,67.83122558662691,Clay Loam,Mashonaland Central,III,Semi-Arid,7.117916595237501,Finger Millet,1.55,Winter,72.81,Suitable
3187,35.256685982580294,Sandy Soil,Matabeleland North,IV,Humid Subtropical,6.875122450730437,Macadamia Nuts,1.58,Dry Season,42.76,Low Suitability
3188,40.339941258343124,Sandy Loam,Matabeleland South,IV,Dry Tropical,5.669680837288624,Onions,16.55,Rainy Season,36.85,Low Suitability
3189,77.52908273377562,Loam,Mashonaland East,IIb,Subtropical Highland,5.6147128230770464,Watermelon,23.34,Hot Dry Season,82.93,Highly Suitable
3190,35.705340875630604,Sandy Loam,Midlands,IV,Humid Subtropical,5.465733672725532,Tomatoes,26.93,Hot Dry Season,55.7,Moderately Suitable
3191,62.41206839928973,Sandy Soil,Mashonaland West,III,Dry Tropical,7.404801508933648,Tobacco,1.59,Cool Dry Season,35.59,Low Suitability
3192,64.43319044387233,Clay Loam,Midlands,III,Temperate Highland,6.4861502234273685,Watermelon,21.84,Dry Season,86.06,Highly Suitable
3193,80.66521028081593,Sandy Soil,Mashonaland West,IIa,Temperate Highland,6.50956525740519,Watermelon,20.35,Winter,84.3,Highly Suitable
3194,36.318516779724035,Sandy Soil,Matabeleland South,IV,Humid Subtropical,5.19724876138441,Sunflower,1.17,Dry Season,35.38,Low Suitability
3195,51.63115937938878,Sandy Soil,Midlands,IV,Semi-Arid,6.10450488575189,Carrots,13.82,Winter,42.51,Low Suitability
3196,37.62482972887651,Loam,Masvingo,V,Subtropical Highland,5.436708929785847,Potatoes,17.28,Hot Dry Season,56.89,Moderately Suitable
3197,53.85078315813027,Sandy Soil,Matabeleland North,III,Temperate Highland,6.544368714351589,Groundnuts,1.28,Winter,54.35,Moderately Suitable
3198,70.58131505342291,Red Clay,Midlands,III,Dry Tropical,6.369383081898798,Dry Beans,1.2,Cool Dry Season,64.48,Moderately Suitable
3199,69.9429007617276,Sandy Loam,Matabeleland North,III,Semi-Arid,5.8644362858236345,Tomatoes,24.66,Hot Dry Season,57.89,Moderately Suitable
3200,75.65270500623814,Clay Soil,Mashonaland East,IIb,Dry Tropical,8.110309358275991,Tomatoes,25.12,Hot Dry Season,40.82,Low Suitability
3201,42.558755414368804,Sandy Soil,Matabeleland North,IV,Semi-Arid,6.889708269527985,Cowpeas,1.17,Winter,65.29,Suitable
3202,76.48592046723427,Clay Loam,Mashonaland Central,IIb,Humid Subtropical,6.802032640774987,Cowpeas,1.12,Hot Dry Season,86.53,Highly Suitable
3203,100.0,Sandy Loam,Manicaland,IIa,Humid Subtropical,5.771949871336458,Sorghum,2.09,Hot Dry Season,86.12,Highly Suitable
3204,59.538341786269854,Sandy Loam,Matabeleland North,III,Humid Subtropical,7.345684381891297,Sugar Beans,1.52,Hot Dry Season,53.47,Moderately Suitable
3205,35.34225320916538,Clay Soil,Matabeleland South,V,Humid Subtropical,5.061207460221386,Watermelon,22.54,Cool Dry Season,35.55,Low Suitability
3206,91.46027954598998,Sandy Soil,Mashonaland East,IIa,Temperate Highland,7.385899096518809,Wheat,5.1,Winter,68.2,Suitable
3207,75.00933894182836,Clay Loam,Manicaland,III,Subtropical Highland,6.297176030626276,Tea,1.84,Winter,51.77,Moderately Suitable
3208,90.0261060275891,Clay Loam,Manicaland,I,Subtropical Highland,5.92797546834614,Soybeans,2.13,Rainy Season,71.6,Suitable
3209,10.0,Sandy Soil,Matabeleland South,V,Dry Tropical,6.962723790790898,Sunflower,1.24,Cool Dry Season,40.66,Low Suitability
3210,57.59614135944871,Sandy Soil,Masvingo,III,Subtropical Highland,6.686998334209648,Tea,2.08,Dry Season,33.1,Not Suitable
3211,76.73699788016509,Silty Loam,Midlands,III,Humid Subtropical,5.818728593492349,Pearl Millet,1.78,Winter,76.5,Suitable
3212,66.9410015598372,Red Clay,Harare,IIb,Semi-Arid,6.703045109650501,Sorghum,2.26,Cool Dry Season,93.47,Highly Suitable
3213,70.23617345928531,Sandy Soil,Matabeleland North,III,Temperate Highland,7.808152007914003,Tea,1.76,Dry Season,30.0,Not Suitable
3214,78.82513212263184,Clay Loam,Mashonaland Central,IIa,Subtropical Highland,5.860401624462674,Paprika,2.89,Winter,78.37,Suitable
3215,68.40974220432187,Silty Loam,Matabeleland North,III,Dry Tropical,6.269746069759023,Soybeans,2.2,Hot Dry Season,63.84,Moderately Suitable
3216,53.352999359435216,Clay Loam,Midlands,III,Semi-Arid,6.926220731970302,Wheat,3.21,Winter,52.07,Moderately Suitable
3217,52.31590275316499,Loam,Masvingo,V,Temperate Highland,4.95804431425884,Pumpkin,9.8,Winter,45.37,Low Suitability
3218,78.12832404820539,Sandy Soil,Mashonaland Central,IIa,Subtropical Highland,5.93076900214795,Sunflower,1.43,Winter,77.94,Suitable
3219,87.92812827075815,Sandy Loam,Mashonaland Central,IIb,Temperate Highland,7.480845830631511,Soybeans,2.06,Cool Dry Season,63.34,Moderately Suitable
3220,48.34067202869561,Red Clay,Mashonaland Central,IIb,Dry Tropical,5.927554831704612,Finger Millet,1.35,Dry Season,64.61,Moderately Suitable
3221,66.13071543185814,Silty Loam,Masvingo,III,Temperate Highland,5.73691604899886,Soybeans,2.02,Hot Dry Season,50.75,Moderately Suitable
3222,69.71115384409194,Clay Loam,Mashonaland West,IIa,Subtropical Highland,6.1769361621025825,Tobacco,1.97,Cool Dry Season,58.49,Moderately Suitable
3223,60.71029295759546,Clay Soil,Manicaland,III,Temperate Highland,5.7882444858418625,Carrots,13.19,Hot Dry Season,60.8,Moderately Suitable
3224,36.026136654869234,Sandy Soil,Matabeleland South,IV,Temperate Highland,6.12371009217128,Cotton,1.65,Dry Season,43.9,Low Suitability
3225,74.47428800290416,Loam,Mashonaland Central,III,Humid Subtropical,5.141762421819576,Tomatoes,23.48,Winter,51.04,Moderately Suitable
3226,62.17199964931869,Silty Loam,Matabeleland North,III,Semi-Arid,6.263713418971715,Groundnuts,1.37,Hot Dry Season,83.3,Highly Suitable
3227,77.88003393182079,Silty Loam,Mashonaland Central,III,Humid Subtropical,4.99611519888233,Potatoes,12.89,Dry Season,56.49,Moderately Suitable
3228,92.96718989711536,Sandy Soil,Mashonaland West,IIb,Temperate Highland,5.113258787346196,Tobacco,1.85,Winter,59.85,Moderately Suitable
3229,50.29248060123774,Clay Loam,Midlands,III,Dry Tropical,7.443683967936156,Cabbage,20.65,Winter,43.19,Low Suitability
3230,47.18739084494,Sandy Soil,Matabeleland South,V,Semi-Arid,5.2409594632837315,Onions,12.26,Dry Season,33.59,Not Suitable
3231,90.47614975233624,Sandy Loam,Mashonaland Central,IIa,Temperate Highland,5.413688643781871,Potatoes,19.05,Rainy Season,68.43,Suitable
3232,74.33749070782468,Loam,Mashonaland West,IIb,Dry Tropical,6.774996222856574,Tomatoes,26.95,Dry Season,66.34,Suitable
3233,70.11859336107791,Clay Loam,Mashonaland East,IIb,Temperate Highland,7.084439550596039,Dry Beans,1.41,Winter,65.73,Suitable
3234,82.54839430391505,Silty Loam,Mashonaland East,IIa,Subtropical Highland,7.687748115675897,Wheat,4.41,Hot Dry Season,63.87,Moderately Suitable
3235,73.94948044940571,Sandy Soil,Mashonaland West,IIb,Dry Tropical,6.651377256600249,Paprika,2.2,Rainy Season,73.54,Suitable
3236,79.34671910409503,Loam,Midlands,III,Semi-Arid,5.576435262445226,Watermelon,23.02,Rainy Season,78.43,Suitable
3237,72.72798185365745,Sandy Soil,Midlands,III,Subtropical Highland,5.918563139440121,Dry Beans,1.29,Hot Dry Season,71.78,Suitable
3238,84.39361874229832,Silty Loam,Manicaland,III,Humid Subtropical,6.276315407394775,Watermelon,22.25,Winter,83.74,Highly Suitable
3239,38.527157399047326,Sandy Loam,Masvingo,V,Dry Tropical,5.971381886409819,Maize,3.53,Dry Season,45.53,Low Suitability
3240,64.61247698540791,Loam,Matabeleland North,III,Semi-Arid,5.723504650601442,Carrots,15.22,Cool Dry Season,68.38,Suitable
3241,85.03841457404951,Loam,Mashonaland East,IIa,Temperate Highland,6.5797262043265405,Finger Millet,1.62,Hot Dry Season,89.74,Highly Suitable
3242,46.28895255645706,Clay Loam,Masvingo,IV,Temperate Highland,6.353389557274651,Onions,20.46,Rainy Season,53.25,Moderately Suitable
3243,75.43100701409656,Red Clay,Mashonaland Central,III,Humid Subtropical,5.997345859690609,Maize,3.3,Rainy Season,48.76,Low Suitability
3244,64.07072312356166,Silty Loam,Midlands,III,Dry Tropical,6.158069079293136,Potatoes,13.57,Rainy Season,58.72,Moderately Suitable
3245,66.66187146499212,Red Clay,Manicaland,III,Semi-Arid,4.905482321176107,Coffee,0.9,Rainy Season,38.9,Low Suitability
3246,34.14306092361733,Loam,Matabeleland South,V,Dry Tropical,6.554642335837203,Pearl Millet,1.48,Hot Dry Season,67.24,Suitable
3247,45.511079000116084,Sandy Loam,Matabeleland North,IV,Temperate Highland,5.341485136636976,Tea,2.26,Cool Dry Season,53.43,Moderately Suitable
3248,34.39639486065527,Sandy Soil,Matabeleland South,V,Subtropical Highland,4.734257825277979,Cotton,1.26,Hot Dry Season,26.76,Not Suitable
3249,56.23702671398216,Clay Soil,Harare,IIb,Subtropical Highland,6.803448546545863,Macadamia Nuts,1.73,Dry Season,45.22,Low Suitability
3250,76.15668375786674,Clay Loam,Mashonaland Central,IIb,Dry Tropical,7.334410419925201,Wheat,4.63,Winter,59.0,Moderately Suitable
3251,91.73562736592011,Sandy Loam,Mashonaland West,IIb,Dry Tropical,5.9282043322306235,Cabbage,23.04,Winter,68.95,Suitable
3252,82.59858285050761,Loam,Matabeleland North,IV,Temperate Highland,6.2547681692112596,Potatoes,16.01,Dry Season,52.32,Moderately Suitable
3253,77.74205598848022,Sandy Soil,Mashonaland East,IIb,Subtropical Highland,7.101945673071631,Tomatoes,30.76,Cool Dry Season,57.29,Moderately Suitable
3254,62.053279095647405,Silty Loam,Mashonaland West,III,Subtropical Highland,6.594861800296266,Tea,2.21,Rainy Season,42.86,Low Suitability
3255,84.75848517489615,Loam,Mashonaland East,IIb,Temperate Highland,7.876613173646705,Cowpeas,1.16,Dry Season,67.01,Suitable
3256,92.75132417936615,Sandy Loam,Mashonaland West,IIb,Temperate Highland,5.092365383818352,Sunflower,1.48,Cool Dry Season,76.06,Suitable
3257,48.54242673480744,Red Clay,Masvingo,IV,Dry Tropical,5.852514849012026,Maize,3.16,Hot Dry Season,43.28,Low Suitability
3258,70.25695845977265,Loam,Midlands,III,Semi-Arid,7.103029293382105,Sugar Beans,1.4,Rainy Season,67.81,Suitable
3259,83.90387582781572,Sandy Loam,Harare,IIa,Subtropical Highland,6.396897137861074,Macadamia Nuts,1.81,Hot Dry Season,57.04,Moderately Suitable
3260,61.02737772663058,Clay Loam,Matabeleland South,IV,Temperate Highland,5.88231032120246,Dry Beans,1.47,Rainy Season,53.96,Moderately Suitable
3261,65.04183888199111,Clay Loam,Masvingo,III,Semi-Arid,4.341396578216349,Dry Beans,1.44,Winter,44.53,Low Suitability
3262,60.76392982485399,Clay Loam,Mashonaland Central,IIb,Humid Subtropical,5.391185405266591,Watermelon,23.79,Hot Dry Season,64.11,Moderately Suitable
3263,64.48876394763867,Loam,Midlands,III,Semi-Arid,5.025637242781586,Pumpkin,11.25,Winter,66.42,Suitable
3264,80.97038646670104,Silty Loam,Mashonaland East,IIa,Humid Subtropical,6.212069930990914,Cotton,1.75,Rainy Season,87.47,Highly Suitable
3265,48.66109790733606,Clay Loam,Midlands,IV,Semi-Arid,6.095588589883897,Pearl Millet,1.83,Dry Season,68.8,Suitable
3266,56.50473470209936,Loam,Midlands,IV,Humid Subtropical,7.2732205991779155,Paprika,2.43,Winter,59.38,Moderately Suitable
3267,46.31394904150344,Sandy Loam,Matabeleland South,IV,Semi-Arid,6.626121598939651,Wheat,3.55,Dry Season,54.33,Moderately Suitable
3268,65.01697628275524,Loam,Midlands,III,Subtropical Highland,7.556336150289454,Tobacco,1.46,Hot Dry Season,46.4,Low Suitability
3269,62.833049176544186,Sandy Soil,Mashonaland West,III,Humid Subtropical,5.934537692530853,Tomatoes,25.17,Hot Dry Season,57.66,Moderately Suitable
3270,93.39531249428167,Clay Soil,Mashonaland East,IIb,Humid Subtropical,5.410977478174534,Soybeans,2.03,Dry Season,56.38,Moderately Suitable
3271,76.63032050568287,Silty Loam,Mashonaland East,IIa,Semi-Arid,5.984569201568924,Onions,17.71,Cool Dry Season,75.66,Suitable
3272,36.4737907533551,Loam,Masvingo,IV,Semi-Arid,6.882261787771229,Paprika,1.65,Rainy Season,55.51,Moderately Suitable
3273,43.2857832758392,Clay Soil,Matabeleland South,IV,Humid Subtropical,7.009211895841597,Cabbage,19.85,Rainy Season,47.4,Low Suitability
3274,58.53026592594474,Red Clay,Manicaland,III,Temperate Highland,4.907926084502986,Soybeans,1.88,Winter,32.62,Not Suitable
3275,75.5928755108158,Silty Loam,Mashonaland Central,IIb,Subtropical Highland,7.220813729808807,Sunflower,1.06,Dry Season,76.77,Suitable
3276,82.36700513912652,Sandy Loam,Harare,IIb,Semi-Arid,5.131469065193947,Finger Millet,1.72,Hot Dry Season,77.28,Suitable
3277,65.03255265980273,Sandy Loam,Harare,IIb,Humid Subtropical,5.73085877571625,Carrots,16.87,Rainy Season,64.48,Moderately Suitable
3278,85.98355352809828,Silty Loam,Mashonaland East,IIa,Subtropical Highland,6.395102119342379,Wheat,4.63,Hot Dry Season,88.65,Highly Suitable
3279,73.90308649388271,Silty Loam,Mashonaland West,III,Humid Subtropical,5.895542355475131,Dry Beans,0.99,Dry Season,58.65,Moderately Suitable
3280,53.925625928586925,Loam,Midlands,IV,Temperate Highland,5.410829442969377,Dry Beans,1.44,Winter,43.0,Low Suitability
3281,100.0,Red Clay,Mashonaland Central,IIb,Semi-Arid,6.485526115613333,Groundnuts,1.55,Winter,87.21,Highly Suitable
3282,46.30882557760138,Sandy Loam,Matabeleland South,IV,Temperate Highland,5.620769166850725,Paprika,1.99,Rainy Season,52.06,Moderately Suitable
3283,87.71127066411138,Silty Loam,Harare,IIa,Temperate Highland,6.488222177459939,Carrots,19.7,Winter,85.54,Highly Suitable
3284,55.8914269306859,Silty Loam,Mashonaland Central,III,Humid Subtropical,6.645973166101455,Soybeans,1.93,Dry Season,57.81,Moderately Suitable
3285,81.2814193061761,Sandy Loam,Mashonaland East,IIa,Humid Subtropical,5.217933259006706,Soybeans,1.57,Rainy Season,48.33,Low Suitability
3286,77.68074023757609,Silty Loam,Mashonaland West,III,Semi-Arid,6.110589140436978,Macadamia Nuts,1.74,Dry Season,54.07,Moderately Suitable
3287,97.48208141602025,Red Clay,Manicaland,IIa,Semi-Arid,6.183757628721951,Finger Millet,1.7,Dry Season,94.91,Highly Suitable
3288,22.80567713193632,Sandy Soil,Masvingo,V,Subtropical Highland,6.161474158248695,Tobacco,1.94,Cool Dry Season,54.35,Moderately Suitable
3289,67.04569926708392,Clay Soil,Manicaland,I,Humid Subtropical,5.6389522645769095,Coffee,1.07,Winter,60.18,Moderately Suitable
3290,93.08468113523624,Sandy Soil,Mashonaland Central,IIa,Temperate Highland,4.991217556680764,Tobacco,1.83,Dry Season,62.88,Moderately Suitable
3291,32.11081568251163,Clay Loam,Matabeleland South,V,Subtropical Highland,6.209034518791648,Soybeans,1.79,Rainy Season,55.93,Moderately Suitable
3292,10.0,Sandy Loam,Matabeleland South,V,Subtropical Highland,6.667251590976369,Groundnuts,1.35,Dry Season,49.86,Low Suitability
3293,33.69744276373693,Clay Loam,Midlands,IV,Humid Subtropical,6.295699424575442,Potatoes,15.34,Hot Dry Season,49.44,Low Suitability
3294,52.36586067938708,Clay Loam,Mashonaland West,III,Dry Tropical,6.342234141247418,Finger Millet,1.55,Dry Season,73.41,Suitable
3295,52.088995446454575,Clay Loam,Mashonaland West,III,Temperate Highland,6.2949427678023415,Sunflower,1.56,Hot Dry Season,65.12,Suitable
3296,50.16347637096933,Silty Loam,Masvingo,V,Subtropical Highland,6.671757685723239,Cowpeas,1.24,Winter,81.49,Highly Suitable
3297,81.08841085952342,Clay Loam,Mashonaland Central,III,Humid Subtropical,5.386341325168423,Tobacco,1.94,Rainy Season,73.66,Suitable
3298,73.26192613852972,Red Clay,Mashonaland East,IIb,Dry Tropical,5.101556368673942,Tobacco,1.85,Dry Season,50.32,Moderately Suitable
3299,53.88397470462081,Clay Loam,Matabeleland South,IV,Semi-Arid,6.581101543602175,Cabbage,19.09,Winter,47.21,Low Suitability
3300,77.35374667493745,Loam,Harare,IIb,Dry Tropical,6.103788846394011,Tea,2.19,Rainy Season,48.34,Low Suitability
3301,47.53344632600349,Clay Soil,Matabeleland South,IV,Dry Tropical,7.745511668786989,Wheat,3.67,Dry Season,34.08,Not Suitable
3302,67.41542177884172,Loam,Midlands,IV,Semi-Arid,6.08945331925937,Cabbage,23.91,Dry Season,67.55,Suitable
3303,66.06003500734595,Sandy Soil,Manicaland,III,Temperate Highland,6.155280944302172,Watermelon,22.66,Hot Dry Season,72.68,Suitable
3304,62.10605336978209,Sandy Loam,Harare,IIb,Subtropical Highland,6.327099994822617,Pumpkin,11.59,Hot Dry Season,79.33,Suitable
3305,35.46326598092955,Sandy Loam,Matabeleland South,V,Dry Tropical,5.6150905185528845,Maize,3.32,Rainy Season,35.6,Low Suitability
3306,46.75243972932056,Red Clay,Matabeleland South,IV,Subtropical Highland,6.239178637262806,Sugar Beans,1.22,Cool Dry Season,48.19,Low Suitability
3307,46.00407325365482,Clay Soil,Masvingo,IV,Temperate Highland,5.11292254876182,Carrots,14.58,Dry Season,37.45,Low Suitability
3308,96.22210358739049,Loam,Midlands,III,Temperate Highland,7.0629831510205445,Cowpeas,1.1,Cool Dry Season,76.2,Suitable
3309,58.0937218654216,Silty Loam,Masvingo,III,Subtropical Highland,5.266691093068008,Soybeans,1.65,Dry Season,39.61,Low Suitability
3310,84.13878021683401,Loam,Harare,IIb,Dry Tropical,5.113377670464162,Cotton,1.41,Winter,72.61,Suitable
3311,73.91561282438931,Red Clay,Harare,IIa,Subtropical Highland,5.701798004303318,Pearl Millet,1.74,Hot Dry Season,81.56,Highly Suitable
3312,67.21751751874703,Clay Loam,Masvingo,III,Humid Subtropical,5.334791207043713,Onions,16.71,Dry Season,44.83,Low Suitability
3313,57.089490095458224,Sandy Loam,Matabeleland North,IV,Dry Tropical,6.57889210468875,Pumpkin,12.38,Cool Dry Season,62.0,Moderately Suitable
3314,89.6617678378027,Red Clay,Mashonaland Central,IIa,Dry Tropical,5.241622754715529,Potatoes,16.4,Dry Season,58.11,Moderately Suitable
3315,65.30144476397717,Loam,Mashonaland West,IIa,Humid Subtropical,6.6682919429778424,Macadamia Nuts,1.7,Cool Dry Season,48.3,Low Suitability
3316,42.211675889673295,Red Clay,Masvingo,IV,Subtropical Highland,6.469694529158131,Cabbage,24.62,Hot Dry Season,65.19,Suitable
3317,73.839907981258,Clay Soil,Manicaland,III,Dry Tropical,5.535648070758745,Sorghum,2.46,Cool Dry Season,81.32,Highly Suitable
3318,87.91182787329683,Sandy Soil,Matabeleland North,III,Dry Tropical,6.575882418784319,Sorghum,2.22,Cool Dry Season,96.85,Highly Suitable
3319,30.98622675020659,Sandy Soil,Matabeleland South,V,Semi-Arid,8.143941958130508,Sugar Beans,1.23,Winter,22.23,Not Suitable
3320,76.96975203803461,Sandy Soil,Mashonaland East,IIb,Subtropical Highland,6.303808800042745,Tomatoes,27.22,Hot Dry Season,64.37,Moderately Suitable
3321,84.96408894093076,Silty Loam,Harare,IIb,Semi-Arid,6.356680070978117,Sweet Potatoes,8.86,Winter,84.1,Highly Suitable
3322,60.42204826188505,Clay Loam,Mashonaland East,IIb,Dry Tropical,7.3601411329824735,Sorghum,2.1,Hot Dry Season,78.65,Suitable
3323,71.81174958804296,Loam,Matabeleland South,IV,Humid Subtropical,6.562445748562225,Carrots,14.95,Hot Dry Season,72.49,Suitable
3324,65.34663920923164,Loam,Matabeleland North,III,Subtropical Highland,5.447942233117962,Macadamia Nuts,1.7,Winter,55.38,Moderately Suitable
3325,97.04794382685303,Sandy Soil,Mashonaland West,IIa,Dry Tropical,8.240392345578169,Dry Beans,1.39,Rainy Season,65.48,Suitable
3326,42.27550340448548,Clay Loam,Masvingo,V,Dry Tropical,5.2498092520172,Watermelon,20.71,Winter,45.67,Low Suitability
3327,100.0,Sandy Loam,Manicaland,I,Subtropical Highland,6.178331445759033,Tomatoes,31.35,Dry Season,75.62,Suitable
3328,100.0,Sandy Loam,Manicaland,IIa,Humid Subtropical,5.896186124154593,Tea,2.03,Cool Dry Season,51.35,Moderately Suitable
3329,64.64115894960712,Sandy Loam,Mashonaland East,IIb,Temperate Highland,5.107227048041346,Watermelon,19.56,Cool Dry Season,61.5,Moderately Suitable
3330,75.83925894766057,Sandy Soil,Mashonaland East,IIb,Semi-Arid,6.94928258563008,Groundnuts,1.27,Dry Season,71.51,Suitable
3331,76.71582073427047,Red Clay,Harare,IIb,Temperate Highland,5.6659087789664,Dry Beans,1.14,Dry Season,68.74,Suitable
3332,68.13524101529889,Red Clay,Matabeleland South,IV,Temperate Highland,5.493103581539545,Carrots,15.61,Cool Dry Season,68.62,Suitable
3333,80.52103093486433,Loam,Mashonaland West,IIb,Semi-Arid,6.917954123959823,Potatoes,16.43,Winter,58.51,Moderately Suitable
3334,84.44411388176593,Silty Loam,Mashonaland Central,IIb,Dry Tropical,6.30216884336502,Dry Beans,1.5,Winter,78.54,Suitable
3335,53.15495061066401,Clay Soil,Matabeleland North,IV,Humid Subtropical,7.515650914449052,Coffee,0.96,Winter,38.09,Low Suitability
3336,98.26021146357418,Loam,Mashonaland Central,IIb,Subtropical Highland,5.618552652400842,Tomatoes,28.87,Dry Season,73.99,Suitable
3337,53.72883591174712,Red Clay,Midlands,IV,Semi-Arid,5.547962188658533,Onions,14.78,Hot Dry Season,40.87,Low Suitability
3338,89.48404121042344,Clay Soil,Midlands,III,Subtropical Highland,6.855509564761652,Pearl Millet,1.89,Winter,90.84,Highly Suitable
3339,18.100020757770164,Clay Soil,Matabeleland South,V,Humid Subtropical,5.950830637309195,Maize,2.98,Hot Dry Season,54.83,Moderately Suitable
3340,71.31143558707305,Red Clay,Mashonaland Central,III,Humid Subtropical,6.942393073909584,Tobacco,1.59,Cool Dry Season,52.1,Moderately Suitable
3341,77.2302532743765,Red Clay,Mashonaland Central,IIa,Semi-Arid,6.183812889576177,Tomatoes,26.04,Rainy Season,62.33,Moderately Suitable
3342,10.0,Loam,Matabeleland South,V,Semi-Arid,6.58300710699294,Tobacco,1.53,Winter,56.54,Moderately Suitable
3343,79.5723115740405,Clay Soil,Masvingo,III,Semi-Arid,5.541187890115677,Coffee,1.31,Cool Dry Season,51.94,Moderately Suitable
3344,57.069290853649655,Sandy Loam,Masvingo,III,Subtropical Highland,7.522402313744559,Onions,14.33,Cool Dry Season,51.38,Moderately Suitable
3345,68.92859205527233,Silty Loam,Masvingo,III,Temperate Highland,6.6219128301062495,Potatoes,14.02,Hot Dry Season,46.35,Low Suitability
3346,66.97304003322436,Clay Loam,Masvingo,III,Semi-Arid,5.987047812690679,Pearl Millet,1.95,Rainy Season,94.67,Highly Suitable
3347,70.94570540663422,Loam,Mashonaland Central,III,Subtropical Highland,6.553470909008442,Soybeans,2.02,Cool Dry Season,75.4,Suitable
3348,79.06601358329854,Clay Loam,Harare,IIa,Temperate Highland,6.6988255214159285,Tea,2.09,Dry Season,38.87,Low Suitability
3349,24.760461187480917,Red Clay,Masvingo,V,Humid Subtropical,5.228653955650794,Watermelon,25.48,Dry Season,46.33,Low Suitability
3350,80.71451426467172,Sandy Loam,Mashonaland West,IIb,Humid Subtropical,5.755441759090244,Tea,2.29,Cool Dry Season,56.71,Moderately Suitable
3351,70.65377188456625,Red Clay,Manicaland,III,Humid Subtropical,5.477792205636311,Coffee,0.83,Rainy Season,62.88,Moderately Suitable
3352,81.39428793552166,Clay Loam,Harare,IIb,Dry Tropical,6.497176802001047,Sunflower,1.75,Dry Season,92.11,Highly Suitable
3353,45.944153196402304,Sandy Loam,Matabeleland South,IV,Dry Tropical,6.097344730893516,Watermelon,22.42,Winter,52.62,Moderately Suitable
3354,59.81741832594871,Sandy Loam,Masvingo,III,Temperate Highland,6.998569387980503,Pearl Millet,1.71,Dry Season,76.96,Suitable
3355,61.574283441484724,Sandy Loam,Midlands,IV,Subtropical Highland,6.429922374958986,Potatoes,17.91,Dry Season,54.59,Moderately Suitable
3356,100.0,Clay Soil,Mashonaland Central,IIb,Semi-Arid,6.4356263849963735,Sugar Beans,1.47,Cool Dry Season,88.61,Highly Suitable
3357,78.24808294694158,Sandy Soil,Mashonaland Central,IIa,Semi-Arid,5.984460377789436,Potatoes,17.58,Rainy Season,64.92,Moderately Suitable
3358,88.54053812774046,Loam,Mashonaland West,IIa,Subtropical Highland,7.001005607922593,Sweet Potatoes,10.84,Hot Dry Season,84.02,Highly Suitable
3359,89.52561229582741,Silty Loam,Mashonaland West,IIb,Dry Tropical,5.101488789934521,Onions,19.19,Dry Season,59.58,Moderately Suitable
3360,77.88308145093424,Loam,Mashonaland Central,IIa,Subtropical Highland,4.9706937506282305,Groundnuts,1.5,Cool Dry Season,74.41,Suitable
3361,19.332529325313725,Clay Soil,Masvingo,V,Semi-Arid,6.1091388940290035,Finger Millet,1.51,Cool Dry Season,49.04,Low Suitability
3362,83.17208214908771,Sandy Soil,Mashonaland Central,IIb,Temperate Highland,5.7674902710243146,Soybeans,2.36,Dry Season,57.3,Moderately Suitable
3363,90.02942178644588,Sandy Soil,Mashonaland West,IIa,Humid Subtropical,5.99898668755576,Cabbage,22.62,Cool Dry Season,64.28,Moderately Suitable
3364,75.74466772861447,Sandy Soil,Harare,IIb,Dry Tropical,6.726829155887088,Pearl Millet,1.89,Cool Dry Season,89.97,Highly Suitable
3365,22.8699756497868,Sandy Loam,Matabeleland South,IV,Temperate Highland,6.585295995346258,Cabbage,21.29,Rainy Season,52.53,Moderately Suitable
3366,66.02416227067161,Sandy Soil,Mashonaland West,IIb,Semi-Arid,5.213102842728152,Carrots,16.19,Cool Dry Season,56.36,Moderately Suitable
3367,49.00802761167396,Clay Soil,Manicaland,III,Dry Tropical,5.4540609559018165,Tomatoes,23.13,Winter,35.55,Low Suitability
3368,100.0,Sandy Soil,Harare,IIb,Dry Tropical,5.4827672879909395,Sugar Beans,1.59,Hot Dry Season,69.41,Suitable
3369,82.12692715333586,Silty Loam,Mashonaland East,IIb,Dry Tropical,4.717922237367645,Tomatoes,23.23,Hot Dry Season,45.39,Low Suitability
3370,49.55413482663805,Sandy Soil,Matabeleland South,V,Humid Subtropical,6.90452582659906,Macadamia Nuts,1.62,Hot Dry Season,42.11,Low Suitability
3371,99.21432525662543,Sandy Soil,Mashonaland Central,IIa,Temperate Highland,6.133465226965974,Finger Millet,1.74,Cool Dry Season,90.42,Highly Suitable
3372,41.735812568004036,Clay Loam,Matabeleland South,IV,Dry Tropical,5.056564296203181,Sugar Beans,1.22,Rainy Season,40.31,Low Suitability
3373,65.26195083448845,Silty Loam,Midlands,III,Subtropical Highland,5.400319357950688,Carrots,18.29,Winter,65.71,Suitable
3374,89.15507559522975,Loam,Mashonaland East,IIb,Semi-Arid,6.392392940493198,Potatoes,16.44,Dry Season,58.69,Moderately Suitable
3375,65.1783238195042,Clay Loam,Matabeleland North,III,Dry Tropical,6.568755822730135,Tea,1.47,Winter,26.83,Not Suitable
3376,55.043655834199136,Red Clay,Matabeleland North,IV,Dry Tropical,7.015222027623813,Maize,3.36,Winter,46.25,Low Suitability
3377,66.23342450252295,Loam,Harare,IIb,Humid Subtropical,5.903109922858543,Tobacco,2.08,Cool Dry Season,60.21,Moderately Suitable
3378,92.69509778165427,Silty Loam,Mashonaland East,IIb,Dry Tropical,5.715320456458739,Watermelon,28.52,Rainy Season,88.11,Highly Suitable
3379,58.21090578439096,Clay Loam,Mashonaland West,III,Humid Subtropical,8.064411003459572,Cabbage,23.27,Hot Dry Season,41.5,Low Suitability
3380,37.925162234554776,Loam,Midlands,IV,Temperate Highland,5.481167472566182,Watermelon,23.43,Cool Dry Season,44.13,Low Suitability
3381,68.9823178853101,Clay Soil,Mashonaland East,IIa,Humid Subtropical,7.140425497441813,Potatoes,12.44,Winter,33.17,Not Suitable
3382,55.47148375129102,Sandy Loam,Mashonaland Central,IIb,Semi-Arid,5.148547964390657,Dry Beans,1.04,Winter,45.27,Low Suitability
3383,53.86495519747295,Red Clay,Matabeleland South,IV,Temperate Highland,5.599309748077422,Cowpeas,0.99,Rainy Season,72.94,Suitable
3384,36.548246070612045,Red Clay,Matabeleland South,IV,Semi-Arid,5.800096560131443,Dry Beans,1.68,Hot Dry Season,43.21,Low Suitability
3385,30.439256826762147,Clay Soil,Midlands,IV,Humid Subtropical,6.077910558908707,Sunflower,1.47,Hot Dry Season,59.39,Moderately Suitable
3386,67.6507342583302,Sandy Soil,Matabeleland North,III,Humid Subtropical,5.656019877180311,Sweet Potatoes,9.86,Hot Dry Season,68.61,Suitable
3387,81.65097329925977,Clay Loam,Harare,IIa,Semi-Arid,5.938384409167041,Tomatoes,24.47,Winter,69.09,Suitable
3388,94.68668318804744,Sandy Loam,Harare,IIb,Subtropical Highland,5.704611118863789,Pumpkin,12.21,Hot Dry Season,91.28,Highly Suitable
3389,83.04624458575317,Red Clay,Mashonaland Central,IIa,Dry Tropical,5.2010089803562165,Watermelon,25.46,Dry Season,82.23,Highly Suitable
3390,97.67356164157792,Clay Soil,Manicaland,IIa,Dry Tropical,6.2407438042460415,Cowpeas,1.24,Cool Dry Season,96.36,Highly Suitable
3391,84.55691185936695,Sandy Soil,Mashonaland East,IIb,Semi-Arid,6.5763838814113305,Sugar Beans,1.65,Dry Season,79.32,Suitable
3392,83.88992954973688,Loam,Mashonaland West,IIb,Subtropical Highland,7.259523585620012,Sunflower,1.87,Hot Dry Season,79.34,Suitable
3393,84.33787880111227,Loam,Mashonaland Central,IIa,Temperate Highland,5.222815344764131,Sorghum,1.89,Dry Season,84.96,Highly Suitable
3394,56.32580503899709,Sandy Loam,Manicaland,III,Subtropical Highland,6.952331917741427,Pearl Millet,1.75,Rainy Season,83.35,Highly Suitable
3395,48.70099151654543,Sandy Loam,Manicaland,III,Subtropical Highland,5.291727777386696,Potatoes,16.88,Dry Season,58.2,Moderately Suitable
3396,55.709183996881734,Silty Loam,Matabeleland South,IV,Dry Tropical,5.108258661325091,Tea,1.96,Cool Dry Season,53.91,Moderately Suitable
3397,20.586027831567815,Clay Soil,Matabeleland North,IV,Dry Tropical,6.3254429851257274,Tomatoes,23.63,Dry Season,42.38,Low Suitability
3398,31.11798955173686,Clay Loam,Matabeleland South,V,Dry Tropical,5.578545853643337,Tobacco,1.52,Dry Season,52.95,Moderately Suitable
3399,71.2569707222234,Sandy Loam,Matabeleland South,IV,Subtropical Highland,6.34985815618787,Watermelon,22.99,Winter,83.0,Highly Suitable
3400,58.43629242125208,Loam,Midlands,IV,Dry Tropical,5.824824619814801,Pumpkin,10.31,Hot Dry Season,64.36,Moderately Suitable
3401,100.0,Silty Loam,Harare,IIa,Subtropical Highland,8.209372033395624,Sorghum,2.14,Cool Dry Season,73.33,Suitable
3402,100.0,Clay Loam,Manicaland,IIa,Dry Tropical,6.714617970353903,Tea,2.33,Winter,34.72,Not Suitable
3403,71.5866873224839,Loam,Harare,IIb,Humid Subtropical,7.103617404003885,Pumpkin,11.59,Winter,83.68,Highly Suitable
3404,67.86050761472755,Loam,Mashonaland Central,III,Dry Tropical,7.649714778067063,Maize,3.34,Dry Season,45.3,Low Suitability
3405,47.23285921199799,Red Clay,Masvingo,III,Semi-Arid,6.431551542581884,Pearl Millet,1.6,Rainy Season,73.67,Suitable
3406,87.59783957350984,Red Clay,Masvingo,III,Temperate Highland,6.696784600933552,Macadamia Nuts,1.7,Hot Dry Season,60.49,Moderately Suitable
3407,92.89205414328279,Loam,Mashonaland West,III,Subtropical Highland,5.623888797953513,Tomatoes,24.14,Cool Dry Season,56.36,Moderately Suitable
3408,50.45866294307015,Silty Loam,Midlands,IV,Dry Tropical,4.662802529539711,Groundnuts,0.99,Dry Season,49.35,Low Suitability
3409,82.57006257370921,Sandy Loam,Mashonaland East,IIb,Humid Subtropical,7.090154690945572,Tea,1.84,Dry Season,32.94,Not Suitable
3410,36.18358477507872,Silty Loam,Masvingo,V,Semi-Arid,6.374496876700849,Paprika,2.31,Dry Season,58.13,Moderately Suitable
3411,79.26627374260872,Sandy Loam,Mashonaland West,IIa,Subtropical Highland,6.492029568591811,Dry Beans,1.38,Rainy Season,71.02,Suitable
3412,59.42136102298396,Clay Soil,Masvingo,V,Temperate Highland,6.448699906234058,Pumpkin,9.09,Dry Season,62.19,Moderately Suitable
3413,28.170511710337042,Red Clay,Matabeleland South,V,Temperate Highland,7.074553649623475,Tea,1.86,Rainy Season,28.84,Not Suitable
3414,33.65344549634444,Clay Soil,Matabeleland North,III,Semi-Arid,6.262469058506048,Onions,18.33,Winter,44.98,Low Suitability
3415,82.07113366927484,Sandy Soil,Mashonaland Central,IIb,Humid Subtropical,7.2142873244222505,Watermelon,25.54,Rainy Season,86.05,Highly Suitable
3416,64.85910591045216,Sandy Loam,Matabeleland North,III,Semi-Arid,5.919642603405512,Carrots,14.58,Cool Dry Season,56.34,Moderately Suitable
3417,85.55023175422895,Loam,Mashonaland West,IIa,Subtropical Highland,6.292304359432353,Onions,18.48,Cool Dry Season,84.58,Highly Suitable
3418,54.08691162080924,Silty Loam,Matabeleland South,V,Subtropical Highland,5.432091674302112,Pumpkin,9.01,Hot Dry Season,56.47,Moderately Suitable
3419,77.75770426425726,Clay Loam,Harare,IIb,Humid Subtropical,5.956482613084501,Dry Beans,1.26,Cool Dry Season,65.12,Suitable
3420,49.47418120868989,Red Clay,Midlands,IV,Subtropical Highland,6.531088237913453,Cotton,1.64,Hot Dry Season,62.69,Moderately Suitable
3421,78.91935181538108,Sandy Soil,Mashonaland West,IIa,Subtropical Highland,6.685428570522132,Cabbage,26.2,Hot Dry Season,63.31,Moderately Suitable
3422,24.845849113211166,Silty Loam,Matabeleland South,V,Temperate Highland,6.6928295673207225,Potatoes,14.32,Cool Dry Season,54.2,Moderately Suitable
3423,85.02246204234149,Sandy Loam,Mashonaland Central,III,Temperate Highland,5.2243710004564905,Dry Beans,1.32,Rainy Season,65.49,Suitable
3424,61.674004769979284,Loam,Matabeleland North,IV,Semi-Arid,6.852649245737398,Carrots,17.11,Cool Dry Season,57.65,Moderately Suitable
3425,96.05213323548912,Sandy Loam,Manicaland,I,Dry Tropical,7.026872330795279,Cabbage,20.5,Cool Dry Season,86.4,Highly Suitable
3426,35.33573001193978,Sandy Loam,Masvingo,V,Subtropical Highland,6.494162012702849,Onions,19.44,Dry Season,58.59,Moderately Suitable
3427,81.16616431081073,Loam,Mashonaland West,IIb,Semi-Arid,6.350016841635988,Sunflower,1.48,Hot Dry Season,87.64,Highly Suitable
3428,72.53738929406589,Loam,Matabeleland North,III,Temperate Highland,6.159337781538575,Tea,2.19,Cool Dry Season,47.99,Low Suitability
3429,87.62869938335272,Clay Soil,Mashonaland Central,III,Humid Subtropical,6.521843957912814,Sorghum,2.3,Rainy Season,90.26,Highly Suitable
3430,74.25067481088504,Red Clay,Mashonaland West,IIa,Humid Subtropical,5.570418954097267,Cowpeas,1.25,Winter,96.09,Highly Suitable
3431,69.69955155080763,Red Clay,Harare,IIb,Dry Tropical,5.379036524829689,Dry Beans,1.28,Hot Dry Season,52.56,Moderately Suitable
3432,25.894714263900717,Clay Soil,Matabeleland South,V,Subtropical Highland,5.743726868200325,Sorghum,2.38,Rainy Season,52.46,Moderately Suitable
3433,86.77094708712548,Clay Soil,Matabeleland North,III,Dry Tropical,6.370456862276876,Dry Beans,1.55,Rainy Season,85.17,Highly Suitable
3434,42.01357550763235,Clay Loam,Mashonaland West,III,Dry Tropical,6.1069068266651545,Tobacco,1.82,Cool Dry Season,58.07,Moderately Suitable
3435,48.7475460545178,Red Clay,Matabeleland North,IV,Dry Tropical,6.0474100740476695,Tobacco,1.9,Rainy Season,51.94,Moderately Suitable
3436,56.15938920372702,Loam,Midlands,IV,Humid Subtropical,7.100372515732546,Tobacco,1.58,Hot Dry Season,43.91,Low Suitability
3437,81.54207198658548,Red Clay,Harare,IIb,Semi-Arid,6.436548794746148,Coffee,0.99,Rainy Season,45.64,Low Suitability
3438,52.36279429675623,Clay Loam,Matabeleland North,III,Temperate Highland,6.608495798925118,Paprika,2.17,Rainy Season,63.32,Moderately Suitable
3439,100.0,Loam,Mashonaland West,IIa,Dry Tropical,6.552159807864908,Sorghum,2.49,Rainy Season,99.26,Highly Suitable
3440,72.66714543418,Loam,Midlands,III,Dry Tropical,5.866891869344797,Dry Beans,1.46,Cool Dry Season,58.88,Moderately Suitable
3441,79.1646875390444,Loam,Mashonaland East,IIa,Temperate Highland,6.862534019000572,Potatoes,21.76,Hot Dry Season,56.47,Moderately Suitable
3442,91.93676696765083,Red Clay,Mashonaland Central,IIa,Subtropical Highland,6.227812489533646,Tea,2.06,Cool Dry Season,43.7,Low Suitability
3443,61.33158254959438,Red Clay,Manicaland,III,Temperate Highland,4.90535418415703,Carrots,17.52,Rainy Season,54.31,Moderately Suitable
3444,85.31140854163165,Clay Loam,Mashonaland West,IIa,Subtropical Highland,6.105306146983459,Finger Millet,1.75,Winter,93.42,Highly Suitable
3445,67.7218761083184,Silty Loam,Matabeleland North,IV,Semi-Arid,5.765960787568324,Onions,17.16,Cool Dry Season,67.86,Suitable
3446,49.97072176186347,Red Clay,Masvingo,V,Humid Subtropical,6.6089088375335034,Tomatoes,30.53,Dry Season,57.66,Moderately Suitable
3447,75.41906353038895,Red Clay,Matabeleland North,III,Subtropical Highland,6.441966413866589,Tomatoes,26.55,Winter,65.05,Suitable
3448,52.911269278463806,Red Clay,Midlands,III,Dry Tropical,7.335095984445447,Groundnuts,1.28,Cool Dry Season,44.25,Low Suitability
3449,71.7959767626117,Sandy Loam,Harare,IIa,Humid Subtropical,7.60241635463477,Pearl Millet,1.62,Cool Dry Season,75.76,Suitable
3450,58.91896236948114,Red Clay,Harare,IIb,Subtropical Highland,6.042200462070201,Carrots,17.96,Winter,69.86,Suitable
3451,47.93798560688741,Silty Loam,Manicaland,III,Temperate Highland,7.16320294697293,Wheat,3.56,Hot Dry Season,52.83,Moderately Suitable
3452,84.43212791266475,Clay Loam,Mashonaland Central,IIb,Humid Subtropical,5.597865056784543,Macadamia Nuts,1.91,Rainy Season,62.6,Moderately Suitable
3453,50.01943565161692,Sandy Loam,Masvingo,V,Semi-Arid,6.39366137786749,Soybeans,1.8,Winter,55.67,Moderately Suitable
3454,40.92877773123737,Silty Loam,Matabeleland South,V,Dry Tropical,5.756967794925882,Macadamia Nuts,1.75,Winter,61.49,Moderately Suitable
3455,80.55638086187267,Loam,Manicaland,I,Humid Subtropical,5.63665811745788,Wheat,4.86,Dry Season,84.09,Highly Suitable
3456,79.26248390088007,Clay Loam,Harare,IIb,Semi-Arid,6.74601526584161,Onions,16.26,Cool Dry Season,88.06,Highly Suitable
3457,76.51673253116756,Loam,Matabeleland North,III,Dry Tropical,6.479599830316307,Maize,2.63,Dry Season,54.89,Moderately Suitable
3458,60.05436232055706,Red Clay,Matabeleland North,III,Temperate Highland,5.6387344846701515,Tomatoes,28.41,Hot Dry Season,39.48,Low Suitability
3459,74.18164435540683,Red Clay,Mashonaland West,III,Humid Subtropical,5.561127244102717,Sugar Beans,1.37,Hot Dry Season,65.98,Suitable
3460,87.37176126172878,Red Clay,Mashonaland East,IIb,Humid Subtropical,6.9534581510446625,Dry Beans,1.45,Rainy Season,81.61,Highly Suitable
3461,45.62515193959213,Sandy Loam,Matabeleland South,IV,Dry Tropical,6.313311393034791,Sugar Beans,1.36,Cool Dry Season,57.48,Moderately Suitable
3462,94.64439374546924,Red Clay,Mashonaland East,IIa,Subtropical Highland,6.199006451204973,Tea,1.87,Hot Dry Season,48.41,Low Suitability
3463,79.44846271329992,Sandy Loam,Mashonaland Central,III,Humid Subtropical,4.980932812916501,Pumpkin,12.0,Cool Dry Season,76.91,Suitable
3464,59.79443714948573,Loam,Midlands,III,Subtropical Highland,6.4236123607698525,Dry Beans,1.25,Hot Dry Season,69.95,Suitable
3465,92.33884647023359,Red Clay,Harare,IIa,Temperate Highland,5.88662807611685,Macadamia Nuts,1.74,Winter,55.86,Moderately Suitable
3466,24.413952880463647,Sandy Loam,Matabeleland North,IV,Semi-Arid,6.754094288944891,Pearl Millet,1.74,Hot Dry Season,54.88,Moderately Suitable
3467,50.57780747516826,Sandy Loam,Midlands,IV,Subtropical Highland,6.269777607958229,Groundnuts,1.17,Hot Dry Season,63.46,Moderately Suitable
3468,77.80749115611628,Clay Loam,Harare,IIa,Subtropical Highland,5.650121931521996,Potatoes,16.23,Dry Season,67.26,Suitable
3469,50.64924998459617,Clay Soil,Matabeleland South,IV,Semi-Arid,4.2,Sugar Beans,1.07,Hot Dry Season,28.55,Not Suitable
3470,73.49619054322172,Clay Loam,Mashonaland Central,IIb,Semi-Arid,5.348641991027442,Groundnuts,1.46,Cool Dry Season,74.34,Suitable
3471,56.50225774175815,Sandy Soil,Matabeleland North,IV,Subtropical Highland,4.86393041469737,Macadamia Nuts,1.19,Cool Dry Season,34.39,Not Suitable
3472,65.82437787029099,Sandy Loam,Masvingo,III,Semi-Arid,6.551356290434271,Sweet Potatoes,9.03,Hot Dry Season,68.26,Suitable
3473,100.0,Clay Loam,Manicaland,III,Dry Tropical,7.461201595534705,Dry Beans,1.37,Dry Season,69.51,Suitable
3474,100.0,Loam,Manicaland,I,Semi-Arid,4.447203777289911,Tomatoes,31.6,Cool Dry Season,48.57,Low Suitability
3475,71.3102336051173,Clay Soil,Mashonaland Central,IIa,Humid Subtropical,5.987469843578237,Sweet Potatoes,8.41,Cool Dry Season,67.45,Suitable
3476,40.30081246724721,Silty Loam,Matabeleland South,V,Temperate Highland,6.180669011477015,Pumpkin,9.74,Dry Season,62.35,Moderately Suitable
3477,64.8200039712832,Loam,Matabeleland North,III,Subtropical Highland,6.076898541564054,Carrots,19.87,Winter,80.89,Highly Suitable
3478,73.33951809461655,Silty Loam,Mashonaland Central,IIa,Humid Subtropical,6.823811255599305,Sweet Potatoes,8.68,Cool Dry Season,80.39,Highly Suitable
3479,64.41608644357368,Silty Loam,Matabeleland North,III,Subtropical Highland,6.791841363079196,Sugar Beans,1.57,Hot Dry Season,68.27,Suitable
3480,42.998510459985624,Clay Soil,Matabeleland South,IV,Dry Tropical,4.979325594148218,Sunflower,1.19,Cool Dry Season,38.55,Low Suitability
3481,100.0,Sandy Soil,Mashonaland East,IIa,Humid Subtropical,5.223008285647122,Sunflower,1.46,Rainy Season,81.94,Highly Suitable
3482,55.09253502899978,Sandy Loam,Masvingo,III,Semi-Arid,5.922633358276146,Carrots,19.05,Rainy Season,53.05,Moderately Suitable
3483,82.71808660643921,Sandy Soil,Mashonaland East,IIb,Temperate Highland,6.09824072445029,Cabbage,24.12,Hot Dry Season,64.4,Moderately Suitable
3484,51.61684690955305,Silty Loam,Masvingo,V,Subtropical Highland,4.223964572588398,Sweet Potatoes,8.03,Hot Dry Season,44.15,Low Suitability
3485,67.67821364427596,Red Clay,Masvingo,III,Humid Subtropical,8.270758810459817,Tea,2.31,Winter,34.65,Not Suitable
3486,88.50660289236511,Silty Loam,Harare,IIa,Temperate Highland,6.412676407595285,Wheat,4.76,Winter,95.52,Highly Suitable
3487,90.81692095686168,Silty Loam,Mashonaland East,IIa,Dry Tropical,5.052144753479737,Sweet Potatoes,8.61,Winter,79.72,Suitable
3488,42.91749004873701,Sandy Soil,Midlands,IV,Temperate Highland,7.339184737426538,Cowpeas,1.19,Cool Dry Season,53.63,Moderately Suitable
3489,75.90707634729364,Loam,Manicaland,IIa,Temperate Highland,7.141158582447034,Dry Beans,1.36,Dry Season,64.49,Moderately Suitable
3490,53.728714989848676,Silty Loam,Mashonaland West,III,Temperate Highland,6.658587559078172,Sunflower,1.25,Rainy Season,68.19,Suitable
3491,71.88013717231489,Sandy Soil,Midlands,III,Dry Tropical,6.5492385193125155,Sorghum,2.08,Dry Season,84.19,Highly Suitable
3492,75.44450195666968,Silty Loam,Manicaland,I,Temperate Highland,6.178489647424073,Tobacco,1.46,Rainy Season,69.99,Suitable
3493,40.13943344519269,Clay Soil,Mashonaland Central,III,Subtropical Highland,6.1409865521654865,Dry Beans,1.35,Rainy Season,57.9,Moderately Suitable
3494,63.60104906279554,Clay Loam,Mashonaland West,III,Temperate Highland,4.520797075299524,Cotton,1.63,Winter,53.76,Moderately Suitable
3495,66.6187960092627,Red Clay,Mashonaland Central,IIb,Humid Subtropical,5.287790552776645,Sorghum,1.94,Cool Dry Season,71.01,Suitable
3496,58.558307299486195,Silty Loam,Masvingo,III,Temperate Highland,5.733214084362658,Finger Millet,1.55,Rainy Season,71.3,Suitable
3497,85.6020358846593,Sandy Loam,Mashonaland West,IIb,Dry Tropical,4.2,Tea,2.27,Cool Dry Season,38.74,Low Suitability
3498,87.31815932622322,Loam,Mashonaland Central,IIa,Subtropical Highland,6.777191190967487,Tobacco,1.66,Hot Dry Season,59.65,Moderately Suitable
3499,100.0,Clay Soil,Mashonaland Central,III,Subtropical Highland,5.830973894893956,Finger Millet,1.61,Dry Season,80.2,Highly Suitable
3500,84.52152824888844,Clay Soil,Mashonaland East,IIa,Temperate Highland,6.566042386664366,Sunflower,1.18,Dry Season,85.25,Highly Suitable
3501,40.5418868329909,Clay Loam,Masvingo,III,Temperate Highland,5.6455003319618475,Finger Millet,1.55,Winter,56.83,Moderately Suitable
3502,56.103742590143035,Sandy Soil,Masvingo,III,Semi-Arid,7.407057250839771,Cowpeas,1.12,Dry Season,73.84,Suitable
3503,57.90632016533688,Clay Loam,Mashonaland Central,III,Temperate Highland,7.189491929297446,Sunflower,1.37,Winter,65.09,Suitable
3504,76.87120853499437,Loam,Manicaland,III,Dry Tropical,5.554939122932203,Paprika,2.41,Rainy Season,73.67,Suitable
3505,46.74126739656974,Silty Loam,Midlands,III,Temperate Highland,5.386989765643673,Groundnuts,1.34,Cool Dry Season,51.74,Moderately Suitable
3506,40.8132183194831,Silty Loam,Matabeleland North,IV,Subtropical Highland,5.7968160092904215,Pumpkin,9.36,Cool Dry Season,52.98,Moderately Suitable
3507,79.92669464258046,Sandy Soil,Mashonaland Central,III,Temperate Highland,5.9657611391981025,Onions,22.78,Rainy Season,67.26,Suitable
3508,83.2271791937361,Clay Soil,Mashonaland West,IIb,Temperate Highland,6.163952609458772,Soybeans,2.28,Dry Season,66.54,Suitable
3509,61.482012049612436,Clay Soil,Matabeleland North,III,Temperate Highland,7.095296577861694,Pearl Millet,2.06,Dry Season,77.49,Suitable
3510,35.305589014495055,Silty Loam,Matabeleland North,IV,Semi-Arid,6.287471346867192,Watermelon,17.97,Cool Dry Season,61.84,Moderately Suitable
3511,65.94779320524441,Sandy Loam,Mashonaland East,IIb,Semi-Arid,6.003043993929493,Sugar Beans,1.41,Dry Season,55.62,Moderately Suitable
3512,85.52850308757802,Clay Soil,Masvingo,III,Subtropical Highland,6.445865659133378,Finger Millet,2.02,Winter,95.63,Highly Suitable
3513,45.73187006471074,Red Clay,Mashonaland Central,III,Temperate Highland,6.466820651539141,Tobacco,1.74,Dry Season,42.7,Low Suitability
3514,73.76024196283504,Sandy Loam,Mashonaland Central,III,Subtropical Highland,5.904964944807893,Sugar Beans,1.65,Rainy Season,67.17,Suitable
3515,100.0,Sandy Soil,Manicaland,I,Semi-Arid,6.982208691696947,Tomatoes,27.21,Dry Season,75.91,Suitable
3516,76.33859043444272,Loam,Mashonaland Central,IIb,Temperate Highland,6.985100339156593,Soybeans,2.1,Cool Dry Season,53.93,Moderately Suitable
3517,74.5652792270567,Clay Loam,Mashonaland Central,IIa,Temperate Highland,7.914257115312446,Dry Beans,1.33,Cool Dry Season,55.22,Moderately Suitable
3518,24.608939922903307,Clay Loam,Matabeleland North,IV,Subtropical Highland,5.868052219871777,Wheat,4.39,Rainy Season,54.46,Moderately Suitable
3519,38.17525549430302,Sandy Soil,Matabeleland South,V,Temperate Highland,4.592611979907593,Tomatoes,21.28,Hot Dry Season,35.81,Low Suitability
3520,63.62147110299452,Sandy Loam,Mashonaland Central,IIb,Subtropical Highland,4.745980052123905,Watermelon,23.34,Rainy Season,50.25,Moderately Suitable
3521,51.64347922671992,Clay Loam,Mashonaland West,III,Subtropical Highland,5.7927138576893205,Carrots,16.49,Dry Season,59.45,Moderately Suitable
3522,33.44839318758331,Sandy Loam,Midlands,IV,Subtropical Highland,6.3611322320418715,Pearl Millet,1.6,Dry Season,56.17,Moderately Suitable
3523,42.28058179512456,Sandy Soil,Masvingo,V,Dry Tropical,6.880872571444621,Cowpeas,1.21,Hot Dry Season,61.37,Moderately Suitable
3524,62.25365813418759,Sandy Soil,Matabeleland North,III,Humid Subtropical,6.1345827129628345,Groundnuts,1.31,Dry Season,75.53,Suitable
3525,41.28026160725313,Clay Loam,Matabeleland North,IV,Subtropical Highland,5.447467429865049,Paprika,2.08,Hot Dry Season,44.5,Low Suitability
3526,48.88291943230986,Red Clay,Matabeleland North,IV,Humid Subtropical,6.811471608858154,Pumpkin,11.46,Cool Dry Season,62.82,Moderately Suitable
3527,46.98897138756595,Silty Loam,Midlands,IV,Temperate Highland,5.593231413827711,Sunflower,1.41,Dry Season,52.0,Moderately Suitable
3528,64.72598013284482,Sandy Loam,Mashonaland East,IIb,Subtropical Highland,5.746975349418739,Macadamia Nuts,1.75,Hot Dry Season,57.41,Moderately Suitable
3529,63.28717874088392,Silty Loam,Masvingo,III,Humid Subtropical,7.719359392427373,Watermelon,19.26,Hot Dry Season,63.46,Moderately Suitable
3530,57.344812141711046,Clay Loam,Masvingo,III,Humid Subtropical,7.7170661096555015,Potatoes,14.34,Hot Dry Season,28.78,Not Suitable
3531,66.30918439997632,Sandy Soil,Midlands,IV,Dry Tropical,6.738588345991882,Sweet Potatoes,11.85,Hot Dry Season,60.79,Moderately Suitable
3532,40.20083714800081,Sandy Loam,Matabeleland South,V,Humid Subtropical,6.644595859201429,Tea,2.29,Rainy Season,42.74,Low Suitability
3533,100.0,Clay Soil,Manicaland,I,Temperate Highland,6.800723671429903,Potatoes,16.65,Cool Dry Season,67.38,Suitable
3534,69.89342488786788,Clay Soil,Matabeleland South,IV,Subtropical Highland,7.083090231221617,Groundnuts,1.47,Dry Season,59.94,Moderately Suitable
3535,42.34376653861749,Clay Soil,Mashonaland Central,III,Dry Tropical,6.1915631133591535,Dry Beans,1.28,Dry Season,49.41,Low Suitability
3536,37.29530903312585,Sandy Loam,Masvingo,V,Subtropical Highland,6.028109066616294,Soybeans,1.8,Winter,65.14,Suitable
3537,55.02774760689122,Sandy Loam,Matabeleland South,IV,Temperate Highland,6.650866433746297,Sorghum,1.86,Hot Dry Season,75.46,Suitable
3538,88.0302576029867,Sandy Loam,Harare,IIa,Dry Tropical,6.044948834982582,Dry Beans,1.17,Dry Season,82.41,Highly Suitable
3539,76.7425601205504,Clay Loam,Mashonaland Central,IIb,Subtropical Highland,6.924718834019594,Onions,21.05,Winter,75.11,Suitable
3540,82.39019476854357,Clay Soil,Mashonaland East,IIb,Dry Tropical,7.46355291515588,Tobacco,1.59,Hot Dry Season,37.86,Low Suitability
3541,43.048688302667266,Clay Loam,Masvingo,IV,Dry Tropical,7.347510991558185,Dry Beans,1.61,Cool Dry Season,44.63,Low Suitability
3542,79.41612731569028,Loam,Mashonaland Central,IIb,Dry Tropical,7.206499450204543,Pumpkin,9.31,Winter,76.39,Suitable
3543,86.74217732659818,Clay Soil,Mashonaland West,IIb,Semi-Arid,6.594077647040189,Cowpeas,1.2,Winter,81.2,Highly Suitable
3544,80.65985746476697,Sandy Soil,Mashonaland West,IIa,Dry Tropical,6.617567547284922,Tea,1.52,Hot Dry Season,38.72,Low Suitability
3545,100.0,Sandy Loam,Manicaland,I,Subtropical Highland,6.025139587527953,Coffee,1.23,Rainy Season,64.97,Moderately Suitable
3546,54.95472807190633,Clay Loam,Matabeleland South,IV,Subtropical Highland,7.269179615808305,Maize,3.68,Cool Dry Season,53.21,Moderately Suitable
3547,83.42296570676616,Clay Soil,Harare,IIa,Dry Tropical,6.270869524842884,Sugar Beans,1.36,Winter,68.19,Suitable
3548,18.585569920885508,Loam,Masvingo,V,Subtropical Highland,6.479600192497001,Tomatoes,26.05,Dry Season,58.76,Moderately Suitable
3549,86.97051799951227,Sandy Soil,Mashonaland West,IIa,Humid Subtropical,5.990952290910122,Sugar Beans,1.25,Winter,74.21,Suitable
3550,60.68903460599624,Clay Soil,Mashonaland East,IIa,Humid Subtropical,5.267950042824549,Coffee,1.19,Rainy Season,51.07,Moderately Suitable
3551,35.6185556552164,Silty Loam,Matabeleland North,IV,Subtropical Highland,6.407491393224099,Cabbage,22.7,Winter,59.23,Moderately Suitable
3552,62.988728586662276,Loam,Manicaland,IIa,Semi-Arid,6.358284140500424,Tea,1.84,Dry Season,47.27,Low Suitability
3553,91.07021602301418,Clay Soil,Mashonaland East,IIa,Dry Tropical,7.3847238086064575,Sugar Beans,1.62,Cool Dry Season,70.91,Suitable
3554,67.7592431425097,Clay Loam,Mashonaland West,IIa,Temperate Highland,5.476753509522338,Pearl Millet,1.72,Dry Season,83.49,Highly Suitable
3555,47.784162568100854,Sandy Loam,Midlands,IV,Temperate Highland,6.419511598950885,Maize,3.82,Rainy Season,62.95,Moderately Suitable
3556,83.0080405913225,Loam,Harare,IIb,Dry Tropical,6.268772883059247,Potatoes,13.09,Winter,65.05,Suitable
3557,34.85982692715806,Clay Soil,Masvingo,V,Humid Subtropical,6.262607989030229,Sweet Potatoes,9.11,Hot Dry Season,52.87,Moderately Suitable
3558,72.12003585452857,Clay Loam,Mashonaland West,IIb,Subtropical Highland,5.749341457320792,Maize,3.48,Winter,59.73,Moderately Suitable
3559,84.86250426410386,Clay Soil,Mashonaland Central,IIb,Semi-Arid,6.592906806193503,Wheat,3.98,Dry Season,73.46,Suitable
3560,100.0,Red Clay,Manicaland,I,Subtropical Highland,7.52856894733909,Cowpeas,1.17,Winter,87.98,Highly Suitable
3561,51.62825077512397,Sandy Soil,Mashonaland West,III,Semi-Arid,5.445773986803888,Sorghum,1.51,Cool Dry Season,58.73,Moderately Suitable
3562,98.8113535823197,Sandy Soil,Mashonaland East,IIa,Dry Tropical,6.204986151138238,Coffee,1.08,Winter,51.75,Moderately Suitable
3563,90.86079644941208,Silty Loam,Manicaland,I,Dry Tropical,4.937067604164513,Macadamia Nuts,1.44,Hot Dry Season,49.34,Low Suitability
3564,68.35916153345262,Red Clay,Mashonaland West,III,Dry Tropical,6.343489577697857,Sugar Beans,1.49,Cool Dry Season,66.15,Suitable
3565,51.030318117892634,Loam,Mashonaland Central,III,Humid Subtropical,6.705975278248575,Maize,3.88,Rainy Season,65.02,Suitable
3566,10.0,Red Clay,Masvingo,V,Semi-Arid,6.6395460450641615,Dry Beans,1.38,Hot Dry Season,63.41,Moderately Suitable
3567,95.55797529122663,Loam,Manicaland,III,Temperate Highland,5.567626360453563,Sugar Beans,1.48,Rainy Season,76.4,Suitable
3568,78.92311103623243,Sandy Soil,Mashonaland West,III,Subtropical Highland,6.784237714943834,Wheat,4.96,Winter,77.69,Suitable
3569,60.592305005317364,Silty Loam,Manicaland,III,Humid Subtropical,8.0911639862818,Tobacco,1.68,Rainy Season,35.2,Low Suitability
3570,58.783910015977575,Silty Loam,Midlands,IV,Temperate Highland,6.726314776523497,Watermelon,27.3,Cool Dry Season,77.1,Suitable
3571,81.93559368828575,Sandy Soil,Mashonaland West,IIb,Humid Subtropical,6.318339585040322,Groundnuts,1.42,Hot Dry Season,88.24,Highly Suitable
3572,17.997607587798733,Silty Loam,Matabeleland South,V,Humid Subtropical,6.043270107742513,Pearl Millet,1.56,Winter,60.72,Moderately Suitable
3573,82.97415963539618,Sandy Soil,Mashonaland Central,IIb,Humid Subtropical,6.388066813874029,Pumpkin,11.34,Rainy Season,85.29,Highly Suitable
3574,59.24133139563326,Clay Soil,Matabeleland South,V,Subtropical Highland,6.564092866965845,Watermelon,23.22,Rainy Season,71.31,Suitable
3575,90.5833504559839,Clay Soil,Harare,IIa,Semi-Arid,5.319681877293129,Tobacco,1.51,Winter,71.92,Suitable
3576,27.35934026229828,Clay Loam,Masvingo,V,Temperate Highland,7.676617635088237,Wheat,2.79,Winter,42.71,Low Suitability
3577,93.09575344581368,Sandy Loam,Harare,IIa,Dry Tropical,5.854356750576162,Watermelon,21.77,Cool Dry Season,84.19,Highly Suitable
3578,43.82036891925721,Sandy Loam,Midlands,IV,Temperate Highland,7.34836889155114,Tomatoes,30.2,Rainy Season,41.06,Low Suitability
3579,81.04185750824823,Sandy Soil,Masvingo,III,Temperate Highland,6.793091384471447,Wheat,4.73,Hot Dry Season,79.77,Suitable
3580,75.77349283731745,Sandy Soil,Harare,IIa,Semi-Arid,6.334515565579441,Watermelon,27.52,Hot Dry Season,77.34,Suitable
3581,56.65903010535256,Clay Loam,Masvingo,V,Temperate Highland,5.717985181750674,Coffee,0.98,Rainy Season,67.52,Suitable
3582,79.14892471967605,Sandy Soil,Mashonaland Central,III,Humid Subtropical,6.261417532807435,Groundnuts,1.73,Dry Season,84.38,Highly Suitable
3583,44.00420246152363,Sandy Soil,Mashonaland Central,III,Subtropical Highland,6.646771658899959,Sweet Potatoes,7.01,Hot Dry Season,63.84,Moderately Suitable
3584,39.75681225102049,Clay Loam,Matabeleland North,IV,Temperate Highland,6.643099866862733,Coffee,1.3,Cool Dry Season,42.89,Low Suitability
3585,44.609074619982934,Sandy Soil,Masvingo,IV,Temperate Highland,6.912402806676544,Maize,2.47,Dry Season,42.08,Low Suitability
3586,80.42437707620114,Silty Loam,Mashonaland West,IIb,Semi-Arid,5.284477758952454,Sorghum,2.35,Winter,88.35,Highly Suitable
3587,60.464386790878166,Silty Loam,Mashonaland East,IIb,Subtropical Highland,6.108506432169998,Sorghum,2.26,Winter,80.34,Highly Suitable
3588,83.84732358336498,Loam,Manicaland,IIa,Temperate Highland,6.432247929958833,Cotton,1.76,Hot Dry Season,84.6,Highly Suitable
3589,60.72739763890834,Loam,Midlands,IV,Subtropical Highland,5.859692850311698,Pumpkin,11.63,Rainy Season,70.13,Suitable
3590,100.0,Silty Loam,Mashonaland East,IIb,Humid Subtropical,6.512740211185765,Sugar Beans,1.39,Winter,98.82,Highly Suitable
3591,27.451952190421935,Sandy Loam,Midlands,III,Semi-Arid,6.451629014227436,Wheat,4.61,Cool Dry Season,57.63,Moderately Suitable
3592,98.43576566275426,Sandy Loam,Harare,IIa,Subtropical Highland,5.668438675505418,Groundnuts,1.44,Cool Dry Season,90.68,Highly Suitable
3593,69.13809378326141,Clay Soil,Matabeleland North,III,Dry Tropical,5.389583504725101,Carrots,14.88,Winter,48.85,Low Suitability
3594,77.90865476593572,Sandy Loam,Harare,IIb,Dry Tropical,6.431826382603765,Cowpeas,1.29,Winter,87.56,Highly Suitable
3595,62.68485696318993,Silty Loam,Mashonaland Central,IIa,Subtropical Highland,6.3350359369785,Wheat,4.7,Winter,67.17,Suitable
3596,20.280690710523675,Loam,Matabeleland South,IV,Temperate Highland,6.0308477593923255,Wheat,4.01,Rainy Season,56.47,Moderately Suitable
3597,80.35753002045307,Clay Loam,Manicaland,I,Semi-Arid,4.702545750868135,Carrots,14.61,Rainy Season,59.06,Moderately Suitable
3598,100.0,Silty Loam,Mashonaland East,IIb,Subtropical Highland,6.062865176361871,Groundnuts,1.6,Hot Dry Season,93.42,Highly Suitable
3599,100.0,Red Clay,Manicaland,I,Humid Subtropical,4.768953959437266,Finger Millet,1.57,Cool Dry Season,78.3,Suitable
3600,53.237139196519735,Sandy Soil,Midlands,IV,Temperate Highland,5.958696510040889,Maize,3.3,Rainy Season,47.33,Low Suitability
3601,85.38536873216944,Sandy Soil,Harare,IIb,Dry Tropical,7.354858814309058,Sugar Beans,1.47,Hot Dry Season,67.84,Suitable
3602,83.56685302964998,Sandy Loam,Mashonaland Central,III,Subtropical Highland,6.269389980366863,Tomatoes,25.57,Rainy Season,66.67,Suitable
3603,72.42160609786984,Clay Loam,Mashonaland West,IIa,Dry Tropical,6.581254338814149,Sweet Potatoes,8.08,Winter,71.64,Suitable
3604,68.26888439219549,Clay Loam,Matabeleland North,III,Subtropical Highland,6.078782533480147,Pearl Millet,1.9,Hot Dry Season,90.51,Highly Suitable
3605,72.21352739840701,Red Clay,Midlands,III,Temperate Highland,6.358559256472422,Cowpeas,1.05,Dry Season,94.86,Highly Suitable
3606,32.466405868960614,Loam,Matabeleland South,V,Subtropical Highland,6.551808336512962,Cowpeas,1.23,Hot Dry Season,58.4,Moderately Suitable
3607,88.37392557899236,Clay Loam,Harare,IIb,Dry Tropical,6.638995986281975,Pearl Millet,1.88,Dry Season,92.7,Highly Suitable
3608,56.60372653242014,Loam,Matabeleland South,IV,Dry Tropical,5.363031538925689,Cabbage,20.74,Dry Season,36.97,Low Suitability
3609,100.0,Loam,Manicaland,I,Temperate Highland,5.881543700103815,Dry Beans,1.41,Dry Season,85.82,Highly Suitable
3610,78.0926283609128,Loam,Mashonaland East,IIb,Humid Subtropical,6.019226088888889,Cowpeas,1.25,Rainy Season,100.0,Highly Suitable
3611,65.56010156410126,Sandy Loam,Midlands,IV,Humid Subtropical,5.3727997559110605,Tobacco,1.72,Cool Dry Season,52.75,Moderately Suitable
3612,38.09689020244934,Sandy Soil,Midlands,IV,Semi-Arid,6.9138502523817,Wheat,3.3,Rainy Season,40.73,Low Suitability
3613,76.48554705616044,Clay Soil,Masvingo,III,Semi-Arid,5.611104937807921,Pumpkin,10.5,Winter,67.26,Suitable
3614,84.22350122268777,Silty Loam,Harare,IIb,Subtropical Highland,5.529320946282863,Tea,2.45,Dry Season,53.51,Moderately Suitable
3615,67.35579530094016,Silty Loam,Mashonaland Central,IIb,Dry Tropical,5.864746759312984,Watermelon,28.69,Cool Dry Season,75.31,Suitable
3616,44.45890713602634,Red Clay,Midlands,III,Semi-Arid,6.160533868645282,Sunflower,1.14,Hot Dry Season,61.78,Moderately Suitable
3617,87.95905432874463,Sandy Soil,Mashonaland West,IIa,Subtropical Highland,5.618629419871741,Dry Beans,1.24,Rainy Season,73.03,Suitable
3618,54.59363963485436,Red Clay,Midlands,III,Dry Tropical,6.717781265051431,Cabbage,21.07,Dry Season,53.85,Moderately Suitable
3619,70.41144048788092,Clay Loam,Mashonaland West,IIb,Temperate Highland,5.314120545551563,Sunflower,1.51,Cool Dry Season,65.4,Suitable
3620,63.72365069338381,Clay Soil,Mashonaland Central,IIb,Humid Subtropical,6.232443114519454,Tomatoes,25.78,Hot Dry Season,55.37,Moderately Suitable
3621,18.95692339714049,Loam,Matabeleland South,V,Semi-Arid,6.413464780469387,Cotton,1.34,Dry Season,54.08,Moderately Suitable
3622,69.13554058542496,Silty Loam,Midlands,III,Temperate Highland,5.659110545792242,Groundnuts,1.55,Rainy Season,83.42,Highly Suitable
3623,58.86857668080158,Clay Soil,Mashonaland West,IIb,Humid Subtropical,6.356004884055635,Finger Millet,1.89,Hot Dry Season,79.19,Suitable
3624,53.85277550069916,Red Clay,Mashonaland Central,IIa,Humid Subtropical,5.9507021385108,Sugar Beans,1.55,Dry Season,50.05,Moderately Suitable
3625,66.2044829572825,Loam,Harare,IIa,Subtropical Highland,5.785861018581471,Pumpkin,11.7,Rainy Season,85.51,Highly Suitable
3626,61.31550780992019,Silty Loam,Mashonaland East,IIb,Subtropical Highland,5.336136253207278,Tomatoes,26.15,Cool Dry Season,51.61,Moderately Suitable
3627,41.77093352018784,Sandy Loam,Manicaland,III,Subtropical Highland,5.58040681731503,Cotton,1.94,Dry Season,44.39,Low Suitability
3628,61.95621981582953,Clay Loam,Midlands,IV,Semi-Arid,7.266397468124747,Potatoes,13.65,Hot Dry Season,32.49,Not Suitable
3629,39.7970960773132,Silty Loam,Matabeleland North,III,Semi-Arid,5.902395489600035,Watermelon,20.9,Winter,42.68,Low Suitability
3630,47.847276240408576,Loam,Matabeleland South,IV,Subtropical Highland,6.155070378424945,Pearl Millet,1.88,Cool Dry Season,74.53,Suitable
3631,92.05961563927866,Clay Soil,Harare,IIb,Dry Tropical,6.148898652801903,Sugar Beans,1.59,Hot Dry Season,76.41,Suitable
3632,90.25898073387386,Loam,Mashonaland Central,III,Humid Subtropical,7.1973512316884305,Watermelon,24.14,Hot Dry Season,91.44,Highly Suitable
3633,79.00096295483085,Sandy Soil,Mashonaland East,IIb,Subtropical Highland,4.849334092226355,Pumpkin,10.86,Hot Dry Season,72.11,Suitable
3634,71.52301033509882,Silty Loam,Mashonaland Central,III,Humid Subtropical,6.164009335208006,Pumpkin,14.84,Winter,81.1,Highly Suitable
3635,64.81228082337927,Loam,Harare,IIb,Temperate Highland,5.3838448125853935,Sunflower,1.58,Hot Dry Season,68.75,Suitable
3636,28.715275650788847,Clay Soil,Masvingo,V,Dry Tropical,6.140693888552874,Soybeans,2.01,Rainy Season,55.54,Moderately Suitable
3637,27.83451596385375,Loam,Masvingo,V,Humid Subtropical,5.343463717187262,Tobacco,2.07,Winter,47.73,Low Suitability
3638,78.88996412122913,Sandy Soil,Mashonaland Central,IIa,Semi-Arid,6.316668298075982,Groundnuts,1.64,Hot Dry Season,94.95,Highly Suitable
3639,58.25486696008487,Clay Loam,Matabeleland North,IV,Dry Tropical,6.215564554895386,Dry Beans,1.41,Rainy Season,63.38,Moderately Suitable
3640,53.79334100054402,Clay Soil,Midlands,IV,Temperate Highland,4.639265213167062,Sorghum,1.74,Winter,47.19,Low Suitability
3641,21.496834526878395,Loam,Matabeleland South,V,Semi-Arid,8.4,Sugar Beans,1.22,Winter,20.51,Not Suitable
3642,66.94725362753326,Red Clay,Manicaland,III,Dry Tropical,5.928924518270909,Wheat,4.28,Cool Dry Season,61.58,Moderately Suitable
3643,86.64885748192589,Clay Loam,Masvingo,IV,Semi-Arid,6.469634983391187,Tea,1.94,Rainy Season,44.19,Low Suitability
3644,75.68341011549882,Silty Loam,Manicaland,IIa,Temperate Highland,5.648642485313417,Cowpeas,1.07,Rainy Season,86.21,Highly Suitable
3645,49.643484076265096,Sandy Loam,Manicaland,III,Dry Tropical,5.426822072600802,Groundnuts,1.09,Rainy Season,53.85,Moderately Suitable
3646,65.98974078812654,Clay Soil,Manicaland,III,Subtropical Highland,5.878279484246596,Tomatoes,26.19,Dry Season,51.01,Moderately Suitable
3647,78.8396469606024,Loam,Harare,IIb,Humid Subtropical,7.000257046214527,Cabbage,27.47,Dry Season,74.87,Suitable
3648,59.22036239446264,Loam,Matabeleland North,IV,Humid Subtropical,7.4331404592428285,Soybeans,2.23,Dry Season,49.73,Low Suitability
3649,85.45226802992059,Silty Loam,Mashonaland East,IIa,Dry Tropical,6.402255365328568,Tea,1.89,Winter,38.3,Low Suitability
3650,35.02656093280469,Clay Soil,Matabeleland South,IV,Semi-Arid,4.77703546552017,Sunflower,1.04,Rainy Season,33.89,Not Suitable
3651,41.34192418511466,Sandy Soil,Matabeleland North,IV,Temperate Highland,7.843400831121125,Maize,3.54,Winter,28.64,Not Suitable
3652,79.11259183351157,Red Clay,Mashonaland East,IIa,Subtropical Highland,5.594776485170423,Finger Millet,1.36,Cool Dry Season,92.77,Highly Suitable
3653,59.820398328008714,Silty Loam,Mashonaland West,III,Dry Tropical,8.195761433251253,Pumpkin,7.66,Cool Dry Season,56.3,Moderately Suitable
3654,85.12183218034222,Sandy Soil,Mashonaland Central,IIb,Semi-Arid,5.859702662551396,Finger Millet,1.48,Rainy Season,79.36,Suitable
3655,78.96897934650241,Silty Loam,Mashonaland Central,III,Semi-Arid,5.951444897154083,Soybeans,2.0,Winter,51.3,Moderately Suitable
3656,38.50262715301247,Clay Loam,Midlands,IV,Dry Tropical,5.09588683495244,Tea,2.16,Hot Dry Season,55.69,Moderately Suitable
3657,69.35796701855011,Sandy Loam,Masvingo,III,Humid Subtropical,6.349638440916037,Wheat,4.32,Winter,70.56,Suitable
3658,60.32133376373582,Clay Loam,Midlands,III,Subtropical Highland,6.803262723201843,Cotton,1.61,Cool Dry Season,77.96,Suitable
3659,85.01988080941956,Red Clay,Harare,IIb,Humid Subtropical,6.531171803296056,Tea,2.22,Cool Dry Season,38.7,Low Suitability
3660,66.89158291937903,Clay Loam,Harare,IIb,Subtropical Highland,5.786218027353722,Sugar Beans,1.55,Rainy Season,67.02,Suitable
3661,90.1808785369476,Clay Soil,Matabeleland North,III,Humid Subtropical,6.221918991421466,Dry Beans,1.64,Winter,89.32,Highly Suitable
3662,75.95121602873523,Clay Soil,Midlands,III,Dry Tropical,5.874811250495545,Finger Millet,1.89,Dry Season,82.61,Highly Suitable
3663,94.84979815692321,Red Clay,Mashonaland East,IIa,Semi-Arid,6.743334957342406,Carrots,18.47,Hot Dry Season,85.59,Highly Suitable
3664,42.808972453617855,Clay Loam,Matabeleland South,V,Subtropical Highland,6.7264521680111296,Carrots,15.04,Rainy Season,50.19,Moderately Suitable
3665,82.65603274112965,Red Clay,Mashonaland Central,III,Humid Subtropical,6.274853000528609,Tea,2.1,Winter,52.01,Moderately Suitable
3666,69.53080296294767,Sandy Loam,Mashonaland East,IIa,Subtropical Highland,5.040997036786925,Potatoes,15.53,Cool Dry Season,51.01,Moderately Suitable
3667,44.86562115722087,Red Clay,Manicaland,III,Temperate Highland,6.260777044064328,Tomatoes,29.17,Hot Dry Season,57.22,Moderately Suitable
3668,63.92933620787407,Sandy Soil,Mashonaland West,III,Dry Tropical,7.440097420942488,Maize,3.2,Winter,40.11,Low Suitability
3669,81.79267698849183,Red Clay,Harare,IIa,Temperate Highland,5.888796684443972,Finger Millet,1.4,Cool Dry Season,91.88,Highly Suitable
3670,52.330077508118606,Sandy Loam,Matabeleland North,III,Dry Tropical,6.172965433026598,Sorghum,2.23,Winter,71.87,Suitable
3671,41.47107165449604,Sandy Loam,Masvingo,V,Semi-Arid,6.364191965699048,Sweet Potatoes,6.88,Cool Dry Season,57.7,Moderately Suitable
3672,78.90035089156585,Sandy Soil,Matabeleland North,IV,Dry Tropical,5.241183191313749,Cabbage,19.77,Hot Dry Season,50.49,Moderately Suitable
3673,39.74206299643727,Sandy Loam,Masvingo,V,Dry Tropical,5.739985053920098,Pearl Millet,1.6,Rainy Season,67.02,Suitable
3674,66.42604584857136,Sandy Loam,Matabeleland South,IV,Subtropical Highland,6.721007890339026,Coffee,1.03,Rainy Season,50.02,Moderately Suitable
3675,76.11683137639893,Clay Loam,Midlands,III,Temperate Highland,6.891948769616308,Soybeans,1.9,Dry Season,63.33,Moderately Suitable
3676,45.78908702300152,Silty Loam,Matabeleland North,III,Temperate Highland,5.728427215647865,Sorghum,1.76,Winter,56.23,Moderately Suitable
3677,67.54867197594083,Sandy Soil,Harare,IIb,Dry Tropical,4.743718658704639,Cowpeas,1.13,Dry Season,75.12,Suitable
3678,78.75972036122384,Silty Loam,Mashonaland East,IIa,Temperate Highland,4.708324202986818,Cowpeas,0.95,Dry Season,68.29,Suitable
3679,28.74637257551705,Loam,Matabeleland North,IV,Subtropical Highland,6.66520256918944,Carrots,20.72,Dry Season,52.23,Moderately Suitable
3680,82.96454655417753,Red Clay,Mashonaland East,IIb,Dry Tropical,5.89806277197206,Pearl Millet,1.63,Hot Dry Season,84.46,Highly Suitable
3681,40.60946547022151,Loam,Matabeleland South,IV,Dry Tropical,5.087372446143139,Maize,3.72,Cool Dry Season,39.1,Low Suitability
3682,86.17245228528876,Red Clay,Harare,IIa,Subtropical Highland,7.161689196511065,Soybeans,1.83,Dry Season,56.23,Moderately Suitable
3683,73.2072978742004,Silty Loam,Matabeleland North,III,Semi-Arid,6.262023916493616,Pearl Millet,2.16,Winter,99.41,Highly Suitable
3684,82.9519899486492,Clay Soil,Mashonaland West,IIa,Dry Tropical,8.00389338494527,Tomatoes,22.33,Rainy Season,55.52,Moderately Suitable
3685,66.56255460221921,Loam,Matabeleland North,IV,Subtropical Highland,7.5793693122033305,Soybeans,2.11,Rainy Season,49.69,Low Suitability
3686,63.24015706050764,Silty Loam,Midlands,IV,Dry Tropical,6.653895284164011,Cotton,1.56,Rainy Season,79.21,Suitable
3687,61.06983506254279,Red Clay,Mashonaland Central,IIb,Temperate Highland,6.708104300347926,Carrots,15.74,Dry Season,67.65,Suitable
3688,75.88256542772316,Loam,Manicaland,IIa,Dry Tropical,6.9210169618754716,Wheat,4.51,Rainy Season,73.96,Suitable
3689,62.08442464598794,Sandy Soil,Midlands,IV,Humid Subtropical,6.980279660721425,Sunflower,1.4,Dry Season,67.93,Suitable
3690,79.39483881158286,Clay Loam,Midlands,III,Subtropical Highland,5.840214202759157,Maize,4.34,Rainy Season,57.08,Moderately Suitable
3691,50.81885173424113,Clay Soil,Midlands,III,Dry Tropical,5.358588690073316,Sorghum,1.86,Winter,57.06,Moderately Suitable
3692,57.9914556070098,Sandy Soil,Masvingo,IV,Humid Subtropical,5.8986193530798126,Sugar Beans,1.4,Cool Dry Season,53.61,Moderately Suitable
3693,75.71917544444757,Clay Loam,Mashonaland East,IIa,Dry Tropical,5.881368403677934,Carrots,16.49,Winter,72.7,Suitable
3694,71.34626715871035,Silty Loam,Mashonaland Central,III,Dry Tropical,6.916213526381893,Finger Millet,1.78,Dry Season,75.81,Suitable
3695,100.0,Silty Loam,Mashonaland Central,IIa,Subtropical Highland,5.271676024251328,Soybeans,1.9,Dry Season,64.39,Moderately Suitable
3696,65.41872085983236,Sandy Loam,Mashonaland Central,III,Temperate Highland,4.910639115859019,Paprika,2.15,Dry Season,60.97,Moderately Suitable
3697,78.04994535534941,Sandy Soil,Mashonaland West,III,Dry Tropical,6.652557601974106,Dry Beans,1.44,Winter,70.34,Suitable
3698,66.31767931890413,Sandy Loam,Harare,IIb,Semi-Arid,5.663542940976409,Tomatoes,25.15,Winter,43.22,Low Suitability
3699,93.43212500183152,Silty Loam,Harare,IIa,Dry Tropical,5.868432459059998,Coffee,1.05,Dry Season,59.1,Moderately Suitable
3700,82.0002943268868,Clay Loam,Harare,IIb,Temperate Highland,5.535496214765881,Sorghum,2.27,Hot Dry Season,77.44,Suitable
3701,68.37909084478582,Red Clay,Mashonaland East,IIb,Humid Subtropical,5.688133075116693,Sugar Beans,1.31,Winter,63.24,Moderately Suitable
3702,78.8209900268451,Sandy Loam,Manicaland,III,Dry Tropical,6.606991686710938,Onions,19.48,Winter,65.77,Suitable
3703,63.032636296373546,Sandy Soil,Matabeleland North,III,Subtropical Highland,5.802913312287694,Pumpkin,10.8,Winter,72.54,Suitable
3704,85.45293857242537,Clay Soil,Manicaland,I,Semi-Arid,6.66578564173659,Finger Millet,1.32,Cool Dry Season,78.43,Suitable
3705,100.0,Loam,Mashonaland East,IIa,Dry Tropical,6.253658559618999,Onions,20.47,Cool Dry Season,95.04,Highly Suitable
3706,72.87141596593406,Sandy Soil,Mashonaland East,IIa,Humid Subtropical,5.589350669561455,Coffee,0.87,Hot Dry Season,52.59,Moderately Suitable
3707,60.92851720116836,Sandy Soil,Mashonaland East,IIb,Dry Tropical,6.726299232988318,Sunflower,1.75,Hot Dry Season,73.42,Suitable
3708,38.33858601831048,Sandy Soil,Masvingo,V,Dry Tropical,6.021335173128053,Watermelon,21.94,Winter,36.45,Low Suitability
3709,47.24841801749531,Silty Loam,Matabeleland North,IV,Humid Subtropical,6.208874388677926,Soybeans,2.22,Winter,55.53,Moderately Suitable
3710,66.3301872661636,Clay Loam,Matabeleland North,IV,Humid Subtropical,5.77890942019578,Potatoes,17.98,Winter,60.96,Moderately Suitable
3711,71.27788333494458,Red Clay,Masvingo,III,Dry Tropical,6.402587708503771,Cotton,1.74,Rainy Season,77.95,Suitable
3712,52.68988458027195,Silty Loam,Midlands,IV,Humid Subtropical,7.9029430838122945,Watermelon,16.99,Winter,47.83,Low Suitability
3713,58.357285174290226,Clay Loam,Matabeleland North,III,Subtropical Highland,6.568422555521805,Sorghum,2.3,Hot Dry Season,72.06,Suitable
3714,78.90879203493138,Clay Soil,Matabeleland North,III,Temperate Highland,5.420118591092859,Wheat,5.28,Dry Season,62.49,Moderately Suitable
3715,67.31795353574076,Silty Loam,Matabeleland North,IV,Subtropical Highland,5.723611127923795,Potatoes,15.56,Dry Season,71.71,Suitable
3716,86.08855626940341,Clay Loam,Mashonaland West,IIb,Humid Subtropical,5.210826182496611,Cowpeas,1.11,Hot Dry Season,93.64,Highly Suitable
3717,60.79186403443078,Red Clay,Midlands,III,Humid Subtropical,5.396398086934173,Wheat,3.27,Winter,44.81,Low Suitability
3718,69.74330255889645,Sandy Soil,Mashonaland West,III,Dry Tropical,6.818234216245251,Cotton,1.56,Cool Dry Season,72.66,Suitable
3719,40.747731766659015,Clay Soil,Masvingo,IV,Semi-Arid,6.681662967089348,Sunflower,1.29,Winter,49.97,Low Suitability
3720,76.68170814954901,Loam,Manicaland,I,Temperate Highland,5.011080594275627,Tobacco,1.75,Rainy Season,53.44,Moderately Suitable
3721,96.21508160398938,Silty Loam,Mashonaland Central,IIa,Subtropical Highland,5.576162411106635,Tomatoes,29.52,Winter,63.84,Moderately Suitable
3722,53.03561291223964,Loam,Mashonaland Central,IIb,Temperate Highland,6.492443820451492,Coffee,0.98,Cool Dry Season,46.81,Low Suitability
3723,85.78869025030578,Clay Soil,Mashonaland East,IIa,Semi-Arid,6.9014836117524805,Sweet Potatoes,10.05,Winter,85.66,Highly Suitable
3724,85.41484887824878,Red Clay,Mashonaland West,III,Humid Subtropical,6.865528707862358,Sugar Beans,1.66,Cool Dry Season,77.21,Suitable
3725,63.618938019986544,Red Clay,Harare,IIb,Humid Subtropical,6.103203780779469,Tea,2.42,Cool Dry Season,52.96,Moderately Suitable
3726,79.33127754325936,Silty Loam,Mashonaland East,IIb,Subtropical Highland,6.038064935238635,Cabbage,23.7,Cool Dry Season,68.41,Suitable
3727,55.85836532053419,Red Clay,Mashonaland West,III,Semi-Arid,7.584753246515006,Watermelon,15.58,Hot Dry Season,49.69,Low Suitability
3728,41.14847642290697,Clay Soil,Midlands,IV,Subtropical Highland,6.626958601694627,Cabbage,24.31,Hot Dry Season,55.57,Moderately Suitable
3729,60.0276074909287,Red Clay,Midlands,III,Temperate Highland,4.753120359950873,Pumpkin,13.57,Cool Dry Season,48.5,Low Suitability
3730,55.873458637356116,Sandy Soil,Matabeleland South,V,Temperate Highland,5.3667212643307725,Pearl Millet,1.76,Dry Season,64.43,Moderately Suitable
3731,45.9765488297897,Sandy Soil,Masvingo,IV,Temperate Highland,5.965773124542331,Macadamia Nuts,1.84,Hot Dry Season,57.78,Moderately Suitable
3732,48.95537610746163,Red Clay,Matabeleland South,V,Semi-Arid,5.984965073602723,Wheat,3.27,Rainy Season,51.74,Moderately Suitable
3733,81.28214691951925,Sandy Loam,Mashonaland West,IIb,Subtropical Highland,5.281088153077745,Sunflower,1.36,Winter,67.07,Suitable
3734,68.32135597646428,Sandy Loam,Harare,IIb,Subtropical Highland,7.0743410669827504,Sorghum,2.1,Rainy Season,88.51,Highly Suitable
3735,84.35375992891758,Silty Loam,Mashonaland Central,IIa,Temperate Highland,6.682425473656537,Watermelon,26.11,Cool Dry Season,86.05,Highly Suitable
3736,63.905820282279976,Silty Loam,Mashonaland West,III,Semi-Arid,6.558658746251694,Soybeans,2.23,Cool Dry Season,48.18,Low Suitability
3737,65.41011399156908,Loam,Masvingo,III,Humid Subtropical,5.781988850126172,Soybeans,1.9,Cool Dry Season,51.98,Moderately Suitable
3738,92.89875286770231,Sandy Soil,Harare,IIb,Subtropical Highland,5.799656480751824,Sugar Beans,1.41,Cool Dry Season,61.88,Moderately Suitable
3739,49.34217689764039,Clay Soil,Midlands,IV,Humid Subtropical,6.709894527494724,Soybeans,1.63,Dry Season,44.3,Low Suitability
3740,70.37122584376837,Red Clay,Matabeleland North,IV,Semi-Arid,5.6342573034997985,Sunflower,1.5,Hot Dry Season,53.67,Moderately Suitable
3741,52.49275070756518,Sandy Soil,Midlands,IV,Humid Subtropical,6.00588861262754,Sunflower,1.33,Cool Dry Season,56.25,Moderately Suitable
3742,82.875523124363,Clay Soil,Harare,IIa,Temperate Highland,4.51934976449175,Groundnuts,1.26,Winter,55.35,Moderately Suitable
3743,52.18113790256105,Sandy Loam,Masvingo,V,Dry Tropical,5.1228269990914965,Cowpeas,0.92,Winter,61.32,Moderately Suitable
3744,57.932473352848405,Silty Loam,Mashonaland West,III,Temperate Highland,6.334694925558338,Macadamia Nuts,1.76,Hot Dry Season,47.67,Low Suitability
3745,57.28304896132655,Loam,Mashonaland Central,III,Temperate Highland,4.660466360608373,Groundnuts,1.06,Hot Dry Season,50.62,Moderately Suitable
3746,68.15769035337705,Red Clay,Mashonaland East,IIa,Temperate Highland,7.090091884274172,Wheat,5.09,Hot Dry Season,61.25,Moderately Suitable
3747,82.44043248805228,Loam,Mashonaland Central,IIb,Semi-Arid,7.01951549979611,Potatoes,12.55,Dry Season,55.94,Moderately Suitable
3748,87.26316200518434,Sandy Soil,Manicaland,III,Temperate Highland,7.514575113769201,Coffee,0.87,Hot Dry Season,33.12,Not Suitable
3749,51.62744909989454,Silty Loam,Mashonaland Central,IIb,Temperate Highland,7.0147210477999,Paprika,1.73,Winter,55.28,Moderately Suitable
3750,36.254389789159184,Clay Soil,Matabeleland South,IV,Dry Tropical,7.484068195170705,Finger Millet,1.55,Dry Season,35.88,Low Suitability
3751,96.35440808461578,Sandy Loam,Manicaland,IIa,Dry Tropical,7.319737544925557,Finger Millet,1.71,Rainy Season,76.14,Suitable
3752,37.32125454388055,Silty Loam,Matabeleland South,V,Dry Tropical,7.457650865108798,Potatoes,14.02,Hot Dry Season,41.04,Low Suitability
3753,62.79706233355342,Silty Loam,Masvingo,III,Temperate Highland,6.257078778466416,Onions,17.54,Cool Dry Season,62.01,Moderately Suitable
3754,70.23957041478258,Red Clay,Mashonaland Central,IIa,Temperate Highland,6.846935212285766,Tomatoes,32.33,Hot Dry Season,60.04,Moderately Suitable
3755,59.57951806682277,Silty Loam,Manicaland,III,Semi-Arid,5.730173464979717,Dry Beans,1.38,Hot Dry Season,53.3,Moderately Suitable
3756,50.234325205554526,Sandy Loam,Matabeleland North,IV,Subtropical Highland,6.7552127448645765,Sunflower,1.44,Hot Dry Season,55.24,Moderately Suitable
3757,85.42779136208661,Sandy Loam,Manicaland,I,Temperate Highland,6.305604727523999,Potatoes,19.2,Cool Dry Season,74.26,Suitable
3758,86.41939604327523,Loam,Manicaland,IIa,Temperate Highland,6.648235940098355,Cabbage,20.6,Winter,88.21,Highly Suitable
3759,67.23875796106697,Sandy Loam,Masvingo,III,Semi-Arid,6.667251908802849,Groundnuts,1.43,Rainy Season,72.34,Suitable
3760,23.679167623428576,Sandy Loam,Masvingo,V,Subtropical Highland,5.27139396477501,Cabbage,23.43,Dry Season,37.85,Low Suitability
3761,70.2214034236779,Silty Loam,Matabeleland North,IV,Humid Subtropical,4.768519648274315,Sweet Potatoes,9.0,Rainy Season,71.97,Suitable
3762,68.51261618578295,Clay Soil,Mashonaland East,IIb,Subtropical Highland,6.99378735244076,Wheat,3.73,Dry Season,69.4,Suitable
3763,51.82696166556224,Sandy Soil,Matabeleland South,V,Dry Tropical,5.694474374038766,Sweet Potatoes,9.27,Winter,57.94,Moderately Suitable
3764,49.941406942639006,Loam,Masvingo,III,Semi-Arid,5.744957117285235,Watermelon,20.54,Hot Dry Season,49.82,Low Suitability
3765,91.44622006796884,Loam,Manicaland,I,Humid Subtropical,6.375218645689478,Soybeans,1.98,Cool Dry Season,79.02,Suitable
3766,68.05300432623156,Clay Loam,Midlands,III,Subtropical Highland,5.536491889593823,Soybeans,1.91,Hot Dry Season,57.08,Moderately Suitable
3767,72.43400960316396,Sandy Soil,Manicaland,III,Semi-Arid,6.435997571870426,Dry Beans,1.51,Dry Season,61.16,Moderately Suitable
3768,49.02680486986374,Loam,Midlands,IV,Temperate Highland,6.063430338689652,Sugar Beans,1.37,Dry Season,64.63,Moderately Suitable
3769,100.0,Sandy Soil,Manicaland,I,Dry Tropical,5.183005701037705,Finger Millet,1.62,Dry Season,70.98,Suitable
3770,82.4953077102417,Clay Soil,Mashonaland Central,IIb,Dry Tropical,6.047285389941477,Coffee,0.87,Winter,52.78,Moderately Suitable
3771,97.53204954877847,Silty Loam,Mashonaland West,IIa,Semi-Arid,5.560720671489146,Cotton,1.9,Cool Dry Season,83.97,Highly Suitable
3772,83.86248179221272,Red Clay,Manicaland,I,Dry Tropical,5.9112390864613875,Finger Millet,1.62,Winter,87.02,Highly Suitable
3773,95.86844426105478,Loam,Mashonaland East,IIa,Subtropical Highland,7.0014009716928465,Tomatoes,31.21,Cool Dry Season,77.12,Suitable
3774,80.07715581677562,Sandy Loam,Mashonaland Central,III,Dry Tropical,5.530011281117996,Wheat,3.46,Hot Dry Season,57.18,Moderately Suitable
3775,23.115586378170725,Clay Loam,Matabeleland South,V,Humid Subtropical,6.199456268155751,Onions,18.06,Cool Dry Season,56.28,Moderately Suitable
3776,98.60989526928417,Loam,Mashonaland Central,IIa,Humid Subtropical,6.242222451713576,Finger Millet,1.84,Hot Dry Season,91.31,Highly Suitable
3777,58.178522434081614,Loam,Midlands,IV,Temperate Highland,7.101366648807131,Finger Millet,1.57,Rainy Season,73.5,Suitable
3778,50.66556024411139,Clay Soil,Matabeleland South,IV,Temperate Highland,4.2,Onions,13.89,Winter,33.96,Not Suitable
3779,83.7002924222675,Clay Soil,Mashonaland West,IIb,Subtropical Highland,6.2245833397212555,Carrots,18.37,Dry Season,90.12,Highly Suitable
3780,90.70118880140046,Sandy Soil,Mashonaland East,IIa,Subtropical Highland,6.82288618895772,Tobacco,2.01,Dry Season,64.71,Moderately Suitable
3781,66.80470474523445,Loam,Masvingo,IV,Temperate Highland,8.204807074625428,Cabbage,19.71,Cool Dry Season,51.09,Moderately Suitable
3782,47.2859283798553,Clay Loam,Mashonaland East,IIa,Humid Subtropical,5.693258740955128,Potatoes,16.52,Cool Dry Season,65.12,Suitable
3783,91.65357278196515,Red Clay,Mashonaland East,IIa,Semi-Arid,6.190301266547409,Onions,17.13,Rainy Season,63.92,Moderately Suitable
3784,73.91080010038667,Clay Loam,Matabeleland North,III,Dry Tropical,6.316054231516169,Paprika,2.21,Hot Dry Season,79.93,Suitable
3785,71.7466593457589,Clay Soil,Midlands,III,Temperate Highland,6.298689634041245,Watermelon,24.32,Hot Dry Season,75.38,Suitable
3786,73.02955078847249,Loam,Mashonaland East,IIa,Temperate Highland,8.4,Cowpeas,1.14,Rainy Season,66.02,Suitable
3787,65.4235748379593,Silty Loam,Midlands,III,Temperate Highland,6.9298103217239095,Cotton,1.31,Hot Dry Season,70.12,Suitable
3788,44.66270007825525,Clay Soil,Midlands,IV,Humid Subtropical,6.504936301383963,Onions,17.59,Hot Dry Season,47.97,Low Suitability
3789,80.10269062856585,Red Clay,Mashonaland West,IIb,Subtropical Highland,6.393248824928577,Dry Beans,1.36,Dry Season,75.09,Suitable
3790,65.48737640372438,Loam,Harare,IIb,Dry Tropical,7.2277344869791404,Pumpkin,12.44,Dry Season,69.49,Suitable
3791,56.861902309088194,Clay Loam,Midlands,III,Dry Tropical,5.024074812221228,Watermelon,22.81,Dry Season,44.17,Low Suitability
3792,58.74920574180422,Red Clay,Matabeleland South,IV,Dry Tropical,7.186940408894554,Cowpeas,1.19,Hot Dry Season,72.39,Suitable
3793,23.306595692570575,Clay Soil,Masvingo,V,Semi-Arid,5.820144999413926,Potatoes,15.54,Cool Dry Season,59.61,Moderately Suitable
3794,86.39615546702274,Sandy Soil,Manicaland,IIa,Humid Subtropical,6.972425536196571,Potatoes,14.7,Hot Dry Season,45.33,Low Suitability
3795,98.90016072338264,Sandy Loam,Mashonaland Central,IIa,Subtropical Highland,6.196382584587953,Dry Beans,1.45,Hot Dry Season,86.04,Highly Suitable
3796,78.46810457200088,Loam,Mashonaland East,IIb,Subtropical Highland,5.72268016506495,Pearl Millet,1.83,Rainy Season,92.5,Highly Suitable
3797,61.219291442094644,Clay Loam,Mashonaland East,IIb,Temperate Highland,6.33206932189523,Sunflower,1.34,Hot Dry Season,63.9,Moderately Suitable
3798,44.43269828074725,Clay Loam,Matabeleland South,IV,Subtropical Highland,5.551156527334919,Cotton,1.85,Hot Dry Season,47.74,Low Suitability
3799,61.05477468089051,Red Clay,Masvingo,IV,Dry Tropical,6.889783364327271,Cowpeas,1.12,Winter,81.33,Highly Suitable
3800,100.0,Clay Soil,Mashonaland East,IIa,Subtropical Highland,6.943969635473502,Cabbage,26.52,Winter,79.6,Suitable
3801,84.86399687209209,Clay Soil,Mashonaland West,IIa,Semi-Arid,6.448640986867181,Paprika,2.61,Cool Dry Season,70.7,Suitable
3802,77.5065900153365,Silty Loam,Manicaland,III,Humid Subtropical,6.964061972328467,Sorghum,2.45,Rainy Season,89.15,Highly Suitable
3803,75.0263107754317,Silty Loam,Manicaland,IIa,Subtropical Highland,4.943051064041333,Watermelon,23.11,Rainy Season,70.2,Suitable
3804,56.61452175865195,Loam,Midlands,IV,Subtropical Highland,6.965718016019596,Pumpkin,11.23,Hot Dry Season,66.41,Suitable
3805,57.01750774218418,Clay Loam,Manicaland,III,Dry Tropical,5.946549845061114,Sugar Beans,1.17,Dry Season,62.22,Moderately Suitable
3806,90.62310726687394,Clay Soil,Mashonaland Central,III,Semi-Arid,6.903886735306417,Groundnuts,1.4,Dry Season,83.3,Highly Suitable
3807,75.34325407982061,Sandy Loam,Mashonaland East,IIa,Temperate Highland,5.296833000495166,Sunflower,1.26,Rainy Season,71.76,Suitable
3808,80.00260721922544,Sandy Loam,Manicaland,III,Temperate Highland,6.25921104519683,Cotton,2.04,Hot Dry Season,87.45,Highly Suitable
3809,100.0,Sandy Loam,Manicaland,I,Semi-Arid,6.094079869329285,Maize,4.02,Rainy Season,73.15,Suitable
3810,50.27740113238922,Red Clay,Midlands,IV,Humid Subtropical,5.466856549756725,Groundnuts,1.63,Cool Dry Season,54.49,Moderately Suitable
3811,66.21928048029275,Red Clay,Manicaland,I,Subtropical Highland,6.619227817465132,Watermelon,24.39,Hot Dry Season,73.46,Suitable
3812,66.71678099050803,Loam,Mashonaland West,IIb,Humid Subtropical,6.730119020643469,Pearl Millet,1.45,Dry Season,88.88,Highly Suitable
3813,78.2206990312809,Silty Loam,Midlands,IV,Temperate Highland,6.780150910720819,Potatoes,18.04,Cool Dry Season,60.83,Moderately Suitable
3814,100.0,Red Clay,Harare,IIa,Semi-Arid,5.704175650861668,Coffee,1.14,Hot Dry Season,61.39,Moderately Suitable
3815,59.5198049712757,Silty Loam,Manicaland,III,Humid Subtropical,7.4771458941542175,Sunflower,1.41,Winter,66.74,Suitable
3816,48.98203132351723,Silty Loam,Matabeleland North,IV,Humid Subtropical,7.426458445971704,Pumpkin,10.28,Cool Dry Season,53.36,Moderately Suitable
3817,64.00593705089753,Loam,Manicaland,III,Temperate Highland,5.5743201920720375,Finger Millet,1.46,Dry Season,67.48,Suitable
3818,75.21178211185735,Loam,Manicaland,III,Temperate Highland,7.018676762681066,Carrots,15.28,Cool Dry Season,70.56,Suitable
3819,53.805191473489415,Sandy Loam,Matabeleland South,V,Semi-Arid,5.108462834441951,Finger Millet,1.44,Winter,54.47,Moderately Suitable
3820,64.80174056249642,Clay Soil,Mashonaland West,III,Subtropical Highland,6.323663601225285,Cowpeas,1.21,Hot Dry Season,90.62,Highly Suitable
3821,74.03819755264506,Silty Loam,Mashonaland West,IIb,Temperate Highland,6.546869490928993,Cotton,2.03,Winter,82.96,Highly Suitable
3822,67.86979032419833,Red Clay,Harare,IIb,Temperate Highland,6.042394250456811,Potatoes,18.48,Dry Season,72.73,Suitable
3823,76.59125642843838,Loam,Mashonaland Central,IIa,Dry Tropical,5.440776590391465,Cabbage,20.55,Dry Season,52.22,Moderately Suitable
3824,76.50469368300229,Clay Loam,Masvingo,III,Semi-Arid,4.878352672146544,Onions,14.37,Cool Dry Season,49.97,Low Suitability
3825,29.707065143861904,Red Clay,Matabeleland South,IV,Dry Tropical,5.782093986274304,Maize,2.93,Hot Dry Season,35.78,Low Suitability
3826,92.1571736590188,Silty Loam,Mashonaland East,IIa,Semi-Arid,5.47051999319599,Wheat,4.15,Winter,66.18,Suitable
3827,48.68724698514281,Loam,Matabeleland North,IV,Humid Subtropical,5.656116099875201,Tea,2.48,Winter,58.47,Moderately Suitable
3828,71.72725627391921,Sandy Loam,Mashonaland West,IIa,Humid Subtropical,7.537149749318593,Soybeans,1.36,Winter,42.69,Low Suitability
3829,18.59949538998439,Loam,Masvingo,V,Semi-Arid,7.972702555505341,Cowpeas,1.21,Dry Season,50.1,Moderately Suitable
3830,47.534349461093875,Silty Loam,Mashonaland East,IIa,Semi-Arid,7.041651009795093,Paprika,2.52,Rainy Season,49.45,Low Suitability
3831,97.50188074131687,Sandy Loam,Manicaland,I,Semi-Arid,5.9088531178056085,Cotton,1.7,Rainy Season,85.73,Highly Suitable
3832,100.0,Red Clay,Harare,IIa,Subtropical Highland,7.045647007153775,Tobacco,1.92,Dry Season,79.34,Suitable
3833,72.61066916609343,Silty Loam,Manicaland,IIa,Dry Tropical,4.5530715152757555,Onions,13.74,Cool Dry Season,55.7,Moderately Suitable
3834,70.03841638474243,Silty Loam,Midlands,III,Semi-Arid,5.901025781528955,Soybeans,1.66,Cool Dry Season,56.07,Moderately Suitable
3835,46.158135495437335,Clay Loam,Midlands,III,Semi-Arid,6.163347102629102,Cabbage,23.3,Dry Season,39.44,Low Suitability
3836,96.55805413705704,Red Clay,Manicaland,I,Humid Subtropical,8.103077856625188,Groundnuts,1.39,Rainy Season,73.87,Suitable
3837,53.169233518525445,Loam,Midlands,IV,Dry Tropical,5.874434768440918,Wheat,3.64,Rainy Season,52.09,Moderately Suitable
3838,33.83803148532633,Clay Soil,Matabeleland South,V,Temperate Highland,5.629683202615404,Maize,2.81,Cool Dry Season,39.36,Low Suitability
3839,25.023449508722578,Sandy Loam,Masvingo,V,Dry Tropical,4.930197451736609,Pearl Millet,1.38,Dry Season,46.66,Low Suitability
3840,65.26529540798364,Clay Soil,Mashonaland West,IIa,Semi-Arid,5.164459549546526,Cotton,1.42,Hot Dry Season,51.71,Moderately Suitable
3841,74.1821139082174,Loam,Harare,IIa,Temperate Highland,6.374538370628758,Wheat,4.09,Hot Dry Season,80.38,Highly Suitable
3842,10.0,Red Clay,Masvingo,V,Temperate Highland,5.648093770006846,Sugar Beans,1.45,Dry Season,43.7,Low Suitability
3843,49.21567760969146,Clay Soil,Matabeleland North,III,Semi-Arid,6.432654462883901,Potatoes,14.33,Hot Dry Season,47.0,Low Suitability
3844,49.362621638341174,Sandy Loam,Midlands,III,Semi-Arid,5.9703908151644995,Groundnuts,1.43,Dry Season,72.87,Suitable
3845,46.753370612682374,Silty Loam,Masvingo,IV,Dry Tropical,5.5271882562153385,Cotton,1.9,Cool Dry Season,52.02,Moderately Suitable
3846,55.25469604110122,Sandy Soil,Matabeleland South,IV,Humid Subtropical,5.484027257420578,Cotton,1.66,Rainy Season,56.48,Moderately Suitable
3847,38.363768227401515,Clay Soil,Matabeleland South,IV,Temperate Highland,6.385750233866709,Cowpeas,0.94,Cool Dry Season,68.15,Suitable
3848,65.22642193998317,Sandy Soil,Matabeleland North,IV,Dry Tropical,5.594536418777876,Potatoes,16.73,Dry Season,52.6,Moderately Suitable
3849,80.7602182647327,Sandy Loam,Harare,IIb,Subtropical Highland,5.194687185847612,Paprika,2.43,Hot Dry Season,69.51,Suitable
3850,62.612964047731865,Loam,Harare,IIa,Semi-Arid,6.546022273852936,Cotton,1.85,Rainy Season,63.8,Moderately Suitable
3851,78.60353639239807,Sandy Loam,Mashonaland West,IIa,Temperate Highland,5.599272637554342,Dry Beans,1.29,Dry Season,68.14,Suitable
3852,65.46234421947015,Sandy Loam,Masvingo,III,Dry Tropical,6.31536620443625,Finger Millet,1.72,Cool Dry Season,73.52,Suitable
3853,72.62390070552367,Loam,Matabeleland North,III,Subtropical Highland,5.891493689014888,Coffee,1.09,Dry Season,54.27,Moderately Suitable
3854,47.142793388667194,Sandy Soil,Masvingo,III,Semi-Arid,5.760900534936987,Tobacco,1.88,Hot Dry Season,45.06,Low Suitability
3855,63.8601672424532,Clay Soil,Matabeleland North,III,Dry Tropical,6.845301538013539,Macadamia Nuts,1.79,Cool Dry Season,44.16,Low Suitability
3856,70.1674245332846,Silty Loam,Matabeleland South,IV,Humid Subtropical,7.029507829200078,Groundnuts,1.48,Winter,80.43,Highly Suitable
3857,25.794734215686557,Loam,Matabeleland North,IV,Temperate Highland,7.3285675292546975,Tomatoes,30.53,Winter,43.85,Low Suitability
3858,45.70807858627651,Sandy Loam,Masvingo,IV,Dry Tropical,5.939800232671571,Pumpkin,9.11,Hot Dry Season,52.32,Moderately Suitable
3859,75.26374559368638,Red Clay,Mashonaland East,IIb,Semi-Arid,6.537339927073807,Finger Millet,1.61,Winter,78.13,Suitable
3860,56.237693551376985,Clay Soil,Masvingo,III,Subtropical Highland,6.3506780758944,Sunflower,1.76,Hot Dry Season,73.25,Suitable
3861,70.5263985587939,Sandy Soil,Harare,IIb,Semi-Arid,7.616942407598341,Potatoes,14.54,Winter,31.32,Not Suitable
3862,80.77832354041371,Silty Loam,Manicaland,IIa,Subtropical Highland,6.0112207562323725,Carrots,17.39,Cool Dry Season,80.83,Highly Suitable
3863,10.0,Loam,Masvingo,V,Temperate Highland,5.598241103435039,Tea,2.38,Winter,44.13,Low Suitability
3864,93.62222258078285,Red Clay,Mashonaland West,IIb,Subtropical Highland,7.21789376717431,Carrots,13.44,Cool Dry Season,79.36,Suitable
3865,84.2937749795709,Sandy Soil,Mashonaland West,IIa,Subtropical Highland,5.744883660715615,Sugar Beans,1.62,Cool Dry Season,80.31,Highly Suitable
3866,77.08513560379475,Red Clay,Mashonaland West,IIb,Dry Tropical,6.795770439253917,Sugar Beans,1.2,Winter,61.33,Moderately Suitable
3867,93.27788318278537,Silty Loam,Mashonaland West,IIa,Humid Subtropical,8.049585359413381,Wheat,3.95,Dry Season,64.53,Moderately Suitable
3868,72.18047825044314,Sandy Soil,Mashonaland East,IIb,Temperate Highland,7.749309374152599,Carrots,17.35,Cool Dry Season,52.71,Moderately Suitable
3869,29.574401463679997,Sandy Loam,Mashonaland West,III,Humid Subtropical,6.818159266725168,Dry Beans,1.35,Cool Dry Season,48.02,Low Suitability
3870,85.72663490187092,Sandy Loam,Harare,IIa,Subtropical Highland,5.914642616632663,Tea,1.83,Winter,48.66,Low Suitability
3871,62.364488164805834,Clay Loam,Mashonaland East,IIa,Temperate Highland,5.242297911796814,Cotton,1.41,Rainy Season,40.92,Low Suitability
3872,63.4078359055913,Clay Loam,Midlands,III,Subtropical Highland,5.317433178711897,Tobacco,1.92,Dry Season,51.41,Moderately Suitable
3873,74.31130501647803,Red Clay,Harare,IIa,Subtropical Highland,6.956203254193438,Sugar Beans,1.45,Dry Season,70.2,Suitable
3874,79.94095374193888,Clay Soil,Harare,IIa,Subtropical Highland,8.04998195583304,Sugar Beans,1.38,Cool Dry Season,50.82,Moderately Suitable
3875,59.588687790717145,Sandy Loam,Masvingo,IV,Semi-Arid,6.219044544992193,Paprika,2.32,Rainy Season,59.03,Moderately Suitable
3876,60.047052109501045,Silty Loam,Matabeleland North,III,Semi-Arid,7.479597801804973,Maize,3.25,Winter,44.73,Low Suitability
3877,48.479862671446725,Clay Loam,Mashonaland West,IIb,Humid Subtropical,6.940794224106016,Sweet Potatoes,7.96,Rainy Season,59.71,Moderately Suitable
3878,61.10776889530111,Sandy Soil,Matabeleland North,III,Temperate Highland,6.839140960333091,Watermelon,23.29,Hot Dry Season,76.51,Suitable
3879,91.08658772830275,Silty Loam,Manicaland,IIa,Subtropical Highland,5.2719863768708475,Sorghum,2.1,Rainy Season,94.2,Highly Suitable
3880,59.353922187255534,Clay Loam,Mashonaland Central,III,Subtropical Highland,6.380994683754959,Pumpkin,14.8,Rainy Season,88.83,Highly Suitable
3881,99.91976288284008,Red Clay,Midlands,III,Dry Tropical,6.296626173722616,Dry Beans,1.63,Winter,92.19,Highly Suitable
3882,63.60811198265854,Sandy Loam,Mashonaland West,IIb,Semi-Arid,7.59458881376529,Paprika,2.33,Hot Dry Season,59.34,Moderately Suitable
3883,53.20569464161708,Silty Loam,Matabeleland South,IV,Humid Subtropical,6.876461618526413,Maize,3.38,Cool Dry Season,56.85,Moderately Suitable
3884,79.07456871681939,Red Clay,Mashonaland West,IIa,Dry Tropical,6.526924673077888,Macadamia Nuts,1.73,Hot Dry Season,49.19,Low Suitability
3885,56.28208526183343,Clay Soil,Mashonaland West,IIb,Humid Subtropical,6.11009799027345,Tea,2.04,Winter,39.0,Low Suitability
3886,81.99141814650616,Red Clay,Harare,IIa,Temperate Highland,7.285293396262775,Onions,21.79,Hot Dry Season,67.43,Suitable
3887,83.80966145216212,Clay Loam,Matabeleland North,IV,Dry Tropical,6.01305389394614,Wheat,4.53,Hot Dry Season,77.8,Suitable
3888,93.68667710428626,Sandy Soil,Manicaland,IIa,Semi-Arid,6.321841154959197,Maize,4.47,Rainy Season,69.04,Suitable
3889,71.71239439896092,Red Clay,Mashonaland East,IIa,Semi-Arid,5.539040272720012,Maize,3.2,Cool Dry Season,38.22,Low Suitability
3890,62.920700881332465,Sandy Soil,Matabeleland South,IV,Humid Subtropical,6.600841866333901,Cabbage,24.87,Hot Dry Season,65.04,Suitable
3891,88.37372204544715,Loam,Harare,IIb,Temperate Highland,6.740322301023002,Tea,2.0,Dry Season,34.64,Not Suitable
3892,55.98052781402879,Loam,Matabeleland North,III,Temperate Highland,6.34937424234979,Pumpkin,12.54,Dry Season,78.95,Suitable
3893,37.32491597348013,Silty Loam,Masvingo,IV,Semi-Arid,4.613547779487571,Tobacco,1.82,Dry Season,30.41,Not Suitable
3894,13.891255155549477,Sandy Soil,Matabeleland South,V,Humid Subtropical,6.079150980856348,Tea,2.32,Rainy Season,48.99,Low Suitability
3895,72.7347094273785,Sandy Loam,Mashonaland East,IIb,Dry Tropical,8.303984036077324,Tea,1.63,Hot Dry Season,20.15,Not Suitable
3896,78.5550427832936,Sandy Soil,Mashonaland East,IIa,Temperate Highland,7.851939060503723,Maize,2.79,Winter,37.1,Low Suitability
3897,87.54632608848192,Loam,Manicaland,IIa,Semi-Arid,5.16800998187907,Watermelon,19.94,Hot Dry Season,74.72,Suitable
3898,83.7989547025882,Loam,Harare,IIa,Humid Subtropical,6.7610672332894355,Cabbage,26.05,Dry Season,73.83,Suitable
3899,92.16637573078773,Clay Loam,Harare,IIb,Dry Tropical,6.258984443136237,Soybeans,2.08,Rainy Season,69.58,Suitable
3900,71.78109044412757,Sandy Loam,Midlands,III,Subtropical Highland,6.8174884638312605,Sugar Beans,1.66,Winter,79.84,Suitable
3901,58.93147541831016,Loam,Mashonaland West,IIa,Subtropical Highland,5.427282490798584,Wheat,4.27,Cool Dry Season,53.9,Moderately Suitable
3902,28.156538598381523,Sandy Soil,Midlands,III,Temperate Highland,6.7600688144662735,Sunflower,1.25,Winter,54.32,Moderately Suitable
3903,60.7595313764309,Clay Soil,Mashonaland Central,III,Humid Subtropical,6.364697191814726,Sugar Beans,1.55,Hot Dry Season,55.56,Moderately Suitable
3904,41.65957132429111,Clay Soil,Matabeleland South,V,Subtropical Highland,7.167920514391914,Sweet Potatoes,9.03,Cool Dry Season,44.23,Low Suitability
3905,40.555634254891615,Clay Soil,Matabeleland North,IV,Temperate Highland,5.883838763722287,Maize,3.57,Winter,42.66,Low Suitability
3906,73.52357558278979,Red Clay,Midlands,IV,Semi-Arid,5.953480320303815,Soybeans,2.24,Hot Dry Season,45.8,Low Suitability
3907,54.59586952688818,Sandy Loam,Manicaland,III,Dry Tropical,5.890035908045978,Carrots,15.24,Dry Season,60.3,Moderately Suitable
3908,100.0,Clay Loam,Mashonaland West,IIa,Humid Subtropical,6.645524695671465,Sunflower,1.73,Winter,94.08,Highly Suitable
3909,66.62092085728713,Red Clay,Matabeleland North,III,Subtropical Highland,6.4444341533252985,Tea,2.32,Cool Dry Season,40.44,Low Suitability
3910,53.431176544230254,Red Clay,Masvingo,IV,Humid Subtropical,5.2134269503366175,Wheat,4.48,Rainy Season,47.72,Low Suitability
3911,89.42445335690883,Clay Soil,Harare,IIa,Temperate Highland,5.9961182627239955,Dry Beans,1.45,Dry Season,82.43,Highly Suitable
3912,61.96555599200546,Silty Loam,Matabeleland South,IV,Dry Tropical,7.348163954848823,Soybeans,1.85,Winter,49.47,Low Suitability
3913,52.26503394386731,Red Clay,Matabeleland North,IV,Dry Tropical,5.909247771410826,Groundnuts,1.49,Hot Dry Season,59.91,Moderately Suitable
3914,37.377634888531844,Clay Loam,Matabeleland South,IV,Temperate Highland,5.256772719237059,Sunflower,1.51,Winter,44.9,Low Suitability
3915,66.14477555589812,Silty Loam,Mashonaland Central,IIa,Temperate Highland,6.9576651334000195,Pumpkin,11.81,Winter,73.56,Suitable
3916,68.14926439578356,Sandy Soil,Masvingo,IV,Temperate Highland,6.416826038697236,Tobacco,1.52,Winter,70.12,Suitable
3917,95.30392213907254,Loam,Harare,IIa,Semi-Arid,5.376214332592929,Pearl Millet,1.86,Dry Season,85.06,Highly Suitable
3918,55.13269715592813,Clay Loam,Matabeleland South,IV,Humid Subtropical,7.284086018277906,Groundnuts,1.08,Hot Dry Season,49.32,Low Suitability
3919,50.71953031730364,Clay Loam,Matabeleland North,IV,Humid Subtropical,5.88663354287933,Macadamia Nuts,2.02,Dry Season,67.01,Suitable
3920,51.07882096435286,Clay Soil,Midlands,III,Temperate Highland,6.033963538077569,Pearl Millet,2.03,Rainy Season,71.52,Suitable
3921,100.0,Loam,Manicaland,I,Dry Tropical,6.772231853703745,Cotton,2.2,Winter,100.0,Highly Suitable
3922,91.58792488150816,Silty Loam,Manicaland,I,Semi-Arid,6.071166497727596,Cowpeas,1.29,Rainy Season,91.46,Highly Suitable
3923,93.71895037448388,Sandy Soil,Mashonaland Central,IIb,Dry Tropical,6.39177838118068,Tea,1.49,Winter,38.97,Low Suitability
3924,77.26173735081399,Silty Loam,Mashonaland West,III,Dry Tropical,6.47746052464747,Dry Beans,1.45,Rainy Season,78.61,Suitable
3925,71.42802118586096,Sandy Soil,Mashonaland West,IIb,Semi-Arid,7.055314283577443,Tomatoes,28.76,Cool Dry Season,55.19,Moderately Suitable
3926,93.32501670762707,Clay Soil,Mashonaland East,IIa,Semi-Arid,4.6057894067980545,Onions,17.21,Dry Season,65.15,Suitable
3927,67.92265810724358,Clay Loam,Manicaland,IIa,Dry Tropical,6.313793775259221,Paprika,1.89,Dry Season,77.96,Suitable
3928,68.8836360587801,Red Clay,Manicaland,III,Humid Subtropical,5.688388928545745,Watermelon,20.74,Rainy Season,74.97,Suitable
3929,51.6049186591638,Clay Soil,Manicaland,III,Subtropical Highland,6.76685814560769,Sorghum,1.92,Winter,70.09,Suitable
3930,42.0073227427462,Loam,Matabeleland North,IV,Humid Subtropical,6.756778826033362,Carrots,18.02,Rainy Season,55.24,Moderately Suitable
3931,98.34837616945757,Silty Loam,Harare,IIb,Subtropical Highland,5.9562540183225625,Onions,19.59,Winter,71.2,Suitable
3932,76.17663422143333,Clay Soil,Matabeleland North,III,Semi-Arid,6.014938171180855,Potatoes,16.78,Cool Dry Season,57.53,Moderately Suitable
3933,55.47068315922675,Sandy Loam,Mashonaland West,III,Dry Tropical,7.295795520346568,Soybeans,1.83,Hot Dry Season,48.67,Low Suitability
3934,41.85910281802535,Red Clay,Masvingo,V,Humid Subtropical,7.3080395971515095,Soybeans,2.18,Dry Season,43.52,Low Suitability
3935,68.06944999513293,Clay Soil,Matabeleland North,III,Temperate Highland,6.016624328091648,Sorghum,2.21,Dry Season,74.82,Suitable
3936,67.25162706197774,Clay Loam,Manicaland,IIa,Semi-Arid,6.693854017336651,Paprika,2.65,Rainy Season,70.52,Suitable
3937,95.50737967838081,Loam,Manicaland,I,Subtropical Highland,6.233508674154264,Potatoes,17.7,Cool Dry Season,81.62,Highly Suitable
3938,64.07080754144695,Sandy Soil,Harare,IIb,Semi-Arid,6.601098101634286,Potatoes,15.34,Dry Season,35.66,Low Suitability
3939,43.979125274317894,Red Clay,Matabeleland South,V,Humid Subtropical,6.44194192876239,Dry Beans,1.27,Dry Season,53.35,Moderately Suitable
3940,83.79282533101161,Loam,Midlands,III,Semi-Arid,6.923042097767043,Tobacco,1.83,Cool Dry Season,59.82,Moderately Suitable
3941,53.26442636159567,Clay Loam,Midlands,IV,Subtropical Highland,6.711873823697565,Cabbage,20.38,Cool Dry Season,63.28,Moderately Suitable
3942,31.616833268957986,Sandy Soil,Masvingo,V,Subtropical Highland,7.735572801309787,Tea,1.98,Rainy Season,47.79,Low Suitability
3943,89.0387450349633,Sandy Loam,Harare,IIb,Humid Subtropical,6.276100770096109,Onions,18.21,Rainy Season,79.49,Suitable
3944,62.238803759609844,Sandy Loam,Masvingo,IV,Subtropical Highland,6.705019254694327,Dry Beans,1.02,Dry Season,65.71,Suitable
3945,72.98421458583566,Red Clay,Manicaland,I,Humid Subtropical,5.466977863026018,Sorghum,2.14,Hot Dry Season,79.45,Suitable
3946,75.71785410985738,Silty Loam,Harare,IIb,Temperate Highland,7.550244884046266,Cowpeas,0.87,Dry Season,69.78,Suitable
3947,50.33179182802428,Sandy Loam,Matabeleland North,III,Subtropical Highland,5.654679098453837,Potatoes,13.21,Winter,52.01,Moderately Suitable
3948,53.42981307955901,Clay Loam,Matabeleland North,III,Semi-Arid,6.568343759921072,Watermelon,25.22,Dry Season,67.68,Suitable
3949,50.81346543110442,Clay Soil,Midlands,III,Dry Tropical,6.749536073320543,Cabbage,19.59,Hot Dry Season,52.78,Moderately Suitable
3950,80.44265606205641,Sandy Soil,Harare,IIa,Dry Tropical,5.159659774011502,Tea,1.98,Hot Dry Season,41.32,Low Suitability
3951,29.3340381061862,Silty Loam,Masvingo,V,Temperate Highland,6.0492430061573605,Cotton,1.7,Hot Dry Season,48.56,Low Suitability
3952,24.699615501558196,Clay Soil,Masvingo,V,Temperate Highland,6.2263657583587495,Sorghum,2.14,Rainy Season,54.56,Moderately Suitable
3953,50.24886700272299,Clay Soil,Matabeleland South,V,Subtropical Highland,5.973211273435224,Sweet Potatoes,9.59,Dry Season,58.6,Moderately Suitable
3954,52.27361538490111,Sandy Loam,Matabeleland North,III,Temperate Highland,7.348752849791273,Watermelon,24.83,Hot Dry Season,52.35,Moderately Suitable
3955,74.74345749879879,Clay Loam,Harare,IIb,Subtropical Highland,5.658494314968823,Wheat,4.05,Rainy Season,66.91,Suitable
3956,81.41448881277076,Sandy Loam,Matabeleland North,III,Humid Subtropical,6.908036401012553,Tobacco,2.28,Hot Dry Season,58.23,Moderately Suitable
3957,79.75274094907941,Sandy Loam,Mashonaland East,IIa,Semi-Arid,7.540860597025236,Coffee,0.73,Cool Dry Season,28.72,Not Suitable
3958,61.13833598284268,Red Clay,Midlands,III,Temperate Highland,5.444657101548234,Coffee,1.09,Hot Dry Season,50.46,Moderately Suitable
3959,90.52625487610304,Clay Soil,Mashonaland Central,IIa,Temperate Highland,6.197739546529801,Paprika,2.48,Winter,82.37,Highly Suitable
3960,71.51999129017653,Clay Loam,Midlands,III,Temperate Highland,4.973759441344413,Tomatoes,22.3,Hot Dry Season,39.25,Low Suitability
3961,87.08250770100543,Sandy Loam,Mashonaland East,IIb,Dry Tropical,5.882111502697528,Sunflower,1.63,Cool Dry Season,84.63,Highly Suitable
3962,32.68587398442448,Loam,Masvingo,V,Semi-Arid,5.411854923248448,Cowpeas,0.85,Winter,49.11,Low Suitability
3963,81.49167322471443,Clay Loam,Mashonaland East,IIa,Semi-Arid,5.975627661356101,Groundnuts,1.4,Cool Dry Season,100.0,Highly Suitable
3964,84.69202706363171,Sandy Loam,Harare,IIb,Temperate Highland,6.663940710414101,Soybeans,2.04,Hot Dry Season,72.03,Suitable
3965,65.81586729177391,Sandy Soil,Masvingo,III,Dry Tropical,6.522505208370457,Tobacco,1.42,Cool Dry Season,56.09,Moderately Suitable
3966,62.341165995856485,Loam,Matabeleland North,III,Subtropical Highland,6.824820318209306,Sorghum,2.08,Cool Dry Season,86.92,Highly Suitable
3967,65.00817821956991,Clay Soil,Matabeleland North,IV,Dry Tropical,6.054327170488062,Dry Beans,1.17,Winter,63.0,Moderately Suitable
3968,69.59472293978155,Sandy Soil,Mashonaland East,IIa,Temperate Highland,6.0456417504209865,Tomatoes,27.36,Cool Dry Season,54.4,Moderately Suitable
3969,81.8767391582188,Clay Loam,Mashonaland East,IIa,Temperate Highland,4.934170924970827,Wheat,4.34,Rainy Season,64.92,Moderately Suitable
3970,91.34267555901582,Clay Loam,Mashonaland West,IIb,Temperate Highland,6.448523855865017,Tea,1.95,Hot Dry Season,40.49,Low Suitability
3971,87.55987667659099,Clay Soil,Mashonaland East,IIa,Subtropical Highland,6.275757176281056,Tomatoes,28.47,Cool Dry Season,78.03,Suitable
3972,76.3021918993964,Sandy Loam,Harare,IIb,Dry Tropical,5.240758391902544,Groundnuts,1.32,Dry Season,72.46,Suitable
3973,29.123977721005947,Clay Loam,Matabeleland South,V,Temperate Highland,6.605903725206117,Wheat,5.15,Rainy Season,58.43,Moderately Suitable
3974,65.78084774836465,Sandy Soil,Mashonaland East,IIb,Dry Tropical,5.581230285238227,Watermelon,19.66,Cool Dry Season,61.78,Moderately Suitable
3975,93.72932531652523,Red Clay,Mashonaland Central,IIa,Subtropical Highland,4.937772309642252,Finger Millet,1.46,Cool Dry Season,74.64,Suitable
3976,10.68799637689705,Sandy Soil,Matabeleland South,V,Semi-Arid,7.051835857909056,Maize,3.55,Rainy Season,51.83,Moderately Suitable
3977,47.30553305245383,Loam,Matabeleland South,IV,Temperate Highland,6.318327030338109,Pearl Millet,1.46,Hot Dry Season,69.71,Suitable
3978,55.928025807465616,Sandy Loam,Matabeleland North,IV,Dry Tropical,6.412354889792001,Macadamia Nuts,1.54,Winter,46.52,Low Suitability
3979,95.14629526628589,Sandy Loam,Manicaland,IIa,Dry Tropical,5.5758527047701065,Potatoes,18.11,Cool Dry Season,73.87,Suitable
3980,49.49905670049952,Clay Soil,Masvingo,IV,Temperate Highland,6.439529024328701,Sunflower,1.34,Dry Season,61.94,Moderately Suitable
3981,45.31694950205264,Sandy Soil,Masvingo,V,Dry Tropical,5.9410007783729215,Carrots,14.38,Cool Dry Season,48.23,Low Suitability
3982,79.41652005454813,Red Clay,Masvingo,IV,Temperate Highland,5.577614359610498,Macadamia Nuts,1.84,Winter,53.69,Moderately Suitable
3983,77.5584372293758,Loam,Masvingo,IV,Subtropical Highland,6.401785328388971,Maize,3.49,Hot Dry Season,59.61,Moderately Suitable
3984,68.99619890040807,Sandy Loam,Mashonaland Central,IIb,Humid Subtropical,4.2,Watermelon,20.68,Hot Dry Season,56.89,Moderately Suitable
3985,44.69722313975619,Loam,Matabeleland South,IV,Temperate Highland,6.897834224315307,Paprika,2.17,Dry Season,61.54,Moderately Suitable
3986,10.0,Sandy Loam,Masvingo,V,Semi-Arid,7.635577814044314,Sorghum,1.78,Hot Dry Season,50.98,Moderately Suitable
3987,84.21254836000095,Sandy Loam,Harare,IIa,Subtropical Highland,4.577097136790239,Paprika,2.14,Hot Dry Season,61.39,Moderately Suitable
3988,84.77530592022775,Clay Loam,Mashonaland West,III,Subtropical Highland,5.813739359564727,Pumpkin,9.6,Dry Season,80.66,Highly Suitable
3989,30.75062420174787,Silty Loam,Matabeleland South,V,Temperate Highland,6.904598738754893,Potatoes,13.74,Rainy Season,49.96,Low Suitability
3990,91.77962918097262,Silty Loam,Mashonaland West,IIa,Dry Tropical,6.974733178602314,Groundnuts,1.56,Rainy Season,86.74,Highly Suitable
3991,62.702139443426205,Clay Soil,Mashonaland West,III,Subtropical Highland,6.965413751805575,Sorghum,1.69,Hot Dry Season,71.98,Suitable
3992,48.444089148245254,Red Clay,Masvingo,V,Humid Subtropical,6.924709663393381,Potatoes,8.85,Winter,36.54,Low Suitability
3993,71.12109538166376,Loam,Midlands,III,Temperate Highland,6.06395812089052,Pumpkin,10.28,Dry Season,79.29,Suitable
3994,75.26771913813079,Clay Loam,Midlands,III,Dry Tropical,5.14517655847241,Soybeans,1.66,Hot Dry Season,36.17,Low Suitability
3995,93.34301785367083,Red Clay,Harare,IIb,Subtropical Highland,5.583454731170308,Soybeans,2.17,Cool Dry Season,70.77,Suitable
3996,80.15955228019384,Clay Soil,Harare,IIb,Semi-Arid,6.151090960720184,Potatoes,17.05,Winter,61.22,Moderately Suitable
3997,72.57562604050152,Sandy Loam,Mashonaland Central,III,Dry Tropical,6.649766957797981,Paprika,2.24,Hot Dry Season,75.44,Suitable
3998,41.99229777651834,Loam,Matabeleland South,IV,Semi-Arid,6.056184126849556,Groundnuts,1.36,Hot Dry Season,63.51,Moderately Suitable
3999,60.933227453437226,Red Clay,Matabeleland North,III,Temperate Highland,6.135199664407367,Cotton,1.74,Winter,66.98,Suitable
4000,28.004028124499115,Red Clay,Masvingo,V,Humid Subtropical,6.229910932382501,Macadamia Nuts,1.82,Hot Dry Season,59.13,Moderately Suitable
4001,86.5542514767304,Clay Soil,Harare,IIb,Semi-Arid,7.19067515498134,Coffee,1.1,Hot Dry Season,23.04,Not Suitable
4002,64.05908747726917,Loam,Mashonaland East,IIa,Semi-Arid,5.215290372436595,Tomatoes,26.31,Dry Season,43.67,Low Suitability
4003,65.02581567379504,Clay Loam,Mashonaland Central,III,Temperate Highland,6.409838502720429,Tomatoes,28.93,Dry Season,78.78,Suitable
4004,88.91278495765167,Loam,Harare,IIa,Subtropical Highland,6.317684346702043,Tomatoes,33.8,Dry Season,85.24,Highly Suitable
4005,56.55996634623681,Clay Soil,Mashonaland West,III,Subtropical Highland,6.86387125108227,Tobacco,2.21,Rainy Season,47.25,Low Suitability
4006,25.118645652750253,Loam,Masvingo,IV,Dry Tropical,4.59668989501445,Finger Millet,1.16,Hot Dry Season,37.91,Low Suitability
4007,60.73193827554903,Clay Soil,Mashonaland Central,III,Semi-Arid,7.31402971759051,Sorghum,1.93,Hot Dry Season,80.04,Highly Suitable
4008,43.3222684676331,Sandy Loam,Matabeleland North,IV,Subtropical Highland,6.539160623121492,Cabbage,19.35,Winter,66.1,Suitable
4009,46.169205602278105,Clay Loam,Masvingo,IV,Subtropical Highland,5.654591626429349,Dry Beans,1.3,Winter,50.61,Moderately Suitable
4010,45.44102288119873,Loam,Midlands,IV,Subtropical Highland,6.013506702533784,Tea,1.66,Winter,51.78,Moderately Suitable
4011,57.70007231945451,Clay Soil,Mashonaland East,IIb,Semi-Arid,5.930996221410048,Soybeans,1.94,Cool Dry Season,47.09,Low Suitability
4012,71.58202948581355,Sandy Loam,Harare,IIb,Humid Subtropical,6.2006848362923135,Tomatoes,22.83,Cool Dry Season,50.21,Moderately Suitable
4013,100.0,Sandy Soil,Mashonaland East,IIb,Temperate Highland,6.435417230151125,Carrots,19.92,Rainy Season,81.94,Highly Suitable
4014,67.35335215834995,Sandy Soil,Mashonaland Central,IIa,Temperate Highland,6.921614142157795,Cotton,1.97,Hot Dry Season,67.59,Suitable
4015,100.0,Red Clay,Midlands,III,Subtropical Highland,6.825436705525293,Watermelon,26.79,Cool Dry Season,90.75,Highly Suitable
4016,99.7361116866089,Silty Loam,Manicaland,I,Subtropical Highland,6.938647212135129,Wheat,4.03,Rainy Season,83.61,Highly Suitable
4017,64.12439255252126,Sandy Loam,Masvingo,III,Subtropical Highland,6.043362859725425,Finger Millet,1.5,Dry Season,70.51,Suitable
4018,38.0845900106222,Sandy Loam,Matabeleland South,V,Dry Tropical,6.459504988498556,Finger Millet,1.29,Cool Dry Season,55.14,Moderately Suitable
4019,87.45373795432289,Loam,Harare,IIa,Semi-Arid,5.525839010566362,Onions,19.37,Hot Dry Season,66.53,Suitable
4020,40.80646729826286,Sandy Loam,Mashonaland West,III,Dry Tropical,5.75458081211572,Tea,2.43,Dry Season,61.1,Moderately Suitable
4021,89.64009101754644,Loam,Mashonaland East,IIb,Dry Tropical,5.720321473503113,Groundnuts,1.68,Hot Dry Season,88.34,Highly Suitable
4022,100.0,Silty Loam,Mashonaland Central,IIa,Subtropical Highland,6.043826184637031,Maize,4.13,Hot Dry Season,81.5,Highly Suitable
4023,65.52829833866465,Clay Loam,Mashonaland East,IIb,Humid Subtropical,6.133460595214114,Sunflower,1.68,Dry Season,67.84,Suitable
4024,30.694807954738806,Silty Loam,Midlands,III,Temperate Highland,5.3259598781270405,Finger Millet,1.02,Hot Dry Season,43.44,Low Suitability
4025,100.0,Red Clay,Harare,IIa,Semi-Arid,6.490673494114804,Cowpeas,1.28,Rainy Season,94.67,Highly Suitable
4026,74.5314683408822,Clay Soil,Midlands,III,Semi-Arid,6.516757907482465,Cabbage,19.94,Winter,68.12,Suitable
4027,34.41304746222505,Clay Loam,Masvingo,III,Temperate Highland,6.347997934052652,Cowpeas,1.08,Cool Dry Season,65.69,Suitable
4028,96.76752103706211,Sandy Loam,Manicaland,I,Temperate Highland,7.211853583997174,Potatoes,16.89,Winter,52.8,Moderately Suitable
4029,69.27219186178235,Sandy Loam,Manicaland,IIa,Subtropical Highland,6.018806564191966,Pumpkin,13.35,Winter,90.03,Highly Suitable
4030,67.05527500350884,Red Clay,Midlands,IV,Temperate Highland,5.448764642755714,Wheat,4.22,Cool Dry Season,54.03,Moderately Suitable
4031,31.56033724428251,Sandy Loam,Matabeleland South,V,Temperate Highland,5.176535077326557,Sugar Beans,1.41,Rainy Season,43.44,Low Suitability
4032,64.93683334877853,Sandy Soil,Harare,IIb,Subtropical Highland,7.415585409712129,Dry Beans,1.3,Winter,49.92,Low Suitability
4033,59.52886791093187,Loam,Masvingo,III,Subtropical Highland,6.080016768486568,Groundnuts,1.58,Cool Dry Season,74.02,Suitable
4034,76.37975433494594,Clay Loam,Mashonaland West,IIb,Semi-Arid,6.926223967550022,Dry Beans,1.43,Dry Season,62.08,Moderately Suitable
4035,73.68281472149131,Sandy Soil,Harare,IIb,Temperate Highland,5.766341543015013,Wheat,4.36,Cool Dry Season,73.88,Suitable
4036,86.2969377448898,Sandy Soil,Mashonaland West,III,Temperate Highland,6.852431876424662,Cotton,1.65,Hot Dry Season,77.91,Suitable
4037,71.73040640009553,Clay Soil,Mashonaland West,IIb,Temperate Highland,6.167486486959107,Onions,18.1,Hot Dry Season,57.91,Moderately Suitable
4038,64.03916419880349,Loam,Mashonaland Central,IIb,Subtropical Highland,7.106627276275532,Cotton,1.66,Rainy Season,73.24,Suitable
4039,26.261942665150627,Sandy Soil,Masvingo,IV,Humid Subtropical,6.942208572658371,Wheat,4.6,Hot Dry Season,45.68,Low Suitability
4040,100.0,Loam,Manicaland,IIa,Temperate Highland,5.780723333358583,Groundnuts,1.15,Winter,83.54,Highly Suitable
4041,87.61793719944056,Red Clay,Manicaland,I,Dry Tropical,5.615201306708533,Soybeans,1.62,Dry Season,53.8,Moderately Suitable
4042,79.35535512040941,Red Clay,Mashonaland Central,IIb,Dry Tropical,5.39661868419584,Finger Millet,1.65,Dry Season,84.1,Highly Suitable
4043,43.61728469315762,Silty Loam,Matabeleland North,IV,Semi-Arid,6.661129544053189,Dry Beans,1.43,Winter,54.98,Moderately Suitable
4044,72.60651029340077,Sandy Loam,Manicaland,III,Semi-Arid,6.543583931194132,Wheat,3.97,Winter,68.6,Suitable
4045,63.641535285229665,Loam,Matabeleland North,III,Semi-Arid,5.631636234516572,Maize,3.39,Dry Season,47.92,Low Suitability
4046,28.784807783388853,Clay Loam,Matabeleland South,V,Semi-Arid,6.784657309825975,Onions,18.09,Winter,54.28,Moderately Suitable
4047,66.14047182848321,Clay Soil,Mashonaland East,IIb,Dry Tropical,5.345900274833221,Dry Beans,1.18,Rainy Season,45.48,Low Suitability
4048,69.75106172521953,Loam,Masvingo,III,Temperate Highland,5.364307593078025,Maize,3.24,Rainy Season,50.6,Moderately Suitable
4049,15.797098345584487,Red Clay,Masvingo,V,Temperate Highland,5.375556058657926,Watermelon,26.23,Rainy Season,34.77,Not Suitable
4050,70.96187788585668,Sandy Loam,Mashonaland Central,IIa,Semi-Arid,6.216170582057496,Cabbage,23.8,Hot Dry Season,55.46,Moderately Suitable
4051,16.43686734803122,Loam,Matabeleland South,V,Dry Tropical,4.488156527526762,Groundnuts,1.18,Rainy Season,34.13,Not Suitable
4052,41.78458956915691,Clay Loam,Midlands,IV,Dry Tropical,6.04030328351396,Potatoes,15.76,Rainy Season,50.23,Moderately Suitable
4053,58.64632536144311,Silty Loam,Matabeleland North,III,Semi-Arid,4.788650912129278,Sugar Beans,1.3,Winter,39.08,Low Suitability
4054,92.96579768365919,Clay Soil,Manicaland,I,Humid Subtropical,6.574358726644928,Wheat,4.81,Cool Dry Season,98.61,Highly Suitable
4055,40.007822584507025,Loam,Mashonaland West,III,Subtropical Highland,7.473170935310367,Coffee,0.88,Cool Dry Season,42.91,Low Suitability
4056,76.24404263247598,Clay Loam,Mashonaland Central,IIb,Semi-Arid,5.665113483024473,Groundnuts,1.27,Dry Season,83.61,Highly Suitable
4057,94.52884744963697,Loam,Manicaland,I,Subtropical Highland,6.67186776397605,Finger Millet,2.01,Hot Dry Season,90.36,Highly Suitable
4058,80.42423758219019,Sandy Soil,Manicaland,I,Subtropical Highland,7.885316557159297,Carrots,16.42,Rainy Season,70.78,Suitable
4059,50.27751057613021,Loam,Manicaland,III,Dry Tropical,5.239803356715164,Pearl Millet,1.7,Winter,75.27,Suitable
4060,30.450675765961233,Silty Loam,Midlands,IV,Dry Tropical,5.619696078141466,Potatoes,17.53,Hot Dry Season,48.65,Low Suitability
4061,73.42983968402754,Clay Soil,Manicaland,IIa,Subtropical Highland,5.855359264315122,Sunflower,1.51,Hot Dry Season,78.24,Suitable
4062,100.0,Clay Soil,Harare,IIa,Temperate Highland,5.7567474325535235,Pearl Millet,1.92,Cool Dry Season,84.09,Highly Suitable
4063,88.56227050330698,Sandy Loam,Mashonaland East,IIa,Subtropical Highland,6.275693143291541,Watermelon,22.3,Cool Dry Season,89.43,Highly Suitable
4064,59.53519532994295,Clay Soil,Midlands,III,Subtropical Highland,5.022952978170169,Tomatoes,24.19,Cool Dry Season,39.6,Low Suitability
4065,60.23339330796836,Clay Loam,Masvingo,IV,Semi-Arid,6.9918741138858325,Maize,2.85,Winter,54.45,Moderately Suitable
4066,73.43279555017855,Sandy Soil,Manicaland,I,Semi-Arid,5.235027090310934,Potatoes,13.81,Dry Season,59.13,Moderately Suitable
4067,80.84180093137071,Red Clay,Mashonaland West,IIa,Temperate Highland,6.791852760088272,Cowpeas,1.13,Rainy Season,87.87,Highly Suitable
4068,68.39192587046615,Sandy Loam,Mashonaland East,IIa,Subtropical Highland,6.556958447940419,Tea,1.85,Rainy Season,38.27,Low Suitability
4069,100.0,Clay Soil,Mashonaland West,IIa,Dry Tropical,5.4701091998208256,Pumpkin,12.61,Hot Dry Season,76.49,Suitable
4070,66.71683416716328,Clay Soil,Harare,IIb,Temperate Highland,6.812911588556881,Wheat,3.83,Winter,69.86,Suitable
4071,100.0,Clay Loam,Manicaland,I,Semi-Arid,7.382553039199946,Tea,2.13,Winter,44.57,Low Suitability
4072,26.19611782630284,Red Clay,Masvingo,V,Temperate Highland,4.785994499637969,Macadamia Nuts,1.64,Cool Dry Season,31.42,Not Suitable
4073,63.570239237543575,Red Clay,Mashonaland West,IIb,Subtropical Highland,6.392951719631354,Finger Millet,1.64,Winter,75.9,Suitable
4074,72.5420231564173,Loam,Manicaland,III,Subtropical Highland,5.245441668692922,Pearl Millet,1.61,Dry Season,87.54,Highly Suitable
4075,78.69870179711799,Sandy Soil,Mashonaland West,IIa,Semi-Arid,6.081117040388627,Finger Millet,1.51,Cool Dry Season,92.12,Highly Suitable
4076,55.55252543779986,Clay Loam,Matabeleland North,III,Dry Tropical,6.228902330188825,Dry Beans,1.49,Rainy Season,53.25,Moderately Suitable
4077,68.73168915857357,Sandy Soil,Mashonaland East,IIa,Dry Tropical,5.738733268440098,Maize,2.57,Cool Dry Season,42.08,Low Suitability
4078,60.52977649003346,Loam,Mashonaland West,III,Temperate Highland,6.591824106204158,Coffee,1.23,Winter,49.47,Low Suitability
4079,82.16348744075108,Loam,Mashonaland West,IIb,Semi-Arid,6.498775556243606,Cowpeas,1.36,Hot Dry Season,98.58,Highly Suitable
4080,77.04961990913147,Sandy Soil,Mashonaland East,IIa,Subtropical Highland,5.863966210934131,Sorghum,1.94,Rainy Season,85.36,Highly Suitable
4081,54.59967428866592,Sandy Soil,Masvingo,IV,Humid Subtropical,4.8733137299057265,Potatoes,17.66,Hot Dry Season,37.09,Low Suitability
4082,68.73467320251002,Clay Loam,Matabeleland North,III,Temperate Highland,6.189117561208957,Wheat,3.89,Rainy Season,66.06,Suitable
4083,92.40690582004248,Loam,Manicaland,I,Semi-Arid,5.564001431462687,Watermelon,20.07,Winter,78.3,Suitable
4084,99.69695103708429,Sandy Soil,Harare,IIa,Semi-Arid,6.669591873500506,Watermelon,25.07,Hot Dry Season,86.07,Highly Suitable
4085,25.98087537833714,Clay Soil,Masvingo,V,Humid Subtropical,6.5945030621832235,Pearl Millet,1.43,Winter,51.5,Moderately Suitable
4086,73.48033998765335,Loam,Mashonaland Central,IIb,Humid Subtropical,6.331079561979595,Onions,16.34,Rainy Season,60.7,Moderately Suitable
4087,56.20306335321354,Loam,Matabeleland South,IV,Humid Subtropical,5.816376523920011,Sweet Potatoes,8.25,Winter,62.72,Moderately Suitable
4088,22.555314863195353,Clay Loam,Matabeleland South,IV,Semi-Arid,5.314296061704734,Dry Beans,1.16,Rainy Season,43.36,Low Suitability
4089,60.700898660853255,Loam,Mashonaland West,IIa,Subtropical Highland,5.371078562573483,Sweet Potatoes,8.4,Hot Dry Season,63.77,Moderately Suitable
4090,64.6818963777319,Red Clay,Mashonaland West,IIb,Humid Subtropical,5.641300222136389,Dry Beans,1.4,Dry Season,56.51,Moderately Suitable
4091,57.38154561476853,Clay Soil,Midlands,III,Subtropical Highland,6.869248181677705,Wheat,3.44,Winter,53.52,Moderately Suitable
4092,73.96645984835254,Sandy Soil,Midlands,IV,Subtropical Highland,6.414868065352169,Tea,1.6,Cool Dry Season,33.0,Not Suitable
4093,55.56325645509913,Silty Loam,Matabeleland South,IV,Humid Subtropical,6.6199789785293675,Sorghum,2.36,Cool Dry Season,77.38,Suitable
4094,97.50753885389398,Sandy Soil,Mashonaland East,IIb,Semi-Arid,5.27353848036641,Sweet Potatoes,9.31,Winter,66.1,Suitable
4095,25.92588436810501,Red Clay,Matabeleland North,IV,Temperate Highland,5.918742395686906,Soybeans,1.72,Winter,47.1,Low Suitability
4096,74.66962071097176,Silty Loam,Mashonaland West,IIa,Humid Subtropical,6.060521293902279,Sweet Potatoes,9.17,Winter,78.92,Suitable
4097,98.70107726029593,Loam,Mashonaland East,IIa,Humid Subtropical,6.07114543008387,Onions,23.9,Hot Dry Season,97.55,Highly Suitable
4098,50.3543492267502,Red Clay,Matabeleland South,IV,Humid Subtropical,7.455271071924397,Macadamia Nuts,1.7,Dry Season,52.69,Moderately Suitable
4099,65.22133360603192,Sandy Soil,Mashonaland East,IIb,Humid Subtropical,8.191634786539518,Tobacco,1.32,Hot Dry Season,31.57,Not Suitable
4100,56.51887621075891,Red Clay,Mashonaland West,IIb,Dry Tropical,6.306230028545681,Sorghum,2.45,Hot Dry Season,79.04,Suitable
4101,55.124473331173874,Clay Soil,Matabeleland South,IV,Dry Tropical,4.528079754154176,Maize,3.2,Winter,27.73,Not Suitable
4102,74.7401134888527,Silty Loam,Harare,IIb,Subtropical Highland,5.87819367775674,Macadamia Nuts,1.75,Cool Dry Season,61.68,Moderately Suitable
4103,64.81004442209242,Sandy Loam,Midlands,IV,Humid Subtropical,5.968743691670786,Coffee,1.04,Rainy Season,73.47,Suitable
4104,74.03505191506358,Red Clay,Mashonaland West,III,Semi-Arid,5.441196411986142,Wheat,4.78,Dry Season,56.27,Moderately Suitable
4105,64.45032159060979,Clay Soil,Mashonaland West,III,Subtropical Highland,4.901652209344358,Potatoes,15.38,Rainy Season,50.86,Moderately Suitable
4106,54.843033424285814,Clay Loam,Masvingo,IV,Humid Subtropical,5.459351889167374,Tobacco,1.71,Winter,60.76,Moderately Suitable
4107,81.92614958665149,Red Clay,Manicaland,IIa,Dry Tropical,6.510365070164977,Paprika,2.46,Winter,86.21,Highly Suitable
4108,95.40350589403266,Clay Loam,Harare,IIa,Humid Subtropical,6.666346328713113,Soybeans,1.98,Dry Season,65.28,Suitable
4109,93.27115008301739,Clay Soil,Mashonaland West,IIb,Subtropical Highland,5.287217118685542,Finger Millet,1.66,Winter,81.51,Highly Suitable
4110,100.0,Red Clay,Mashonaland Central,IIa,Temperate Highland,6.412825693449361,Potatoes,16.65,Cool Dry Season,74.15,Suitable
4111,80.94828998275425,Clay Loam,Harare,IIb,Dry Tropical,6.083112141959105,Tomatoes,25.71,Winter,55.53,Moderately Suitable
4112,23.184847308578817,Sandy Soil,Masvingo,IV,Semi-Arid,6.045116786322499,Soybeans,1.91,Winter,50.26,Moderately Suitable
4113,72.28437543596758,Silty Loam,Mashonaland Central,IIb,Subtropical Highland,5.255325393910358,Coffee,0.87,Hot Dry Season,51.43,Moderately Suitable
4114,75.68362912985033,Red Clay,Manicaland,IIa,Dry Tropical,5.882749898649688,Onions,18.18,Winter,58.33,Moderately Suitable
4115,65.78473285346979,Clay Loam,Midlands,III,Subtropical Highland,5.2231388641969785,Paprika,2.57,Dry Season,53.14,Moderately Suitable
4116,67.08349602346665,Sandy Soil,Matabeleland North,III,Humid Subtropical,6.52489167733821,Carrots,18.52,Cool Dry Season,68.38,Suitable
4117,81.90957878318085,Silty Loam,Manicaland,IIa,Subtropical Highland,7.150626921051998,Potatoes,12.76,Hot Dry Season,49.15,Low Suitability
4118,23.53611864843853,Clay Soil,Masvingo,V,Humid Subtropical,7.36120032217035,Pumpkin,8.65,Winter,49.41,Low Suitability
4119,77.27285160647249,Sandy Loam,Harare,IIb,Subtropical Highland,6.8136745728592585,Wheat,4.03,Rainy Season,74.08,Suitable
4120,32.554767888698606,Clay Loam,Midlands,IV,Dry Tropical,7.16192158844188,Onions,17.16,Hot Dry Season,47.19,Low Suitability
4121,57.22583485772647,Clay Soil,Matabeleland North,III,Subtropical Highland,5.57522662697134,Coffee,1.14,Dry Season,41.6,Low Suitability
4122,92.38362143627835,Sandy Soil,Mashonaland East,IIb,Temperate Highland,5.776891388522893,Finger Millet,1.75,Cool Dry Season,75.97,Suitable
4123,54.00569773575127,Loam,Matabeleland North,IV,Semi-Arid,6.6792038556009885,Potatoes,16.17,Hot Dry Season,37.7,Low Suitability
4124,58.92187390321357,Clay Loam,Matabeleland North,IV,Dry Tropical,6.116655341643354,Cabbage,24.28,Hot Dry Season,52.58,Moderately Suitable
4125,43.16584155953391,Clay Loam,Midlands,IV,Temperate Highland,7.335492162377039,Maize,3.23,Winter,38.54,Low Suitability
4126,35.368817124801716,Sandy Soil,Midlands,IV,Dry Tropical,7.813949148887982,Cotton,1.26,Winter,36.56,Low Suitability
4127,56.838089770735344,Clay Soil,Masvingo,IV,Semi-Arid,7.304258219130491,Dry Beans,1.33,Hot Dry Season,43.08,Low Suitability
4128,56.00048586255033,Loam,Harare,IIb,Temperate Highland,7.693256422626748,Maize,2.63,Cool Dry Season,42.0,Low Suitability
4129,51.377391643402234,Clay Loam,Mashonaland East,IIb,Semi-Arid,6.272599296352041,Tea,2.16,Hot Dry Season,36.95,Low Suitability
4130,100.0,Clay Soil,Mashonaland East,IIa,Subtropical Highland,6.5852218090492505,Finger Millet,1.81,Winter,88.2,Highly Suitable
4131,27.83827502161113,Clay Loam,Matabeleland South,V,Semi-Arid,6.152880637006024,Groundnuts,1.57,Rainy Season,61.87,Moderately Suitable
4132,60.124695280003095,Loam,Mashonaland East,IIb,Temperate Highland,6.126964827903129,Pumpkin,10.29,Winter,69.45,Suitable
4133,40.274179110959906,Red Clay,Matabeleland North,III,Subtropical Highland,7.1456056869158315,Paprika,2.32,Dry Season,56.98,Moderately Suitable
4134,62.3047984517685,Sandy Loam,Manicaland,IIa,Subtropical Highland,6.7454672673764104,Watermelon,25.16,Dry Season,68.46,Suitable
4135,64.70591670992803,Clay Soil,Manicaland,III,Semi-Arid,5.038635998704251,Sorghum,1.93,Dry Season,59.45,Moderately Suitable
4136,96.18251957561729,Red Clay,Mashonaland West,IIa,Dry Tropical,5.9022676882944065,Soybeans,1.94,Rainy Season,72.1,Suitable
4137,84.14134291415955,Clay Loam,Mashonaland West,IIa,Semi-Arid,6.0090814255767055,Sunflower,1.56,Hot Dry Season,85.23,Highly Suitable
4138,78.5821584530822,Sandy Soil,Mashonaland West,IIa,Dry Tropical,6.348652830893113,Onions,20.06,Rainy Season,62.01,Moderately Suitable
4139,50.80153024809563,Sandy Soil,Masvingo,V,Dry Tropical,5.488865965893956,Pearl Millet,1.73,Winter,59.17,Moderately Suitable
4140,94.71729583228054,Red Clay,Mashonaland East,IIa,Dry Tropical,5.680677680913311,Cowpeas,1.1,Cool Dry Season,85.63,Highly Suitable
4141,59.1916993111274,Clay Soil,Mashonaland Central,IIb,Semi-Arid,6.720244725938625,Carrots,18.55,Cool Dry Season,63.88,Moderately Suitable
4142,81.06988400514317,Clay Loam,Manicaland,IIa,Humid Subtropical,5.7774435252970715,Tobacco,2.01,Rainy Season,75.29,Suitable
4143,74.14601924381537,Clay Soil,Mashonaland East,IIb,Humid Subtropical,5.65243501717188,Dry Beans,1.58,Cool Dry Season,54.96,Moderately Suitable
4144,63.95336999554587,Clay Soil,Matabeleland North,III,Dry Tropical,6.526069827145461,Tea,2.21,Winter,30.39,Not Suitable
4145,64.10404496792047,Red Clay,Matabeleland North,IV,Semi-Arid,6.078468359193983,Cowpeas,1.29,Hot Dry Season,80.54,Highly Suitable
4146,80.20738735387003,Clay Soil,Harare,IIa,Subtropical Highland,7.069976450552035,Tomatoes,28.52,Rainy Season,60.2,Moderately Suitable
4147,81.16334284589284,Clay Soil,Harare,IIb,Subtropical Highland,7.729459928117514,Sweet Potatoes,10.24,Dry Season,73.6,Suitable
4148,30.076437401987384,Clay Soil,Matabeleland South,IV,Dry Tropical,5.247810978214146,Onions,14.91,Winter,24.64,Not Suitable
4149,70.25502576729572,Sandy Loam,Mashonaland East,IIa,Dry Tropical,7.344190148397832,Sweet Potatoes,9.88,Cool Dry Season,56.46,Moderately Suitable
4150,69.49208867126511,Red Clay,Harare,IIb,Dry Tropical,7.5576158416524315,Sunflower,1.25,Winter,61.01,Moderately Suitable
4151,73.11209076760072,Clay Loam,Mashonaland Central,IIa,Semi-Arid,5.55108767595296,Sunflower,1.62,Hot Dry Season,69.89,Suitable
4152,79.03323376869298,Sandy Soil,Mashonaland West,IIb,Dry Tropical,6.6302020985309955,Tea,1.88,Hot Dry Season,27.13,Not Suitable
4153,78.21376716666805,Silty Loam,Mashonaland Central,IIb,Humid Subtropical,5.374240390178114,Maize,3.25,Winter,43.06,Low Suitability
4154,53.939605330467444,Silty Loam,Matabeleland South,IV,Subtropical Highland,5.563534162689122,Tea,2.51,Winter,56.08,Moderately Suitable
4155,80.41496938955122,Sandy Loam,Harare,IIa,Dry Tropical,5.552146287486064,Potatoes,19.05,Cool Dry Season,66.87,Suitable
4156,44.6645112655615,Clay Soil,Masvingo,IV,Temperate Highland,6.397077022972043,Sweet Potatoes,8.0,Winter,48.67,Low Suitability
4157,82.33024372333665,Sandy Loam,Manicaland,I,Semi-Arid,6.417580777826224,Tea,2.14,Cool Dry Season,33.72,Not Suitable
4158,49.54261665732243,Clay Soil,Masvingo,V,Subtropical Highland,6.265097779044692,Sugar Beans,1.46,Rainy Season,56.98,Moderately Suitable
4159,44.27088541038185,Sandy Loam,Masvingo,III,Semi-Arid,6.698146445157577,Pearl Millet,1.64,Winter,71.2,Suitable
4160,71.23778750465183,Clay Soil,Matabeleland North,III,Humid Subtropical,5.368499802173731,Onions,14.35,Hot Dry Season,39.76,Low Suitability
4161,35.528974345031095,Silty Loam,Matabeleland North,III,Temperate Highland,6.552278532353855,Pumpkin,12.0,Cool Dry Season,62.77,Moderately Suitable
4162,28.070996361796393,Sandy Loam,Masvingo,V,Dry Tropical,6.535603775211007,Tomatoes,24.25,Winter,61.13,Moderately Suitable
4163,60.32470970664945,Red Clay,Mashonaland East,IIa,Humid Subtropical,7.277470234598146,Tea,2.14,Cool Dry Season,36.67,Low Suitability
4164,75.69372368456746,Clay Soil,Harare,IIb,Semi-Arid,4.906952065424121,Finger Millet,1.7,Dry Season,69.98,Suitable
4165,55.8738441836899,Clay Soil,Manicaland,III,Humid Subtropical,6.605066774246621,Tobacco,1.64,Hot Dry Season,46.31,Low Suitability
4166,81.19462962136703,Clay Soil,Mashonaland Central,IIa,Subtropical Highland,6.749802433907986,Sorghum,2.53,Dry Season,85.9,Highly Suitable
4167,67.15620814941063,Silty Loam,Midlands,III,Temperate Highland,6.257569985177211,Tea,1.88,Cool Dry Season,38.65,Low Suitability
4168,26.090332681267483,Red Clay,Matabeleland South,V,Subtropical Highland,5.904451654287398,Sugar Beans,1.4,Dry Season,40.9,Low Suitability
4169,42.25630501287273,Clay Soil,Masvingo,V,Temperate Highland,6.823336962476077,Carrots,16.79,Winter,51.6,Moderately Suitable
4170,66.51224914238642,Clay Soil,Matabeleland South,IV,Humid Subtropical,5.612780331955838,Maize,3.3,Rainy Season,43.56,Low Suitability
4171,49.692634199987936,Silty Loam,Mashonaland West,III,Semi-Arid,6.34911214101529,Coffee,1.13,Winter,41.18,Low Suitability
4172,49.84491299074951,Silty Loam,Matabeleland North,IV,Temperate Highland,5.452578383784258,Tobacco,1.87,Rainy Season,59.62,Moderately Suitable
4173,35.762480447063844,Loam,Matabeleland South,V,Subtropical Highland,6.51660348301827,Pearl Millet,1.92,Cool Dry Season,71.18,Suitable
4174,70.18585702365267,Clay Loam,Mashonaland West,IIa,Humid Subtropical,5.756167665670831,Macadamia Nuts,2.13,Winter,65.39,Suitable
4175,58.300894963329355,Sandy Soil,Mashonaland West,IIb,Temperate Highland,5.44510359022894,Potatoes,12.66,Rainy Season,41.21,Low Suitability
4176,56.03472384238691,Clay Loam,Manicaland,III,Temperate Highland,6.626710953813067,Pearl Millet,1.72,Cool Dry Season,76.6,Suitable
4177,73.82472520757611,Loam,Manicaland,III,Semi-Arid,5.287854959660178,Paprika,2.41,Cool Dry Season,64.26,Moderately Suitable
4178,80.7417028009388,Clay Soil,Mashonaland West,IIb,Temperate Highland,7.54077718855996,Groundnuts,1.19,Winter,73.8,Suitable
4179,80.32156335254682,Clay Soil,Harare,IIa,Dry Tropical,5.909088210219151,Cotton,1.45,Cool Dry Season,77.87,Suitable
4180,47.076673267818705,Sandy Loam,Matabeleland North,IV,Subtropical Highland,6.64982513060524,Wheat,4.61,Rainy Season,57.56,Moderately Suitable
4181,89.15228131667843,Sandy Soil,Harare,IIa,Semi-Arid,6.3274125097462965,Carrots,16.27,Winter,89.43,Highly Suitable
4182,57.11807611839935,Sandy Loam,Matabeleland North,III,Temperate Highland,7.75528892867999,Maize,3.24,Rainy Season,38.79,Low Suitability
4183,11.043149813409102,Clay Loam,Masvingo,V,Semi-Arid,7.245826105377262,Soybeans,2.02,Cool Dry Season,47.09,Low Suitability
4184,69.5638429671952,Sandy Soil,Mashonaland East,IIb,Dry Tropical,4.702807223039471,Dry Beans,1.2,Cool Dry Season,35.56,Low Suitability
4185,100.0,Sandy Soil,Mashonaland West,IIa,Subtropical Highland,6.15798812062574,Dry Beans,1.64,Dry Season,79.39,Suitable
4186,66.34069139854736,Clay Loam,Mashonaland West,III,Dry Tropical,7.370669806699108,Potatoes,11.88,Hot Dry Season,28.69,Not Suitable
4187,66.45520281405989,Clay Soil,Mashonaland East,IIb,Humid Subtropical,5.221814379008224,Tobacco,1.71,Hot Dry Season,45.87,Low Suitability
4188,100.0,Clay Loam,Harare,IIb,Humid Subtropical,6.226376361395597,Dry Beans,1.81,Dry Season,92.25,Highly Suitable
4189,58.13716327109511,Red Clay,Mashonaland West,III,Subtropical Highland,4.834240165741306,Soybeans,1.79,Cool Dry Season,35.05,Low Suitability
4190,32.890024397432185,Sandy Soil,Matabeleland North,IV,Temperate Highland,6.416479960337548,Coffee,0.81,Hot Dry Season,45.64,Low Suitability
4191,87.62541905418642,Sandy Loam,Manicaland,IIa,Subtropical Highland,6.601024093087476,Cabbage,26.15,Cool Dry Season,85.0,Highly Suitable
4192,52.26536748002047,Clay Loam,Matabeleland North,IV,Subtropical Highland,6.251342494704515,Tea,1.96,Dry Season,42.57,Low Suitability
4193,55.01315805802586,Silty Loam,Mashonaland West,IIa,Subtropical Highland,6.7948702015507205,Dry Beans,1.19,Cool Dry Season,58.9,Moderately Suitable
4194,67.6365559943155,Clay Soil,Harare,IIb,Temperate Highland,7.475475662267342,Pumpkin,13.55,Cool Dry Season,68.79,Suitable
4195,47.81563102820585,Red Clay,Midlands,IV,Subtropical Highland,6.1387398716463,Potatoes,15.63,Hot Dry Season,55.83,Moderately Suitable
4196,72.72601616248257,Sandy Loam,Mashonaland Central,IIb,Dry Tropical,5.698255148978795,Maize,3.3,Hot Dry Season,51.12,Moderately Suitable
4197,52.154860419709856,Sandy Soil,Mashonaland West,IIb,Humid Subtropical,6.427227384197567,Sweet Potatoes,9.19,Rainy Season,57.57,Moderately Suitable
4198,67.91436365555917,Loam,Midlands,III,Temperate Highland,6.026584131937435,Sweet Potatoes,9.69,Winter,75.59,Suitable
4199,77.51314648239261,Clay Soil,Mashonaland Central,IIb,Subtropical Highland,7.171800968388547,Sweet Potatoes,8.64,Hot Dry Season,70.14,Suitable
4200,83.25834843368852,Clay Loam,Mashonaland Central,III,Temperate Highland,5.546590593680016,Sweet Potatoes,10.15,Winter,76.8,Suitable
4201,48.95719070081693,Loam,Midlands,IV,Temperate Highland,6.150406146152248,Onions,21.4,Cool Dry Season,62.69,Moderately Suitable
4202,69.32233207030228,Clay Loam,Harare,IIa,Subtropical Highland,6.170260917528485,Sorghum,2.41,Cool Dry Season,93.68,Highly Suitable
4203,74.82253529777839,Clay Loam,Manicaland,III,Humid Subtropical,6.480898584329015,Tomatoes,30.16,Dry Season,73.54,Suitable
4204,89.62164411732957,Sandy Soil,Harare,IIa,Temperate Highland,7.153256688910523,Tobacco,1.48,Winter,55.25,Moderately Suitable
4205,75.2990319832447,Red Clay,Mashonaland East,IIa,Dry Tropical,6.971829562416527,Groundnuts,1.61,Rainy Season,74.55,Suitable
4206,95.53860080384273,Loam,Mashonaland West,IIa,Humid Subtropical,7.057720073904585,Tea,2.22,Dry Season,34.31,Not Suitable
4207,83.80637122666589,Clay Soil,Harare,IIb,Humid Subtropical,7.046889896184218,Cowpeas,0.99,Cool Dry Season,85.72,Highly Suitable
4208,81.58710549702113,Clay Soil,Mashonaland East,IIb,Temperate Highland,4.548794560823081,Finger Millet,1.85,Dry Season,75.34,Suitable
4209,83.98575644452171,Clay Soil,Mashonaland Central,III,Dry Tropical,6.387915637727445,Potatoes,16.42,Dry Season,56.05,Moderately Suitable
4210,71.79681074820088,Sandy Soil,Mashonaland Central,III,Temperate Highland,7.078591286579453,Watermelon,26.17,Dry Season,75.4,Suitable
4211,61.27560581110312,Clay Loam,Matabeleland North,IV,Humid Subtropical,7.314767189954173,Finger Millet,1.42,Dry Season,63.54,Moderately Suitable
4212,71.09228393879282,Sandy Loam,Mashonaland Central,III,Temperate Highland,6.500412795845435,Tomatoes,28.69,Dry Season,67.75,Suitable
4213,65.63057855905753,Sandy Loam,Manicaland,III,Dry Tropical,5.10517773654725,Pumpkin,10.06,Rainy Season,58.06,Moderately Suitable
4214,63.40839522087554,Loam,Mashonaland West,III,Subtropical Highland,6.20074167003128,Sunflower,1.5,Dry Season,77.05,Suitable
4215,95.87043433622092,Red Clay,Mashonaland Central,IIa,Dry Tropical,7.145505607021404,Tea,1.45,Dry Season,25.63,Not Suitable
4216,44.559737586479024,Clay Loam,Mashonaland Central,IIa,Subtropical Highland,5.477442019216821,Cabbage,17.21,Hot Dry Season,38.41,Low Suitability
4217,80.85536075378872,Clay Loam,Masvingo,IV,Semi-Arid,6.288095974589275,Wheat,4.24,Winter,75.13,Suitable
4218,79.6550119524428,Red Clay,Harare,IIa,Dry Tropical,5.699503291030223,Sugar Beans,1.73,Hot Dry Season,62.73,Moderately Suitable
4219,52.450126528431404,Clay Loam,Matabeleland North,IV,Humid Subtropical,4.971462226980808,Wheat,3.72,Dry Season,48.26,Low Suitability
4220,11.415805746986798,Silty Loam,Matabeleland South,V,Temperate Highland,7.2119184104640235,Soybeans,2.02,Winter,49.07,Low Suitability
4221,64.4991081305909,Clay Soil,Manicaland,III,Dry Tropical,5.400920950826263,Onions,12.84,Hot Dry Season,43.48,Low Suitability
4222,43.9802145458629,Clay Loam,Mashonaland Central,IIb,Humid Subtropical,5.355699721839558,Tea,2.36,Winter,57.02,Moderately Suitable
4223,36.7920584354422,Sandy Loam,Midlands,IV,Temperate Highland,6.059862596805835,Carrots,13.31,Rainy Season,51.93,Moderately Suitable
4224,66.59779016458862,Loam,Midlands,IV,Subtropical Highland,6.565003991740765,Tea,2.19,Rainy Season,38.45,Low Suitability
4225,48.08665731109165,Clay Loam,Midlands,IV,Semi-Arid,4.856612636962003,Maize,3.06,Hot Dry Season,29.39,Not Suitable
4226,63.43498222354764,Silty Loam,Mashonaland East,IIb,Subtropical Highland,6.244816060310008,Maize,3.62,Rainy Season,67.12,Suitable
4227,91.43537662315326,Clay Loam,Manicaland,I,Temperate Highland,7.153152637369656,Soybeans,1.88,Dry Season,63.33,Moderately Suitable
4228,53.1786907913626,Clay Loam,Mashonaland East,IIb,Dry Tropical,5.934940004332642,Potatoes,14.47,Rainy Season,58.09,Moderately Suitable
4229,82.65081061816372,Red Clay,Manicaland,III,Semi-Arid,5.945116980690068,Finger Millet,1.65,Cool Dry Season,84.73,Highly Suitable
4230,76.2845884875268,Sandy Loam,Matabeleland North,III,Temperate Highland,6.251073550777872,Sorghum,2.77,Dry Season,92.11,Highly Suitable
4231,69.5781688730502,Sandy Loam,Manicaland,III,Humid Subtropical,6.853706997044195,Onions,16.72,Dry Season,67.29,Suitable
4232,81.77802458405263,Clay Loam,Mashonaland East,IIa,Humid Subtropical,5.888028334026338,Coffee,1.31,Dry Season,58.44,Moderately Suitable
4233,80.89726740717519,Sandy Loam,Mashonaland Central,IIb,Semi-Arid,5.7850730951175695,Finger Millet,1.89,Hot Dry Season,90.06,Highly Suitable
4234,83.10326652600239,Loam,Mashonaland West,III,Humid Subtropical,6.167647090259025,Coffee,0.98,Winter,60.02,Moderately Suitable
4235,72.33062677502488,Clay Soil,Mashonaland West,IIb,Semi-Arid,4.776494878313394,Tea,1.79,Winter,41.73,Low Suitability
4236,92.03345996948312,Clay Loam,Mashonaland Central,IIa,Semi-Arid,5.444892856050648,Sunflower,1.71,Cool Dry Season,77.65,Suitable
4237,47.4622928510702,Sandy Soil,Matabeleland South,V,Semi-Arid,7.590266642385752,Potatoes,14.99,Winter,18.62,Not Suitable
4238,70.76238740485095,Sandy Soil,Matabeleland North,III,Semi-Arid,7.0681887892503825,Tomatoes,21.7,Cool Dry Season,56.02,Moderately Suitable
4239,86.21635177180681,Red Clay,Mashonaland Central,IIa,Temperate Highland,7.379164052693353,Finger Millet,1.44,Hot Dry Season,63.89,Moderately Suitable
4240,43.085487291741586,Clay Soil,Matabeleland North,IV,Temperate Highland,4.449726518983651,Sunflower,1.57,Cool Dry Season,31.71,Not Suitable
4241,84.3575051641942,Silty Loam,Mashonaland East,IIa,Semi-Arid,7.646000239799091,Coffee,1.09,Hot Dry Season,28.75,Not Suitable
4242,51.97751097595071,Clay Loam,Mashonaland Central,III,Temperate Highland,4.441859684212112,Dry Beans,1.27,Winter,37.91,Low Suitability
4243,81.87137618325815,Silty Loam,Mashonaland Central,IIb,Semi-Arid,5.784016132096579,Onions,22.26,Hot Dry Season,64.52,Moderately Suitable
4244,91.02392354363388,Sandy Soil,Mashonaland East,IIa,Subtropical Highland,5.884185472827861,Macadamia Nuts,1.74,Winter,55.47,Moderately Suitable
4245,96.29716805465752,Silty Loam,Mashonaland East,IIa,Humid Subtropical,6.206430058880265,Onions,20.29,Rainy Season,84.81,Highly Suitable
4246,73.91280351811919,Sandy Soil,Mashonaland Central,IIa,Dry Tropical,4.970553057669221,Sorghum,2.25,Winter,69.61,Suitable
4247,83.0551841898198,Sandy Loam,Manicaland,I,Semi-Arid,6.782408631455845,Maize,3.55,Hot Dry Season,62.17,Moderately Suitable
4248,92.14247854476697,Clay Loam,Mashonaland West,IIb,Semi-Arid,6.6238204734862824,Macadamia Nuts,2.04,Cool Dry Season,53.71,Moderately Suitable
4249,89.65518360329963,Silty Loam,Mashonaland East,IIa,Dry Tropical,7.086809798825634,Tea,2.72,Cool Dry Season,26.83,Not Suitable
4250,78.60003467614581,Clay Soil,Mashonaland East,IIb,Dry Tropical,5.605691386684976,Macadamia Nuts,1.55,Winter,53.16,Moderately Suitable
4251,81.25611244152925,Red Clay,Mashonaland Central,III,Semi-Arid,4.694573237785323,Tobacco,1.35,Cool Dry Season,56.02,Moderately Suitable
4252,92.21059174315018,Sandy Loam,Mashonaland East,IIa,Subtropical Highland,6.934684443363652,Macadamia Nuts,1.68,Rainy Season,52.13,Moderately Suitable
4253,36.77444452945522,Silty Loam,Matabeleland South,V,Humid Subtropical,6.278251246420424,Potatoes,13.48,Winter,57.24,Moderately Suitable
4254,85.0781642460564,Sandy Soil,Mashonaland East,IIb,Humid Subtropical,6.923376020523876,Finger Millet,2.0,Dry Season,77.78,Suitable
4255,46.07547170324777,Loam,Matabeleland North,IV,Temperate Highland,5.248639075805418,Soybeans,1.63,Cool Dry Season,45.9,Low Suitability
4256,52.33084647514372,Silty Loam,Midlands,IV,Humid Subtropical,6.941966362662217,Potatoes,13.97,Winter,41.6,Low Suitability
4257,100.0,Sandy Loam,Mashonaland West,IIa,Humid Subtropical,6.128066632625985,Sugar Beans,1.68,Rainy Season,92.29,Highly Suitable
4258,30.99620171388195,Loam,Masvingo,V,Temperate Highland,6.820744564158796,Onions,19.1,Winter,56.5,Moderately Suitable
4259,62.04437726433096,Clay Loam,Matabeleland North,III,Temperate Highland,5.111111591935064,Potatoes,13.87,Hot Dry Season,50.81,Moderately Suitable
4260,98.26989745651242,Loam,Mashonaland East,IIa,Humid Subtropical,5.3455171578080085,Onions,21.0,Dry Season,71.78,Suitable
4261,40.78861440442335,Loam,Masvingo,III,Subtropical Highland,6.4044907407735625,Finger Millet,1.51,Cool Dry Season,68.93,Suitable
4262,92.57204272350785,Clay Soil,Harare,IIa,Subtropical Highland,7.589404026729962,Carrots,14.47,Winter,72.7,Suitable
4263,90.96218115374693,Red Clay,Manicaland,I,Humid Subtropical,7.553225611294561,Carrots,17.53,Hot Dry Season,69.41,Suitable
4264,95.94428448886768,Red Clay,Matabeleland North,III,Dry Tropical,5.508299832936027,Tomatoes,23.82,Rainy Season,64.82,Moderately Suitable
4265,38.67196108782175,Silty Loam,Midlands,IV,Semi-Arid,7.150620609248825,Finger Millet,1.44,Cool Dry Season,46.27,Low Suitability
4266,54.54867119442951,Sandy Soil,Masvingo,IV,Subtropical Highland,7.055012740478951,Maize,3.0,Rainy Season,45.29,Low Suitability
4267,48.94235247391209,Clay Soil,Mashonaland Central,III,Humid Subtropical,5.962453900636352,Paprika,2.19,Hot Dry Season,46.53,Low Suitability
4268,91.05329924092203,Clay Loam,Harare,IIb,Temperate Highland,4.382518536126653,Pearl Millet,1.85,Cool Dry Season,61.74,Moderately Suitable
4269,53.15049471269938,Loam,Matabeleland North,IV,Dry Tropical,6.081489110432084,Coffee,1.1,Rainy Season,57.49,Moderately Suitable
4270,49.433456717179816,Sandy Soil,Matabeleland South,IV,Semi-Arid,6.802108617101218,Onions,15.76,Cool Dry Season,57.02,Moderately Suitable
4271,77.9907190720714,Clay Soil,Mashonaland Central,IIa,Dry Tropical,5.156406126088385,Sunflower,1.32,Rainy Season,52.77,Moderately Suitable
4272,36.3928977328471,Sandy Soil,Matabeleland North,IV,Dry Tropical,6.884397917964568,Coffee,1.21,Cool Dry Season,35.6,Low Suitability
4273,87.0685638545415,Silty Loam,Matabeleland North,III,Humid Subtropical,4.870840797943422,Wheat,4.5,Hot Dry Season,65.97,Suitable
4274,42.44610021042887,Sandy Loam,Midlands,IV,Temperate Highland,7.347331897297673,Sorghum,1.81,Cool Dry Season,53.91,Moderately Suitable
4275,21.73071594289462,Sandy Soil,Masvingo,V,Subtropical Highland,6.398015468266716,Sugar Beans,0.95,Winter,50.6,Moderately Suitable
4276,72.24791960630928,Sandy Loam,Mashonaland East,IIb,Humid Subtropical,6.145954876201908,Sunflower,1.48,Rainy Season,85.21,Highly Suitable
4277,50.334846850498856,Sandy Loam,Midlands,IV,Temperate Highland,6.952013740827816,Potatoes,13.03,Cool Dry Season,38.77,Low Suitability
4278,10.0,Sandy Soil,Masvingo,V,Dry Tropical,5.867815617700456,Watermelon,20.6,Cool Dry Season,46.07,Low Suitability
4279,62.16652498741213,Clay Loam,Matabeleland North,III,Semi-Arid,6.2215141518251675,Wheat,4.09,Dry Season,60.88,Moderately Suitable
4280,44.66800098132939,Sandy Loam,Matabeleland South,V,Humid Subtropical,5.280006240440628,Tobacco,2.06,Dry Season,49.62,Low Suitability
4281,63.33897377266985,Clay Loam,Masvingo,III,Humid Subtropical,5.523987859237713,Dry Beans,1.4,Rainy Season,56.96,Moderately Suitable
4282,29.940056752582624,Loam,Masvingo,V,Humid Subtropical,6.343888613999123,Potatoes,18.72,Rainy Season,41.13,Low Suitability
4283,59.309310267186135,Silty Loam,Manicaland,III,Dry Tropical,6.0222485637768415,Cabbage,14.2,Hot Dry Season,41.53,Low Suitability
4284,90.87483592170301,Silty Loam,Harare,IIa,Subtropical Highland,6.817950497741732,Tea,2.06,Dry Season,32.78,Not Suitable
4285,89.73703319979565,Sandy Soil,Mashonaland East,IIa,Dry Tropical,7.610338002175449,Macadamia Nuts,1.51,Hot Dry Season,36.48,Low Suitability
4286,57.61989975309788,Sandy Loam,Matabeleland South,IV,Dry Tropical,6.0212145866514435,Tobacco,2.0,Winter,58.87,Moderately Suitable
4287,27.545617643865974,Loam,Matabeleland North,IV,Subtropical Highland,6.275419199344231,Pearl Millet,1.44,Cool Dry Season,58.46,Moderately Suitable
4288,90.13038812015833,Loam,Harare,IIa,Dry Tropical,5.45754615485966,Soybeans,1.93,Winter,61.0,Moderately Suitable
4289,84.62982296760143,Red Clay,Masvingo,III,Dry Tropical,6.287059025387684,Cotton,1.93,Dry Season,86.2,Highly Suitable
4290,91.34962871275698,Red Clay,Mashonaland Central,III,Semi-Arid,5.3029202775385595,Maize,3.46,Cool Dry Season,58.82,Moderately Suitable
4291,70.4969952913298,Red Clay,Midlands,III,Dry Tropical,7.073560239787071,Carrots,14.81,Dry Season,56.45,Moderately Suitable
4292,80.75789097414712,Loam,Mashonaland West,IIb,Subtropical Highland,7.495327029671032,Macadamia Nuts,1.68,Winter,50.34,Moderately Suitable
4293,90.73622571321688,Silty Loam,Mashonaland East,IIa,Subtropical Highland,6.7291707966115,Sunflower,1.49,Hot Dry Season,94.31,Highly Suitable
4294,53.60026948899483,Silty Loam,Matabeleland South,IV,Humid Subtropical,6.101581379490469,Tea,1.49,Dry Season,39.0,Low Suitability
4295,42.746329553408614,Silty Loam,Matabeleland South,IV,Subtropical Highland,5.5152131733011185,Dry Beans,1.38,Hot Dry Season,41.37,Low Suitability
4296,82.11533389809443,Silty Loam,Mashonaland Central,IIb,Subtropical Highland,6.801532607057258,Watermelon,28.5,Dry Season,88.39,Highly Suitable
4297,88.42216922976404,Loam,Mashonaland East,IIa,Temperate Highland,4.823732652348106,Cabbage,21.22,Winter,65.27,Suitable
4298,74.51272124057799,Clay Loam,Mashonaland Central,IIb,Subtropical Highland,7.567023249752623,Tomatoes,24.88,Hot Dry Season,57.69,Moderately Suitable
4299,32.69418488093109,Clay Soil,Masvingo,IV,Subtropical Highland,6.461460064188267,Maize,3.49,Dry Season,55.04,Moderately Suitable
4300,76.85210118245467,Clay Loam,Mashonaland West,IIb,Dry Tropical,6.822685372220666,Dry Beans,1.46,Dry Season,69.24,Suitable
4301,98.61124756240625,Clay Soil,Mashonaland East,IIa,Temperate Highland,6.021324519877905,Sugar Beans,1.41,Hot Dry Season,93.21,Highly Suitable
4302,70.40926489317732,Sandy Soil,Mashonaland East,IIb,Semi-Arid,5.405551250428362,Cotton,1.62,Dry Season,58.57,Moderately Suitable
4303,63.18335161844514,Silty Loam,Manicaland,III,Humid Subtropical,6.067567301636231,Soybeans,1.66,Dry Season,49.34,Low Suitability
4304,77.28168111994638,Loam,Midlands,III,Temperate Highland,6.213830943108347,Pumpkin,13.72,Winter,82.89,Highly Suitable
4305,95.6132861205475,Red Clay,Harare,IIb,Temperate Highland,5.518414243319787,Tomatoes,25.55,Cool Dry Season,61.83,Moderately Suitable
4306,93.5395545703634,Sandy Soil,Mashonaland East,IIa,Humid Subtropical,6.224565350160934,Tobacco,1.7,Dry Season,77.92,Suitable
4307,77.52219508869581,Sandy Loam,Mashonaland West,IIa,Humid Subtropical,5.713889963857676,Groundnuts,1.44,Hot Dry Season,83.21,Highly Suitable
4308,50.82444517945902,Clay Soil,Mashonaland West,III,Temperate Highland,6.7493560399893955,Watermelon,22.6,Hot Dry Season,63.66,Moderately Suitable
4309,50.44902300737402,Clay Soil,Midlands,IV,Temperate Highland,6.086138538084181,Onions,15.17,Winter,57.86,Moderately Suitable
4310,55.552966807663864,Sandy Loam,Mashonaland Central,III,Dry Tropical,5.226796896770624,Groundnuts,1.12,Winter,50.35,Moderately Suitable
4311,65.52625929421515,Sandy Loam,Matabeleland North,III,Temperate Highland,6.896442442223163,Soybeans,2.25,Rainy Season,53.37,Moderately Suitable
4312,78.35227914681057,Sandy Soil,Harare,IIb,Dry Tropical,6.048119238403164,Macadamia Nuts,1.86,Cool Dry Season,51.61,Moderately Suitable
4313,81.22695444529968,Loam,Mashonaland Central,IIb,Temperate Highland,5.355214257949035,Groundnuts,1.65,Cool Dry Season,70.42,Suitable
4314,74.68302376476082,Sandy Soil,Mashonaland Central,IIa,Dry Tropical,4.323924658187254,Tobacco,1.59,Dry Season,36.59,Low Suitability
4315,80.30934479853768,Sandy Soil,Harare,IIb,Subtropical Highland,6.939464874696221,Paprika,2.51,Dry Season,77.63,Suitable
4316,74.56551597835013,Silty Loam,Manicaland,III,Semi-Arid,5.585067179736584,Finger Millet,1.52,Rainy Season,67.36,Suitable
4317,42.52888758294047,Sandy Loam,Matabeleland South,IV,Temperate Highland,6.1138420715663155,Watermelon,15.95,Cool Dry Season,54.13,Moderately Suitable
4318,64.9683627440442,Sandy Loam,Mashonaland Central,III,Dry Tropical,5.200057527750949,Paprika,2.06,Cool Dry Season,52.7,Moderately Suitable
4319,100.0,Loam,Mashonaland East,IIa,Dry Tropical,5.937897062722734,Paprika,2.46,Rainy Season,88.64,Highly Suitable
4320,69.8499346510044,Red Clay,Manicaland,III,Subtropical Highland,5.60779317108527,Sorghum,2.36,Rainy Season,79.33,Suitable
4321,40.25329646753421,Sandy Soil,Midlands,IV,Humid Subtropical,6.315945730300594,Soybeans,1.64,Hot Dry Season,54.46,Moderately Suitable
4322,51.3640690507887,Sandy Soil,Midlands,IV,Humid Subtropical,6.7303943021610015,Soybeans,2.12,Dry Season,62.88,Moderately Suitable
4323,45.9420847161353,Clay Loam,Midlands,III,Dry Tropical,4.896948645148876,Cabbage,21.15,Dry Season,32.52,Not Suitable
4324,94.67405645062986,Clay Soil,Harare,IIa,Subtropical Highland,6.521551655990396,Cabbage,20.58,Dry Season,70.32,Suitable
4325,76.93057913371928,Sandy Soil,Manicaland,IIa,Temperate Highland,6.308410426976221,Cotton,2.03,Cool Dry Season,67.76,Suitable
4326,91.21116151183486,Clay Loam,Mashonaland East,IIb,Subtropical Highland,6.223644733491164,Pumpkin,13.67,Winter,89.99,Highly Suitable
4327,37.83293750167792,Silty Loam,Midlands,IV,Temperate Highland,4.89897119370998,Cotton,1.33,Dry Season,40.94,Low Suitability
4328,49.468100142013604,Silty Loam,Masvingo,IV,Temperate Highland,7.312556917273895,Carrots,15.05,Winter,51.0,Moderately Suitable
4329,100.0,Red Clay,Manicaland,I,Dry Tropical,7.43701587193261,Tobacco,2.08,Hot Dry Season,64.8,Moderately Suitable
4330,75.30487411223523,Clay Soil,Harare,IIa,Humid Subtropical,6.366458182579723,Sugar Beans,1.8,Winter,72.81,Suitable
4331,77.38383313971332,Silty Loam,Mashonaland West,IIb,Dry Tropical,5.190225701930323,Sweet Potatoes,8.91,Winter,66.42,Suitable
4332,10.0,Clay Soil,Matabeleland South,V,Semi-Arid,4.935670318001353,Sugar Beans,1.15,Dry Season,31.78,Not Suitable
4333,64.24044691813769,Sandy Soil,Mashonaland West,III,Semi-Arid,6.374972931874402,Cotton,1.38,Winter,61.17,Moderately Suitable
4334,80.94362252750481,Silty Loam,Harare,IIb,Temperate Highland,6.4526241691831725,Tomatoes,34.37,Dry Season,71.5,Suitable
4335,60.57648439168047,Clay Loam,Midlands,III,Humid Subtropical,5.741500720214528,Cowpeas,1.2,Winter,75.4,Suitable
4336,53.70754506640766,Loam,Mashonaland East,IIa,Subtropical Highland,4.80158788745578,Pearl Millet,1.95,Hot Dry Season,68.1,Suitable
4337,74.79671903442585,Silty Loam,Masvingo,III,Subtropical Highland,7.053083960550021,Wheat,4.19,Dry Season,61.64,Moderately Suitable
4338,78.47284783656929,Sandy Loam,Mashonaland West,IIb,Semi-Arid,6.279556341719868,Carrots,17.06,Cool Dry Season,91.12,Highly Suitable
4339,64.06884415264835,Loam,Harare,IIa,Semi-Arid,6.748294197784756,Tobacco,1.87,Rainy Season,50.35,Moderately Suitable
4340,70.70112184202247,Sandy Loam,Midlands,III,Humid Subtropical,6.222514241125932,Soybeans,2.28,Rainy Season,65.05,Suitable
4341,100.0,Red Clay,Manicaland,I,Semi-Arid,5.599805650459626,Pumpkin,11.67,Winter,83.63,Highly Suitable
4342,100.0,Clay Loam,Harare,IIa,Subtropical Highland,6.218316081584512,Maize,3.98,Dry Season,81.99,Highly Suitable
4343,100.0,Clay Loam,Manicaland,I,Semi-Arid,5.759086400914704,Sunflower,1.37,Hot Dry Season,82.69,Highly Suitable
4344,82.20964923150552,Sandy Loam,Manicaland,I,Subtropical Highland,6.194915910698807,Potatoes,14.45,Winter,64.02,Moderately Suitable
4345,68.79254048096416,Silty Loam,Masvingo,III,Subtropical Highland,4.867758350193999,Tea,2.16,Hot Dry Season,63.48,Moderately Suitable
4346,50.284202884802035,Loam,Manicaland,III,Semi-Arid,5.629580761859968,Tobacco,1.71,Winter,50.13,Moderately Suitable
4347,33.135341678398234,Loam,Matabeleland South,V,Semi-Arid,6.139524623854882,Cabbage,20.83,Hot Dry Season,46.2,Low Suitability
4348,77.76757043760658,Clay Soil,Manicaland,III,Temperate Highland,6.551722080017,Coffee,1.19,Winter,48.56,Low Suitability
4349,69.4166521157572,Silty Loam,Harare,IIa,Dry Tropical,5.60810496192588,Dry Beans,1.27,Cool Dry Season,56.45,Moderately Suitable
4350,55.57215826482769,Clay Soil,Mashonaland Central,IIb,Humid Subtropical,7.0528826879907935,Watermelon,21.19,Cool Dry Season,60.34,Moderately Suitable
4351,95.76262075747651,Red Clay,Mashonaland East,IIa,Temperate Highland,7.505998151745317,Paprika,2.63,Winter,70.91,Suitable
4352,67.31694635430104,Loam,Mashonaland Central,III,Dry Tropical,6.500887434224722,Soybeans,1.89,Winter,51.06,Moderately Suitable
4353,37.70009412123548,Clay Soil,Matabeleland South,V,Temperate Highland,7.004326539848221,Tomatoes,28.46,Hot Dry Season,52.36,Moderately Suitable
4354,63.7712694184464,Silty Loam,Manicaland,III,Subtropical Highland,6.404085180316188,Sorghum,2.41,Rainy Season,83.06,Highly Suitable
4355,91.10583348617476,Sandy Loam,Harare,IIa,Subtropical Highland,6.693146386251649,Sugar Beans,1.64,Hot Dry Season,91.79,Highly Suitable
4356,91.75913502380274,Clay Loam,Harare,IIa,Temperate Highland,5.399750751794274,Potatoes,19.89,Hot Dry Season,73.25,Suitable
4357,55.97121739203507,Sandy Soil,Mashonaland Central,IIa,Subtropical Highland,6.155854937500442,Dry Beans,1.17,Cool Dry Season,62.44,Moderately Suitable
4358,100.0,Sandy Loam,Harare,IIa,Temperate Highland,6.536159112959668,Tomatoes,28.25,Hot Dry Season,73.45,Suitable
4359,35.1272748519878,Clay Soil,Masvingo,V,Dry Tropical,5.0406027806247575,Cabbage,21.71,Hot Dry Season,33.29,Not Suitable
4360,59.72854020136538,Clay Loam,Matabeleland North,IV,Dry Tropical,5.636665947370712,Sunflower,1.41,Dry Season,62.11,Moderately Suitable
4361,64.75336561762686,Silty Loam,Manicaland,III,Dry Tropical,6.445310321975666,Onions,17.64,Hot Dry Season,63.25,Moderately Suitable
4362,67.77093492668484,Sandy Loam,Matabeleland South,IV,Humid Subtropical,5.686153139998801,Maize,4.12,Dry Season,50.7,Moderately Suitable
4363,49.748220749512875,Silty Loam,Matabeleland North,IV,Temperate Highland,6.441403503818971,Paprika,2.13,Cool Dry Season,61.23,Moderately Suitable
4364,75.79664517854721,Sandy Soil,Midlands,III,Subtropical Highland,6.834826849620215,Coffee,1.22,Cool Dry Season,44.37,Low Suitability
4365,72.8079315614753,Loam,Manicaland,IIa,Dry Tropical,6.356421326249673,Maize,2.79,Winter,51.24,Moderately Suitable
4366,96.65823883545035,Clay Soil,Manicaland,IIa,Temperate Highland,6.662437222943054,Paprika,3.13,Dry Season,96.59,Highly Suitable
4367,85.80386652478037,Sandy Soil,Mashonaland East,IIa,Semi-Arid,7.3799409388454515,Sugar Beans,1.66,Hot Dry Season,60.48,Moderately Suitable
4368,67.7915723663109,Sandy Soil,Mashonaland East,IIa,Temperate Highland,5.99087299432904,Coffee,0.98,Rainy Season,59.23,Moderately Suitable
4369,53.29728163155395,Clay Loam,Matabeleland South,IV,Humid Subtropical,6.709303990845565,Watermelon,23.41,Hot Dry Season,67.83,Suitable
4370,44.85468385522037,Red Clay,Mashonaland Central,III,Dry Tropical,5.350272842562767,Onions,15.21,Winter,38.29,Low Suitability
4371,35.267314879800544,Clay Soil,Matabeleland South,V,Temperate Highland,6.097251295201511,Dry Beans,1.22,Rainy Season,52.48,Moderately Suitable
4372,63.85378229662389,Sandy Loam,Mashonaland Central,III,Dry Tropical,7.219484309457006,Pumpkin,10.73,Rainy Season,70.12,Suitable
4373,65.43628835660729,Sandy Soil,Manicaland,III,Dry Tropical,7.299987134883754,Pearl Millet,1.97,Dry Season,80.14,Highly Suitable
4374,96.4734836057464,Silty Loam,Harare,IIa,Temperate Highland,6.924984677509973,Macadamia Nuts,1.7,Hot Dry Season,48.2,Low Suitability
4375,86.3614604263324,Sandy Soil,Manicaland,IIa,Dry Tropical,7.355157155847081,Sugar Beans,1.2,Hot Dry Season,62.09,Moderately Suitable
4376,65.8918458325892,Sandy Soil,Harare,IIa,Humid Subtropical,4.909618259091587,Sugar Beans,1.11,Dry Season,47.22,Low Suitability
4377,65.01660976948847,Red Clay,Harare,IIb,Temperate Highland,6.35471813050771,Wheat,4.12,Cool Dry Season,66.72,Suitable
4378,80.1414684887326,Sandy Soil,Mashonaland East,IIb,Humid Subtropical,5.412432460767801,Pumpkin,12.27,Winter,76.72,Suitable
4379,33.19033481205476,Sandy Loam,Matabeleland South,IV,Temperate Highland,6.570255778957166,Sweet Potatoes,8.49,Dry Season,58.37,Moderately Suitable
4380,89.69340331493376,Clay Soil,Harare,IIb,Temperate Highland,6.051344034573676,Dry Beans,1.46,Dry Season,92.21,Highly Suitable
4381,84.11989422664877,Silty Loam,Mashonaland West,III,Dry Tropical,4.999942815757401,Pearl Millet,1.63,Winter,82.07,Highly Suitable
4382,63.5164576206965,Sandy Loam,Mashonaland Central,IIa,Temperate Highland,6.491588176644022,Macadamia Nuts,1.66,Rainy Season,52.89,Moderately Suitable
4383,71.66200786895618,Sandy Loam,Matabeleland South,V,Humid Subtropical,6.963491536905435,Pumpkin,11.87,Rainy Season,95.25,Highly Suitable
4384,57.408529429770354,Silty Loam,Mashonaland West,III,Subtropical Highland,8.4,Macadamia Nuts,1.5,Dry Season,31.29,Not Suitable
4385,76.94109447734236,Silty Loam,Midlands,III,Subtropical Highland,4.858756544339132,Finger Millet,1.3,Hot Dry Season,74.8,Suitable
4386,43.4971885447218,Red Clay,Matabeleland South,IV,Dry Tropical,6.928376202018015,Pearl Millet,1.79,Winter,77.03,Suitable
4387,96.56210723977257,Loam,Harare,IIa,Humid Subtropical,6.4158959201298185,Cowpeas,1.32,Cool Dry Season,85.29,Highly Suitable
4388,68.91265909989646,Silty Loam,Matabeleland North,III,Semi-Arid,5.311417493655186,Pumpkin,11.48,Cool Dry Season,66.66,Suitable
4389,44.15212606289656,Sandy Soil,Matabeleland North,IV,Dry Tropical,7.248103554553425,Sunflower,1.34,Dry Season,43.47,Low Suitability
4390,62.44374260317771,Silty Loam,Matabeleland North,IV,Subtropical Highland,5.2166403233503535,Sugar Beans,1.05,Rainy Season,55.79,Moderately Suitable
4391,57.197887244798466,Sandy Loam,Masvingo,III,Humid Subtropical,5.488025675958226,Tobacco,1.76,Rainy Season,52.72,Moderately Suitable
4392,88.88983243308168,Clay Loam,Matabeleland North,III,Subtropical Highland,6.4496105546896265,Sugar Beans,1.64,Winter,83.16,Highly Suitable
4393,97.8033259736179,Sandy Soil,Mashonaland East,IIa,Temperate Highland,7.4958857235970875,Maize,3.87,Rainy Season,48.81,Low Suitability
4394,60.48748440107396,Sandy Loam,Manicaland,I,Dry Tropical,6.811092056940781,Tea,1.82,Hot Dry Season,36.66,Low Suitability
4395,55.44244733993769,Clay Loam,Midlands,IV,Subtropical Highland,6.967331259793546,Groundnuts,1.45,Rainy Season,65.86,Suitable
4396,42.473722103270276,Red Clay,Matabeleland South,IV,Temperate Highland,6.226659323128978,Coffee,1.05,Dry Season,40.91,Low Suitability
4397,84.67123510617864,Sandy Soil,Manicaland,I,Humid Subtropical,5.274525395756799,Macadamia Nuts,1.8,Dry Season,46.23,Low Suitability
4398,88.40543824674177,Clay Loam,Mashonaland West,IIa,Temperate Highland,6.364677560122654,Sorghum,2.26,Rainy Season,90.15,Highly Suitable
4399,100.0,Sandy Soil,Manicaland,IIa,Semi-Arid,6.325843346779087,Cowpeas,1.11,Rainy Season,89.17,Highly Suitable
4400,91.03425747118851,Silty Loam,Mashonaland West,IIa,Semi-Arid,7.078358752076049,Paprika,2.44,Dry Season,79.3,Suitable
4401,84.58832903758072,Sandy Loam,Harare,IIa,Temperate Highland,7.244156712899047,Cowpeas,1.45,Hot Dry Season,86.15,Highly Suitable
4402,58.247303079529075,Sandy Soil,Matabeleland North,III,Temperate Highland,6.735928349566219,Cotton,1.78,Hot Dry Season,68.07,Suitable
4403,84.18409120225294,Sandy Soil,Manicaland,I,Temperate Highland,7.262393499968626,Soybeans,1.77,Cool Dry Season,57.24,Moderately Suitable
4404,66.17483607746962,Loam,Harare,IIb,Subtropical Highland,7.3658077712850245,Tea,2.16,Hot Dry Season,35.96,Low Suitability
4405,33.379069474623854,Clay Loam,Masvingo,V,Subtropical Highland,5.148954129857002,Pumpkin,11.16,Winter,41.5,Low Suitability
4406,57.9746387564328,Clay Loam,Midlands,III,Dry Tropical,6.5418235610046285,Sunflower,1.33,Rainy Season,65.83,Suitable
4407,93.66642545350554,Red Clay,Mashonaland West,IIb,Temperate Highland,6.125698633836131,Wheat,5.06,Dry Season,79.36,Suitable
4408,64.86626200380162,Sandy Soil,Mashonaland Central,III,Humid Subtropical,6.575068910292635,Pearl Millet,1.87,Dry Season,84.75,Highly Suitable
4409,51.65517921188602,Silty Loam,Matabeleland North,III,Semi-Arid,5.6536063687093145,Carrots,18.71,Winter,58.41,Moderately Suitable
4410,63.200771660363266,Sandy Soil,Masvingo,IV,Temperate Highland,6.466714213428718,Paprika,2.2,Dry Season,80.03,Highly Suitable
4411,42.65162395263801,Loam,Masvingo,III,Dry Tropical,5.289842872618858,Watermelon,20.51,Dry Season,36.34,Low Suitability
4412,95.04301617118082,Sandy Loam,Manicaland,IIa,Semi-Arid,6.320652545125008,Potatoes,17.02,Dry Season,70.23,Suitable
4413,83.42624058702702,Clay Soil,Mashonaland Central,IIb,Temperate Highland,4.846191998555508,Groundnuts,1.35,Dry Season,76.9,Suitable
4414,62.268623816283515,Sandy Soil,Matabeleland North,III,Subtropical Highland,6.760981545732522,Tomatoes,29.71,Hot Dry Season,56.58,Moderately Suitable
4415,66.02662979179073,Sandy Soil,Mashonaland West,IIb,Humid Subtropical,6.23608463600159,Pearl Millet,1.87,Winter,74.1,Suitable
4416,62.822282146732036,Silty Loam,Mashonaland West,III,Temperate Highland,7.055511373477469,Groundnuts,1.29,Rainy Season,62.32,Moderately Suitable
4417,22.589647172072798,Silty Loam,Masvingo,V,Dry Tropical,5.146788496736936,Sorghum,2.2,Dry Season,49.17,Low Suitability
4418,43.292638611245096,Loam,Midlands,IV,Dry Tropical,7.07757306596441,Watermelon,16.05,Dry Season,52.51,Moderately Suitable
4419,49.179710168998966,Sandy Loam,Mashonaland Central,IIa,Temperate Highland,6.197788757984597,Finger Millet,1.68,Rainy Season,74.91,Suitable
4420,65.64711700198563,Clay Soil,Masvingo,IV,Temperate Highland,6.321317586211581,Sweet Potatoes,10.42,Rainy Season,75.59,Suitable
4421,73.32234777593666,Clay Soil,Midlands,III,Dry Tropical,6.642780893418396,Groundnuts,1.59,Cool Dry Season,79.62,Suitable
4422,88.24838870174491,Clay Soil,Mashonaland East,IIa,Subtropical Highland,4.969156995310129,Soybeans,2.5,Hot Dry Season,49.95,Low Suitability
4423,26.79062667836029,Red Clay,Matabeleland North,IV,Semi-Arid,6.5798487821255565,Sorghum,2.01,Hot Dry Season,53.3,Moderately Suitable
4424,59.441415009280334,Clay Soil,Mashonaland West,IIb,Semi-Arid,6.91396798124739,Dry Beans,1.18,Cool Dry Season,57.78,Moderately Suitable
4425,59.91158658940603,Sandy Soil,Midlands,IV,Dry Tropical,6.799938806208903,Dry Beans,1.29,Dry Season,52.91,Moderately Suitable
4426,71.34977978990423,Red Clay,Manicaland,III,Temperate Highland,5.3183695542137,Carrots,14.67,Rainy Season,67.87,Suitable
4427,79.34870635449205,Loam,Mashonaland East,IIb,Semi-Arid,5.530448200626141,Sorghum,2.27,Hot Dry Season,87.48,Highly Suitable
4428,47.488191323548165,Sandy Loam,Manicaland,III,Subtropical Highland,5.052304317119079,Potatoes,16.74,Hot Dry Season,50.11,Moderately Suitable
4429,94.3374779623075,Sandy Soil,Manicaland,IIa,Semi-Arid,6.849557683825163,Macadamia Nuts,1.79,Hot Dry Season,35.24,Low Suitability
4430,78.4127162542813,Sandy Soil,Mashonaland Central,IIb,Humid Subtropical,5.822188408075581,Wheat,3.69,Hot Dry Season,60.29,Moderately Suitable
4431,100.0,Clay Soil,Harare,IIa,Semi-Arid,6.47830727776876,Cowpeas,1.1,Hot Dry Season,92.96,Highly Suitable
4432,56.715767691498954,Sandy Soil,Manicaland,III,Subtropical Highland,5.851399230090388,Tomatoes,26.57,Cool Dry Season,47.89,Low Suitability
4433,70.3264010781567,Loam,Mashonaland East,IIb,Humid Subtropical,5.681064649468844,Tobacco,1.32,Winter,66.42,Suitable
4434,95.69737326673807,Sandy Soil,Mashonaland Central,IIa,Subtropical Highland,6.6083168358262165,Sunflower,1.66,Rainy Season,84.11,Highly Suitable
4435,65.33939243833316,Clay Loam,Matabeleland North,III,Humid Subtropical,6.933252609874078,Macadamia Nuts,1.66,Cool Dry Season,45.58,Low Suitability
4436,66.37665888580234,Sandy Loam,Matabeleland North,III,Subtropical Highland,5.931905604057184,Coffee,0.95,Winter,55.15,Moderately Suitable
4437,41.71035205594664,Sandy Soil,Manicaland,III,Temperate Highland,6.636597120899052,Wheat,3.44,Winter,58.7,Moderately Suitable
4438,100.0,Loam,Mashonaland West,IIa,Dry Tropical,5.509117390272955,Tomatoes,28.99,Hot Dry Season,59.77,Moderately Suitable
4439,59.40603326626977,Red Clay,Midlands,IV,Semi-Arid,5.651180584021238,Pumpkin,11.02,Rainy Season,68.11,Suitable
4440,66.7931342956929,Sandy Soil,Matabeleland North,III,Humid Subtropical,6.124611157331439,Pumpkin,13.39,Hot Dry Season,68.24,Suitable
4441,76.66858144134545,Red Clay,Matabeleland North,IV,Temperate Highland,7.127672239538549,Groundnuts,1.39,Winter,72.03,Suitable
4442,81.24618016047056,Sandy Soil,Masvingo,III,Humid Subtropical,6.725780201146532,Sunflower,1.43,Dry Season,85.21,Highly Suitable
4443,55.069739492868706,Silty Loam,Manicaland,III,Semi-Arid,6.589112021719938,Sorghum,2.28,Rainy Season,87.46,Highly Suitable
4444,83.60530664483146,Loam,Mashonaland West,IIa,Dry Tropical,6.590766506537152,Sunflower,1.77,Hot Dry Season,97.71,Highly Suitable
4445,44.797755476790286,Loam,Midlands,IV,Dry Tropical,7.280266007268615,Carrots,14.25,Winter,50.17,Moderately Suitable
4446,69.96914774241888,Clay Soil,Matabeleland North,IV,Temperate Highland,5.42349918628935,Cabbage,24.68,Winter,49.64,Low Suitability
4447,74.03669621420102,Silty Loam,Matabeleland South,IV,Humid Subtropical,6.016058256221478,Tea,2.12,Dry Season,53.64,Moderately Suitable
4448,30.135863055509134,Sandy Loam,Matabeleland South,V,Semi-Arid,5.704767438488156,Dry Beans,1.37,Winter,47.63,Low Suitability
4449,88.30671034897985,Sandy Loam,Mashonaland Central,IIa,Temperate Highland,7.233439546398362,Sunflower,1.51,Cool Dry Season,88.76,Highly Suitable
4450,67.29599796196618,Sandy Soil,Mashonaland East,IIa,Dry Tropical,5.392799170111736,Wheat,3.77,Cool Dry Season,53.2,Moderately Suitable
4451,53.431705539857326,Sandy Soil,Mashonaland Central,III,Humid Subtropical,6.961545253889856,Groundnuts,1.63,Dry Season,62.97,Moderately Suitable
4452,74.82981775340635,Loam,Midlands,III,Dry Tropical,6.015231348306715,Onions,22.07,Hot Dry Season,65.09,Suitable
4453,55.81649129146497,Clay Loam,Matabeleland South,IV,Semi-Arid,6.435302390420034,Soybeans,2.06,Hot Dry Season,51.23,Moderately Suitable
4454,40.29861131381561,Sandy Loam,Matabeleland North,III,Dry Tropical,6.5577423169959275,Soybeans,1.89,Cool Dry Season,58.16,Moderately Suitable
4455,91.22733080906411,Red Clay,Mashonaland East,IIb,Dry Tropical,7.241767805151228,Tobacco,1.6,Cool Dry Season,50.27,Moderately Suitable
4456,58.986955801050655,Sandy Soil,Mashonaland Central,IIa,Temperate Highland,6.151598928155404,Groundnuts,1.27,Winter,68.77,Suitable
4457,76.65851826024276,Loam,Mashonaland West,IIa,Humid Subtropical,5.725063978050032,Potatoes,15.9,Rainy Season,69.73,Suitable
4458,68.14360430558973,Clay Loam,Mashonaland Central,IIb,Subtropical Highland,6.174730279385953,Sweet Potatoes,10.8,Winter,86.36,Highly Suitable
4459,79.0039090600413,Loam,Masvingo,III,Dry Tropical,6.525314863545948,Sugar Beans,1.38,Rainy Season,86.85,Highly Suitable
4460,96.20439985006554,Loam,Masvingo,III,Subtropical Highland,4.844190023236563,Potatoes,16.48,Dry Season,68.34,Suitable
4461,64.14781382007928,Red Clay,Mashonaland West,IIa,Semi-Arid,7.350319585457656,Cotton,1.72,Cool Dry Season,69.9,Suitable
4462,100.0,Silty Loam,Manicaland,I,Subtropical Highland,4.87216415656333,Pumpkin,12.54,Rainy Season,71.3,Suitable
4463,83.91865652308216,Loam,Mashonaland Central,IIb,Subtropical Highland,6.922313568585466,Paprika,2.6,Cool Dry Season,85.63,Highly Suitable
4464,59.373208857747635,Clay Loam,Masvingo,IV,Subtropical Highland,5.8707627222637715,Sorghum,1.89,Cool Dry Season,76.09,Suitable
4465,99.21928530306656,Sandy Soil,Mashonaland East,IIa,Semi-Arid,5.337444752120075,Wheat,3.62,Hot Dry Season,62.9,Moderately Suitable
4466,19.043982468604227,Silty Loam,Masvingo,V,Semi-Arid,7.482731814562632,Finger Millet,1.18,Rainy Season,51.42,Moderately Suitable
4467,95.22635761273968,Red Clay,Manicaland,I,Temperate Highland,6.2116548853251015,Macadamia Nuts,1.41,Cool Dry Season,49.89,Low Suitability
4468,78.34528376817408,Sandy Soil,Manicaland,I,Semi-Arid,6.966809854939694,Sunflower,1.51,Dry Season,73.52,Suitable
4469,81.0420329247573,Silty Loam,Mashonaland East,IIa,Dry Tropical,6.9052298211337675,Tobacco,1.69,Hot Dry Season,59.75,Moderately Suitable
4470,48.69990362884102,Clay Loam,Midlands,IV,Temperate Highland,6.137843026467559,Carrots,17.84,Rainy Season,60.23,Moderately Suitable
4471,86.61196934537199,Loam,Mashonaland West,IIa,Semi-Arid,6.119953807440147,Cowpeas,1.1,Dry Season,94.66,Highly Suitable
4472,79.27511235133525,Sandy Loam,Midlands,III,Subtropical Highland,6.397936890112472,Tomatoes,30.63,Cool Dry Season,65.41,Suitable
4473,67.75895038289383,Sandy Soil,Mashonaland West,IIa,Semi-Arid,6.646200963796342,Sweet Potatoes,7.69,Winter,71.16,Suitable
4474,90.35512389811457,Red Clay,Mashonaland East,IIb,Temperate Highland,7.213911851001809,Tobacco,1.88,Winter,60.67,Moderately Suitable
4475,76.19719342605592,Sandy Loam,Mashonaland Central,IIb,Dry Tropical,6.604912653743505,Finger Millet,1.64,Winter,90.01,Highly Suitable
4476,84.58242262542218,Sandy Loam,Manicaland,I,Dry Tropical,6.744478678507332,Sugar Beans,1.33,Cool Dry Season,75.59,Suitable
4477,58.70387330759637,Sandy Soil,Mashonaland East,IIb,Humid Subtropical,6.499056892449074,Finger Millet,1.81,Rainy Season,64.51,Moderately Suitable
4478,100.0,Sandy Loam,Mashonaland East,IIa,Humid Subtropical,7.209085604490366,Cotton,2.06,Rainy Season,87.69,Highly Suitable
4479,86.89700893824639,Loam,Mashonaland Central,IIa,Subtropical Highland,5.979118627548652,Potatoes,16.57,Winter,71.73,Suitable
4480,36.19591335380861,Clay Loam,Midlands,IV,Temperate Highland,6.846895559628031,Tobacco,1.74,Dry Season,45.7,Low Suitability
4481,75.67379860875732,Clay Soil,Mashonaland West,IIa,Temperate Highland,6.533647773061628,Cowpeas,1.11,Cool Dry Season,89.24,Highly Suitable
4482,45.066170651852836,Sandy Loam,Masvingo,V,Semi-Arid,7.102492417495265,Macadamia Nuts,1.58,Hot Dry Season,42.09,Low Suitability
4483,49.307806733888235,Sandy Soil,Matabeleland North,IV,Dry Tropical,6.000020814551005,Maize,2.78,Winter,45.32,Low Suitability
4484,56.20963372218411,Loam,Manicaland,III,Subtropical Highland,6.271276794975047,Finger Millet,1.78,Cool Dry Season,72.08,Suitable
4485,80.03043744112782,Silty Loam,Mashonaland West,IIb,Temperate Highland,5.826901727206984,Maize,3.97,Winter,54.93,Moderately Suitable
4486,69.16225195018775,Clay Loam,Matabeleland South,IV,Semi-Arid,6.132692987905695,Finger Millet,1.7,Rainy Season,91.36,Highly Suitable
4487,66.33501406964086,Clay Soil,Mashonaland Central,IIa,Humid Subtropical,5.011889382186795,Groundnuts,1.54,Hot Dry Season,67.15,Suitable
4488,18.69032736809467,Red Clay,Matabeleland South,V,Dry Tropical,5.644549154876222,Maize,3.39,Cool Dry Season,40.11,Low Suitability
4489,99.66365311719588,Loam,Manicaland,IIa,Dry Tropical,6.719441989584976,Finger Millet,1.69,Dry Season,89.03,Highly Suitable
4490,51.54867339178245,Clay Soil,Matabeleland South,IV,Subtropical Highland,5.393242025915904,Cotton,1.3,Cool Dry Season,44.64,Low Suitability
4491,63.8643587649894,Red Clay,Midlands,III,Humid Subtropical,4.38214887309045,Finger Millet,1.57,Winter,47.86,Low Suitability
4492,23.69069289058083,Silty Loam,Matabeleland South,V,Semi-Arid,5.765230013380898,Macadamia Nuts,2.08,Hot Dry Season,49.87,Low Suitability
4493,40.91477661551016,Sandy Soil,Midlands,III,Humid Subtropical,5.754493648808483,Maize,3.39,Rainy Season,49.42,Low Suitability
4494,95.47805577534014,Clay Loam,Mashonaland East,IIa,Humid Subtropical,6.307115675872966,Sorghum,2.19,Winter,93.98,Highly Suitable
4495,57.613392854377864,Sandy Soil,Masvingo,IV,Temperate Highland,6.247322247325178,Macadamia Nuts,1.59,Rainy Season,58.02,Moderately Suitable
4496,58.85135879799295,Clay Loam,Matabeleland North,IV,Subtropical Highland,5.81378517891364,Carrots,16.03,Hot Dry Season,68.73,Suitable
4497,94.2639768600843,Red Clay,Mashonaland West,III,Humid Subtropical,5.570189298556173,Coffee,0.91,Winter,46.8,Low Suitability
4498,77.76838940227589,Clay Loam,Masvingo,III,Humid Subtropical,5.961206662371993,Pumpkin,10.09,Rainy Season,79.82,Suitable
4499,100.0,Loam,Manicaland,IIa,Subtropical Highland,6.4571248561143255,Sorghum,2.04,Dry Season,95.26,Highly Suitable
4500,41.45227176077129,Clay Soil,Matabeleland South,V,Semi-Arid,6.873592743790787,Onions,18.44,Cool Dry Season,55.25,Moderately Suitable
4501,82.30291146072669,Red Clay,Mashonaland West,IIa,Semi-Arid,7.127463285500197,Sugar Beans,1.25,Winter,66.29,Suitable
4502,33.331111327453385,Sandy Loam,Matabeleland South,V,Temperate Highland,5.724497354449951,Groundnuts,1.22,Winter,49.76,Low Suitability
4503,81.69370912748911,Loam,Manicaland,III,Semi-Arid,6.222422754193531,Cowpeas,1.28,Cool Dry Season,94.87,Highly Suitable
4504,74.70372486951388,Sandy Soil,Mashonaland West,IIb,Dry Tropical,5.884738651969776,Maize,3.03,Hot Dry Season,42.54,Low Suitability
4505,86.70334555997891,Sandy Soil,Harare,IIa,Temperate Highland,5.350464033076369,Tobacco,1.61,Rainy Season,68.16,Suitable
4506,68.63609604999411,Sandy Soil,Matabeleland South,IV,Semi-Arid,4.898491150423001,Onions,13.61,Hot Dry Season,37.84,Low Suitability
4507,100.0,Sandy Soil,Harare,IIb,Subtropical Highland,5.6554453700153084,Potatoes,14.65,Winter,70.0,Suitable
4508,71.69437916742656,Sandy Loam,Mashonaland East,IIb,Subtropical Highland,6.239810769213146,Sweet Potatoes,10.31,Cool Dry Season,86.93,Highly Suitable
4509,86.84086952949895,Clay Loam,Midlands,III,Dry Tropical,5.371543541871636,Cabbage,21.5,Hot Dry Season,60.35,Moderately Suitable
4510,96.89364544217734,Red Clay,Mashonaland East,IIb,Semi-Arid,5.7731881120246324,Cowpeas,0.98,Dry Season,87.12,Highly Suitable
4511,80.6616298507689,Sandy Soil,Mashonaland West,IIb,Temperate Highland,5.157923182953217,Coffee,0.87,Cool Dry Season,46.84,Low Suitability
4512,97.95009697715462,Sandy Loam,Mashonaland Central,IIa,Subtropical Highland,6.988200791832586,Pumpkin,12.15,Winter,83.86,Highly Suitable
4513,55.418375821563,Red Clay,Matabeleland North,IV,Semi-Arid,5.931757154383247,Dry Beans,1.23,Hot Dry Season,52.84,Moderately Suitable
4514,25.7989460650917,Silty Loam,Midlands,IV,Semi-Arid,5.687250898561246,Tobacco,1.47,Rainy Season,60.71,Moderately Suitable
4515,79.07501924507066,Silty Loam,Masvingo,III,Temperate Highland,7.325350248692076,Carrots,16.92,Hot Dry Season,65.87,Suitable
4516,41.720408981462356,Sandy Soil,Matabeleland North,IV,Humid Subtropical,7.547822808141901,Cabbage,19.6,Hot Dry Season,41.72,Low Suitability
4517,56.30750404865995,Sandy Loam,Midlands,IV,Temperate Highland,4.8441994675201565,Dry Beans,1.29,Winter,34.47,Not Suitable
4518,83.23044759642167,Loam,Harare,IIb,Semi-Arid,6.9183488143885965,Cabbage,21.87,Cool Dry Season,68.92,Suitable
4519,33.653883599040235,Sandy Loam,Matabeleland North,IV,Humid Subtropical,6.187504642932048,Soybeans,1.85,Winter,58.68,Moderately Suitable
4520,76.45168009119523,Sandy Loam,Masvingo,III,Humid Subtropical,6.034005684781356,Wheat,4.72,Rainy Season,64.42,Moderately Suitable
4521,73.75329809176561,Silty Loam,Harare,IIb,Dry Tropical,6.66429809506285,Dry Beans,1.51,Hot Dry Season,66.72,Suitable
4522,100.0,Sandy Soil,Harare,IIa,Dry Tropical,5.448978051382432,Groundnuts,1.51,Dry Season,72.83,Suitable
4523,100.0,Clay Soil,Harare,IIa,Dry Tropical,7.747166254825872,Paprika,2.1,Dry Season,70.79,Suitable
4524,100.0,Silty Loam,Mashonaland Central,IIa,Humid Subtropical,6.949011317673642,Coffee,0.86,Winter,40.31,Low Suitability
4525,57.694456692087755,Sandy Loam,Midlands,III,Temperate Highland,6.680367747520233,Cowpeas,1.29,Cool Dry Season,76.71,Suitable
4526,45.35296397922988,Clay Loam,Masvingo,III,Subtropical Highland,4.466122094646359,Cowpeas,1.16,Dry Season,54.65,Moderately Suitable
4527,100.0,Clay Soil,Mashonaland East,IIa,Subtropical Highland,6.569397598493727,Onions,20.18,Dry Season,89.84,Highly Suitable
4528,77.99917613888623,Clay Soil,Mashonaland East,IIa,Semi-Arid,5.882029218278014,Paprika,2.41,Cool Dry Season,79.27,Suitable
4529,18.981127274953316,Clay Loam,Masvingo,V,Humid Subtropical,6.095585224590871,Groundnuts,1.35,Cool Dry Season,51.5,Moderately Suitable
4530,64.0034609787737,Silty Loam,Mashonaland West,III,Humid Subtropical,6.098967473751873,Pumpkin,11.39,Dry Season,75.32,Suitable
4531,57.893035544191406,Silty Loam,Mashonaland West,III,Subtropical Highland,6.378594420549778,Coffee,1.07,Winter,61.84,Moderately Suitable
4532,83.61724054830378,Clay Soil,Mashonaland East,IIa,Temperate Highland,6.600090226359065,Pearl Millet,1.91,Rainy Season,95.26,Highly Suitable
4533,85.17358942515312,Sandy Loam,Manicaland,IIa,Dry Tropical,6.293671647412343,Maize,3.17,Cool Dry Season,59.42,Moderately Suitable
4534,83.31558641065232,Sandy Loam,Mashonaland West,IIa,Semi-Arid,6.188889856733055,Dry Beans,1.48,Dry Season,70.95,Suitable
4535,73.38525277374308,Sandy Loam,Manicaland,III,Humid Subtropical,5.048098289523238,Tea,1.95,Dry Season,56.74,Moderately Suitable
4536,87.25578967093485,Sandy Soil,Mashonaland East,IIb,Temperate Highland,6.1169064302478064,Pearl Millet,2.09,Cool Dry Season,78.61,Suitable
4537,39.24659917949465,Loam,Masvingo,III,Temperate Highland,6.5550504977670085,Potatoes,15.94,Hot Dry Season,42.17,Low Suitability
4538,66.23721754709308,Sandy Soil,Masvingo,IV,Temperate Highland,6.2016270925501695,Sorghum,1.94,Rainy Season,81.16,Highly Suitable
4539,72.91482312988362,Sandy Soil,Mashonaland West,IIa,Subtropical Highland,7.20499421371443,Coffee,1.09,Winter,40.13,Low Suitability
4540,51.22645563926372,Clay Soil,Mashonaland Central,III,Subtropical Highland,5.8892043870085455,Cabbage,20.06,Rainy Season,45.41,Low Suitability
4541,65.30338532414044,Clay Soil,Matabeleland North,IV,Subtropical Highland,6.129215189966692,Potatoes,16.24,Cool Dry Season,61.98,Moderately Suitable
4542,65.3760548235092,Loam,Midlands,III,Temperate Highland,6.940218968360392,Potatoes,15.84,Dry Season,43.41,Low Suitability
4543,84.19697125221819,Loam,Harare,IIb,Temperate Highland,5.581882391230817,Dry Beans,1.42,Dry Season,63.16,Moderately Suitable
4544,29.365699898341482,Clay Soil,Matabeleland South,V,Humid Subtropical,6.411012078391843,Sunflower,1.34,Dry Season,53.01,Moderately Suitable
4545,94.46592387588427,Silty Loam,Matabeleland North,III,Humid Subtropical,6.756723203934309,Potatoes,17.85,Rainy Season,66.06,Suitable
4546,66.09754595563274,Red Clay,Mashonaland Central,III,Subtropical Highland,6.167617977534166,Sunflower,1.43,Rainy Season,71.48,Suitable
4547,90.15585891610334,Sandy Loam,Masvingo,III,Dry Tropical,5.5625042160704705,Maize,3.11,Cool Dry Season,50.64,Moderately Suitable
4548,61.3682078406912,Sandy Soil,Midlands,IV,Subtropical Highland,5.6616235636279875,Sweet Potatoes,10.58,Hot Dry Season,67.85,Suitable
4549,24.743574573759055,Loam,Matabeleland South,V,Humid Subtropical,6.342062411169379,Paprika,2.57,Winter,59.12,Moderately Suitable
4550,58.25795046356478,Sandy Loam,Matabeleland North,III,Dry Tropical,5.418030285098723,Coffee,0.99,Rainy Season,50.51,Moderately Suitable
4551,94.53775939591202,Silty Loam,Mashonaland East,IIb,Dry Tropical,5.815554013175348,Watermelon,26.04,Winter,83.54,Highly Suitable
4552,86.61193569124276,Clay Loam,Mashonaland Central,IIb,Temperate Highland,5.919156582244378,Dry Beans,1.46,Hot Dry Season,76.25,Suitable
4553,65.6834713720086,Clay Soil,Midlands,III,Humid Subtropical,5.086687263010294,Sweet Potatoes,9.23,Dry Season,67.2,Suitable
4554,79.33592565593301,Clay Soil,Harare,IIb,Subtropical Highland,5.651120403005961,Sugar Beans,1.6,Winter,70.99,Suitable
4555,83.52384069714577,Sandy Loam,Mashonaland Central,IIa,Humid Subtropical,6.799968417345559,Maize,3.32,Cool Dry Season,64.18,Moderately Suitable
4556,67.0504036492381,Red Clay,Mashonaland Central,III,Subtropical Highland,5.321395086293565,Sweet Potatoes,10.46,Hot Dry Season,60.29,Moderately Suitable
4557,58.381936631366635,Sandy Soil,Matabeleland North,IV,Temperate Highland,6.08378177355346,Tea,2.23,Hot Dry Season,38.4,Low Suitability
4558,70.09111228779135,Silty Loam,Matabeleland North,III,Temperate Highland,5.622387059320834,Sorghum,2.5,Rainy Season,81.09,Highly Suitable
4559,58.94053404338214,Clay Loam,Matabeleland North,III,Temperate Highland,6.25116209108303,Tea,1.91,Rainy Season,41.98,Low Suitability
4560,82.12166365573681,Clay Loam,Mashonaland West,IIa,Temperate Highland,5.214038916523171,Wheat,3.42,Rainy Season,59.52,Moderately Suitable
4561,78.14639257722546,Silty Loam,Harare,IIb,Humid Subtropical,6.579711600489755,Maize,3.87,Winter,68.97,Suitable
4562,74.15217072703037,Clay Loam,Midlands,III,Subtropical Highland,5.500966138605651,Potatoes,13.12,Winter,65.7,Suitable
4563,44.70231925138783,Sandy Loam,Matabeleland South,IV,Subtropical Highland,6.583980690007912,Potatoes,18.06,Winter,41.87,Low Suitability
4564,77.9330886021104,Sandy Soil,Midlands,III,Humid Subtropical,6.47683811929576,Sugar Beans,1.84,Hot Dry Season,68.7,Suitable
4565,75.13587248058026,Silty Loam,Mashonaland East,IIb,Semi-Arid,6.204820436583866,Tomatoes,26.36,Rainy Season,55.81,Moderately Suitable
4566,78.8037757233393,Sandy Loam,Mashonaland West,IIa,Subtropical Highland,5.98218366475194,Cowpeas,1.12,Cool Dry Season,94.09,Highly Suitable
4567,33.67861498324205,Silty Loam,Matabeleland South,V,Dry Tropical,6.679597901379445,Watermelon,23.1,Rainy Season,53.22,Moderately Suitable
4568,100.0,Red Clay,Mashonaland East,IIa,Humid Subtropical,4.780898639901807,Sorghum,2.03,Hot Dry Season,83.54,Highly Suitable
4569,46.35436542324909,Clay Loam,Midlands,IV,Semi-Arid,6.4336994514477865,Tobacco,1.82,Winter,59.8,Moderately Suitable
4570,53.789984303119574,Clay Loam,Matabeleland South,IV,Semi-Arid,5.960423975475469,Wheat,4.14,Rainy Season,53.46,Moderately Suitable
4571,62.655269817723735,Loam,Matabeleland South,IV,Subtropical Highland,5.1371833115084895,Onions,18.91,Cool Dry Season,48.21,Low Suitability
4572,50.1962644045193,Loam,Midlands,IV,Temperate Highland,6.49150786167508,Tomatoes,13.28,Rainy Season,54.58,Moderately Suitable
4573,86.45248155700276,Clay Loam,Mashonaland East,IIb,Semi-Arid,7.02961223608647,Sweet Potatoes,9.21,Winter,78.41,Suitable
4574,92.2363095775641,Sandy Loam,Mashonaland East,IIa,Humid Subtropical,5.959602157210754,Coffee,0.97,Winter,54.82,Moderately Suitable
4575,77.88725137892804,Clay Loam,Mashonaland West,III,Semi-Arid,4.5549603592692804,Onions,16.37,Hot Dry Season,54.23,Moderately Suitable
4576,56.39465429254197,Red Clay,Midlands,IV,Subtropical Highland,5.436540924634972,Sunflower,1.14,Winter,55.66,Moderately Suitable
4577,74.36737984058367,Clay Loam,Mashonaland Central,IIa,Humid Subtropical,5.803276955855626,Sunflower,1.49,Rainy Season,76.28,Suitable
4578,64.3634937967181,Clay Soil,Midlands,III,Temperate Highland,6.088924440951201,Sugar Beans,1.57,Cool Dry Season,62.21,Moderately Suitable
4579,84.8724818085027,Silty Loam,Mashonaland West,IIa,Humid Subtropical,6.006167854294647,Sunflower,1.71,Winter,93.59,Highly Suitable
4580,76.0358118799525,Clay Loam,Mashonaland Central,IIa,Dry Tropical,5.539835455501695,Tea,1.87,Rainy Season,53.9,Moderately Suitable
4581,80.30157010698613,Clay Soil,Harare,IIa,Humid Subtropical,7.4397578141940315,Sorghum,2.16,Hot Dry Season,85.49,Highly Suitable
4582,37.447223458027956,Silty Loam,Masvingo,IV,Temperate Highland,6.3701729354791885,Dry Beans,1.4,Winter,58.82,Moderately Suitable
4583,42.40062434551956,Clay Loam,Midlands,IV,Semi-Arid,6.636380947003873,Paprika,1.65,Rainy Season,50.55,Moderately Suitable
4584,65.96786734403567,Silty Loam,Manicaland,III,Dry Tropical,5.9102954666177965,Wheat,4.19,Winter,68.12,Suitable
4585,78.66102387760485,Silty Loam,Mashonaland Central,IIa,Humid Subtropical,7.010719041282341,Tobacco,1.48,Winter,59.92,Moderately Suitable
4586,10.0,Sandy Loam,Matabeleland South,V,Humid Subtropical,6.789865931883773,Dry Beans,1.33,Dry Season,55.92,Moderately Suitable
4587,59.22528545877131,Clay Soil,Mashonaland West,IIb,Semi-Arid,5.291508071281077,Wheat,4.1,Hot Dry Season,35.05,Low Suitability
4588,13.457076610185482,Red Clay,Matabeleland South,V,Semi-Arid,5.409491515604544,Cotton,1.4,Hot Dry Season,33.51,Not Suitable
4589,20.92474017748266,Sandy Loam,Matabeleland South,IV,Dry Tropical,5.32475705931773,Carrots,15.45,Hot Dry Season,46.27,Low Suitability
4590,69.35094645130211,Red Clay,Harare,IIa,Humid Subtropical,7.754047560472802,Pearl Millet,1.65,Winter,86.59,Highly Suitable
4591,58.16585004343368,Loam,Matabeleland North,IV,Temperate Highland,6.840955172001176,Watermelon,26.03,Rainy Season,65.84,Suitable
4592,96.9923722235807,Clay Soil,Mashonaland East,IIa,Subtropical Highland,4.428278958176715,Carrots,15.35,Rainy Season,71.49,Suitable
4593,37.51983569866067,Silty Loam,Midlands,IV,Semi-Arid,5.921016118270338,Cowpeas,0.95,Hot Dry Season,61.64,Moderately Suitable
4594,74.34558209803022,Clay Soil,Manicaland,IIa,Semi-Arid,5.491998221442082,Tomatoes,24.45,Winter,47.38,Low Suitability
4595,72.74776385226619,Sandy Loam,Manicaland,IIa,Humid Subtropical,6.108368862786516,Coffee,1.03,Dry Season,52.44,Moderately Suitable
4596,42.2755111489098,Loam,Matabeleland South,IV,Humid Subtropical,5.336520467091581,Tomatoes,28.22,Hot Dry Season,28.98,Not Suitable
4597,37.47062623589947,Clay Loam,Masvingo,V,Dry Tropical,5.883019702586971,Finger Millet,1.53,Hot Dry Season,58.27,Moderately Suitable
4598,80.1753022881775,Red Clay,Mashonaland West,IIb,Temperate Highland,5.427793097214254,Tobacco,1.92,Winter,65.16,Suitable
4599,51.2619834036619,Clay Soil,Matabeleland South,IV,Humid Subtropical,5.289138990017902,Maize,2.94,Hot Dry Season,37.93,Low Suitability
4600,64.93993455724677,Clay Soil,Midlands,III,Humid Subtropical,5.967230474155861,Potatoes,16.03,Dry Season,57.7,Moderately Suitable
4601,98.65874982368732,Silty Loam,Harare,IIb,Dry Tropical,5.604765978022193,Wheat,4.59,Winter,79.66,Suitable
4602,39.94846598231525,Sandy Soil,Matabeleland South,V,Subtropical Highland,7.226205450792814,Sorghum,1.55,Dry Season,40.79,Low Suitability
4603,43.92645740461983,Red Clay,Masvingo,IV,Semi-Arid,5.610767505531577,Onions,18.22,Cool Dry Season,42.61,Low Suitability
4604,95.98654019895498,Loam,Manicaland,I,Semi-Arid,7.210965114384336,Wheat,5.1,Dry Season,85.0,Highly Suitable
4605,85.73698775036394,Sandy Loam,Mashonaland Central,IIb,Temperate Highland,7.183157616486559,Pumpkin,9.35,Cool Dry Season,78.59,Suitable
4606,75.89390581304428,Silty Loam,Harare,IIb,Semi-Arid,4.627856092298502,Paprika,2.06,Winter,57.12,Moderately Suitable
4607,71.36954574431263,Loam,Midlands,III,Temperate Highland,6.341727122423948,Sugar Beans,1.48,Winter,73.68,Suitable
4608,38.182620621073674,Silty Loam,Matabeleland South,V,Dry Tropical,6.412072044314769,Cabbage,20.49,Rainy Season,60.55,Moderately Suitable
4609,62.11129215984166,Loam,Masvingo,IV,Subtropical Highland,6.301628653821901,Wheat,4.57,Hot Dry Season,66.58,Suitable
4610,72.0641982331411,Silty Loam,Mashonaland West,IIa,Humid Subtropical,7.153364450939782,Groundnuts,1.74,Cool Dry Season,81.07,Highly Suitable
4611,52.78358102315031,Sandy Soil,Manicaland,III,Semi-Arid,7.959124100331718,Carrots,15.07,Winter,39.13,Low Suitability
4612,36.227705921245416,Clay Soil,Masvingo,III,Subtropical Highland,6.262292571049726,Potatoes,16.13,Dry Season,48.5,Low Suitability
4613,31.017645652115398,Clay Loam,Matabeleland North,IV,Temperate Highland,6.851674782517486,Carrots,16.2,Rainy Season,49.51,Low Suitability
4614,67.32018574675956,Sandy Loam,Mashonaland Central,III,Temperate Highland,6.868934174017844,Maize,2.93,Hot Dry Season,44.42,Low Suitability
4615,80.75746368724175,Silty Loam,Mashonaland East,IIa,Dry Tropical,6.26532993992088,Carrots,19.67,Rainy Season,84.03,Highly Suitable
4616,64.38174457116375,Silty Loam,Mashonaland Central,III,Subtropical Highland,6.177604217818518,Wheat,3.7,Dry Season,79.43,Suitable
4617,80.98575350621863,Clay Soil,Harare,IIb,Humid Subtropical,5.77019615487951,Tomatoes,28.12,Rainy Season,62.59,Moderately Suitable
4618,73.91301676227641,Sandy Loam,Manicaland,III,Dry Tropical,5.232454645702319,Cabbage,20.77,Cool Dry Season,47.06,Low Suitability
4619,33.223565294309054,Red Clay,Matabeleland North,IV,Dry Tropical,6.762900208529448,Soybeans,1.81,Dry Season,43.69,Low Suitability
4620,75.84100292961678,Sandy Loam,Mashonaland East,IIa,Humid Subtropical,5.808004020317024,Sorghum,2.27,Dry Season,96.7,Highly Suitable
4621,53.822572660328554,Clay Loam,Mashonaland Central,IIb,Semi-Arid,5.740181187860224,Tea,2.3,Cool Dry Season,60.73,Moderately Suitable
4622,60.124971007232304,Clay Loam,Matabeleland North,IV,Semi-Arid,5.381624781134752,Cotton,1.38,Winter,51.81,Moderately Suitable
4623,76.32397546540784,Sandy Soil,Midlands,III,Humid Subtropical,6.029243897595825,Maize,3.27,Winter,56.67,Moderately Suitable
4624,80.10544164656115,Sandy Loam,Masvingo,IV,Semi-Arid,6.658240952547866,Watermelon,22.95,Winter,87.6,Highly Suitable
4625,100.0,Loam,Mashonaland West,IIa,Dry Tropical,6.964204566457128,Coffee,1.0,Dry Season,43.46,Low Suitability
4626,74.66404505153285,Red Clay,Manicaland,III,Subtropical Highland,6.254009497891344,Sugar Beans,1.12,Dry Season,64.79,Moderately Suitable
4627,46.57111965844358,Silty Loam,Matabeleland North,IV,Humid Subtropical,6.174320770169524,Finger Millet,1.53,Hot Dry Season,64.57,Moderately Suitable
4628,100.0,Silty Loam,Manicaland,I,Dry Tropical,6.7056349240980335,Tobacco,1.83,Winter,67.21,Suitable
4629,54.66657499117001,Red Clay,Matabeleland North,IV,Temperate Highland,7.823183681717316,Finger Millet,1.46,Rainy Season,56.51,Moderately Suitable
4630,52.104424392806614,Silty Loam,Midlands,III,Humid Subtropical,6.025129856399068,Groundnuts,1.52,Cool Dry Season,64.53,Moderately Suitable
4631,83.61909406793674,Clay Soil,Mashonaland West,IIb,Temperate Highland,5.900821321891379,Tomatoes,28.5,Cool Dry Season,51.47,Moderately Suitable
4632,95.89751226976594,Sandy Loam,Harare,IIb,Dry Tropical,4.992382401810179,Dry Beans,1.52,Cool Dry Season,63.86,Moderately Suitable
4633,64.39785312112875,Clay Loam,Matabeleland South,IV,Subtropical Highland,5.818480339452088,Coffee,1.03,Dry Season,60.51,Moderately Suitable
4634,58.22922918338011,Sandy Loam,Midlands,III,Temperate Highland,5.0988814114803045,Tea,2.0,Hot Dry Season,56.81,Moderately Suitable
4635,44.3826725383624,Red Clay,Matabeleland North,IV,Dry Tropical,5.466682052309908,Pumpkin,10.68,Cool Dry Season,53.19,Moderately Suitable
4636,75.73177641564818,Sandy Soil,Matabeleland South,IV,Dry Tropical,7.282326510877109,Pumpkin,10.52,Hot Dry Season,69.1,Suitable
4637,100.0,Red Clay,Harare,IIa,Dry Tropical,6.158644729794343,Dry Beans,1.59,Dry Season,79.16,Suitable
4638,78.28558540546541,Clay Soil,Manicaland,IIa,Humid Subtropical,6.36496954472414,Tea,2.37,Rainy Season,43.68,Low Suitability
4639,97.72310498423448,Red Clay,Mashonaland Central,IIa,Dry Tropical,6.039906778895215,Carrots,17.15,Winter,87.57,Highly Suitable
4640,53.83490527713832,Sandy Soil,Matabeleland North,IV,Temperate Highland,5.0634894132682655,Carrots,12.97,Rainy Season,47.72,Low Suitability
4641,79.49346009029507,Clay Loam,Mashonaland East,IIb,Dry Tropical,6.059438659871361,Cabbage,23.37,Rainy Season,60.96,Moderately Suitable
4642,97.86507121399745,Sandy Soil,Harare,IIb,Subtropical Highland,5.883005929168332,Watermelon,24.91,Dry Season,77.5,Suitable
4643,56.76335033517272,Sandy Soil,Mashonaland East,IIa,Semi-Arid,5.693219684843342,Carrots,15.77,Rainy Season,49.11,Low Suitability
4644,91.83449768076278,Sandy Soil,Mashonaland West,III,Subtropical Highland,5.5093216788610215,Finger Millet,1.78,Rainy Season,88.86,Highly Suitable
4645,89.20636169965744,Clay Soil,Mashonaland East,IIa,Humid Subtropical,5.392406751631697,Cabbage,28.33,Hot Dry Season,56.54,Moderately Suitable
4646,94.80876000844704,Sandy Loam,Mashonaland Central,IIb,Subtropical Highland,5.446398901913836,Onions,24.36,Winter,73.55,Suitable
4647,70.757721745827,Clay Soil,Harare,IIb,Temperate Highland,6.417642919906034,Sugar Beans,1.65,Winter,63.7,Moderately Suitable
4648,71.60864910668937,Clay Soil,Harare,IIb,Humid Subtropical,5.659253322005871,Sunflower,1.33,Hot Dry Season,68.06,Suitable
4649,85.10973766955864,Sandy Loam,Harare,IIb,Humid Subtropical,6.663168627152301,Cowpeas,1.0,Hot Dry Season,86.44,Highly Suitable
4650,48.278840666714046,Sandy Loam,Midlands,IV,Temperate Highland,6.301833040546605,Groundnuts,1.37,Cool Dry Season,59.83,Moderately Suitable
4651,86.17823832867714,Loam,Mashonaland Central,IIa,Humid Subtropical,7.080344983589518,Finger Millet,1.95,Hot Dry Season,75.41,Suitable
4652,51.870831335920286,Sandy Loam,Matabeleland North,IV,Temperate Highland,5.339092767915563,Cowpeas,1.25,Cool Dry Season,52.96,Moderately Suitable
4653,51.038104003865854,Loam,Matabeleland South,V,Semi-Arid,5.832416415013376,Coffee,1.03,Cool Dry Season,59.69,Moderately Suitable
4654,41.16885671224021,Sandy Loam,Midlands,IV,Semi-Arid,6.171682200140178,Paprika,2.25,Rainy Season,51.48,Moderately Suitable
4655,62.720903638062,Sandy Soil,Mashonaland Central,III,Semi-Arid,5.493338972595667,Tomatoes,23.63,Rainy Season,31.09,Not Suitable
4656,73.31651018558372,Clay Loam,Mashonaland Central,IIa,Subtropical Highland,6.38930183143275,Groundnuts,1.58,Rainy Season,89.13,Highly Suitable
4657,92.43856146440473,Loam,Mashonaland West,IIa,Semi-Arid,6.560457306454789,Macadamia Nuts,1.88,Winter,46.75,Low Suitability
4658,100.0,Silty Loam,Mashonaland East,IIa,Dry Tropical,4.344338216228406,Wheat,4.45,Winter,74.19,Suitable
4659,34.341885898544604,Red Clay,Midlands,III,Temperate Highland,5.883157516688876,Finger Millet,1.79,Rainy Season,57.5,Moderately Suitable
4660,100.0,Red Clay,Mashonaland East,IIa,Temperate Highland,6.573651619024679,Tomatoes,28.62,Rainy Season,67.45,Suitable
4661,42.073492757707726,Loam,Matabeleland South,IV,Humid Subtropical,5.955984652257305,Cotton,1.71,Rainy Season,55.29,Moderately Suitable
4662,87.19883794949422,Sandy Soil,Manicaland,IIa,Temperate Highland,5.896358210264295,Dry Beans,1.66,Rainy Season,81.35,Highly Suitable
4663,81.67416393174128,Silty Loam,Mashonaland West,III,Subtropical Highland,5.58835736757873,Cowpeas,1.2,Winter,81.45,Highly Suitable
4664,70.42312702261523,Clay Loam,Mashonaland West,III,Subtropical Highland,7.365207727470872,Macadamia Nuts,1.57,Hot Dry Season,37.24,Low Suitability
4665,69.35480435853002,Sandy Soil,Midlands,III,Subtropical Highland,5.301926292174973,Sweet Potatoes,8.82,Rainy Season,62.95,Moderately Suitable
4666,15.218875475934773,Loam,Masvingo,V,Humid Subtropical,5.686849401897542,Wheat,3.84,Hot Dry Season,52.85,Moderately Suitable
4667,60.33207120975503,Clay Loam,Midlands,IV,Humid Subtropical,6.190084791363849,Wheat,3.88,Winter,55.8,Moderately Suitable
4668,46.155577818033315,Loam,Manicaland,III,Humid Subtropical,5.544616989406514,Potatoes,15.19,Cool Dry Season,54.83,Moderately Suitable
4669,26.206096659624876,Sandy Loam,Masvingo,V,Temperate Highland,6.203604715161455,Watermelon,19.21,Rainy Season,50.35,Moderately Suitable
4670,69.44766676681058,Silty Loam,Manicaland,III,Subtropical Highland,5.669023246008237,Soybeans,1.87,Winter,52.26,Moderately Suitable
4671,79.92296556226421,Loam,Mashonaland West,III,Temperate Highland,4.536393371111812,Groundnuts,1.23,Dry Season,63.16,Moderately Suitable
4672,62.67110223325286,Clay Soil,Matabeleland North,IV,Semi-Arid,6.133796000346192,Cotton,1.55,Rainy Season,61.76,Moderately Suitable
4673,69.24184199137245,Clay Soil,Mashonaland East,IIa,Humid Subtropical,7.4150418901299755,Coffee,0.83,Hot Dry Season,29.45,Not Suitable
4674,80.4982983368633,Sandy Loam,Harare,IIa,Humid Subtropical,7.079264662222327,Onions,18.53,Hot Dry Season,70.87,Suitable
4675,78.32675840373193,Red Clay,Mashonaland Central,III,Humid Subtropical,6.596000031143761,Soybeans,1.74,Hot Dry Season,68.82,Suitable
4676,95.52191147910527,Sandy Loam,Manicaland,IIa,Subtropical Highland,6.183261041247468,Tobacco,1.95,Hot Dry Season,80.38,Highly Suitable
4677,96.25011309588825,Sandy Soil,Manicaland,IIa,Semi-Arid,5.206454532162147,Sugar Beans,1.34,Winter,67.53,Suitable
4678,47.79678193891728,Sandy Loam,Midlands,IV,Dry Tropical,5.120182254079653,Sweet Potatoes,6.88,Winter,45.53,Low Suitability
4679,100.0,Loam,Manicaland,IIa,Dry Tropical,6.20798608133375,Potatoes,20.01,Cool Dry Season,80.91,Highly Suitable
4680,37.28110318753555,Sandy Loam,Matabeleland South,IV,Temperate Highland,6.4238467908930295,Sorghum,1.66,Rainy Season,60.86,Moderately Suitable
4681,69.26332521296877,Clay Loam,Midlands,IV,Humid Subtropical,5.887570143683715,Onions,14.03,Rainy Season,55.02,Moderately Suitable
4682,67.69542572629112,Loam,Harare,IIb,Dry Tropical,7.045152195525958,Pearl Millet,1.77,Cool Dry Season,88.17,Highly Suitable
4683,31.586277014947356,Sandy Soil,Masvingo,IV,Temperate Highland,6.260552937251756,Sunflower,1.38,Winter,55.05,Moderately Suitable
4684,43.01567500069174,Sandy Soil,Matabeleland South,IV,Dry Tropical,6.1734212315167865,Paprika,2.0,Hot Dry Season,48.99,Low Suitability
4685,46.47582065065658,Sandy Loam,Matabeleland South,IV,Temperate Highland,7.001506706596343,Pearl Millet,1.92,Hot Dry Season,61.67,Moderately Suitable
4686,79.51581273627109,Sandy Loam,Midlands,III,Subtropical Highland,7.199914870951076,Watermelon,26.52,Cool Dry Season,73.33,Suitable
4687,67.37130039295923,Sandy Soil,Midlands,IV,Semi-Arid,6.386893600811343,Cowpeas,1.37,Winter,91.99,Highly Suitable
4688,74.09968378561167,Silty Loam,Mashonaland Central,IIb,Temperate Highland,7.645304717716139,Pearl Millet,1.61,Rainy Season,87.88,Highly Suitable
4689,91.3768745979825,Clay Loam,Harare,IIa,Dry Tropical,6.514818823061149,Onions,20.97,Hot Dry Season,71.93,Suitable
4690,60.86103559698114,Clay Soil,Matabeleland South,IV,Humid Subtropical,6.318800656067558,Onions,17.98,Hot Dry Season,61.87,Moderately Suitable
4691,72.80357599671302,Clay Soil,Mashonaland Central,III,Humid Subtropical,5.2123603678567205,Sugar Beans,1.46,Dry Season,51.26,Moderately Suitable
4692,67.28284946367859,Red Clay,Midlands,III,Subtropical Highland,6.515425551932422,Cotton,1.84,Winter,65.7,Suitable
4693,95.97610765138853,Red Clay,Mashonaland East,IIb,Dry Tropical,6.549307042774643,Sugar Beans,1.48,Dry Season,81.55,Highly Suitable
4694,88.46693746365159,Silty Loam,Mashonaland Central,IIb,Dry Tropical,4.2,Paprika,2.13,Cool Dry Season,71.88,Suitable
4695,56.40613874604009,Clay Loam,Matabeleland South,IV,Subtropical Highland,6.746329211086086,Cabbage,26.52,Dry Season,66.98,Suitable
4696,46.683014712752716,Silty Loam,Matabeleland North,IV,Semi-Arid,6.2954000493098805,Paprika,1.95,Dry Season,58.25,Moderately Suitable
4697,44.618760254081565,Silty Loam,Matabeleland North,III,Semi-Arid,6.264040606637156,Groundnuts,1.38,Cool Dry Season,64.31,Moderately Suitable
4698,43.26974681032768,Clay Soil,Masvingo,IV,Humid Subtropical,6.409499873338441,Groundnuts,1.34,Cool Dry Season,56.01,Moderately Suitable
4699,29.513379064541393,Sandy Soil,Matabeleland South,IV,Dry Tropical,5.9493459837195015,Carrots,14.31,Dry Season,43.71,Low Suitability
4700,70.57326002013552,Sandy Loam,Harare,IIb,Dry Tropical,5.864935453459306,Coffee,1.01,Cool Dry Season,55.72,Moderately Suitable
4701,69.95539875740428,Clay Loam,Mashonaland Central,III,Subtropical Highland,4.2,Carrots,17.13,Dry Season,60.1,Moderately Suitable
4702,41.84373456616596,Red Clay,Matabeleland North,IV,Semi-Arid,7.829466789046567,Finger Millet,1.02,Dry Season,34.89,Not Suitable
4703,32.38033037471533,Loam,Midlands,IV,Dry Tropical,6.61346377332565,Coffee,0.88,Winter,39.22,Low Suitability
4704,30.04358465912796,Red Clay,Masvingo,V,Subtropical Highland,6.8768413839974745,Dry Beans,0.94,Cool Dry Season,49.46,Low Suitability
4705,85.20799940962688,Loam,Mashonaland East,IIa,Dry Tropical,6.807470576340989,Cowpeas,1.42,Rainy Season,97.75,Highly Suitable
4706,46.640762642560375,Clay Soil,Matabeleland North,IV,Dry Tropical,5.020977529146675,Wheat,3.5,Cool Dry Season,41.62,Low Suitability
4707,63.887938321450434,Loam,Mashonaland Central,III,Humid Subtropical,6.587318751468823,Cotton,1.86,Winter,69.38,Suitable
4708,52.580014778411396,Sandy Loam,Matabeleland North,IV,Humid Subtropical,6.847462409228268,Wheat,3.62,Cool Dry Season,62.36,Moderately Suitable
4709,32.82272448283517,Clay Loam,Masvingo,V,Subtropical Highland,5.729607591911233,Cowpeas,1.01,Hot Dry Season,64.29,Moderately Suitable
4710,65.7091225187042,Clay Loam,Mashonaland Central,IIb,Semi-Arid,5.919004266501559,Onions,18.45,Dry Season,51.51,Moderately Suitable
4711,75.29013717488381,Clay Soil,Mashonaland Central,IIb,Semi-Arid,6.668773660914007,Dry Beans,1.2,Winter,73.25,Suitable
4712,74.18656481224757,Sandy Soil,Matabeleland North,IV,Humid Subtropical,4.241061390786871,Sunflower,1.42,Dry Season,52.81,Moderately Suitable
4713,58.1133669588529,Clay Loam,Matabeleland North,III,Dry Tropical,5.434751564592822,Wheat,3.34,Hot Dry Season,41.69,Low Suitability
4714,76.53837794668785,Red Clay,Mashonaland Central,IIa,Temperate Highland,5.443012772842808,Potatoes,15.02,Hot Dry Season,60.18,Moderately Suitable
4715,69.71118580767816,Clay Loam,Harare,IIa,Humid Subtropical,7.039440439071502,Tomatoes,27.73,Dry Season,64.09,Moderately Suitable
4716,86.60840955544305,Clay Soil,Mashonaland East,IIa,Temperate Highland,6.237013780420444,Sorghum,2.23,Dry Season,89.54,Highly Suitable
4717,56.23333473637544,Red Clay,Matabeleland North,III,Dry Tropical,5.926401836630121,Macadamia Nuts,1.68,Winter,58.54,Moderately Suitable
4718,67.01937297087338,Sandy Soil,Matabeleland North,IV,Dry Tropical,6.7520833838639795,Soybeans,1.85,Hot Dry Season,49.59,Low Suitability
4719,84.01270154795331,Loam,Mashonaland West,IIb,Semi-Arid,5.012806019897593,Dry Beans,1.26,Winter,57.22,Moderately Suitable
4720,67.53308612782234,Clay Loam,Mashonaland West,IIb,Temperate Highland,6.471541945655721,Watermelon,22.8,Rainy Season,73.77,Suitable
4721,45.71636673984705,Red Clay,Masvingo,IV,Subtropical Highland,6.494852704911532,Cabbage,20.47,Rainy Season,57.27,Moderately Suitable
4722,45.88193775079354,Clay Soil,Matabeleland North,IV,Temperate Highland,6.58220656269635,Maize,4.06,Hot Dry Season,51.29,Moderately Suitable
4723,78.06734311757855,Silty Loam,Mashonaland East,IIa,Humid Subtropical,6.437568960410937,Soybeans,2.02,Rainy Season,72.36,Suitable
4724,57.56240775313068,Loam,Midlands,III,Semi-Arid,6.284779641970796,Cabbage,19.26,Rainy Season,48.9,Low Suitability
4725,98.59428228083033,Clay Loam,Mashonaland East,IIa,Temperate Highland,5.905846046779101,Onions,21.31,Hot Dry Season,88.17,Highly Suitable
4726,90.65351762030186,Clay Soil,Matabeleland North,III,Subtropical Highland,6.369644802135044,Watermelon,25.55,Cool Dry Season,92.2,Highly Suitable
4727,69.41577608836954,Loam,Masvingo,III,Dry Tropical,6.968599524389428,Cabbage,25.82,Hot Dry Season,57.19,Moderately Suitable
4728,89.23411168942582,Loam,Midlands,III,Humid Subtropical,6.904043526262739,Onions,19.77,Rainy Season,90.88,Highly Suitable
4729,33.420342453022656,Sandy Soil,Matabeleland South,V,Semi-Arid,7.032538381116243,Soybeans,1.86,Rainy Season,55.7,Moderately Suitable
4730,70.20503726013348,Sandy Soil,Masvingo,III,Subtropical Highland,7.544473221856135,Soybeans,1.63,Hot Dry Season,45.24,Low Suitability
4731,58.93880653252359,Clay Soil,Mashonaland West,III,Humid Subtropical,5.765858285158666,Sunflower,1.56,Hot Dry Season,60.0,Moderately Suitable
4732,96.9720312328258,Clay Soil,Mashonaland East,IIa,Humid Subtropical,6.147486583899415,Soybeans,2.41,Cool Dry Season,72.85,Suitable
4733,93.32503640309187,Silty Loam,Mashonaland West,IIa,Dry Tropical,6.606017495490265,Potatoes,16.43,Rainy Season,56.46,Moderately Suitable
4734,67.60932183002494,Clay Loam,Manicaland,III,Semi-Arid,6.653924244823664,Tobacco,2.1,Cool Dry Season,60.78,Moderately Suitable
4735,59.44500312750921,Red Clay,Masvingo,IV,Humid Subtropical,5.6207990534716,Dry Beans,1.56,Rainy Season,53.57,Moderately Suitable
4736,48.780237684755875,Red Clay,Masvingo,IV,Subtropical Highland,4.583136200200822,Onions,16.57,Cool Dry Season,29.18,Not Suitable
4737,22.65758109536153,Silty Loam,Matabeleland South,V,Dry Tropical,6.196803850865918,Cotton,1.82,Rainy Season,62.12,Moderately Suitable
4738,85.73333779112393,Silty Loam,Harare,IIa,Dry Tropical,6.914988440553443,Macadamia Nuts,1.93,Hot Dry Season,46.21,Low Suitability
4739,71.05371273183434,Sandy Loam,Harare,IIb,Temperate Highland,5.106524849933056,Pumpkin,11.98,Rainy Season,62.26,Moderately Suitable
4740,11.53184557677426,Clay Soil,Matabeleland South,V,Subtropical Highland,5.467412325218074,Paprika,1.93,Cool Dry Season,43.26,Low Suitability
4741,70.64272787439873,Clay Soil,Mashonaland Central,IIa,Temperate Highland,6.296025655728485,Tea,2.11,Dry Season,37.82,Low Suitability
4742,47.86360618504668,Sandy Soil,Mashonaland West,III,Semi-Arid,5.680059459761294,Tomatoes,23.23,Hot Dry Season,44.91,Low Suitability
4743,71.59184459813905,Sandy Soil,Mashonaland West,IIb,Semi-Arid,5.255983972737257,Cotton,1.77,Hot Dry Season,56.86,Moderately Suitable
4744,70.84849416623992,Red Clay,Harare,IIb,Humid Subtropical,6.5080226772124306,Tomatoes,27.03,Cool Dry Season,65.55,Suitable
4745,97.54263173924141,Red Clay,Manicaland,IIa,Subtropical Highland,6.921594688089627,Tobacco,2.11,Rainy Season,75.94,Suitable
4746,86.26794450248626,Silty Loam,Mashonaland West,IIb,Dry Tropical,6.799577554374359,Pumpkin,10.86,Rainy Season,87.96,Highly Suitable
4747,25.14710450629348,Clay Soil,Matabeleland South,V,Humid Subtropical,6.235907540442216,Tea,1.99,Rainy Season,44.41,Low Suitability
4748,57.55350683178215,Clay Loam,Matabeleland North,III,Temperate Highland,5.7836564981785985,Sorghum,2.08,Winter,74.03,Suitable
4749,70.69235093598888,Sandy Loam,Matabeleland North,III,Dry Tropical,5.9674746619241485,Dry Beans,1.57,Dry Season,60.67,Moderately Suitable
4750,83.22885911173219,Silty Loam,Manicaland,IIa,Temperate Highland,5.812165432360762,Tobacco,1.85,Cool Dry Season,65.98,Suitable
4751,43.3455665174935,Clay Loam,Masvingo,V,Semi-Arid,6.09176444790836,Soybeans,2.05,Rainy Season,61.93,Moderately Suitable
4752,49.96155017935315,Loam,Midlands,IV,Subtropical Highland,7.382578307628295,Tomatoes,26.88,Winter,55.03,Moderately Suitable
4753,85.73757644472138,Sandy Loam,Mashonaland East,IIb,Humid Subtropical,6.608031590170775,Sugar Beans,1.5,Hot Dry Season,73.37,Suitable
4754,45.275532505193894,Red Clay,Masvingo,III,Subtropical Highland,5.409166641987055,Maize,3.86,Rainy Season,43.62,Low Suitability
4755,84.9240317159239,Red Clay,Mashonaland West,IIb,Dry Tropical,5.494978636135252,Sugar Beans,1.29,Rainy Season,67.02,Suitable
4756,68.96691975001215,Silty Loam,Mashonaland East,IIb,Dry Tropical,5.0396401501794585,Pearl Millet,1.67,Hot Dry Season,71.34,Suitable
4757,93.15756074259137,Sandy Loam,Harare,IIb,Semi-Arid,5.91093785889055,Cotton,1.61,Cool Dry Season,85.45,Highly Suitable
4758,15.871795851699794,Red Clay,Matabeleland South,V,Humid Subtropical,6.510239134007413,Pumpkin,10.65,Cool Dry Season,55.74,Moderately Suitable
4759,49.33233712486185,Clay Loam,Midlands,III,Humid Subtropical,5.767384993656962,Soybeans,1.92,Cool Dry Season,39.81,Low Suitability
4760,76.32611995801176,Red Clay,Mashonaland West,IIb,Temperate Highland,6.080548072706988,Maize,3.49,Winter,58.22,Moderately Suitable
4761,69.32647186792998,Red Clay,Mashonaland Central,IIb,Semi-Arid,7.332937538779297,Groundnuts,1.55,Rainy Season,75.87,Suitable
4762,65.64629327621296,Red Clay,Mashonaland West,III,Dry Tropical,7.474136924839142,Watermelon,23.01,Rainy Season,61.59,Moderately Suitable
4763,40.01814343353519,Loam,Matabeleland South,V,Subtropical Highland,6.040476117131258,Sorghum,1.66,Hot Dry Season,60.29,Moderately Suitable
4764,93.84416677343995,Red Clay,Harare,IIa,Semi-Arid,6.53997577481593,Potatoes,17.25,Dry Season,69.75,Suitable
4765,34.10734250925642,Clay Soil,Matabeleland South,V,Semi-Arid,6.276371159938842,Cowpeas,1.1,Rainy Season,65.28,Suitable
4766,86.46867198278896,Clay Soil,Harare,IIb,Semi-Arid,6.238910546971274,Tomatoes,25.6,Dry Season,77.62,Suitable
4767,70.51788379721873,Silty Loam,Manicaland,III,Subtropical Highland,4.447638668432124,Potatoes,17.38,Hot Dry Season,39.22,Low Suitability
4768,75.13642770244154,Red Clay,Mashonaland East,IIb,Dry Tropical,5.968614250055989,Potatoes,20.38,Winter,68.05,Suitable
4769,65.63311487599114,Silty Loam,Matabeleland North,IV,Humid Subtropical,6.275859445709426,Carrots,14.97,Rainy Season,71.72,Suitable
4770,63.11791707007656,Clay Soil,Mashonaland Central,IIb,Temperate Highland,6.951820569542747,Tomatoes,23.34,Rainy Season,48.25,Low Suitability
4771,70.3180390181931,Clay Loam,Harare,IIb,Semi-Arid,5.637121778754185,Tobacco,1.74,Dry Season,53.09,Moderately Suitable
4772,45.93587055907073,Sandy Loam,Matabeleland South,IV,Dry Tropical,5.548591631984705,Pearl Millet,1.81,Cool Dry Season,70.51,Suitable
4773,64.78559411952592,Clay Loam,Masvingo,IV,Humid Subtropical,6.881879701273207,Finger Millet,1.65,Rainy Season,83.14,Highly Suitable
4774,45.344074497283046,Clay Soil,Midlands,IV,Humid Subtropical,5.467787240471379,Pumpkin,10.96,Winter,51.84,Moderately Suitable
4775,42.28613385624886,Red Clay,Masvingo,V,Semi-Arid,5.169255741834857,Onions,13.01,Cool Dry Season,27.27,Not Suitable
4776,61.81707635860993,Clay Loam,Masvingo,IV,Humid Subtropical,7.29698708912705,Sunflower,1.65,Winter,67.42,Suitable
4777,64.50076469672008,Clay Loam,Midlands,III,Subtropical Highland,5.5300848824073965,Sweet Potatoes,9.93,Rainy Season,78.25,Suitable
4778,82.97292279926035,Sandy Soil,Harare,IIa,Dry Tropical,6.964292575992609,Sweet Potatoes,9.48,Hot Dry Season,70.26,Suitable
4779,87.63331437631217,Red Clay,Mashonaland West,IIa,Subtropical Highland,6.6438914454631925,Coffee,0.69,Cool Dry Season,36.01,Low Suitability
4780,73.00118869256697,Loam,Mashonaland East,IIa,Semi-Arid,5.287456621789348,Carrots,15.85,Dry Season,71.73,Suitable
4781,44.14285167368956,Clay Soil,Masvingo,V,Humid Subtropical,4.916396658972723,Sugar Beans,1.42,Rainy Season,30.71,Not Suitable
4782,99.44281061728445,Sandy Soil,Mashonaland West,IIa,Subtropical Highland,7.345707660342238,Cowpeas,1.06,Dry Season,76.41,Suitable
4783,67.5253114952041,Clay Loam,Matabeleland North,III,Subtropical Highland,5.802882837101207,Soybeans,2.29,Cool Dry Season,57.09,Moderately Suitable
4784,50.95774010029239,Red Clay,Masvingo,IV,Temperate Highland,5.83356022106923,Groundnuts,1.4,Winter,62.02,Moderately Suitable
4785,78.61901163447152,Silty Loam,Harare,IIa,Dry Tropical,5.615383858039259,Maize,2.96,Winter,46.8,Low Suitability
4786,90.13541342233506,Red Clay,Manicaland,I,Semi-Arid,5.670361734453889,Pumpkin,11.87,Rainy Season,88.13,Highly Suitable
4787,60.74564218704047,Silty Loam,Matabeleland North,IV,Temperate Highland,7.1530661223821275,Maize,3.29,Dry Season,48.64,Low Suitability
4788,97.01135573916906,Red Clay,Harare,IIb,Dry Tropical,6.216666317629069,Sorghum,2.35,Cool Dry Season,93.59,Highly Suitable
4789,61.64967577555282,Clay Loam,Matabeleland South,V,Temperate Highland,7.390376538465243,Tomatoes,24.15,Winter,47.93,Low Suitability
4790,60.874886017060135,Sandy Soil,Matabeleland North,III,Subtropical Highland,6.014238184466862,Coffee,0.92,Dry Season,53.65,Moderately Suitable
4791,100.0,Sandy Soil,Manicaland,I,Temperate Highland,6.760857413981878,Tobacco,1.95,Rainy Season,68.01,Suitable
4792,69.56969337848308,Loam,Matabeleland North,III,Dry Tropical,6.403397987246921,Onions,19.87,Hot Dry Season,70.54,Suitable
4793,86.32282927873281,Sandy Loam,Manicaland,I,Dry Tropical,6.12728677782024,Cabbage,22.23,Winter,67.88,Suitable
4794,78.78891787612062,Silty Loam,Mashonaland East,IIa,Temperate Highland,5.517517100050891,Pumpkin,11.49,Dry Season,73.58,Suitable
4795,51.74018643331749,Loam,Matabeleland South,IV,Subtropical Highland,7.186701938586747,Wheat,4.06,Hot Dry Season,51.81,Moderately Suitable
4796,45.1317114097306,Clay Soil,Midlands,IV,Subtropical Highland,6.644379679404426,Watermelon,23.41,Cool Dry Season,62.8,Moderately Suitable
4797,29.504600872019523,Clay Soil,Matabeleland South,V,Humid Subtropical,6.376997070414567,Cowpeas,1.23,Hot Dry Season,55.04,Moderately Suitable
4798,41.762901175857195,Silty Loam,Matabeleland North,IV,Dry Tropical,7.011505378687744,Dry Beans,1.06,Hot Dry Season,43.16,Low Suitability
4799,54.96328853671913,Sandy Soil,Harare,IIb,Humid Subtropical,5.610097550374111,Paprika,2.22,Dry Season,56.18,Moderately Suitable
4800,63.601258045573296,Red Clay,Mashonaland Central,III,Semi-Arid,4.989238304227743,Macadamia Nuts,1.99,Winter,36.91,Low Suitability
4801,86.5480995366874,Loam,Manicaland,IIa,Temperate Highland,6.862507919002558,Wheat,4.16,Hot Dry Season,85.65,Highly Suitable
4802,83.33342268535799,Sandy Soil,Harare,IIa,Subtropical Highland,6.650501812371643,Onions,16.75,Cool Dry Season,84.9,Highly Suitable
4803,77.51458458092677,Clay Soil,Mashonaland East,IIa,Semi-Arid,6.990782307432647,Potatoes,19.05,Cool Dry Season,49.48,Low Suitability
4804,100.0,Sandy Loam,Manicaland,I,Subtropical Highland,7.218809558211712,Finger Millet,1.48,Dry Season,81.9,Highly Suitable
4805,66.19672242076773,Loam,Mashonaland West,IIa,Dry Tropical,5.32249789130784,Pumpkin,9.71,Rainy Season,72.2,Suitable
4806,81.12844425082034,Sandy Soil,Mashonaland Central,IIa,Subtropical Highland,7.226220366191193,Tobacco,1.43,Rainy Season,47.77,Low Suitability
4807,60.95590702087175,Clay Loam,Matabeleland North,III,Semi-Arid,6.120051180481956,Paprika,2.31,Hot Dry Season,60.66,Moderately Suitable
4808,93.61114363193566,Red Clay,Harare,IIa,Dry Tropical,5.413668291027882,Sunflower,1.46,Rainy Season,76.69,Suitable
4809,98.17665395206211,Red Clay,Harare,IIa,Subtropical Highland,4.8007397723914105,Coffee,0.94,Rainy Season,46.26,Low Suitability
4810,67.90552175634421,Clay Soil,Harare,IIa,Temperate Highland,6.505078840693968,Potatoes,12.72,Hot Dry Season,50.87,Moderately Suitable
4811,35.84207864099227,Red Clay,Masvingo,IV,Semi-Arid,6.7925903294662495,Pumpkin,8.48,Dry Season,46.01,Low Suitability
4812,80.90903913531201,Silty Loam,Mashonaland Central,IIa,Subtropical Highland,6.543373988721074,Watermelon,25.94,Rainy Season,94.17,Highly Suitable
4813,96.2056110159524,Sandy Soil,Mashonaland East,IIb,Subtropical Highland,7.392619027648626,Macadamia Nuts,1.48,Dry Season,39.85,Low Suitability
4814,24.938507917574576,Clay Loam,Matabeleland South,V,Subtropical Highland,6.472896258559119,Tobacco,1.41,Dry Season,47.64,Low Suitability
4815,60.096824656476514,Red Clay,Manicaland,I,Semi-Arid,5.530941203571167,Sunflower,1.21,Rainy Season,63.95,Moderately Suitable
4816,74.12056490094947,Sandy Loam,Midlands,III,Dry Tropical,5.531212943469036,Sunflower,1.45,Rainy Season,70.02,Suitable
4817,82.76088525878528,Sandy Loam,Harare,IIa,Humid Subtropical,6.479737552972251,Sorghum,2.41,Rainy Season,87.93,Highly Suitable
4818,60.76096653313571,Clay Loam,Midlands,III,Dry Tropical,6.847470536608685,Macadamia Nuts,1.62,Hot Dry Season,40.86,Low Suitability
4819,78.44666288388242,Clay Loam,Midlands,IV,Humid Subtropical,6.117622214579786,Groundnuts,1.42,Hot Dry Season,94.95,Highly Suitable
4820,43.28038260480112,Clay Loam,Mashonaland Central,III,Humid Subtropical,7.810583875315942,Tea,1.76,Cool Dry Season,41.21,Low Suitability
4821,33.144296773689035,Silty Loam,Matabeleland North,IV,Dry Tropical,6.09016107110835,Pumpkin,11.23,Cool Dry Season,50.79,Moderately Suitable
4822,93.43047588326587,Sandy Loam,Harare,IIa,Subtropical Highland,5.787266960500587,Paprika,2.54,Winter,92.44,Highly Suitable
4823,46.42192338064023,Clay Soil,Matabeleland North,IV,Semi-Arid,7.300780439847689,Sorghum,2.25,Cool Dry Season,58.04,Moderately Suitable
4824,43.962467258199375,Loam,Midlands,IV,Semi-Arid,6.002336853467247,Paprika,1.81,Winter,45.83,Low Suitability
4825,75.27707043326261,Clay Loam,Manicaland,III,Semi-Arid,7.081185104299397,Potatoes,16.67,Rainy Season,43.95,Low Suitability
4826,21.70970580861371,Red Clay,Masvingo,V,Humid Subtropical,7.739793935990201,Cotton,1.4,Cool Dry Season,46.29,Low Suitability
4827,72.15754512768459,Sandy Soil,Mashonaland East,IIb,Dry Tropical,5.913715677284336,Pearl Millet,1.98,Dry Season,80.91,Highly Suitable
4828,61.3342202622581,Red Clay,Mashonaland West,IIb,Temperate Highland,6.970588763403625,Cowpeas,1.23,Dry Season,76.22,Suitable
4829,56.850427682621195,Sandy Loam,Matabeleland North,III,Semi-Arid,5.378205480651461,Onions,16.5,Hot Dry Season,40.09,Low Suitability
4830,82.06967351718654,Sandy Soil,Mashonaland Central,IIb,Dry Tropical,7.2197019338935355,Pearl Millet,1.87,Cool Dry Season,84.81,Highly Suitable
4831,83.46422582759868,Loam,Manicaland,IIa,Subtropical Highland,5.006868273852416,Cotton,1.55,Dry Season,66.46,Suitable
4832,57.68404471035254,Loam,Mashonaland Central,III,Semi-Arid,5.419927204422626,Tea,2.02,Cool Dry Season,57.91,Moderately Suitable
4833,68.59172549958907,Sandy Soil,Mashonaland East,IIa,Humid Subtropical,6.085388602604909,Sugar Beans,1.43,Hot Dry Season,61.2,Moderately Suitable
4834,82.42039879499097,Loam,Mashonaland East,IIa,Subtropical Highland,6.111217090397632,Paprika,2.28,Hot Dry Season,83.0,Highly Suitable
4835,47.50087641504409,Sandy Soil,Midlands,IV,Humid Subtropical,7.795719474950609,Groundnuts,1.26,Winter,31.78,Not Suitable
4836,91.11601972921535,Loam,Mashonaland East,IIa,Dry Tropical,7.664926834176236,Cabbage,17.39,Dry Season,66.19,Suitable
4837,97.15668941527971,Sandy Loam,Mashonaland West,IIb,Temperate Highland,7.343427982181424,Macadamia Nuts,1.55,Rainy Season,48.24,Low Suitability
4838,60.46757841502081,Silty Loam,Mashonaland East,IIb,Dry Tropical,5.504854800928637,Pearl Millet,1.65,Rainy Season,82.9,Highly Suitable
4839,39.965599101533094,Loam,Midlands,IV,Semi-Arid,4.773517705910983,Sorghum,1.74,Hot Dry Season,52.36,Moderately Suitable
4840,36.33119584896211,Sandy Soil,Matabeleland South,V,Humid Subtropical,6.606570112252017,Tobacco,1.62,Cool Dry Season,41.36,Low Suitability
4841,51.95645448248669,Clay Soil,Mashonaland West,III,Subtropical Highland,6.400920425434645,Tea,1.51,Winter,38.41,Low Suitability
4842,46.16825337695917,Clay Loam,Masvingo,IV,Subtropical Highland,6.863136339682676,Tea,1.59,Hot Dry Season,31.57,Not Suitable
4843,54.63067840360286,Clay Loam,Mashonaland West,III,Temperate Highland,4.593705258672266,Potatoes,14.06,Rainy Season,29.75,Not Suitable
4844,98.08735345693117,Silty Loam,Harare,IIb,Semi-Arid,6.1291560959228075,Finger Millet,1.8,Rainy Season,94.92,Highly Suitable
4845,100.0,Sandy Soil,Mashonaland West,IIa,Semi-Arid,5.871785141978352,Cabbage,25.74,Rainy Season,60.9,Moderately Suitable
4846,88.53031141743551,Loam,Harare,IIa,Humid Subtropical,5.409950060436629,Maize,3.35,Dry Season,55.84,Moderately Suitable
4847,64.97977946695794,Silty Loam,Manicaland,III,Temperate Highland,6.476128240669878,Groundnuts,1.25,Dry Season,73.1,Suitable
4848,51.40359733925035,Sandy Soil,Mashonaland Central,III,Humid Subtropical,5.799574017310762,Carrots,16.68,Dry Season,57.0,Moderately Suitable
4849,84.70995783680443,Sandy Loam,Manicaland,I,Humid Subtropical,5.06247705417889,Pearl Millet,2.02,Dry Season,80.17,Highly Suitable
4850,89.40326552161153,Silty Loam,Mashonaland West,IIb,Dry Tropical,6.561045790590041,Paprika,2.83,Rainy Season,94.24,Highly Suitable
4851,79.92600265743486,Red Clay,Mashonaland West,IIb,Subtropical Highland,5.50811137333684,Carrots,18.84,Dry Season,68.72,Suitable
4852,65.81950781260564,Sandy Loam,Manicaland,III,Semi-Arid,7.087113167197215,Sugar Beans,1.62,Winter,64.53,Moderately Suitable
4853,59.29369809980118,Clay Soil,Midlands,III,Temperate Highland,6.486276139645907,Paprika,2.0,Hot Dry Season,70.46,Suitable
4854,48.9316175457001,Sandy Soil,Midlands,III,Semi-Arid,5.884559696204095,Sugar Beans,1.51,Cool Dry Season,48.51,Low Suitability
4855,42.98843735795898,Sandy Loam,Matabeleland North,IV,Dry Tropical,6.3808056012373235,Coffee,0.83,Dry Season,42.13,Low Suitability
4856,61.80032313231149,Sandy Soil,Mashonaland Central,III,Semi-Arid,7.134977873398771,Tea,2.14,Cool Dry Season,22.11,Not Suitable
4857,45.270772351337484,Silty Loam,Matabeleland South,V,Dry Tropical,7.427995718390469,Finger Millet,1.42,Rainy Season,56.95,Moderately Suitable
4858,60.01370496435496,Red Clay,Masvingo,III,Subtropical Highland,6.03188228563654,Tobacco,2.14,Hot Dry Season,59.98,Moderately Suitable
4859,93.67893797722232,Sandy Loam,Mashonaland East,IIa,Dry Tropical,7.4490821364095225,Dry Beans,1.47,Cool Dry Season,77.66,Suitable
4860,88.02001577436974,Sandy Loam,Mashonaland Central,IIa,Humid Subtropical,6.122425418038852,Potatoes,21.25,Cool Dry Season,67.85,Suitable
4861,47.374940632227286,Sandy Loam,Midlands,IV,Dry Tropical,6.967471970337137,Finger Millet,1.32,Hot Dry Season,61.41,Moderately Suitable
4862,83.56841583772554,Clay Soil,Harare,IIb,Semi-Arid,5.921380853371344,Sweet Potatoes,8.62,Dry Season,81.17,Highly Suitable
4863,86.84202645374693,Loam,Mashonaland East,IIa,Temperate Highland,5.461724375199572,Wheat,4.76,Dry Season,75.47,Suitable
4864,49.917209715968426,Clay Soil,Masvingo,IV,Subtropical Highland,5.17097181519271,Tea,2.05,Winter,54.32,Moderately Suitable
4865,47.28944258314791,Clay Loam,Matabeleland North,IV,Temperate Highland,4.911438244799344,Paprika,2.48,Dry Season,41.72,Low Suitability
4866,92.59388374742711,Clay Soil,Mashonaland West,IIa,Humid Subtropical,5.96796853924493,Cabbage,20.54,Hot Dry Season,59.73,Moderately Suitable
4867,61.149218990001,Sandy Loam,Masvingo,III,Dry Tropical,6.233694235879412,Carrots,16.12,Winter,63.66,Moderately Suitable
4868,50.82600718378712,Sandy Soil,Masvingo,III,Temperate Highland,5.397281843622797,Paprika,2.36,Rainy Season,39.5,Low Suitability
4869,100.0,Sandy Soil,Mashonaland Central,IIa,Subtropical Highland,7.660956543419736,Maize,3.68,Hot Dry Season,54.07,Moderately Suitable
4870,29.388963355918897,Sandy Soil,Masvingo,IV,Humid Subtropical,6.164087138976833,Soybeans,1.7,Dry Season,52.09,Moderately Suitable
4871,82.44832615391432,Red Clay,Matabeleland North,III,Temperate Highland,6.036057428412622,Groundnuts,1.27,Hot Dry Season,84.68,Highly Suitable
4872,71.97201887843468,Red Clay,Mashonaland East,IIb,Temperate Highland,4.751819359395942,Watermelon,20.58,Rainy Season,60.51,Moderately Suitable
4873,63.31915038933418,Clay Loam,Manicaland,IIa,Humid Subtropical,6.373494296673406,Sorghum,2.03,Dry Season,80.93,Highly Suitable
4874,70.30792140232094,Clay Loam,Mashonaland Central,IIb,Humid Subtropical,6.2371683621174165,Finger Millet,1.78,Winter,87.59,Highly Suitable
4875,32.60917051967145,Sandy Loam,Masvingo,V,Temperate Highland,6.122878659238481,Sorghum,1.75,Winter,51.77,Moderately Suitable
4876,20.440988693807807,Loam,Matabeleland South,V,Humid Subtropical,6.143449627054385,Maize,4.18,Cool Dry Season,54.29,Moderately Suitable
4877,77.90597366198207,Clay Soil,Mashonaland West,IIa,Humid Subtropical,7.232569027900771,Wheat,4.1,Winter,66.16,Suitable
4878,74.77360709338272,Sandy Loam,Mashonaland East,IIb,Dry Tropical,5.767774381393589,Sorghum,1.87,Dry Season,84.6,Highly Suitable
4879,99.59908187669944,Red Clay,Mashonaland East,IIb,Dry Tropical,6.317154270923024,Macadamia Nuts,1.86,Hot Dry Season,63.79,Moderately Suitable
4880,100.0,Clay Loam,Mashonaland East,IIb,Temperate Highland,7.075155376119053,Coffee,1.05,Dry Season,43.41,Low Suitability
4881,62.97897537592728,Red Clay,Mashonaland West,III,Semi-Arid,5.441366228098213,Paprika,2.37,Dry Season,59.49,Moderately Suitable
4882,64.3264689536633,Loam,Midlands,III,Humid Subtropical,5.864746956893847,Cabbage,20.75,Cool Dry Season,51.31,Moderately Suitable
4883,80.78178114128008,Sandy Loam,Manicaland,IIa,Dry Tropical,5.892326760629545,Cowpeas,1.2,Winter,85.99,Highly Suitable
4884,31.421100802144615,Sandy Loam,Matabeleland South,V,Semi-Arid,6.064863827547249,Coffee,1.21,Dry Season,52.33,Moderately Suitable
4885,93.90170716377749,Sandy Loam,Harare,IIb,Temperate Highland,6.118896739305087,Carrots,15.75,Cool Dry Season,88.16,Highly Suitable
4886,79.42889564259131,Red Clay,Mashonaland West,IIa,Temperate Highland,6.053931150452829,Tea,1.82,Rainy Season,42.96,Low Suitability
4887,70.4760251652523,Clay Loam,Matabeleland North,III,Humid Subtropical,6.018320123501332,Sugar Beans,1.57,Rainy Season,73.15,Suitable
4888,39.42594898934088,Red Clay,Matabeleland South,IV,Humid Subtropical,6.575588731098106,Sweet Potatoes,8.29,Rainy Season,56.38,Moderately Suitable
4889,51.68076593979033,Loam,Midlands,IV,Humid Subtropical,7.416110486095996,Cotton,1.32,Cool Dry Season,48.9,Low Suitability
4890,62.688279988703684,Sandy Loam,Mashonaland West,IIa,Humid Subtropical,5.872718662969464,Cowpeas,1.14,Hot Dry Season,75.33,Suitable
4891,59.47473559607112,Sandy Loam,Manicaland,III,Temperate Highland,6.1284502471955555,Watermelon,29.46,Rainy Season,73.45,Suitable
4892,95.6632922603748,Silty Loam,Mashonaland West,IIa,Semi-Arid,6.33887446657551,Potatoes,17.72,Winter,75.38,Suitable
4893,65.0027835827371,Red Clay,Matabeleland North,III,Humid Subtropical,4.644439437038114,Watermelon,21.6,Dry Season,51.07,Moderately Suitable
4894,54.15141875265414,Red Clay,Manicaland,IIa,Dry Tropical,6.270482979820564,Pearl Millet,2.13,Rainy Season,81.18,Highly Suitable
4895,51.22756691025995,Loam,Midlands,IV,Temperate Highland,7.5222192251162605,Soybeans,1.63,Cool Dry Season,39.54,Low Suitability
4896,64.0827495280547,Silty Loam,Matabeleland North,III,Subtropical Highland,6.885443471674954,Pearl Millet,1.67,Cool Dry Season,87.81,Highly Suitable
4897,45.82598719629361,Clay Loam,Masvingo,IV,Humid Subtropical,5.293769060809104,Sorghum,2.07,Hot Dry Season,59.17,Moderately Suitable
4898,64.08503135065523,Clay Loam,Manicaland,III,Humid Subtropical,6.02719985503457,Sorghum,1.78,Cool Dry Season,77.78,Suitable
4899,21.256673746440775,Sandy Loam,Matabeleland South,V,Dry Tropical,7.272796893168618,Paprika,2.17,Rainy Season,56.39,Moderately Suitable
4900,14.447813158670897,Clay Loam,Matabeleland South,V,Semi-Arid,6.510236694364227,Sunflower,1.34,Winter,54.19,Moderately Suitable
4901,70.03296706151642,Clay Loam,Mashonaland West,IIb,Dry Tropical,6.185437686175641,Maize,3.07,Dry Season,48.32,Low Suitability
4902,45.68589708515205,Silty Loam,Matabeleland South,IV,Subtropical Highland,6.507362657347828,Onions,18.71,Rainy Season,60.39,Moderately Suitable
4903,83.72608375970711,Sandy Loam,Manicaland,I,Humid Subtropical,5.560847444808206,Groundnuts,1.57,Hot Dry Season,90.79,Highly Suitable
4904,46.30999006234508,Sandy Loam,Midlands,III,Subtropical Highland,6.3883749394950895,Tobacco,1.56,Rainy Season,53.98,Moderately Suitable
4905,63.13569604297087,Red Clay,Midlands,III,Dry Tropical,6.001970149792459,Sweet Potatoes,9.59,Cool Dry Season,67.07,Suitable
4906,47.14818066505867,Sandy Soil,Matabeleland North,IV,Humid Subtropical,7.514976039117913,Sorghum,1.53,Cool Dry Season,51.17,Moderately Suitable
4907,89.02536950647878,Silty Loam,Mashonaland East,IIa,Dry Tropical,7.955006681349054,Sugar Beans,1.61,Dry Season,62.91,Moderately Suitable
4908,42.8233162644746,Sandy Loam,Matabeleland South,V,Dry Tropical,6.7822449324823655,Sunflower,1.27,Dry Season,37.34,Low Suitability
4909,90.70716199949922,Clay Loam,Mashonaland Central,IIb,Humid Subtropical,6.351934409726031,Wheat,3.82,Cool Dry Season,86.35,Highly Suitable
4910,77.80529550117791,Clay Soil,Midlands,IV,Temperate Highland,5.7349193167353105,Coffee,1.06,Cool Dry Season,53.48,Moderately Suitable
4911,44.18895953753504,Clay Soil,Midlands,IV,Subtropical Highland,6.30066966148059,Onions,17.4,Hot Dry Season,44.16,Low Suitability
4912,54.26977512678377,Red Clay,Matabeleland North,IV,Temperate Highland,6.077917632713954,Maize,3.28,Cool Dry Season,47.14,Low Suitability
4913,99.78418065667935,Loam,Manicaland,IIa,Humid Subtropical,4.898081130306494,Cabbage,20.11,Hot Dry Season,63.06,Moderately Suitable
4914,88.42497228421085,Silty Loam,Manicaland,IIa,Temperate Highland,5.385877308661044,Carrots,15.26,Rainy Season,82.14,Highly Suitable
4915,60.27911511922745,Silty Loam,Manicaland,III,Subtropical Highland,6.373431620309638,Paprika,2.32,Winter,71.04,Suitable
4916,37.238211432497714,Sandy Loam,Matabeleland South,V,Temperate Highland,6.8478981223608875,Paprika,2.11,Dry Season,57.2,Moderately Suitable
4917,62.65233266829931,Sandy Soil,Matabeleland North,III,Subtropical Highland,6.110945057171745,Tea,2.36,Rainy Season,39.48,Low Suitability
4918,83.95228644033415,Loam,Mashonaland West,III,Semi-Arid,5.481779698193882,Maize,3.86,Cool Dry Season,41.0,Low Suitability
4919,60.201970731149515,Clay Loam,Masvingo,III,Dry Tropical,8.4,Cotton,1.59,Winter,50.3,Moderately Suitable
4920,44.46621513647747,Clay Loam,Matabeleland North,IV,Humid Subtropical,6.085926018171604,Tea,1.98,Winter,36.89,Low Suitability
4921,87.24702537199572,Sandy Soil,Mashonaland East,IIb,Humid Subtropical,7.002983865811693,Cabbage,26.55,Dry Season,70.85,Suitable
4922,70.10543458095086,Red Clay,Masvingo,III,Temperate Highland,5.044453234898221,Cabbage,22.1,Winter,49.08,Low Suitability
4923,66.90850181728145,Red Clay,Matabeleland South,IV,Humid Subtropical,5.844557345347221,Sunflower,1.39,Rainy Season,74.36,Suitable
4924,66.21763120613721,Loam,Mashonaland West,III,Humid Subtropical,5.773468011698614,Macadamia Nuts,1.83,Dry Season,56.96,Moderately Suitable
4925,54.816354232242766,Sandy Loam,Midlands,IV,Dry Tropical,5.972500187520762,Dry Beans,1.1,Cool Dry Season,49.22,Low Suitability
4926,55.257394378570496,Sandy Soil,Mashonaland East,IIb,Dry Tropical,5.477057307456121,Groundnuts,1.33,Rainy Season,52.8,Moderately Suitable
4927,59.41999652344105,Clay Soil,Manicaland,III,Subtropical Highland,5.593117459441954,Dry Beans,1.24,Rainy Season,55.84,Moderately Suitable
4928,75.67725817989532,Sandy Soil,Harare,IIb,Humid Subtropical,6.290300283754785,Groundnuts,1.12,Cool Dry Season,76.06,Suitable
4929,72.10102390113698,Loam,Midlands,III,Semi-Arid,6.0517601194017585,Tobacco,2.05,Rainy Season,71.98,Suitable
4930,68.63639769107489,Loam,Matabeleland South,IV,Humid Subtropical,5.493105496321073,Onions,16.9,Dry Season,45.49,Low Suitability
4931,100.0,Loam,Manicaland,I,Temperate Highland,6.827522249013555,Cotton,1.92,Cool Dry Season,98.87,Highly Suitable
4932,75.92557304040304,Clay Soil,Matabeleland South,IV,Temperate Highland,6.013108951505261,Pumpkin,13.65,Rainy Season,83.97,Highly Suitable
4933,72.42981448838007,Silty Loam,Mashonaland West,IIb,Temperate Highland,6.416843942705921,Cotton,1.67,Rainy Season,81.38,Highly Suitable
4934,82.11960357886139,Sandy Soil,Midlands,III,Semi-Arid,5.757127401405547,Coffee,0.97,Cool Dry Season,61.0,Moderately Suitable
4935,75.63954658132445,Silty Loam,Mashonaland West,III,Humid Subtropical,5.38861287360765,Maize,3.36,Hot Dry Season,47.72,Low Suitability
4936,33.22233796283023,Sandy Soil,Matabeleland North,IV,Temperate Highland,4.984349338784198,Tomatoes,22.9,Rainy Season,41.11,Low Suitability
4937,67.056746944975,Loam,Mashonaland Central,IIa,Temperate Highland,5.29689966188213,Sugar Beans,1.38,Dry Season,52.92,Moderately Suitable
4938,69.30575944248741,Red Clay,Mashonaland Central,IIb,Temperate Highland,5.443564291252273,Sugar Beans,1.23,Hot Dry Season,49.62,Low Suitability
4939,83.27322443185784,Sandy Soil,Manicaland,IIa,Semi-Arid,5.427837993277121,Sunflower,1.66,Cool Dry Season,69.19,Suitable
4940,32.67636539656556,Loam,Midlands,IV,Semi-Arid,7.683784306939371,Tobacco,1.28,Winter,31.53,Not Suitable
4941,20.90742561369831,Clay Loam,Midlands,IV,Semi-Arid,5.955293847347145,Finger Millet,1.39,Cool Dry Season,58.2,Moderately Suitable
4942,86.38397927887274,Sandy Soil,Matabeleland North,III,Semi-Arid,5.336855740764278,Sugar Beans,1.54,Hot Dry Season,62.77,Moderately Suitable
4943,67.55510130563968,Sandy Loam,Masvingo,III,Semi-Arid,6.123007380491877,Finger Millet,1.78,Dry Season,72.14,Suitable
4944,73.39464646891118,Clay Soil,Harare,IIa,Humid Subtropical,6.006319301783874,Sorghum,2.24,Rainy Season,81.02,Highly Suitable
4945,53.12814421939987,Clay Soil,Mashonaland West,III,Dry Tropical,6.365960071627861,Paprika,1.8,Cool Dry Season,47.93,Low Suitability
4946,48.607158016627814,Sandy Soil,Midlands,III,Semi-Arid,6.812247280893718,Macadamia Nuts,1.34,Cool Dry Season,38.0,Low Suitability
4947,89.71263830032413,Clay Loam,Harare,IIa,Dry Tropical,6.246702946374777,Cowpeas,1.29,Rainy Season,98.47,Highly Suitable
4948,96.65602516448084,Loam,Manicaland,I,Dry Tropical,6.133660883076972,Groundnuts,1.92,Hot Dry Season,97.37,Highly Suitable
4949,48.47649503446232,Clay Loam,Masvingo,V,Semi-Arid,8.010835459308531,Pumpkin,10.35,Cool Dry Season,38.12,Low Suitability
4950,77.89124937889676,Clay Loam,Mashonaland East,IIa,Temperate Highland,4.2,Maize,3.35,Rainy Season,41.08,Low Suitability
4951,64.32678962992138,Loam,Mashonaland West,III,Semi-Arid,5.598592575627489,Tea,2.17,Cool Dry Season,56.22,Moderately Suitable
4952,86.03384236902608,Silty Loam,Mashonaland Central,III,Subtropical Highland,6.896104298368719,Sorghum,2.5,Hot Dry Season,85.95,Highly Suitable
4953,68.96304098569823,Loam,Midlands,IV,Humid Subtropical,7.616675762620331,Pearl Millet,1.78,Hot Dry Season,88.53,Highly Suitable
4954,48.49687197572603,Silty Loam,Matabeleland South,IV,Temperate Highland,7.548365349605435,Coffee,1.2,Dry Season,36.78,Low Suitability
4955,59.6506521730837,Silty Loam,Masvingo,IV,Subtropical Highland,6.112411935708214,Onions,19.4,Hot Dry Season,60.22,Moderately Suitable
4956,53.85001582302385,Clay Soil,Matabeleland North,IV,Semi-Arid,4.820029020229165,Groundnuts,1.35,Rainy Season,51.38,Moderately Suitable
4957,79.74832679948678,Clay Loam,Harare,IIb,Dry Tropical,6.213080101231136,Cotton,1.76,Cool Dry Season,82.69,Highly Suitable
4958,96.44183678288812,Silty Loam,Mashonaland East,IIb,Temperate Highland,6.71903296063112,Sweet Potatoes,8.9,Hot Dry Season,95.19,Highly Suitable
4959,85.08193983609421,Red Clay,Manicaland,I,Humid Subtropical,5.996183999061488,Sweet Potatoes,9.78,Rainy Season,98.75,Highly Suitable
4960,49.796195123335465,Silty Loam,Midlands,IV,Subtropical Highland,5.785306105214381,Groundnuts,1.63,Dry Season,66.19,Suitable
4961,55.74996032913049,Silty Loam,Midlands,III,Subtropical Highland,5.192748762249182,Pearl Millet,1.7,Dry Season,74.96,Suitable
4962,74.01658478412165,Clay Soil,Midlands,III,Semi-Arid,5.147765707124716,Sunflower,1.27,Rainy Season,67.5,Suitable
4963,59.51960691913298,Loam,Matabeleland North,IV,Humid Subtropical,6.207746837286926,Soybeans,1.61,Dry Season,49.88,Low Suitability
4964,67.41423905915575,Sandy Soil,Midlands,IV,Temperate Highland,6.700295221190199,Sorghum,2.19,Rainy Season,79.67,Suitable
4965,71.48843167822963,Clay Loam,Mashonaland East,IIa,Subtropical Highland,6.667787526970864,Potatoes,12.68,Hot Dry Season,43.26,Low Suitability
4966,94.80537830574458,Silty Loam,Mashonaland East,IIa,Semi-Arid,6.27898404715326,Sorghum,2.26,Cool Dry Season,94.14,Highly Suitable
4967,58.393475856509674,Sandy Soil,Midlands,III,Semi-Arid,6.577242738722312,Pearl Millet,1.9,Winter,82.84,Highly Suitable
4968,31.169886687026292,Clay Loam,Masvingo,V,Dry Tropical,5.854358030017622,Soybeans,2.12,Rainy Season,60.95,Moderately Suitable
4969,59.372496942317305,Clay Soil,Manicaland,III,Subtropical Highland,5.745434667637012,Wheat,3.65,Rainy Season,55.4,Moderately Suitable
4970,100.0,Loam,Mashonaland West,IIa,Humid Subtropical,6.209904673580972,Cotton,2.03,Cool Dry Season,95.36,Highly Suitable
4971,10.0,Sandy Soil,Matabeleland South,V,Subtropical Highland,6.398873221637509,Groundnuts,1.29,Hot Dry Season,50.47,Moderately Suitable
4972,86.26598264334011,Clay Loam,Mashonaland Central,IIa,Semi-Arid,6.900511577543975,Potatoes,14.81,Hot Dry Season,51.35,Moderately Suitable
4973,89.46181435301395,Loam,Mashonaland West,IIa,Semi-Arid,7.143009600327801,Carrots,16.83,Rainy Season,72.02,Suitable
4974,72.29360001098978,Clay Soil,Mashonaland Central,IIb,Temperate Highland,6.733503841875715,Tobacco,1.79,Winter,50.36,Moderately Suitable
4975,88.57028282958854,Red Clay,Mashonaland West,IIa,Semi-Arid,5.610485209157586,Carrots,17.13,Cool Dry Season,80.65,Highly Suitable
4976,75.56108073638256,Clay Loam,Midlands,III,Dry Tropical,7.272342388386592,Carrots,15.78,Cool Dry Season,71.8,Suitable
4977,84.76826349034752,Loam,Harare,IIa,Temperate Highland,5.543959478776375,Groundnuts,1.58,Rainy Season,85.46,Highly Suitable
4978,43.064755559656994,Silty Loam,Matabeleland South,IV,Humid Subtropical,6.551402963083489,Wheat,3.67,Rainy Season,66.62,Suitable
4979,77.6703329085922,Clay Soil,Mashonaland East,IIb,Dry Tropical,6.603524433247854,Coffee,0.98,Dry Season,41.17,Low Suitability
4980,58.25823216796227,Sandy Soil,Matabeleland South,IV,Temperate Highland,5.040789247859034,Pearl Millet,1.66,Hot Dry Season,67.78,Suitable
4981,75.02042922155707,Clay Loam,Mashonaland Central,IIa,Semi-Arid,6.507948478509642,Tea,2.04,Winter,41.15,Low Suitability
4982,66.67789762965154,Loam,Mashonaland East,IIa,Temperate Highland,5.833508323166625,Cotton,1.59,Dry Season,59.45,Moderately Suitable
4983,93.54364332164333,Sandy Soil,Harare,IIb,Humid Subtropical,5.265917803044045,Macadamia Nuts,1.88,Rainy Season,51.7,Moderately Suitable
4984,33.06944181848259,Silty Loam,Masvingo,V,Dry Tropical,4.8250305870949175,Dry Beans,1.35,Winter,36.11,Low Suitability
4985,67.85257979878217,Red Clay,Midlands,III,Subtropical Highland,6.73171971545378,Cotton,1.43,Winter,68.45,Suitable
4986,48.676571108119475,Clay Soil,Matabeleland South,IV,Temperate Highland,5.009582861055024,Cotton,1.38,Rainy Season,36.23,Low Suitability
4987,75.7828620528505,Sandy Loam,Mashonaland Central,IIb,Semi-Arid,7.170790562831288,Macadamia Nuts,1.81,Dry Season,42.78,Low Suitability
4988,19.120793707306625,Sandy Loam,Matabeleland South,V,Dry Tropical,6.123343044129526,Carrots,17.82,Dry Season,56.81,Moderately Suitable
4989,73.92181647763795,Clay Soil,Manicaland,IIa,Temperate Highland,5.766589692552421,Sweet Potatoes,10.04,Dry Season,76.31,Suitable
4990,78.18653363905833,Sandy Soil,Mashonaland East,IIb,Subtropical Highland,5.986883424477507,Wheat,3.13,Winter,63.41,Moderately Suitable
4991,43.61157544865418,Sandy Loam,Manicaland,III,Temperate Highland,5.8854684903102585,Soybeans,1.96,Hot Dry Season,49.91,Low Suitability
4992,73.24077502090499,Clay Loam,Mashonaland Central,III,Semi-Arid,6.067389066177124,Sweet Potatoes,10.65,Dry Season,77.71,Suitable
4993,45.647104765964336,Sandy Loam,Matabeleland South,IV,Dry Tropical,4.684050148552306,Sunflower,1.21,Rainy Season,43.13,Low Suitability
4994,91.88330456345379,Loam,Manicaland,IIa,Dry Tropical,6.884092337677095,Pumpkin,10.3,Cool Dry Season,84.2,Highly Suitable
4995,34.537373376494614,Red Clay,Matabeleland South,IV,Temperate Highland,5.570255606754238,Tomatoes,27.01,Dry Season,49.37,Low Suitability
4996,100.0,Red Clay,Mashonaland Central,IIb,Dry Tropical,6.42562810783493,Potatoes,18.1,Cool Dry Season,66.98,Suitable
4997,62.13409949772506,Red Clay,Harare,IIb,Humid Subtropical,5.697532957168786,Sweet Potatoes,7.5,Winter,65.69,Suitable
4998,92.95316958035302,Clay Loam,Harare,IIa,Semi-Arid,6.501157612244791,Sweet Potatoes,11.51,Winter,97.95,Highly Suitable
4999,46.4273480954693,Clay Loam,Matabeleland North,III,Humid Subtropical,6.315008603885806,Sweet Potatoes,9.99,Cool Dry Season,64.81,Moderately Suitable
5000,18.634751622293837,Clay Loam,Matabeleland South,V,Semi-Arid,5.811452504737506,Potatoes,14.46,Hot Dry Season,56.0,Moderately Suitable
