date,latitude,longitude,location,temperature,minimum_temperature,maximum_temperature,rainfall,humidity,wind_speed,solar_radiation,data_classification
2024-01-01,-17.8252,31.0335,Harare,23.6,17.2,32.3,53.5,76.8,15.5,19.3,HISTORICAL TRAINING DATA
2024-01-02,-17.8252,31.0335,Harare,23.0,17.3,29.9,0.0,68.7,15.1,26.8,HISTORICAL TRAINING DATA
2024-01-03,-17.8252,31.0335,Harare,23.8,16.8,32.1,0.0,69.3,10.8,22.2,HISTORICAL TRAINING DATA
2024-01-04,-17.8252,31.0335,Harare,25.0,16.8,30.6,0.0,67.2,10.8,23.0,HISTORICAL TRAINING DATA
2024-01-05,-17.8252,31.0335,Harare,25.5,19.8,34.2,13.2,69.2,16.3,14.4,HISTORICAL TRAINING DATA
2024-01-06,-17.8252,31.0335,Harare,26.1,18.7,32.5,0.0,91.1,13.7,20.1,HISTORICAL TRAINING DATA
2024-01-07,-17.8252,31.0335,Harare,24.0,15.8,30.5,0.0,91.2,17.7,14.2,HISTORICAL TRAINING DATA
2024-01-08,-17.8252,31.0335,Harare,24.0,17.2,31.8,0.0,64.7,11.7,14.7,HISTORICAL TRAINING DATA
2024-01-09,-17.8252,31.0335,Harare,24.4,19.2,30.6,0.0,90.6,16.2,15.1,HISTORICAL TRAINING DATA
2024-01-10,-17.8252,31.0335,Harare,23.8,16.4,29.4,0.0,84.5,11.2,18.4,HISTORICAL TRAINING DATA
2024-01-11,-17.8252,31.0335,Harare,26.4,18.6,32.8,0.0,68.7,14.6,18.9,HISTORICAL TRAINING DATA
2024-01-12,-17.8252,31.0335,Harare,23.6,16.9,32.3,4.0,84.9,8.6,17.1,HISTORICAL TRAINING DATA
2024-01-13,-17.8252,31.0335,Harare,25.0,17.8,32.8,0.0,85.4,21.2,25.8,HISTORICAL TRAINING DATA
2024-01-14,-17.8252,31.0335,Harare,25.9,19.2,34.5,0.0,85.7,7.9,15.8,HISTORICAL TRAINING DATA
2024-01-15,-17.8252,31.0335,Harare,23.1,16.3,32.0,14.1,64.4,14.4,27.6,HISTORICAL TRAINING DATA
2024-01-16,-17.8252,31.0335,Harare,23.7,18.2,31.5,16.4,63.8,17.0,18.3,HISTORICAL TRAINING DATA
2024-01-17,-17.8252,31.0335,Harare,23.8,15.8,29.3,0.0,73.6,6.3,20.8,HISTORICAL TRAINING DATA
2024-01-18,-17.8252,31.0335,Harare,24.7,17.4,31.6,0.4,81.1,20.5,14.6,HISTORICAL TRAINING DATA
2024-01-19,-17.8252,31.0335,Harare,24.2,16.8,31.6,1.2,64.0,9.2,23.4,HISTORICAL TRAINING DATA
2024-01-20,-17.8252,31.0335,Harare,23.1,15.8,29.5,16.5,68.9,19.7,24.9,HISTORICAL TRAINING DATA
2024-01-21,-17.8252,31.0335,Harare,25.5,17.2,33.5,0.0,62.2,14.5,24.0,HISTORICAL TRAINING DATA
2024-01-22,-17.8252,31.0335,Harare,26.9,19.0,35.6,16.8,60.1,20.7,25.9,HISTORICAL TRAINING DATA
2024-01-23,-17.8252,31.0335,Harare,24.9,17.2,30.3,0.0,65.9,19.4,27.7,HISTORICAL TRAINING DATA
2024-01-24,-17.8252,31.0335,Harare,24.7,16.7,31.0,0.0,73.0,13.5,21.3,HISTORICAL TRAINING DATA
2024-01-25,-17.8252,31.0335,Harare,25.0,19.7,32.0,4.1,83.1,12.2,20.4,HISTORICAL TRAINING DATA
2024-01-26,-17.8252,31.0335,Harare,25.9,20.0,32.6,0.0,86.9,21.8,20.0,HISTORICAL TRAINING DATA
2024-01-27,-17.8252,31.0335,Harare,26.4,17.7,32.9,0.0,85.7,6.2,23.4,HISTORICAL TRAINING DATA
2024-01-28,-17.8252,31.0335,Harare,25.7,20.2,32.3,8.9,81.6,17.1,27.7,HISTORICAL TRAINING DATA
2024-01-29,-17.8252,31.0335,Harare,26.0,19.5,31.8,0.0,65.4,9.2,25.8,HISTORICAL TRAINING DATA
2024-01-30,-17.8252,31.0335,Harare,24.6,16.6,32.7,6.6,76.0,15.5,24.6,HISTORICAL TRAINING DATA
2024-01-31,-17.8252,31.0335,Harare,26.2,18.5,35.0,0.0,71.4,21.8,21.2,HISTORICAL TRAINING DATA
2024-02-01,-17.8252,31.0335,Harare,23.6,16.6,29.5,0.0,63.9,21.1,14.4,HISTORICAL TRAINING DATA
2024-02-02,-17.8252,31.0335,Harare,26.0,20.8,31.7,0.0,75.9,15.7,18.6,HISTORICAL TRAINING DATA
2024-02-03,-17.8252,31.0335,Harare,24.2,16.6,31.3,0.0,84.3,13.9,20.5,HISTORICAL TRAINING DATA
2024-02-04,-17.8252,31.0335,Harare,24.2,17.0,32.4,0.0,76.2,14.6,14.2,HISTORICAL TRAINING DATA
2024-02-05,-17.8252,31.0335,Harare,26.1,20.6,32.9,0.0,88.2,19.6,20.2,HISTORICAL TRAINING DATA
2024-02-06,-17.8252,31.0335,Harare,23.1,14.6,28.8,12.9,84.9,12.9,18.4,HISTORICAL TRAINING DATA
2024-02-07,-17.8252,31.0335,Harare,24.6,17.6,31.8,0.0,78.2,14.6,20.6,HISTORICAL TRAINING DATA
2024-02-08,-17.8252,31.0335,Harare,25.2,17.9,31.8,0.7,68.4,16.8,24.7,HISTORICAL TRAINING DATA
2024-02-09,-17.8252,31.0335,Harare,24.1,17.7,32.4,10.7,64.1,15.3,24.7,HISTORICAL TRAINING DATA
2024-02-10,-17.8252,31.0335,Harare,25.5,18.9,30.7,6.7,91.7,9.9,17.3,HISTORICAL TRAINING DATA
2024-02-11,-17.8252,31.0335,Harare,24.2,18.8,29.9,14.0,87.8,14.6,14.5,HISTORICAL TRAINING DATA
2024-02-12,-17.8252,31.0335,Harare,25.6,20.5,32.5,8.7,73.5,6.4,18.4,HISTORICAL TRAINING DATA
2024-02-13,-17.8252,31.0335,Harare,25.3,17.5,31.1,1.2,75.6,13.9,25.4,HISTORICAL TRAINING DATA
2024-02-14,-17.8252,31.0335,Harare,25.7,19.9,33.2,4.3,91.0,21.6,15.1,HISTORICAL TRAINING DATA
2024-02-15,-17.8252,31.0335,Harare,26.4,19.1,34.6,3.7,69.5,16.0,27.4,HISTORICAL TRAINING DATA
2024-02-16,-17.8252,31.0335,Harare,25.9,19.8,33.1,0.0,78.9,14.5,20.0,HISTORICAL TRAINING DATA
2024-02-17,-17.8252,31.0335,Harare,24.4,18.2,32.0,20.8,76.1,11.0,19.8,HISTORICAL TRAINING DATA
2024-02-18,-17.8252,31.0335,Harare,24.0,16.8,32.5,0.0,81.5,16.0,21.2,HISTORICAL TRAINING DATA
2024-02-19,-17.8252,31.0335,Harare,23.7,15.5,32.5,0.0,81.1,10.3,22.9,HISTORICAL TRAINING DATA
2024-02-20,-17.8252,31.0335,Harare,26.2,17.5,34.1,0.0,89.0,7.0,16.8,HISTORICAL TRAINING DATA
2024-02-21,-17.8252,31.0335,Harare,24.8,16.5,31.5,16.5,84.5,19.8,26.8,HISTORICAL TRAINING DATA
2024-02-22,-17.8252,31.0335,Harare,25.5,19.4,31.2,0.0,68.5,17.0,17.3,HISTORICAL TRAINING DATA
2024-02-23,-17.8252,31.0335,Harare,24.0,17.7,30.9,0.3,85.5,21.9,19.9,HISTORICAL TRAINING DATA
2024-02-24,-17.8252,31.0335,Harare,26.6,18.5,32.7,3.8,60.9,14.8,23.0,HISTORICAL TRAINING DATA
2024-02-25,-17.8252,31.0335,Harare,23.2,17.9,31.8,0.0,85.0,11.0,18.2,HISTORICAL TRAINING DATA
2024-02-26,-17.8252,31.0335,Harare,23.3,15.6,31.8,0.0,88.7,12.4,25.8,HISTORICAL TRAINING DATA
2024-02-27,-17.8252,31.0335,Harare,26.4,20.9,34.0,10.2,76.0,15.3,24.9,HISTORICAL TRAINING DATA
2024-02-28,-17.8252,31.0335,Harare,25.1,17.7,33.2,0.0,62.9,11.0,25.7,HISTORICAL TRAINING DATA
2024-02-29,-17.8252,31.0335,Harare,25.9,17.2,31.8,0.0,83.8,7.7,17.0,HISTORICAL TRAINING DATA
2024-03-01,-17.8252,31.0335,Harare,24.1,17.0,31.9,23.8,61.8,7.8,21.6,HISTORICAL TRAINING DATA
2024-03-02,-17.8252,31.0335,Harare,24.9,19.3,31.8,3.9,85.1,11.9,18.3,HISTORICAL TRAINING DATA
2024-03-03,-17.8252,31.0335,Harare,25.6,17.6,33.8,0.0,61.1,6.9,26.8,HISTORICAL TRAINING DATA
2024-03-04,-17.8252,31.0335,Harare,25.7,17.9,34.3,5.8,80.4,17.0,21.5,HISTORICAL TRAINING DATA
2024-03-05,-17.8252,31.0335,Harare,23.9,15.2,32.6,0.1,90.7,10.8,27.1,HISTORICAL TRAINING DATA
2024-03-06,-17.8252,31.0335,Harare,26.0,19.3,32.3,23.5,65.1,19.0,23.0,HISTORICAL TRAINING DATA
2024-03-07,-17.8252,31.0335,Harare,26.2,19.2,34.1,1.0,84.9,20.8,18.7,HISTORICAL TRAINING DATA
2024-03-08,-17.8252,31.0335,Harare,24.7,19.0,30.7,0.0,63.2,7.1,19.9,HISTORICAL TRAINING DATA
2024-03-09,-17.8252,31.0335,Harare,25.9,18.1,34.0,0.0,70.5,16.3,16.6,HISTORICAL TRAINING DATA
2024-03-10,-17.8252,31.0335,Harare,24.8,19.0,31.0,0.0,60.1,15.2,15.6,HISTORICAL TRAINING DATA
2024-03-11,-17.8252,31.0335,Harare,24.0,16.4,29.5,0.0,84.6,15.5,19.7,HISTORICAL TRAINING DATA
2024-03-12,-17.8252,31.0335,Harare,26.8,21.2,32.5,0.0,88.0,15.5,18.6,HISTORICAL TRAINING DATA
2024-03-13,-17.8252,31.0335,Harare,24.1,17.6,32.5,5.5,72.6,15.1,14.3,HISTORICAL TRAINING DATA
2024-03-14,-17.8252,31.0335,Harare,23.1,17.2,28.4,0.0,79.6,13.4,17.7,HISTORICAL TRAINING DATA
2024-03-15,-17.8252,31.0335,Harare,26.4,20.8,35.2,11.5,79.2,8.7,21.9,HISTORICAL TRAINING DATA
2024-03-16,-17.8252,31.0335,Harare,23.1,14.3,31.4,0.0,84.7,13.9,17.1,HISTORICAL TRAINING DATA
2024-03-17,-17.8252,31.0335,Harare,23.8,17.7,31.8,0.0,86.0,12.1,20.0,HISTORICAL TRAINING DATA
2024-03-18,-17.8252,31.0335,Harare,23.8,18.1,29.5,20.9,83.3,18.7,14.4,HISTORICAL TRAINING DATA
2024-03-19,-17.8252,31.0335,Harare,26.9,19.6,34.5,7.2,67.9,7.4,20.6,HISTORICAL TRAINING DATA
2024-03-20,-17.8252,31.0335,Harare,26.5,20.6,33.0,0.0,72.7,12.8,22.4,HISTORICAL TRAINING DATA
2024-03-21,-17.8252,31.0335,Harare,23.3,14.6,30.2,0.0,61.7,11.7,22.5,HISTORICAL TRAINING DATA
2024-03-22,-17.8252,31.0335,Harare,25.7,17.4,30.7,0.0,82.7,14.1,19.3,HISTORICAL TRAINING DATA
2024-03-23,-17.8252,31.0335,Harare,26.9,18.3,32.1,0.0,64.2,8.9,16.4,HISTORICAL TRAINING DATA
2024-03-24,-17.8252,31.0335,Harare,25.0,17.1,31.7,7.6,62.9,10.2,18.4,HISTORICAL TRAINING DATA
2024-03-25,-17.8252,31.0335,Harare,26.9,20.8,33.4,0.0,91.1,12.9,26.6,HISTORICAL TRAINING DATA
2024-03-26,-17.8252,31.0335,Harare,24.1,17.0,30.8,0.0,89.7,8.6,24.3,HISTORICAL TRAINING DATA
2024-03-27,-17.8252,31.0335,Harare,25.0,16.3,32.5,0.0,77.8,13.0,16.6,HISTORICAL TRAINING DATA
2024-03-28,-17.8252,31.0335,Harare,23.2,16.3,28.7,7.6,65.2,20.3,20.9,HISTORICAL TRAINING DATA
2024-03-29,-17.8252,31.0335,Harare,24.8,17.9,30.2,0.0,77.9,17.5,16.1,HISTORICAL TRAINING DATA
2024-03-30,-17.8252,31.0335,Harare,24.4,16.4,32.7,4.0,86.7,15.0,23.3,HISTORICAL TRAINING DATA
2024-03-31,-17.8252,31.0335,Harare,23.8,15.8,29.6,0.0,60.1,20.7,17.4,HISTORICAL TRAINING DATA
2024-04-01,-17.8252,31.0335,Harare,29.0,22.9,37.9,0.0,38.2,8.0,19.2,HISTORICAL TRAINING DATA
2024-04-02,-17.8252,31.0335,Harare,30.7,25.6,37.6,0.0,38.1,17.3,20.7,HISTORICAL TRAINING DATA
2024-04-03,-17.8252,31.0335,Harare,29.5,23.2,34.7,0.0,46.5,16.0,20.3,HISTORICAL TRAINING DATA
2024-04-04,-17.8252,31.0335,Harare,30.8,22.6,36.3,0.0,52.7,19.8,25.2,HISTORICAL TRAINING DATA
2024-04-05,-17.8252,31.0335,Harare,28.1,20.9,35.5,0.0,48.6,7.5,17.6,HISTORICAL TRAINING DATA
2024-04-06,-17.8252,31.0335,Harare,28.0,22.9,33.8,0.0,40.0,12.2,19.6,HISTORICAL TRAINING DATA
2024-04-07,-17.8252,31.0335,Harare,29.6,23.4,37.8,0.0,33.9,17.8,26.9,HISTORICAL TRAINING DATA
2024-04-08,-17.8252,31.0335,Harare,30.6,25.2,37.1,0.0,39.0,9.2,20.2,HISTORICAL TRAINING DATA
2024-04-09,-17.8252,31.0335,Harare,28.6,23.2,35.2,0.0,45.0,11.9,16.6,HISTORICAL TRAINING DATA
2024-04-10,-17.8252,31.0335,Harare,29.5,20.6,37.2,0.0,42.8,16.4,24.0,HISTORICAL TRAINING DATA
2024-04-11,-17.8252,31.0335,Harare,30.7,25.4,37.6,0.0,46.2,7.3,25.2,HISTORICAL TRAINING DATA
2024-04-12,-17.8252,31.0335,Harare,28.2,22.0,34.2,0.0,47.1,12.8,22.0,HISTORICAL TRAINING DATA
2024-04-13,-17.8252,31.0335,Harare,29.2,22.2,35.9,0.0,42.8,13.4,24.1,HISTORICAL TRAINING DATA
2024-04-14,-17.8252,31.0335,Harare,30.3,22.2,35.3,0.0,44.6,17.8,20.5,HISTORICAL TRAINING DATA
2024-04-15,-17.8252,31.0335,Harare,30.1,23.5,38.0,0.0,31.1,11.0,24.1,HISTORICAL TRAINING DATA
2024-04-16,-17.8252,31.0335,Harare,30.0,23.7,38.7,0.0,50.2,19.0,17.0,HISTORICAL TRAINING DATA
2024-04-17,-17.8252,31.0335,Harare,27.3,19.6,34.0,0.0,36.5,6.3,19.5,HISTORICAL TRAINING DATA
2024-04-18,-17.8252,31.0335,Harare,27.1,20.4,34.7,0.0,41.5,17.9,24.2,HISTORICAL TRAINING DATA
2024-04-19,-17.8252,31.0335,Harare,28.2,20.4,37.1,0.0,45.4,16.8,25.3,HISTORICAL TRAINING DATA
2024-04-20,-17.8252,31.0335,Harare,27.4,19.1,35.1,0.0,34.8,9.0,14.4,HISTORICAL TRAINING DATA
2024-04-21,-17.8252,31.0335,Harare,28.9,20.6,37.4,0.0,36.0,14.6,15.2,HISTORICAL TRAINING DATA
2024-04-22,-17.8252,31.0335,Harare,30.1,24.6,38.7,0.0,40.5,17.8,20.2,HISTORICAL TRAINING DATA
2024-04-23,-17.8252,31.0335,Harare,28.9,22.8,37.3,5.0,36.1,12.3,18.7,HISTORICAL TRAINING DATA
2024-04-24,-17.8252,31.0335,Harare,27.4,20.7,34.4,0.0,40.8,15.3,24.2,HISTORICAL TRAINING DATA
2024-04-25,-17.8252,31.0335,Harare,31.0,23.1,39.7,4.6,42.8,20.5,26.1,HISTORICAL TRAINING DATA
2024-04-26,-17.8252,31.0335,Harare,27.9,20.7,34.0,1.2,44.4,16.4,26.4,HISTORICAL TRAINING DATA
2024-04-27,-17.8252,31.0335,Harare,27.5,20.7,34.2,0.0,46.2,8.6,24.2,HISTORICAL TRAINING DATA
2024-04-28,-17.8252,31.0335,Harare,28.9,21.5,36.6,0.0,42.7,20.7,25.9,HISTORICAL TRAINING DATA
2024-04-29,-17.8252,31.0335,Harare,29.9,22.0,36.4,0.0,52.1,12.7,27.2,HISTORICAL TRAINING DATA
2024-04-30,-17.8252,31.0335,Harare,29.6,20.7,35.3,0.0,41.8,9.3,23.7,HISTORICAL TRAINING DATA
2024-05-01,-17.8252,31.0335,Harare,16.7,11.0,23.6,0.0,39.3,18.7,27.2,HISTORICAL TRAINING DATA
2024-05-02,-17.8252,31.0335,Harare,15.0,6.0,21.5,0.0,48.9,10.2,23.5,HISTORICAL TRAINING DATA
2024-05-03,-17.8252,31.0335,Harare,16.3,8.1,22.7,0.0,47.6,7.8,17.2,HISTORICAL TRAINING DATA
2024-05-04,-17.8252,31.0335,Harare,14.8,6.6,22.8,0.0,59.8,18.3,21.8,HISTORICAL TRAINING DATA
2024-05-05,-17.8252,31.0335,Harare,13.4,6.0,18.8,0.0,56.8,6.8,27.2,HISTORICAL TRAINING DATA
2024-05-06,-17.8252,31.0335,Harare,13.8,4.9,21.9,0.0,53.9,15.8,26.0,HISTORICAL TRAINING DATA
2024-05-07,-17.8252,31.0335,Harare,16.6,10.9,22.1,0.0,47.7,9.3,19.1,HISTORICAL TRAINING DATA
2024-05-08,-17.8252,31.0335,Harare,14.1,7.1,22.6,0.0,54.0,8.5,19.1,HISTORICAL TRAINING DATA
2024-05-09,-17.8252,31.0335,Harare,13.7,4.8,21.8,0.0,40.0,6.1,25.7,HISTORICAL TRAINING DATA
2024-05-10,-17.8252,31.0335,Harare,15.1,9.0,23.0,0.0,39.3,12.6,22.8,HISTORICAL TRAINING DATA
2024-05-11,-17.8252,31.0335,Harare,16.0,7.9,21.6,0.0,48.2,12.9,26.9,HISTORICAL TRAINING DATA
2024-05-12,-17.8252,31.0335,Harare,13.4,5.7,22.2,0.0,47.9,13.1,24.8,HISTORICAL TRAINING DATA
2024-05-13,-17.8252,31.0335,Harare,14.1,7.8,20.7,0.0,36.7,18.4,20.1,HISTORICAL TRAINING DATA
2024-05-14,-17.8252,31.0335,Harare,15.4,9.8,22.7,0.0,58.1,21.6,27.7,HISTORICAL TRAINING DATA
2024-05-15,-17.8252,31.0335,Harare,13.8,7.1,22.3,0.0,59.3,17.2,26.2,HISTORICAL TRAINING DATA
2024-05-16,-17.8252,31.0335,Harare,14.1,5.8,22.7,0.0,43.6,15.8,16.1,HISTORICAL TRAINING DATA
2024-05-17,-17.8252,31.0335,Harare,15.4,7.9,22.9,0.0,57.2,13.1,18.8,HISTORICAL TRAINING DATA
2024-05-18,-17.8252,31.0335,Harare,13.8,5.2,19.1,0.0,54.4,14.6,19.5,HISTORICAL TRAINING DATA
2024-05-19,-17.8252,31.0335,Harare,14.1,7.0,20.0,0.0,48.0,14.2,18.4,HISTORICAL TRAINING DATA
2024-05-20,-17.8252,31.0335,Harare,15.6,7.1,22.8,0.0,35.6,10.1,25.7,HISTORICAL TRAINING DATA
2024-05-21,-17.8252,31.0335,Harare,15.8,7.9,24.2,0.0,47.6,10.2,21.1,HISTORICAL TRAINING DATA
2024-05-22,-17.8252,31.0335,Harare,16.5,9.7,23.8,0.0,58.5,6.1,18.7,HISTORICAL TRAINING DATA
2024-05-23,-17.8252,31.0335,Harare,16.1,8.2,24.8,0.0,49.5,16.6,25.8,HISTORICAL TRAINING DATA
2024-05-24,-17.8252,31.0335,Harare,16.1,7.8,23.4,0.0,51.7,8.2,19.3,HISTORICAL TRAINING DATA
2024-05-25,-17.8252,31.0335,Harare,14.0,8.3,22.2,0.0,47.9,13.3,16.1,HISTORICAL TRAINING DATA
2024-05-26,-17.8252,31.0335,Harare,15.3,8.6,20.8,0.0,37.3,9.4,15.1,HISTORICAL TRAINING DATA
2024-05-27,-17.8252,31.0335,Harare,14.3,6.2,22.8,0.0,49.0,15.3,22.9,HISTORICAL TRAINING DATA
2024-05-28,-17.8252,31.0335,Harare,13.0,5.1,19.7,0.0,58.7,8.6,21.1,HISTORICAL TRAINING DATA
2024-05-29,-17.8252,31.0335,Harare,15.1,8.0,22.2,0.0,59.2,17.1,20.4,HISTORICAL TRAINING DATA
2024-05-30,-17.8252,31.0335,Harare,16.9,8.2,22.3,0.0,49.0,19.6,15.5,HISTORICAL TRAINING DATA
2024-05-31,-17.8252,31.0335,Harare,15.5,10.1,21.7,0.0,48.1,12.0,18.1,HISTORICAL TRAINING DATA
2024-06-01,-17.8252,31.0335,Harare,16.9,10.2,25.6,0.0,54.6,10.9,18.0,HISTORICAL TRAINING DATA
2024-06-02,-17.8252,31.0335,Harare,16.3,9.1,21.5,0.0,35.1,6.7,20.7,HISTORICAL TRAINING DATA
2024-06-03,-17.8252,31.0335,Harare,15.8,9.3,24.1,0.0,43.4,19.3,15.9,HISTORICAL TRAINING DATA
2024-06-04,-17.8252,31.0335,Harare,16.4,8.8,22.0,0.0,54.0,17.6,15.3,HISTORICAL TRAINING DATA
2024-06-05,-17.8252,31.0335,Harare,14.5,5.9,20.9,0.0,44.7,6.7,23.4,HISTORICAL TRAINING DATA
2024-06-06,-17.8252,31.0335,Harare,15.2,9.6,20.3,0.0,37.2,16.1,24.8,HISTORICAL TRAINING DATA
2024-06-07,-17.8252,31.0335,Harare,15.8,10.4,24.6,0.0,51.1,14.7,24.6,HISTORICAL TRAINING DATA
2024-06-08,-17.8252,31.0335,Harare,13.2,6.2,18.2,0.0,53.8,16.5,21.4,HISTORICAL TRAINING DATA
2024-06-09,-17.8252,31.0335,Harare,13.2,4.8,21.5,0.0,40.1,15.3,15.2,HISTORICAL TRAINING DATA
2024-06-10,-17.8252,31.0335,Harare,14.9,7.9,23.6,0.0,49.7,11.4,16.5,HISTORICAL TRAINING DATA
2024-06-11,-17.8252,31.0335,Harare,16.9,11.5,25.8,0.0,44.6,14.7,18.0,HISTORICAL TRAINING DATA
2024-06-12,-17.8252,31.0335,Harare,16.3,7.5,24.0,0.0,38.9,6.9,27.5,HISTORICAL TRAINING DATA
2024-06-13,-17.8252,31.0335,Harare,16.3,10.9,21.8,0.0,42.5,20.3,17.6,HISTORICAL TRAINING DATA
2024-06-14,-17.8252,31.0335,Harare,13.2,7.3,20.6,0.0,36.3,9.8,21.1,HISTORICAL TRAINING DATA
2024-06-15,-17.8252,31.0335,Harare,15.0,8.7,22.2,0.0,41.7,7.0,14.4,HISTORICAL TRAINING DATA
2024-06-16,-17.8252,31.0335,Harare,14.5,7.2,21.8,0.0,35.5,7.6,24.7,HISTORICAL TRAINING DATA
2024-06-17,-17.8252,31.0335,Harare,14.4,7.6,22.8,0.0,49.2,14.0,25.0,HISTORICAL TRAINING DATA
2024-06-18,-17.8252,31.0335,Harare,16.4,10.4,25.2,0.0,39.2,21.4,21.8,HISTORICAL TRAINING DATA
2024-06-19,-17.8252,31.0335,Harare,16.8,9.3,24.4,0.0,59.0,8.7,14.8,HISTORICAL TRAINING DATA
2024-06-20,-17.8252,31.0335,Harare,13.3,5.6,22.3,0.0,41.3,19.5,17.0,HISTORICAL TRAINING DATA
2024-06-21,-17.8252,31.0335,Harare,13.6,6.5,18.9,0.0,39.0,7.4,23.8,HISTORICAL TRAINING DATA
2024-06-22,-17.8252,31.0335,Harare,13.7,5.2,19.5,0.0,60.0,14.1,25.2,HISTORICAL TRAINING DATA
2024-06-23,-17.8252,31.0335,Harare,13.5,4.5,21.3,0.0,50.9,10.4,23.3,HISTORICAL TRAINING DATA
2024-06-24,-17.8252,31.0335,Harare,15.7,9.4,24.4,0.0,59.0,8.1,26.9,HISTORICAL TRAINING DATA
2024-06-25,-17.8252,31.0335,Harare,14.6,7.3,22.4,0.1,39.3,13.8,19.5,HISTORICAL TRAINING DATA
2024-06-26,-17.8252,31.0335,Harare,16.7,9.5,25.2,0.0,51.3,19.1,20.2,HISTORICAL TRAINING DATA
2024-06-27,-17.8252,31.0335,Harare,16.5,9.1,23.1,0.0,44.4,19.4,25.4,HISTORICAL TRAINING DATA
2024-06-28,-17.8252,31.0335,Harare,13.1,7.3,18.1,0.0,44.3,17.9,24.6,HISTORICAL TRAINING DATA
2024-06-29,-17.8252,31.0335,Harare,14.3,6.0,21.8,0.0,39.8,18.9,17.1,HISTORICAL TRAINING DATA
2024-06-30,-17.8252,31.0335,Harare,13.1,6.1,20.9,0.0,35.9,15.7,14.1,HISTORICAL TRAINING DATA
2024-07-01,-17.8252,31.0335,Harare,13.1,7.0,20.1,0.0,37.8,8.7,16.7,HISTORICAL TRAINING DATA
2024-07-02,-17.8252,31.0335,Harare,14.0,8.3,21.4,0.0,50.1,17.9,15.8,HISTORICAL TRAINING DATA
2024-07-03,-17.8252,31.0335,Harare,13.3,5.4,19.4,0.0,57.0,19.6,14.3,HISTORICAL TRAINING DATA
2024-07-04,-17.8252,31.0335,Harare,13.1,5.4,21.7,0.0,50.4,6.0,20.0,HISTORICAL TRAINING DATA
2024-07-05,-17.8252,31.0335,Harare,14.3,8.0,22.7,0.0,56.3,12.5,15.7,HISTORICAL TRAINING DATA
2024-07-06,-17.8252,31.0335,Harare,14.9,9.8,22.8,0.0,47.9,6.8,26.9,HISTORICAL TRAINING DATA
2024-07-07,-17.8252,31.0335,Harare,14.9,8.5,23.4,0.0,44.8,18.9,27.9,HISTORICAL TRAINING DATA
2024-07-08,-17.8252,31.0335,Harare,16.1,7.4,21.9,0.0,58.9,11.3,14.9,HISTORICAL TRAINING DATA
2024-07-09,-17.8252,31.0335,Harare,14.5,9.4,22.7,0.0,45.8,21.0,25.8,HISTORICAL TRAINING DATA
2024-07-10,-17.8252,31.0335,Harare,16.0,7.7,24.3,0.0,59.0,14.3,17.3,HISTORICAL TRAINING DATA
2024-07-11,-17.8252,31.0335,Harare,16.7,11.3,23.5,0.0,46.0,8.0,27.6,HISTORICAL TRAINING DATA
2024-07-12,-17.8252,31.0335,Harare,13.3,5.6,21.5,0.0,57.3,7.0,25.2,HISTORICAL TRAINING DATA
2024-07-13,-17.8252,31.0335,Harare,16.8,11.4,22.0,0.0,45.8,6.8,25.9,HISTORICAL TRAINING DATA
2024-07-14,-17.8252,31.0335,Harare,15.4,6.9,23.5,0.0,45.3,16.0,20.3,HISTORICAL TRAINING DATA
2024-07-15,-17.8252,31.0335,Harare,15.1,9.7,22.7,0.0,50.5,16.8,14.4,HISTORICAL TRAINING DATA
2024-07-16,-17.8252,31.0335,Harare,14.9,9.9,22.8,0.0,37.7,15.5,25.8,HISTORICAL TRAINING DATA
2024-07-17,-17.8252,31.0335,Harare,13.4,7.0,20.3,0.0,47.7,15.9,16.6,HISTORICAL TRAINING DATA
2024-07-18,-17.8252,31.0335,Harare,16.4,9.1,23.5,0.0,38.2,16.4,19.0,HISTORICAL TRAINING DATA
2024-07-19,-17.8252,31.0335,Harare,14.7,7.8,22.1,0.0,38.6,10.7,27.6,HISTORICAL TRAINING DATA
2024-07-20,-17.8252,31.0335,Harare,14.9,9.0,23.2,0.0,38.6,15.0,14.8,HISTORICAL TRAINING DATA
2024-07-21,-17.8252,31.0335,Harare,15.6,9.8,20.9,0.0,51.0,9.0,20.7,HISTORICAL TRAINING DATA
2024-07-22,-17.8252,31.0335,Harare,14.2,5.8,21.5,0.0,52.3,11.4,18.2,HISTORICAL TRAINING DATA
2024-07-23,-17.8252,31.0335,Harare,15.7,7.0,22.7,0.0,56.9,20.7,22.9,HISTORICAL TRAINING DATA
2024-07-24,-17.8252,31.0335,Harare,14.2,7.3,22.3,0.0,40.3,19.0,25.3,HISTORICAL TRAINING DATA
2024-07-25,-17.8252,31.0335,Harare,15.5,10.5,20.5,0.0,55.7,11.7,21.8,HISTORICAL TRAINING DATA
2024-07-26,-17.8252,31.0335,Harare,16.4,7.8,22.9,0.0,50.8,21.6,16.8,HISTORICAL TRAINING DATA
2024-07-27,-17.8252,31.0335,Harare,15.9,10.2,24.3,0.0,41.5,9.9,16.7,HISTORICAL TRAINING DATA
2024-07-28,-17.8252,31.0335,Harare,16.3,8.0,21.8,0.0,37.5,16.5,26.4,HISTORICAL TRAINING DATA
2024-07-29,-17.8252,31.0335,Harare,15.6,9.2,22.1,0.0,46.4,8.7,21.4,HISTORICAL TRAINING DATA
2024-07-30,-17.8252,31.0335,Harare,13.8,6.0,19.3,0.0,45.8,20.1,15.8,HISTORICAL TRAINING DATA
2024-07-31,-17.8252,31.0335,Harare,16.2,10.0,23.0,0.0,52.4,16.2,26.9,HISTORICAL TRAINING DATA
2024-08-01,-17.8252,31.0335,Harare,13.9,7.8,19.5,0.0,56.4,10.0,22.8,HISTORICAL TRAINING DATA
2024-08-02,-17.8252,31.0335,Harare,15.9,8.5,22.8,0.0,47.7,17.6,25.0,HISTORICAL TRAINING DATA
2024-08-03,-17.8252,31.0335,Harare,13.8,7.3,22.4,0.0,39.2,18.0,19.2,HISTORICAL TRAINING DATA
2024-08-04,-17.8252,31.0335,Harare,14.9,7.8,21.9,0.0,52.8,21.3,20.6,HISTORICAL TRAINING DATA
2024-08-05,-17.8252,31.0335,Harare,14.7,7.1,20.5,0.0,54.8,20.3,20.3,HISTORICAL TRAINING DATA
2024-08-06,-17.8252,31.0335,Harare,16.1,9.6,21.7,0.0,45.6,19.5,17.6,HISTORICAL TRAINING DATA
2024-08-07,-17.8252,31.0335,Harare,16.7,9.6,22.6,0.0,42.4,6.7,21.2,HISTORICAL TRAINING DATA
2024-08-08,-17.8252,31.0335,Harare,15.7,9.2,22.6,0.0,45.8,10.4,14.3,HISTORICAL TRAINING DATA
2024-08-09,-17.8252,31.0335,Harare,15.2,6.6,21.4,0.0,36.9,14.0,21.7,HISTORICAL TRAINING DATA
2024-08-10,-17.8252,31.0335,Harare,16.7,11.2,23.1,0.0,40.7,14.7,18.7,HISTORICAL TRAINING DATA
2024-08-11,-17.8252,31.0335,Harare,14.3,6.2,22.7,0.0,53.6,9.1,22.5,HISTORICAL TRAINING DATA
2024-08-12,-17.8252,31.0335,Harare,16.4,9.3,22.5,0.0,52.9,18.3,17.9,HISTORICAL TRAINING DATA
2024-08-13,-17.8252,31.0335,Harare,15.6,7.3,23.6,0.0,58.6,6.2,23.2,HISTORICAL TRAINING DATA
2024-08-14,-17.8252,31.0335,Harare,13.0,7.1,20.9,0.0,56.6,9.4,17.3,HISTORICAL TRAINING DATA
2024-08-15,-17.8252,31.0335,Harare,14.7,6.4,21.0,0.0,46.7,7.4,25.8,HISTORICAL TRAINING DATA
2024-08-16,-17.8252,31.0335,Harare,15.3,8.5,23.7,0.0,45.4,6.5,15.9,HISTORICAL TRAINING DATA
2024-08-17,-17.8252,31.0335,Harare,13.5,6.5,21.1,0.0,53.4,11.7,17.2,HISTORICAL TRAINING DATA
2024-08-18,-17.8252,31.0335,Harare,15.3,7.5,21.5,0.0,54.1,15.4,21.9,HISTORICAL TRAINING DATA
2024-08-19,-17.8252,31.0335,Harare,16.9,7.9,24.1,0.0,59.4,18.8,26.8,HISTORICAL TRAINING DATA
2024-08-20,-17.8252,31.0335,Harare,14.7,5.9,20.0,0.0,44.5,12.2,20.6,HISTORICAL TRAINING DATA
2024-08-21,-17.8252,31.0335,Harare,15.7,9.5,21.4,0.0,51.0,16.8,16.5,HISTORICAL TRAINING DATA
2024-08-22,-17.8252,31.0335,Harare,13.7,7.9,22.3,0.0,35.7,12.2,16.9,HISTORICAL TRAINING DATA
2024-08-23,-17.8252,31.0335,Harare,15.8,9.4,20.9,0.0,46.4,11.2,26.7,HISTORICAL TRAINING DATA
2024-08-24,-17.8252,31.0335,Harare,15.4,8.8,23.4,0.0,38.2,12.2,26.7,HISTORICAL TRAINING DATA
2024-08-25,-17.8252,31.0335,Harare,16.2,7.9,23.8,0.0,42.7,8.5,22.1,HISTORICAL TRAINING DATA
2024-08-26,-17.8252,31.0335,Harare,15.8,8.9,21.6,0.0,52.9,21.9,20.2,HISTORICAL TRAINING DATA
2024-08-27,-17.8252,31.0335,Harare,13.7,7.4,21.0,0.0,41.2,13.9,20.5,HISTORICAL TRAINING DATA
2024-08-28,-17.8252,31.0335,Harare,16.8,8.2,23.2,0.0,51.2,19.5,25.1,HISTORICAL TRAINING DATA
2024-08-29,-17.8252,31.0335,Harare,15.4,8.8,21.2,0.0,56.2,15.9,20.0,HISTORICAL TRAINING DATA
2024-08-30,-17.8252,31.0335,Harare,15.5,10.1,23.3,0.0,52.5,6.7,26.4,HISTORICAL TRAINING DATA
2024-08-31,-17.8252,31.0335,Harare,16.4,8.7,21.6,0.0,48.4,17.6,26.6,HISTORICAL TRAINING DATA
2024-09-01,-17.8252,31.0335,Harare,30.6,25.2,37.1,0.0,49.0,18.1,21.1,HISTORICAL TRAINING DATA
2024-09-02,-17.8252,31.0335,Harare,30.1,24.3,35.3,0.0,34.1,6.4,22.9,HISTORICAL TRAINING DATA
2024-09-03,-17.8252,31.0335,Harare,29.7,23.1,35.5,0.0,38.6,6.6,17.5,HISTORICAL TRAINING DATA
2024-09-04,-17.8252,31.0335,Harare,29.8,23.0,36.7,0.0,46.8,7.3,23.2,HISTORICAL TRAINING DATA
2024-09-05,-17.8252,31.0335,Harare,29.9,23.7,35.5,0.0,41.8,19.4,22.5,HISTORICAL TRAINING DATA
2024-09-06,-17.8252,31.0335,Harare,27.7,22.0,35.4,0.0,48.5,6.2,17.8,HISTORICAL TRAINING DATA
2024-09-07,-17.8252,31.0335,Harare,28.8,20.2,35.9,0.0,47.9,13.1,14.7,HISTORICAL TRAINING DATA
2024-09-08,-17.8252,31.0335,Harare,29.5,21.9,35.0,0.0,46.6,17.0,20.2,HISTORICAL TRAINING DATA
2024-09-09,-17.8252,31.0335,Harare,29.4,23.4,38.0,4.4,35.0,9.2,14.2,HISTORICAL TRAINING DATA
2024-09-10,-17.8252,31.0335,Harare,27.1,21.9,35.9,8.4,47.0,7.5,25.7,HISTORICAL TRAINING DATA
2024-09-11,-17.8252,31.0335,Harare,29.7,22.6,37.9,0.0,31.1,11.2,22.8,HISTORICAL TRAINING DATA
2024-09-12,-17.8252,31.0335,Harare,29.5,22.8,35.4,0.0,39.9,7.7,18.5,HISTORICAL TRAINING DATA
2024-09-13,-17.8252,31.0335,Harare,27.1,21.2,32.9,0.0,30.3,16.5,17.9,HISTORICAL TRAINING DATA
2024-09-14,-17.8252,31.0335,Harare,29.5,21.4,36.5,9.0,40.3,21.8,24.0,HISTORICAL TRAINING DATA
2024-09-15,-17.8252,31.0335,Harare,30.2,24.2,35.5,0.0,44.2,11.2,22.8,HISTORICAL TRAINING DATA
2024-09-16,-17.8252,31.0335,Harare,28.6,23.0,34.3,0.0,49.3,18.2,23.6,HISTORICAL TRAINING DATA
2024-09-17,-17.8252,31.0335,Harare,30.9,25.8,39.6,0.0,31.7,13.2,21.2,HISTORICAL TRAINING DATA
2024-09-18,-17.8252,31.0335,Harare,30.0,24.9,35.1,0.0,47.6,18.1,15.7,HISTORICAL TRAINING DATA
2024-09-19,-17.8252,31.0335,Harare,27.9,22.6,33.5,0.0,36.1,14.0,16.8,HISTORICAL TRAINING DATA
2024-09-20,-17.8252,31.0335,Harare,28.5,20.6,37.5,0.0,36.0,13.1,26.3,HISTORICAL TRAINING DATA
2024-09-21,-17.8252,31.0335,Harare,27.5,22.4,35.7,0.0,49.7,12.6,25.4,HISTORICAL TRAINING DATA
2024-09-22,-17.8252,31.0335,Harare,30.0,23.6,35.8,0.0,48.3,6.9,26.8,HISTORICAL TRAINING DATA
2024-09-23,-17.8252,31.0335,Harare,31.0,25.1,39.4,0.0,47.4,14.3,16.6,HISTORICAL TRAINING DATA
2024-09-24,-17.8252,31.0335,Harare,29.5,24.3,38.5,5.4,53.8,21.0,15.8,HISTORICAL TRAINING DATA
2024-09-25,-17.8252,31.0335,Harare,27.7,21.9,34.7,0.0,49.9,12.8,20.5,HISTORICAL TRAINING DATA
2024-09-26,-17.8252,31.0335,Harare,27.7,20.2,33.9,0.0,40.6,15.2,27.5,HISTORICAL TRAINING DATA
2024-09-27,-17.8252,31.0335,Harare,27.8,19.0,34.2,0.0,42.0,12.0,20.6,HISTORICAL TRAINING DATA
2024-09-28,-17.8252,31.0335,Harare,28.7,23.1,37.5,0.0,40.8,13.7,24.7,HISTORICAL TRAINING DATA
2024-09-29,-17.8252,31.0335,Harare,28.7,22.5,35.9,0.0,52.7,14.8,16.5,HISTORICAL TRAINING DATA
2024-09-30,-17.8252,31.0335,Harare,28.5,21.3,35.4,0.0,37.1,11.3,24.0,HISTORICAL TRAINING DATA
2024-10-01,-17.8252,31.0335,Harare,27.8,19.3,35.7,0.0,30.1,12.0,19.7,HISTORICAL TRAINING DATA
2024-10-02,-17.8252,31.0335,Harare,28.7,22.1,34.9,0.0,48.6,21.8,15.0,HISTORICAL TRAINING DATA
2024-10-03,-17.8252,31.0335,Harare,30.5,21.8,36.2,0.0,33.1,18.2,27.4,HISTORICAL TRAINING DATA
2024-10-04,-17.8252,31.0335,Harare,30.1,22.2,37.6,0.0,38.7,11.9,14.8,HISTORICAL TRAINING DATA
2024-10-05,-17.8252,31.0335,Harare,28.5,21.6,37.2,0.0,36.2,11.8,23.9,HISTORICAL TRAINING DATA
2024-10-06,-17.8252,31.0335,Harare,27.1,19.7,35.9,0.0,33.7,8.4,17.5,HISTORICAL TRAINING DATA
2024-10-07,-17.8252,31.0335,Harare,29.3,23.8,34.7,0.0,34.0,17.4,19.4,HISTORICAL TRAINING DATA
2024-10-08,-17.8252,31.0335,Harare,29.8,21.2,38.3,0.0,32.0,8.7,20.0,HISTORICAL TRAINING DATA
2024-10-09,-17.8252,31.0335,Harare,29.8,21.2,37.1,0.0,43.3,17.7,24.5,HISTORICAL TRAINING DATA
2024-10-10,-17.8252,31.0335,Harare,30.7,23.4,38.9,0.0,32.7,19.0,17.8,HISTORICAL TRAINING DATA
2024-10-11,-17.8252,31.0335,Harare,27.8,22.8,33.5,0.0,47.5,13.9,15.4,HISTORICAL TRAINING DATA
2024-10-12,-17.8252,31.0335,Harare,30.1,23.9,36.8,0.0,40.4,8.8,16.6,HISTORICAL TRAINING DATA
2024-10-13,-17.8252,31.0335,Harare,27.5,22.1,34.8,0.0,42.6,9.4,16.8,HISTORICAL TRAINING DATA
2024-10-14,-17.8252,31.0335,Harare,30.0,21.1,38.5,0.0,34.8,13.1,26.8,HISTORICAL TRAINING DATA
2024-10-15,-17.8252,31.0335,Harare,27.4,22.1,32.9,0.0,32.0,7.0,14.4,HISTORICAL TRAINING DATA
2024-10-16,-17.8252,31.0335,Harare,27.9,22.9,34.0,0.0,49.0,21.3,23.3,HISTORICAL TRAINING DATA
2024-10-17,-17.8252,31.0335,Harare,30.2,23.7,37.2,2.9,49.8,21.4,17.7,HISTORICAL TRAINING DATA
2024-10-18,-17.8252,31.0335,Harare,28.9,22.6,36.7,0.0,45.1,11.5,18.4,HISTORICAL TRAINING DATA
2024-10-19,-17.8252,31.0335,Harare,28.0,20.5,36.9,0.0,40.0,20.0,25.3,HISTORICAL TRAINING DATA
2024-10-20,-17.8252,31.0335,Harare,27.0,18.7,35.7,0.0,40.0,6.4,15.7,HISTORICAL TRAINING DATA
2024-10-21,-17.8252,31.0335,Harare,29.1,23.1,35.9,0.0,48.8,17.0,26.2,HISTORICAL TRAINING DATA
2024-10-22,-17.8252,31.0335,Harare,29.1,21.5,37.8,0.0,30.1,11.2,22.9,HISTORICAL TRAINING DATA
2024-10-23,-17.8252,31.0335,Harare,30.5,22.8,36.4,0.0,48.4,13.8,24.3,HISTORICAL TRAINING DATA
2024-10-24,-17.8252,31.0335,Harare,30.2,21.4,37.1,0.0,53.5,16.5,23.8,HISTORICAL TRAINING DATA
2024-10-25,-17.8252,31.0335,Harare,27.4,19.6,35.9,0.0,45.2,20.0,25.0,HISTORICAL TRAINING DATA
2024-10-26,-17.8252,31.0335,Harare,29.9,21.5,38.9,5.5,32.2,21.8,20.5,HISTORICAL TRAINING DATA
2024-10-27,-17.8252,31.0335,Harare,30.6,23.4,36.6,0.0,42.1,8.7,27.2,HISTORICAL TRAINING DATA
2024-10-28,-17.8252,31.0335,Harare,29.8,24.7,38.5,0.0,54.8,11.2,19.4,HISTORICAL TRAINING DATA
2024-10-29,-17.8252,31.0335,Harare,28.1,19.3,35.8,0.0,46.6,16.6,26.9,HISTORICAL TRAINING DATA
2024-10-30,-17.8252,31.0335,Harare,29.5,23.2,35.4,0.0,49.9,15.2,26.9,HISTORICAL TRAINING DATA
2024-10-31,-17.8252,31.0335,Harare,27.3,19.3,35.2,0.0,52.8,16.5,25.0,HISTORICAL TRAINING DATA
2024-11-01,-17.8252,31.0335,Harare,26.9,20.7,32.3,3.2,68.3,11.4,22.3,HISTORICAL TRAINING DATA
2024-11-02,-17.8252,31.0335,Harare,23.8,18.2,30.0,0.0,78.3,12.1,24.3,HISTORICAL TRAINING DATA
2024-11-03,-17.8252,31.0335,Harare,24.2,17.7,30.9,0.0,66.1,18.3,25.2,HISTORICAL TRAINING DATA
2024-11-04,-17.8252,31.0335,Harare,26.7,21.3,31.8,13.1,78.9,19.6,18.4,HISTORICAL TRAINING DATA
2024-11-05,-17.8252,31.0335,Harare,26.3,20.7,32.4,3.0,81.8,18.0,25.9,HISTORICAL TRAINING DATA
2024-11-06,-17.8252,31.0335,Harare,26.3,18.6,32.4,4.6,76.1,19.6,22.0,HISTORICAL TRAINING DATA
2024-11-07,-17.8252,31.0335,Harare,25.5,20.3,33.8,4.1,90.9,8.4,24.0,HISTORICAL TRAINING DATA
2024-11-08,-17.8252,31.0335,Harare,26.4,18.4,35.1,0.0,67.2,18.4,26.0,HISTORICAL TRAINING DATA
2024-11-09,-17.8252,31.0335,Harare,25.9,20.3,31.0,20.2,89.2,12.3,19.9,HISTORICAL TRAINING DATA
2024-11-10,-17.8252,31.0335,Harare,24.9,17.0,31.0,6.0,62.3,20.8,23.8,HISTORICAL TRAINING DATA
2024-11-11,-17.8252,31.0335,Harare,25.2,16.7,30.4,4.7,85.3,21.0,18.3,HISTORICAL TRAINING DATA
2024-11-12,-17.8252,31.0335,Harare,25.6,18.7,34.2,0.0,74.1,9.4,25.3,HISTORICAL TRAINING DATA
2024-11-13,-17.8252,31.0335,Harare,23.8,15.4,29.2,0.0,71.6,18.6,26.0,HISTORICAL TRAINING DATA
2024-11-14,-17.8252,31.0335,Harare,24.5,18.8,29.7,0.0,81.7,11.7,20.6,HISTORICAL TRAINING DATA
2024-11-15,-17.8252,31.0335,Harare,26.8,20.0,32.4,8.7,70.8,17.6,17.4,HISTORICAL TRAINING DATA
2024-11-16,-17.8252,31.0335,Harare,23.5,17.8,31.5,4.3,79.1,18.4,27.9,HISTORICAL TRAINING DATA
2024-11-17,-17.8252,31.0335,Harare,25.7,19.2,33.2,7.5,86.2,13.1,14.2,HISTORICAL TRAINING DATA
2024-11-18,-17.8252,31.0335,Harare,23.5,17.6,30.8,12.3,89.1,21.8,20.7,HISTORICAL TRAINING DATA
2024-11-19,-17.8252,31.0335,Harare,25.8,16.8,33.6,10.8,72.3,10.8,15.8,HISTORICAL TRAINING DATA
2024-11-20,-17.8252,31.0335,Harare,24.3,17.2,30.9,0.0,87.6,17.2,19.5,HISTORICAL TRAINING DATA
2024-11-21,-17.8252,31.0335,Harare,26.3,21.0,34.6,0.0,77.0,14.6,25.5,HISTORICAL TRAINING DATA
2024-11-22,-17.8252,31.0335,Harare,25.6,18.0,31.1,0.0,66.6,19.8,23.7,HISTORICAL TRAINING DATA
2024-11-23,-17.8252,31.0335,Harare,23.0,15.7,30.6,4.5,61.3,7.4,17.6,HISTORICAL TRAINING DATA
2024-11-24,-17.8252,31.0335,Harare,26.0,17.1,31.7,1.6,69.6,21.6,23.2,HISTORICAL TRAINING DATA
2024-11-25,-17.8252,31.0335,Harare,24.0,17.8,31.1,35.0,88.9,8.2,20.9,HISTORICAL TRAINING DATA
2024-11-26,-17.8252,31.0335,Harare,24.3,16.8,31.3,0.0,91.9,17.0,23.3,HISTORICAL TRAINING DATA
2024-11-27,-17.8252,31.0335,Harare,23.2,17.3,28.7,1.8,87.4,14.8,22.3,HISTORICAL TRAINING DATA
2024-11-28,-17.8252,31.0335,Harare,24.1,16.9,30.2,0.0,73.5,16.4,16.3,HISTORICAL TRAINING DATA
2024-11-29,-17.8252,31.0335,Harare,24.8,16.1,30.4,0.0,81.6,9.3,22.8,HISTORICAL TRAINING DATA
2024-11-30,-17.8252,31.0335,Harare,24.1,16.2,31.3,0.0,80.7,16.4,21.2,HISTORICAL TRAINING DATA
2024-12-01,-17.8252,31.0335,Harare,23.7,15.5,30.2,0.0,70.1,21.4,17.5,HISTORICAL TRAINING DATA
2024-12-02,-17.8252,31.0335,Harare,24.1,17.5,30.4,0.0,81.9,7.4,26.7,HISTORICAL TRAINING DATA
2024-12-03,-17.8252,31.0335,Harare,26.1,20.7,35.0,19.2,68.8,9.6,27.3,HISTORICAL TRAINING DATA
2024-12-04,-17.8252,31.0335,Harare,26.1,18.8,34.4,9.0,88.0,7.5,18.9,HISTORICAL TRAINING DATA
2024-12-05,-17.8252,31.0335,Harare,25.3,20.1,31.6,3.8,63.2,18.0,16.5,HISTORICAL TRAINING DATA
2024-12-06,-17.8252,31.0335,Harare,26.2,19.0,34.8,0.0,85.2,12.4,22.3,HISTORICAL TRAINING DATA
2024-12-07,-17.8252,31.0335,Harare,24.0,16.4,29.6,0.0,82.8,15.1,17.7,HISTORICAL TRAINING DATA
2024-12-08,-17.8252,31.0335,Harare,26.7,18.6,34.4,0.0,71.8,12.7,20.4,HISTORICAL TRAINING DATA
2024-12-09,-17.8252,31.0335,Harare,24.8,15.9,31.8,7.6,69.2,17.5,26.9,HISTORICAL TRAINING DATA
2024-12-10,-17.8252,31.0335,Harare,23.9,17.7,32.0,0.0,62.8,19.5,22.9,HISTORICAL TRAINING DATA
2024-12-11,-17.8252,31.0335,Harare,23.3,18.0,29.5,1.2,78.4,20.9,25.3,HISTORICAL TRAINING DATA
2024-12-12,-17.8252,31.0335,Harare,23.0,14.3,28.6,0.0,81.7,14.0,23.6,HISTORICAL TRAINING DATA
2024-12-13,-17.8252,31.0335,Harare,25.7,20.7,31.5,0.0,64.0,19.3,14.1,HISTORICAL TRAINING DATA
2024-12-14,-17.8252,31.0335,Harare,24.7,15.7,32.3,0.0,71.0,20.7,28.0,HISTORICAL TRAINING DATA
2024-12-15,-17.8252,31.0335,Harare,26.8,20.0,32.5,0.0,61.4,20.9,24.7,HISTORICAL TRAINING DATA
2024-12-16,-17.8252,31.0335,Harare,26.6,20.2,31.8,5.5,64.3,13.9,16.4,HISTORICAL TRAINING DATA
2024-12-17,-17.8252,31.0335,Harare,26.9,18.5,35.3,13.6,86.6,10.6,20.8,HISTORICAL TRAINING DATA
2024-12-18,-17.8252,31.0335,Harare,24.1,15.4,32.8,12.0,72.6,21.3,21.2,HISTORICAL TRAINING DATA
2024-12-19,-17.8252,31.0335,Harare,26.6,18.2,31.8,0.0,88.6,6.1,20.4,HISTORICAL TRAINING DATA
2024-12-20,-17.8252,31.0335,Harare,24.2,17.6,29.2,5.2,83.1,12.9,16.8,HISTORICAL TRAINING DATA
2024-12-21,-17.8252,31.0335,Harare,25.1,16.5,30.1,0.0,73.1,18.3,17.5,HISTORICAL TRAINING DATA
2024-12-22,-17.8252,31.0335,Harare,24.9,17.7,31.0,5.4,88.6,21.8,23.2,HISTORICAL TRAINING DATA
2024-12-23,-17.8252,31.0335,Harare,24.8,16.2,32.6,16.5,60.2,7.8,18.0,HISTORICAL TRAINING DATA
2024-12-24,-17.8252,31.0335,Harare,23.5,15.9,32.3,4.8,61.0,21.4,27.8,HISTORICAL TRAINING DATA
2024-12-25,-17.8252,31.0335,Harare,23.5,15.7,29.0,0.0,75.9,18.0,24.9,HISTORICAL TRAINING DATA
2024-12-26,-17.8252,31.0335,Harare,24.6,16.3,30.1,0.0,83.7,21.3,25.1,HISTORICAL TRAINING DATA
2024-12-27,-17.8252,31.0335,Harare,23.5,18.3,31.8,0.2,81.9,12.9,22.4,HISTORICAL TRAINING DATA
2024-12-28,-17.8252,31.0335,Harare,23.0,17.7,29.7,0.0,69.0,15.9,24.2,HISTORICAL TRAINING DATA
2024-12-29,-17.8252,31.0335,Harare,23.7,15.9,31.4,1.5,68.4,12.9,20.6,HISTORICAL TRAINING DATA
2024-12-30,-17.8252,31.0335,Harare,26.1,20.4,34.6,15.7,79.6,16.1,16.1,HISTORICAL TRAINING DATA
2024-01-01,-20.1486,28.5806,Bulawayo,22.5,16.9,27.6,3.8,66.1,9.2,26.1,HISTORICAL TRAINING DATA
2024-01-02,-20.1486,28.5806,Bulawayo,23.5,14.6,29.4,0.0,82.4,12.8,14.9,HISTORICAL TRAINING DATA
2024-01-03,-20.1486,28.5806,Bulawayo,23.7,14.9,31.6,1.4,71.6,10.0,26.5,HISTORICAL TRAINING DATA
2024-01-04,-20.1486,28.5806,Bulawayo,22.7,16.6,28.8,13.0,70.3,15.7,20.0,HISTORICAL TRAINING DATA
2024-01-05,-20.1486,28.5806,Bulawayo,23.0,17.6,30.7,0.0,70.7,16.9,24.8,HISTORICAL TRAINING DATA
2024-01-06,-20.1486,28.5806,Bulawayo,22.5,15.2,29.9,19.9,83.8,9.8,17.9,HISTORICAL TRAINING DATA
2024-01-07,-20.1486,28.5806,Bulawayo,24.3,16.9,29.5,1.3,80.1,21.5,26.4,HISTORICAL TRAINING DATA
2024-01-08,-20.1486,28.5806,Bulawayo,25.3,16.5,32.7,7.1,63.2,10.8,20.6,HISTORICAL TRAINING DATA
2024-01-09,-20.1486,28.5806,Bulawayo,25.0,19.5,31.7,0.0,64.9,17.4,26.5,HISTORICAL TRAINING DATA
2024-01-10,-20.1486,28.5806,Bulawayo,25.0,18.6,31.5,0.0,77.9,16.1,15.6,HISTORICAL TRAINING DATA
2024-01-11,-20.1486,28.5806,Bulawayo,23.7,14.9,31.9,0.0,76.8,8.7,17.8,HISTORICAL TRAINING DATA
2024-01-12,-20.1486,28.5806,Bulawayo,25.9,17.0,31.6,37.4,61.9,19.0,20.9,HISTORICAL TRAINING DATA
2024-01-13,-20.1486,28.5806,Bulawayo,24.1,17.4,31.2,0.0,62.4,15.0,19.5,HISTORICAL TRAINING DATA
2024-01-14,-20.1486,28.5806,Bulawayo,24.4,17.1,29.5,0.0,78.3,20.9,21.2,HISTORICAL TRAINING DATA
2024-01-15,-20.1486,28.5806,Bulawayo,24.0,15.6,30.2,0.0,68.3,10.3,15.7,HISTORICAL TRAINING DATA
2024-01-16,-20.1486,28.5806,Bulawayo,22.9,15.3,31.7,0.0,69.3,10.4,15.9,HISTORICAL TRAINING DATA
2024-01-17,-20.1486,28.5806,Bulawayo,25.5,19.7,31.0,47.0,91.7,16.4,22.9,HISTORICAL TRAINING DATA
2024-01-18,-20.1486,28.5806,Bulawayo,25.9,19.8,31.4,35.1,88.3,20.4,18.1,HISTORICAL TRAINING DATA
2024-01-19,-20.1486,28.5806,Bulawayo,25.9,19.5,33.9,0.0,60.3,10.5,17.6,HISTORICAL TRAINING DATA
2024-01-20,-20.1486,28.5806,Bulawayo,22.1,13.3,29.4,0.0,87.8,17.6,23.6,HISTORICAL TRAINING DATA
2024-01-21,-20.1486,28.5806,Bulawayo,25.8,20.0,32.6,11.8,79.3,11.2,16.9,HISTORICAL TRAINING DATA
2024-01-22,-20.1486,28.5806,Bulawayo,24.5,17.7,32.4,0.0,72.7,12.9,16.1,HISTORICAL TRAINING DATA
2024-01-23,-20.1486,28.5806,Bulawayo,23.9,15.7,29.6,0.0,74.7,15.1,27.2,HISTORICAL TRAINING DATA
2024-01-24,-20.1486,28.5806,Bulawayo,22.7,14.5,30.5,4.5,88.3,9.0,16.0,HISTORICAL TRAINING DATA
2024-01-25,-20.1486,28.5806,Bulawayo,23.7,17.1,31.6,0.0,80.6,8.2,24.5,HISTORICAL TRAINING DATA
2024-01-26,-20.1486,28.5806,Bulawayo,22.0,17.0,30.4,5.8,63.5,21.0,15.9,HISTORICAL TRAINING DATA
2024-01-27,-20.1486,28.5806,Bulawayo,25.1,16.9,30.1,33.5,79.2,18.7,21.6,HISTORICAL TRAINING DATA
2024-01-28,-20.1486,28.5806,Bulawayo,25.3,19.7,33.3,0.0,62.7,20.3,25.4,HISTORICAL TRAINING DATA
2024-01-29,-20.1486,28.5806,Bulawayo,23.2,16.1,29.3,0.0,67.8,14.7,14.3,HISTORICAL TRAINING DATA
2024-01-30,-20.1486,28.5806,Bulawayo,22.2,13.6,28.8,0.0,63.3,6.0,17.1,HISTORICAL TRAINING DATA
2024-01-31,-20.1486,28.5806,Bulawayo,22.9,14.2,30.6,5.2,69.2,17.0,24.0,HISTORICAL TRAINING DATA
2024-02-01,-20.1486,28.5806,Bulawayo,25.6,19.7,34.4,0.0,91.7,10.5,15.1,HISTORICAL TRAINING DATA
2024-02-02,-20.1486,28.5806,Bulawayo,23.3,18.2,28.9,31.0,62.7,12.9,18.7,HISTORICAL TRAINING DATA
2024-02-03,-20.1486,28.5806,Bulawayo,22.7,15.2,28.9,26.8,82.0,20.0,17.8,HISTORICAL TRAINING DATA
2024-02-04,-20.1486,28.5806,Bulawayo,24.0,15.8,32.2,3.7,89.0,19.8,27.7,HISTORICAL TRAINING DATA
2024-02-05,-20.1486,28.5806,Bulawayo,25.1,16.9,34.0,1.9,74.3,19.0,15.6,HISTORICAL TRAINING DATA
2024-02-06,-20.1486,28.5806,Bulawayo,23.7,17.4,29.2,0.0,64.6,18.3,18.9,HISTORICAL TRAINING DATA
2024-02-07,-20.1486,28.5806,Bulawayo,24.0,16.6,31.5,0.0,91.1,8.2,27.2,HISTORICAL TRAINING DATA
2024-02-08,-20.1486,28.5806,Bulawayo,25.7,18.7,32.8,9.6,77.2,9.7,15.2,HISTORICAL TRAINING DATA
2024-02-09,-20.1486,28.5806,Bulawayo,24.9,16.6,30.7,0.0,84.9,7.4,19.1,HISTORICAL TRAINING DATA
2024-02-10,-20.1486,28.5806,Bulawayo,22.8,15.9,28.3,0.0,71.6,7.8,26.8,HISTORICAL TRAINING DATA
2024-02-11,-20.1486,28.5806,Bulawayo,23.4,17.9,30.3,0.0,84.9,19.4,21.7,HISTORICAL TRAINING DATA
2024-02-12,-20.1486,28.5806,Bulawayo,25.7,17.7,31.2,2.8,67.2,17.1,16.0,HISTORICAL TRAINING DATA
2024-02-13,-20.1486,28.5806,Bulawayo,24.9,19.7,30.4,0.0,73.6,15.3,20.7,HISTORICAL TRAINING DATA
2024-02-14,-20.1486,28.5806,Bulawayo,24.4,18.4,29.4,1.9,64.5,19.3,19.8,HISTORICAL TRAINING DATA
2024-02-15,-20.1486,28.5806,Bulawayo,25.1,18.0,33.9,0.0,64.5,13.5,24.1,HISTORICAL TRAINING DATA
2024-02-16,-20.1486,28.5806,Bulawayo,23.8,18.3,29.0,0.0,60.4,16.3,22.5,HISTORICAL TRAINING DATA
2024-02-17,-20.1486,28.5806,Bulawayo,22.7,13.9,29.5,6.1,73.6,17.4,17.6,HISTORICAL TRAINING DATA
2024-02-18,-20.1486,28.5806,Bulawayo,24.3,18.2,29.7,3.1,89.8,12.0,27.3,HISTORICAL TRAINING DATA
2024-02-19,-20.1486,28.5806,Bulawayo,25.0,16.7,33.9,0.7,72.6,15.7,15.1,HISTORICAL TRAINING DATA
2024-02-20,-20.1486,28.5806,Bulawayo,24.8,18.1,31.3,0.0,80.9,6.9,19.2,HISTORICAL TRAINING DATA
2024-02-21,-20.1486,28.5806,Bulawayo,23.7,15.6,30.0,1.3,71.6,9.8,16.3,HISTORICAL TRAINING DATA
2024-02-22,-20.1486,28.5806,Bulawayo,22.4,16.7,28.2,0.1,89.1,20.9,17.4,HISTORICAL TRAINING DATA
2024-02-23,-20.1486,28.5806,Bulawayo,22.3,13.4,29.3,0.0,61.4,6.8,15.3,HISTORICAL TRAINING DATA
2024-02-24,-20.1486,28.5806,Bulawayo,23.2,14.4,30.2,0.0,84.1,11.0,19.5,HISTORICAL TRAINING DATA
2024-02-25,-20.1486,28.5806,Bulawayo,23.4,14.8,30.4,13.5,70.6,14.0,24.9,HISTORICAL TRAINING DATA
2024-02-26,-20.1486,28.5806,Bulawayo,22.1,13.6,27.2,0.0,75.3,8.6,23.6,HISTORICAL TRAINING DATA
2024-02-27,-20.1486,28.5806,Bulawayo,22.3,16.4,28.2,0.0,90.5,16.9,16.0,HISTORICAL TRAINING DATA
2024-02-28,-20.1486,28.5806,Bulawayo,24.9,15.9,32.3,0.0,76.1,14.4,24.8,HISTORICAL TRAINING DATA
2024-02-29,-20.1486,28.5806,Bulawayo,23.8,15.0,28.9,4.1,80.0,17.4,23.6,HISTORICAL TRAINING DATA
2024-03-01,-20.1486,28.5806,Bulawayo,23.0,14.1,30.2,0.0,79.4,21.9,15.4,HISTORICAL TRAINING DATA
2024-03-02,-20.1486,28.5806,Bulawayo,22.1,13.6,30.2,0.0,69.9,20.3,21.0,HISTORICAL TRAINING DATA
2024-03-03,-20.1486,28.5806,Bulawayo,23.8,16.5,30.2,4.2,62.2,7.1,23.9,HISTORICAL TRAINING DATA
2024-03-04,-20.1486,28.5806,Bulawayo,23.8,15.8,30.6,0.0,91.3,20.8,27.2,HISTORICAL TRAINING DATA
2024-03-05,-20.1486,28.5806,Bulawayo,25.9,19.7,32.5,0.0,71.6,15.9,23.5,HISTORICAL TRAINING DATA
2024-03-06,-20.1486,28.5806,Bulawayo,23.8,17.5,29.1,0.0,80.0,12.6,20.3,HISTORICAL TRAINING DATA
2024-03-07,-20.1486,28.5806,Bulawayo,25.5,16.6,30.7,0.0,61.4,18.6,23.8,HISTORICAL TRAINING DATA
2024-03-08,-20.1486,28.5806,Bulawayo,24.2,17.0,32.7,1.3,72.0,9.6,26.2,HISTORICAL TRAINING DATA
2024-03-09,-20.1486,28.5806,Bulawayo,24.7,16.4,30.1,7.6,77.1,8.9,15.5,HISTORICAL TRAINING DATA
2024-03-10,-20.1486,28.5806,Bulawayo,25.8,20.6,32.2,6.8,72.8,15.7,17.0,HISTORICAL TRAINING DATA
2024-03-11,-20.1486,28.5806,Bulawayo,25.0,16.2,30.5,7.3,77.4,9.4,22.0,HISTORICAL TRAINING DATA
2024-03-12,-20.1486,28.5806,Bulawayo,26.0,17.7,34.1,0.0,62.0,21.7,17.0,HISTORICAL TRAINING DATA
2024-03-13,-20.1486,28.5806,Bulawayo,22.8,16.8,28.6,17.1,73.5,8.3,17.8,HISTORICAL TRAINING DATA
2024-03-14,-20.1486,28.5806,Bulawayo,22.3,15.6,28.2,0.0,74.4,20.3,16.6,HISTORICAL TRAINING DATA
2024-03-15,-20.1486,28.5806,Bulawayo,22.2,13.4,28.4,0.0,73.7,9.2,27.2,HISTORICAL TRAINING DATA
2024-03-16,-20.1486,28.5806,Bulawayo,23.9,15.1,30.7,0.0,85.1,20.6,22.0,HISTORICAL TRAINING DATA
2024-03-17,-20.1486,28.5806,Bulawayo,25.3,19.5,33.2,0.0,88.6,15.3,16.0,HISTORICAL TRAINING DATA
2024-03-18,-20.1486,28.5806,Bulawayo,24.7,16.4,32.6,0.0,83.5,6.2,26.6,HISTORICAL TRAINING DATA
2024-03-19,-20.1486,28.5806,Bulawayo,25.7,17.6,33.4,0.0,70.1,10.2,24.1,HISTORICAL TRAINING DATA
2024-03-20,-20.1486,28.5806,Bulawayo,26.0,18.4,33.5,0.0,87.4,15.3,14.5,HISTORICAL TRAINING DATA
2024-03-21,-20.1486,28.5806,Bulawayo,25.0,17.6,30.8,14.3,84.8,9.4,16.7,HISTORICAL TRAINING DATA
2024-03-22,-20.1486,28.5806,Bulawayo,24.7,18.3,30.9,0.0,71.8,10.9,25.5,HISTORICAL TRAINING DATA
2024-03-23,-20.1486,28.5806,Bulawayo,22.5,15.8,28.9,0.0,92.0,19.3,20.0,HISTORICAL TRAINING DATA
2024-03-24,-20.1486,28.5806,Bulawayo,25.9,19.4,33.1,31.3,74.7,8.6,20.1,HISTORICAL TRAINING DATA
2024-03-25,-20.1486,28.5806,Bulawayo,23.1,15.6,30.9,0.0,81.8,21.0,26.7,HISTORICAL TRAINING DATA
2024-03-26,-20.1486,28.5806,Bulawayo,22.4,17.3,31.1,21.8,62.9,7.7,24.5,HISTORICAL TRAINING DATA
2024-03-27,-20.1486,28.5806,Bulawayo,24.5,17.5,32.7,0.0,80.3,16.7,25.9,HISTORICAL TRAINING DATA
2024-03-28,-20.1486,28.5806,Bulawayo,22.8,17.4,31.3,0.0,77.7,21.2,18.9,HISTORICAL TRAINING DATA
2024-03-29,-20.1486,28.5806,Bulawayo,25.2,17.6,33.3,0.0,89.1,12.3,27.2,HISTORICAL TRAINING DATA
2024-03-30,-20.1486,28.5806,Bulawayo,25.1,17.5,31.4,0.0,68.6,20.4,26.7,HISTORICAL TRAINING DATA
2024-03-31,-20.1486,28.5806,Bulawayo,24.7,19.6,32.9,28.8,61.0,19.5,21.3,HISTORICAL TRAINING DATA
2024-04-01,-20.1486,28.5806,Bulawayo,29.0,21.7,35.7,0.0,34.3,14.9,19.5,HISTORICAL TRAINING DATA
2024-04-02,-20.1486,28.5806,Bulawayo,28.5,19.7,35.2,0.0,31.3,21.0,19.5,HISTORICAL TRAINING DATA
2024-04-03,-20.1486,28.5806,Bulawayo,28.9,23.3,34.8,0.0,38.0,17.4,15.8,HISTORICAL TRAINING DATA
2024-04-04,-20.1486,28.5806,Bulawayo,26.5,18.4,35.1,0.0,39.8,19.4,16.2,HISTORICAL TRAINING DATA
2024-04-05,-20.1486,28.5806,Bulawayo,27.3,22.2,35.4,0.0,30.6,8.4,22.7,HISTORICAL TRAINING DATA
2024-04-06,-20.1486,28.5806,Bulawayo,28.2,23.1,36.1,0.0,44.3,21.7,22.9,HISTORICAL TRAINING DATA
2024-04-07,-20.1486,28.5806,Bulawayo,29.1,23.2,34.9,0.0,46.3,19.4,24.2,HISTORICAL TRAINING DATA
2024-04-08,-20.1486,28.5806,Bulawayo,29.2,24.0,34.6,0.0,36.5,8.3,14.3,HISTORICAL TRAINING DATA
2024-04-09,-20.1486,28.5806,Bulawayo,29.9,21.2,35.4,0.0,32.8,8.3,17.7,HISTORICAL TRAINING DATA
2024-04-10,-20.1486,28.5806,Bulawayo,26.7,20.9,32.1,8.6,52.8,18.7,19.8,HISTORICAL TRAINING DATA
2024-04-11,-20.1486,28.5806,Bulawayo,27.9,21.3,36.5,0.0,35.3,16.1,20.3,HISTORICAL TRAINING DATA
2024-04-12,-20.1486,28.5806,Bulawayo,26.6,19.0,34.2,0.0,52.6,19.7,15.6,HISTORICAL TRAINING DATA
2024-04-13,-20.1486,28.5806,Bulawayo,27.4,20.0,32.4,0.0,54.9,14.3,17.6,HISTORICAL TRAINING DATA
2024-04-14,-20.1486,28.5806,Bulawayo,26.5,19.4,34.5,0.0,43.4,9.5,19.1,HISTORICAL TRAINING DATA
2024-04-15,-20.1486,28.5806,Bulawayo,29.6,21.8,35.1,2.2,32.1,10.4,16.8,HISTORICAL TRAINING DATA
2024-04-16,-20.1486,28.5806,Bulawayo,26.4,19.5,34.6,0.0,46.3,13.0,27.2,HISTORICAL TRAINING DATA
2024-04-17,-20.1486,28.5806,Bulawayo,29.7,21.3,37.6,0.0,34.9,21.4,15.4,HISTORICAL TRAINING DATA
2024-04-18,-20.1486,28.5806,Bulawayo,29.2,23.3,37.1,0.0,34.1,12.9,20.2,HISTORICAL TRAINING DATA
2024-04-19,-20.1486,28.5806,Bulawayo,28.4,23.0,34.9,0.0,38.0,9.2,18.9,HISTORICAL TRAINING DATA
2024-04-20,-20.1486,28.5806,Bulawayo,29.6,21.0,38.4,0.0,41.2,10.0,19.7,HISTORICAL TRAINING DATA
2024-04-21,-20.1486,28.5806,Bulawayo,28.4,21.3,35.0,0.0,53.8,7.8,25.3,HISTORICAL TRAINING DATA
2024-04-22,-20.1486,28.5806,Bulawayo,27.7,21.9,34.2,0.0,36.1,8.3,18.4,HISTORICAL TRAINING DATA
2024-04-23,-20.1486,28.5806,Bulawayo,26.0,20.2,33.3,0.0,47.9,11.1,17.3,HISTORICAL TRAINING DATA
2024-04-24,-20.1486,28.5806,Bulawayo,26.3,20.4,33.5,0.0,35.3,17.5,27.2,HISTORICAL TRAINING DATA
2024-04-25,-20.1486,28.5806,Bulawayo,29.2,21.6,37.0,0.0,44.3,13.0,25.4,HISTORICAL TRAINING DATA
2024-04-26,-20.1486,28.5806,Bulawayo,26.8,20.7,32.3,5.4,31.2,13.2,22.4,HISTORICAL TRAINING DATA
2024-04-27,-20.1486,28.5806,Bulawayo,28.4,23.3,36.5,0.0,30.5,15.2,14.1,HISTORICAL TRAINING DATA
2024-04-28,-20.1486,28.5806,Bulawayo,27.8,22.7,35.0,0.0,54.2,14.4,18.7,HISTORICAL TRAINING DATA
2024-04-29,-20.1486,28.5806,Bulawayo,26.1,19.4,32.3,0.0,50.7,11.1,18.8,HISTORICAL TRAINING DATA
2024-04-30,-20.1486,28.5806,Bulawayo,26.3,21.1,32.5,0.0,42.3,21.7,20.9,HISTORICAL TRAINING DATA
2024-05-01,-20.1486,28.5806,Bulawayo,13.4,4.7,18.8,0.0,56.1,9.6,25.6,HISTORICAL TRAINING DATA
2024-05-02,-20.1486,28.5806,Bulawayo,15.4,7.5,21.4,0.0,56.5,7.4,24.1,HISTORICAL TRAINING DATA
2024-05-03,-20.1486,28.5806,Bulawayo,12.8,7.7,20.5,0.0,48.4,6.8,26.4,HISTORICAL TRAINING DATA
2024-05-04,-20.1486,28.5806,Bulawayo,15.8,9.8,23.6,0.0,42.6,18.7,19.3,HISTORICAL TRAINING DATA
2024-05-05,-20.1486,28.5806,Bulawayo,13.2,7.7,19.5,0.0,49.6,8.4,22.2,HISTORICAL TRAINING DATA
2024-05-06,-20.1486,28.5806,Bulawayo,12.6,4.9,19.7,0.0,50.9,9.8,20.7,HISTORICAL TRAINING DATA
2024-05-07,-20.1486,28.5806,Bulawayo,14.0,7.1,19.4,0.0,54.3,18.3,24.0,HISTORICAL TRAINING DATA
2024-05-08,-20.1486,28.5806,Bulawayo,14.6,7.0,23.0,0.0,41.1,17.1,15.1,HISTORICAL TRAINING DATA
2024-05-09,-20.1486,28.5806,Bulawayo,14.0,7.1,20.6,0.0,51.8,13.8,18.8,HISTORICAL TRAINING DATA
2024-05-10,-20.1486,28.5806,Bulawayo,12.7,6.5,21.5,0.0,47.8,17.3,23.2,HISTORICAL TRAINING DATA
2024-05-11,-20.1486,28.5806,Bulawayo,12.6,3.9,19.2,0.0,38.3,13.2,22.7,HISTORICAL TRAINING DATA
2024-05-12,-20.1486,28.5806,Bulawayo,15.2,8.5,22.9,0.0,36.7,21.2,22.1,HISTORICAL TRAINING DATA
2024-05-13,-20.1486,28.5806,Bulawayo,15.6,10.2,20.7,0.0,37.7,13.4,17.7,HISTORICAL TRAINING DATA
2024-05-14,-20.1486,28.5806,Bulawayo,14.1,8.6,21.3,0.0,43.8,11.7,17.0,HISTORICAL TRAINING DATA
2024-05-15,-20.1486,28.5806,Bulawayo,14.4,7.6,20.9,0.0,43.3,6.8,19.4,HISTORICAL TRAINING DATA
2024-05-16,-20.1486,28.5806,Bulawayo,12.3,6.6,18.4,0.0,39.7,15.7,21.3,HISTORICAL TRAINING DATA
2024-05-17,-20.1486,28.5806,Bulawayo,15.6,10.1,21.0,0.0,41.2,20.3,22.1,HISTORICAL TRAINING DATA
2024-05-18,-20.1486,28.5806,Bulawayo,15.0,6.5,22.8,0.0,41.9,12.5,19.5,HISTORICAL TRAINING DATA
2024-05-19,-20.1486,28.5806,Bulawayo,15.1,8.1,20.8,0.0,52.3,9.3,22.9,HISTORICAL TRAINING DATA
2024-05-20,-20.1486,28.5806,Bulawayo,13.2,7.4,21.8,0.0,35.1,16.0,24.3,HISTORICAL TRAINING DATA
2024-05-21,-20.1486,28.5806,Bulawayo,12.6,4.9,18.3,0.0,39.3,11.3,20.4,HISTORICAL TRAINING DATA
2024-05-22,-20.1486,28.5806,Bulawayo,12.2,7.1,21.0,0.0,45.7,20.1,16.4,HISTORICAL TRAINING DATA
2024-05-23,-20.1486,28.5806,Bulawayo,13.0,8.0,21.5,0.8,46.8,13.6,14.6,HISTORICAL TRAINING DATA
2024-05-24,-20.1486,28.5806,Bulawayo,15.9,10.0,22.9,0.0,42.3,18.1,24.9,HISTORICAL TRAINING DATA
2024-05-25,-20.1486,28.5806,Bulawayo,15.6,8.6,22.0,0.0,43.4,14.7,23.3,HISTORICAL TRAINING DATA
2024-05-26,-20.1486,28.5806,Bulawayo,15.0,8.8,21.3,0.0,55.7,14.3,23.3,HISTORICAL TRAINING DATA
2024-05-27,-20.1486,28.5806,Bulawayo,12.5,6.5,19.6,0.0,47.1,16.2,16.1,HISTORICAL TRAINING DATA
2024-05-28,-20.1486,28.5806,Bulawayo,14.4,7.9,19.5,0.0,59.9,15.2,23.7,HISTORICAL TRAINING DATA
2024-05-29,-20.1486,28.5806,Bulawayo,14.3,5.6,20.8,0.0,37.2,7.7,17.8,HISTORICAL TRAINING DATA
2024-05-30,-20.1486,28.5806,Bulawayo,13.5,4.5,22.0,0.0,57.8,8.8,26.7,HISTORICAL TRAINING DATA
2024-05-31,-20.1486,28.5806,Bulawayo,14.6,5.8,20.7,0.0,49.7,9.0,22.1,HISTORICAL TRAINING DATA
2024-06-01,-20.1486,28.5806,Bulawayo,13.2,5.0,20.5,0.0,38.1,18.7,18.9,HISTORICAL TRAINING DATA
2024-06-02,-20.1486,28.5806,Bulawayo,15.6,7.8,22.7,1.9,38.7,10.6,21.8,HISTORICAL TRAINING DATA
2024-06-03,-20.1486,28.5806,Bulawayo,15.3,9.2,22.2,0.0,36.6,9.5,25.6,HISTORICAL TRAINING DATA
2024-06-04,-20.1486,28.5806,Bulawayo,15.5,9.1,23.8,0.0,35.1,6.8,15.9,HISTORICAL TRAINING DATA
2024-06-05,-20.1486,28.5806,Bulawayo,12.5,3.7,19.7,0.0,47.5,21.3,24.0,HISTORICAL TRAINING DATA
2024-06-06,-20.1486,28.5806,Bulawayo,15.4,6.8,21.6,0.0,45.8,6.5,27.1,HISTORICAL TRAINING DATA
2024-06-07,-20.1486,28.5806,Bulawayo,15.0,8.4,23.6,0.0,44.7,20.3,26.9,HISTORICAL TRAINING DATA
2024-06-08,-20.1486,28.5806,Bulawayo,13.6,5.1,21.8,0.0,45.9,8.2,24.7,HISTORICAL TRAINING DATA
2024-06-09,-20.1486,28.5806,Bulawayo,15.0,8.8,21.2,0.0,40.0,20.8,20.5,HISTORICAL TRAINING DATA
2024-06-10,-20.1486,28.5806,Bulawayo,15.3,9.9,22.4,0.0,55.8,17.1,21.1,HISTORICAL TRAINING DATA
2024-06-11,-20.1486,28.5806,Bulawayo,13.3,6.4,22.1,0.0,43.9,13.4,26.8,HISTORICAL TRAINING DATA
2024-06-12,-20.1486,28.5806,Bulawayo,15.9,10.3,24.5,0.0,37.2,18.6,22.1,HISTORICAL TRAINING DATA
2024-06-13,-20.1486,28.5806,Bulawayo,14.5,6.0,19.7,0.0,57.5,19.5,15.8,HISTORICAL TRAINING DATA
2024-06-14,-20.1486,28.5806,Bulawayo,13.3,6.2,21.7,0.0,54.1,7.4,17.8,HISTORICAL TRAINING DATA
2024-06-15,-20.1486,28.5806,Bulawayo,12.1,3.8,19.3,0.0,49.9,17.0,26.1,HISTORICAL TRAINING DATA
2024-06-16,-20.1486,28.5806,Bulawayo,15.5,7.6,23.3,0.0,47.8,14.3,21.9,HISTORICAL TRAINING DATA
2024-06-17,-20.1486,28.5806,Bulawayo,12.1,4.6,17.7,0.0,57.4,16.1,24.1,HISTORICAL TRAINING DATA
2024-06-18,-20.1486,28.5806,Bulawayo,12.3,6.5,17.5,0.0,50.6,8.4,26.3,HISTORICAL TRAINING DATA
2024-06-19,-20.1486,28.5806,Bulawayo,13.9,8.8,20.9,0.0,37.6,12.3,27.0,HISTORICAL TRAINING DATA
2024-06-20,-20.1486,28.5806,Bulawayo,14.8,8.9,23.2,0.0,39.6,10.2,22.6,HISTORICAL TRAINING DATA
2024-06-21,-20.1486,28.5806,Bulawayo,14.2,8.7,19.3,0.0,38.1,8.3,24.4,HISTORICAL TRAINING DATA
2024-06-22,-20.1486,28.5806,Bulawayo,15.0,9.2,22.0,0.0,52.5,10.6,15.4,HISTORICAL TRAINING DATA
2024-06-23,-20.1486,28.5806,Bulawayo,13.6,7.1,21.8,0.0,41.9,13.4,25.4,HISTORICAL TRAINING DATA
2024-06-24,-20.1486,28.5806,Bulawayo,15.4,8.8,22.7,0.0,38.0,6.5,23.1,HISTORICAL TRAINING DATA
2024-06-25,-20.1486,28.5806,Bulawayo,13.4,7.0,18.9,0.0,57.7,20.1,20.4,HISTORICAL TRAINING DATA
2024-06-26,-20.1486,28.5806,Bulawayo,16.0,7.5,21.8,0.0,47.5,20.4,21.4,HISTORICAL TRAINING DATA
2024-06-27,-20.1486,28.5806,Bulawayo,13.9,6.3,21.2,0.0,38.8,13.4,26.0,HISTORICAL TRAINING DATA
2024-06-28,-20.1486,28.5806,Bulawayo,15.4,6.7,20.7,0.0,51.5,19.4,20.8,HISTORICAL TRAINING DATA
2024-06-29,-20.1486,28.5806,Bulawayo,12.1,4.3,19.2,0.0,39.5,16.5,17.6,HISTORICAL TRAINING DATA
2024-06-30,-20.1486,28.5806,Bulawayo,13.2,5.9,21.5,0.0,49.5,7.1,14.4,HISTORICAL TRAINING DATA
2024-07-01,-20.1486,28.5806,Bulawayo,13.1,6.1,20.8,0.0,51.6,11.2,17.2,HISTORICAL TRAINING DATA
2024-07-02,-20.1486,28.5806,Bulawayo,12.9,7.5,21.4,0.0,54.9,17.7,19.4,HISTORICAL TRAINING DATA
2024-07-03,-20.1486,28.5806,Bulawayo,12.1,6.1,17.3,0.0,36.5,18.0,20.2,HISTORICAL TRAINING DATA
2024-07-04,-20.1486,28.5806,Bulawayo,14.5,8.8,19.9,0.0,35.7,13.2,15.9,HISTORICAL TRAINING DATA
2024-07-05,-20.1486,28.5806,Bulawayo,13.5,6.5,21.2,0.0,39.9,9.6,24.4,HISTORICAL TRAINING DATA
2024-07-06,-20.1486,28.5806,Bulawayo,14.3,8.9,19.4,0.0,54.8,21.4,15.3,HISTORICAL TRAINING DATA
2024-07-07,-20.1486,28.5806,Bulawayo,15.9,7.8,23.1,0.0,35.1,19.8,18.8,HISTORICAL TRAINING DATA
2024-07-08,-20.1486,28.5806,Bulawayo,13.3,6.2,19.0,0.0,53.2,9.3,25.6,HISTORICAL TRAINING DATA
2024-07-09,-20.1486,28.5806,Bulawayo,14.0,5.6,22.2,0.0,57.5,13.0,22.8,HISTORICAL TRAINING DATA
2024-07-10,-20.1486,28.5806,Bulawayo,12.5,5.4,17.9,0.0,38.2,14.0,14.7,HISTORICAL TRAINING DATA
2024-07-11,-20.1486,28.5806,Bulawayo,13.8,7.7,22.2,0.0,55.5,12.2,19.0,HISTORICAL TRAINING DATA
2024-07-12,-20.1486,28.5806,Bulawayo,12.5,5.4,18.5,0.0,42.2,14.3,22.6,HISTORICAL TRAINING DATA
2024-07-13,-20.1486,28.5806,Bulawayo,14.8,6.2,22.1,0.0,48.6,21.0,27.8,HISTORICAL TRAINING DATA
2024-07-14,-20.1486,28.5806,Bulawayo,13.4,7.6,21.9,0.0,45.5,7.0,16.9,HISTORICAL TRAINING DATA
2024-07-15,-20.1486,28.5806,Bulawayo,12.7,4.1,18.0,0.0,53.9,13.9,25.3,HISTORICAL TRAINING DATA
2024-07-16,-20.1486,28.5806,Bulawayo,13.7,5.5,20.1,0.0,55.9,7.1,19.8,HISTORICAL TRAINING DATA
2024-07-17,-20.1486,28.5806,Bulawayo,13.0,6.1,18.6,0.0,57.2,17.6,15.5,HISTORICAL TRAINING DATA
2024-07-18,-20.1486,28.5806,Bulawayo,14.0,7.1,22.1,0.0,43.8,20.0,17.2,HISTORICAL TRAINING DATA
2024-07-19,-20.1486,28.5806,Bulawayo,12.3,6.5,19.7,0.0,54.5,12.1,23.6,HISTORICAL TRAINING DATA
2024-07-20,-20.1486,28.5806,Bulawayo,15.9,9.4,21.4,0.0,44.7,17.2,21.7,HISTORICAL TRAINING DATA
2024-07-21,-20.1486,28.5806,Bulawayo,15.5,6.9,21.9,0.0,50.4,11.5,26.9,HISTORICAL TRAINING DATA
2024-07-22,-20.1486,28.5806,Bulawayo,15.0,8.4,23.1,0.0,35.3,18.9,21.5,HISTORICAL TRAINING DATA
2024-07-23,-20.1486,28.5806,Bulawayo,15.8,9.8,21.0,0.0,56.8,6.9,20.1,HISTORICAL TRAINING DATA
2024-07-24,-20.1486,28.5806,Bulawayo,14.9,6.3,23.9,0.0,50.1,8.1,19.6,HISTORICAL TRAINING DATA
2024-07-25,-20.1486,28.5806,Bulawayo,13.4,4.6,19.2,0.0,36.9,17.3,25.4,HISTORICAL TRAINING DATA
2024-07-26,-20.1486,28.5806,Bulawayo,12.4,6.2,18.9,0.0,46.1,14.8,26.2,HISTORICAL TRAINING DATA
2024-07-27,-20.1486,28.5806,Bulawayo,15.0,7.9,20.4,0.0,43.0,11.5,19.8,HISTORICAL TRAINING DATA
2024-07-28,-20.1486,28.5806,Bulawayo,12.2,3.5,20.6,0.0,37.0,14.3,18.3,HISTORICAL TRAINING DATA
2024-07-29,-20.1486,28.5806,Bulawayo,13.8,5.6,18.9,0.0,53.1,9.8,20.2,HISTORICAL TRAINING DATA
2024-07-30,-20.1486,28.5806,Bulawayo,12.9,4.6,19.0,0.0,35.5,15.4,18.2,HISTORICAL TRAINING DATA
2024-07-31,-20.1486,28.5806,Bulawayo,12.1,5.6,17.2,0.0,56.4,12.1,20.2,HISTORICAL TRAINING DATA
2024-08-01,-20.1486,28.5806,Bulawayo,15.1,8.0,22.7,0.0,51.5,6.5,24.7,HISTORICAL TRAINING DATA
2024-08-02,-20.1486,28.5806,Bulawayo,12.3,5.9,20.6,0.0,53.9,10.2,24.5,HISTORICAL TRAINING DATA
2024-08-03,-20.1486,28.5806,Bulawayo,15.1,7.6,23.6,0.0,53.1,18.5,27.0,HISTORICAL TRAINING DATA
2024-08-04,-20.1486,28.5806,Bulawayo,13.0,4.2,21.7,0.0,48.8,10.6,27.9,HISTORICAL TRAINING DATA
2024-08-05,-20.1486,28.5806,Bulawayo,13.9,5.8,19.9,0.0,53.0,21.4,20.5,HISTORICAL TRAINING DATA
2024-08-06,-20.1486,28.5806,Bulawayo,12.0,5.9,19.8,0.0,57.7,10.4,28.0,HISTORICAL TRAINING DATA
2024-08-07,-20.1486,28.5806,Bulawayo,12.9,7.8,19.0,0.0,49.3,10.3,17.5,HISTORICAL TRAINING DATA
2024-08-08,-20.1486,28.5806,Bulawayo,13.4,7.2,21.0,0.0,35.3,19.4,25.9,HISTORICAL TRAINING DATA
2024-08-09,-20.1486,28.5806,Bulawayo,14.2,7.8,21.8,0.1,35.9,14.9,19.7,HISTORICAL TRAINING DATA
2024-08-10,-20.1486,28.5806,Bulawayo,13.7,6.5,22.5,0.0,57.4,13.0,17.6,HISTORICAL TRAINING DATA
2024-08-11,-20.1486,28.5806,Bulawayo,12.9,6.9,18.6,0.0,47.4,19.9,23.2,HISTORICAL TRAINING DATA
2024-08-12,-20.1486,28.5806,Bulawayo,15.1,8.0,21.8,0.0,39.6,11.1,21.7,HISTORICAL TRAINING DATA
2024-08-13,-20.1486,28.5806,Bulawayo,15.1,6.2,20.2,0.0,59.8,19.5,25.9,HISTORICAL TRAINING DATA
2024-08-14,-20.1486,28.5806,Bulawayo,13.8,8.4,20.9,0.0,40.9,7.8,15.1,HISTORICAL TRAINING DATA
2024-08-15,-20.1486,28.5806,Bulawayo,15.2,7.5,20.5,0.0,55.7,12.8,18.0,HISTORICAL TRAINING DATA
2024-08-16,-20.1486,28.5806,Bulawayo,15.9,7.0,24.5,0.0,44.0,12.0,27.2,HISTORICAL TRAINING DATA
2024-08-17,-20.1486,28.5806,Bulawayo,14.8,8.7,20.4,0.0,44.2,15.5,15.5,HISTORICAL TRAINING DATA
2024-08-18,-20.1486,28.5806,Bulawayo,15.2,7.2,23.3,0.0,52.9,17.4,27.2,HISTORICAL TRAINING DATA
2024-08-19,-20.1486,28.5806,Bulawayo,14.5,8.9,22.5,0.0,51.4,16.4,27.4,HISTORICAL TRAINING DATA
2024-08-20,-20.1486,28.5806,Bulawayo,12.2,3.2,19.7,0.0,49.1,17.7,21.5,HISTORICAL TRAINING DATA
2024-08-21,-20.1486,28.5806,Bulawayo,15.5,8.1,23.2,0.0,55.0,14.3,18.4,HISTORICAL TRAINING DATA
2024-08-22,-20.1486,28.5806,Bulawayo,15.2,8.9,23.4,0.0,57.8,21.6,17.2,HISTORICAL TRAINING DATA
2024-08-23,-20.1486,28.5806,Bulawayo,14.7,8.0,23.6,0.0,52.3,12.6,15.1,HISTORICAL TRAINING DATA
2024-08-24,-20.1486,28.5806,Bulawayo,13.8,6.8,19.7,0.0,44.1,18.6,17.2,HISTORICAL TRAINING DATA
2024-08-25,-20.1486,28.5806,Bulawayo,12.7,6.7,21.3,0.0,58.1,16.8,23.3,HISTORICAL TRAINING DATA
2024-08-26,-20.1486,28.5806,Bulawayo,13.6,8.1,20.2,0.0,43.5,14.1,16.1,HISTORICAL TRAINING DATA
2024-08-27,-20.1486,28.5806,Bulawayo,14.0,8.3,20.8,0.0,40.0,8.7,19.9,HISTORICAL TRAINING DATA
2024-08-28,-20.1486,28.5806,Bulawayo,12.9,7.5,21.4,0.0,46.7,19.3,14.3,HISTORICAL TRAINING DATA
2024-08-29,-20.1486,28.5806,Bulawayo,15.3,8.2,21.9,0.0,47.9,12.8,15.8,HISTORICAL TRAINING DATA
2024-08-30,-20.1486,28.5806,Bulawayo,13.2,6.9,21.5,0.0,42.3,11.4,22.5,HISTORICAL TRAINING DATA
2024-08-31,-20.1486,28.5806,Bulawayo,15.6,6.9,24.4,0.0,36.8,20.6,22.8,HISTORICAL TRAINING DATA
2024-09-01,-20.1486,28.5806,Bulawayo,29.0,21.2,36.9,0.0,48.9,17.6,22.3,HISTORICAL TRAINING DATA
2024-09-02,-20.1486,28.5806,Bulawayo,29.3,24.2,36.7,0.0,33.8,16.8,20.3,HISTORICAL TRAINING DATA
2024-09-03,-20.1486,28.5806,Bulawayo,27.3,21.2,35.4,0.0,48.1,9.7,20.9,HISTORICAL TRAINING DATA
2024-09-04,-20.1486,28.5806,Bulawayo,26.2,19.2,34.9,0.0,43.1,10.6,19.4,HISTORICAL TRAINING DATA
2024-09-05,-20.1486,28.5806,Bulawayo,29.0,20.2,37.6,0.0,31.0,17.7,20.0,HISTORICAL TRAINING DATA
2024-09-06,-20.1486,28.5806,Bulawayo,27.1,20.7,32.8,0.0,37.9,10.6,20.8,HISTORICAL TRAINING DATA
2024-09-07,-20.1486,28.5806,Bulawayo,26.9,20.9,34.3,0.0,53.5,7.7,17.2,HISTORICAL TRAINING DATA
2024-09-08,-20.1486,28.5806,Bulawayo,27.1,20.1,32.8,0.0,43.8,15.6,14.6,HISTORICAL TRAINING DATA
2024-09-09,-20.1486,28.5806,Bulawayo,29.6,22.6,37.9,0.0,34.9,11.9,17.9,HISTORICAL TRAINING DATA
2024-09-10,-20.1486,28.5806,Bulawayo,29.8,24.3,36.6,0.0,41.1,20.7,24.0,HISTORICAL TRAINING DATA
2024-09-11,-20.1486,28.5806,Bulawayo,29.7,22.7,35.0,0.0,52.2,8.2,17.9,HISTORICAL TRAINING DATA
2024-09-12,-20.1486,28.5806,Bulawayo,28.7,20.7,34.6,0.0,50.1,7.2,16.2,HISTORICAL TRAINING DATA
2024-09-13,-20.1486,28.5806,Bulawayo,27.3,19.7,32.6,0.0,48.4,17.0,26.5,HISTORICAL TRAINING DATA
2024-09-14,-20.1486,28.5806,Bulawayo,26.2,19.1,31.9,0.0,47.6,14.9,25.7,HISTORICAL TRAINING DATA
2024-09-15,-20.1486,28.5806,Bulawayo,28.5,22.5,35.8,0.0,45.7,20.0,17.1,HISTORICAL TRAINING DATA
2024-09-16,-20.1486,28.5806,Bulawayo,26.8,21.0,33.8,0.0,42.1,8.1,22.9,HISTORICAL TRAINING DATA
2024-09-17,-20.1486,28.5806,Bulawayo,26.4,20.5,33.1,0.0,48.1,13.9,22.6,HISTORICAL TRAINING DATA
2024-09-18,-20.1486,28.5806,Bulawayo,28.8,21.3,34.8,7.2,45.3,11.6,21.4,HISTORICAL TRAINING DATA
2024-09-19,-20.1486,28.5806,Bulawayo,29.8,21.3,37.5,0.0,51.0,13.8,22.8,HISTORICAL TRAINING DATA
2024-09-20,-20.1486,28.5806,Bulawayo,28.4,22.5,37.2,0.0,37.4,20.3,24.7,HISTORICAL TRAINING DATA
2024-09-21,-20.1486,28.5806,Bulawayo,27.7,21.0,33.4,0.0,36.2,21.3,23.2,HISTORICAL TRAINING DATA
2024-09-22,-20.1486,28.5806,Bulawayo,27.4,18.9,35.8,0.0,33.2,19.8,22.4,HISTORICAL TRAINING DATA
2024-09-23,-20.1486,28.5806,Bulawayo,28.7,20.3,35.4,3.4,35.4,15.0,18.5,HISTORICAL TRAINING DATA
2024-09-24,-20.1486,28.5806,Bulawayo,28.7,22.0,34.7,0.0,50.2,6.9,20.8,HISTORICAL TRAINING DATA
2024-09-25,-20.1486,28.5806,Bulawayo,26.9,20.1,32.8,0.0,31.1,20.0,21.5,HISTORICAL TRAINING DATA
2024-09-26,-20.1486,28.5806,Bulawayo,29.1,21.7,34.6,0.0,54.2,14.6,27.3,HISTORICAL TRAINING DATA
2024-09-27,-20.1486,28.5806,Bulawayo,26.1,19.8,32.5,0.0,49.5,18.3,14.9,HISTORICAL TRAINING DATA
2024-09-28,-20.1486,28.5806,Bulawayo,26.2,17.3,34.5,0.0,43.4,12.3,24.0,HISTORICAL TRAINING DATA
2024-09-29,-20.1486,28.5806,Bulawayo,27.2,20.5,34.4,0.0,39.3,10.0,14.2,HISTORICAL TRAINING DATA
2024-09-30,-20.1486,28.5806,Bulawayo,29.4,22.4,37.5,0.0,43.2,6.7,18.0,HISTORICAL TRAINING DATA
2024-10-01,-20.1486,28.5806,Bulawayo,26.1,21.0,34.1,0.0,47.2,19.0,19.3,HISTORICAL TRAINING DATA
2024-10-02,-20.1486,28.5806,Bulawayo,27.6,19.2,32.9,0.0,51.9,14.1,23.8,HISTORICAL TRAINING DATA
2024-10-03,-20.1486,28.5806,Bulawayo,28.9,20.3,34.3,7.7,43.5,15.4,19.5,HISTORICAL TRAINING DATA
2024-10-04,-20.1486,28.5806,Bulawayo,29.3,22.6,37.3,0.0,49.6,10.8,20.4,HISTORICAL TRAINING DATA
2024-10-05,-20.1486,28.5806,Bulawayo,26.4,19.9,33.1,0.0,44.4,9.6,19.7,HISTORICAL TRAINING DATA
2024-10-06,-20.1486,28.5806,Bulawayo,27.1,20.1,33.6,0.0,47.6,21.9,24.2,HISTORICAL TRAINING DATA
2024-10-07,-20.1486,28.5806,Bulawayo,29.8,23.0,37.1,0.0,47.9,6.4,24.8,HISTORICAL TRAINING DATA
2024-10-08,-20.1486,28.5806,Bulawayo,27.8,21.5,33.4,0.0,32.7,16.1,15.2,HISTORICAL TRAINING DATA
2024-10-09,-20.1486,28.5806,Bulawayo,28.2,20.9,33.6,0.0,53.6,12.5,25.7,HISTORICAL TRAINING DATA
2024-10-10,-20.1486,28.5806,Bulawayo,28.1,22.9,35.1,0.0,49.0,12.6,24.4,HISTORICAL TRAINING DATA
2024-10-11,-20.1486,28.5806,Bulawayo,29.3,20.9,35.4,7.2,45.0,9.3,21.9,HISTORICAL TRAINING DATA
2024-10-12,-20.1486,28.5806,Bulawayo,28.0,22.0,34.8,0.0,54.0,13.7,21.8,HISTORICAL TRAINING DATA
2024-10-13,-20.1486,28.5806,Bulawayo,29.0,22.3,34.3,0.0,53.0,8.0,14.2,HISTORICAL TRAINING DATA
2024-10-14,-20.1486,28.5806,Bulawayo,28.1,19.6,33.5,0.0,34.9,20.2,20.9,HISTORICAL TRAINING DATA
2024-10-15,-20.1486,28.5806,Bulawayo,28.5,20.0,35.2,0.0,33.5,6.1,15.6,HISTORICAL TRAINING DATA
2024-10-16,-20.1486,28.5806,Bulawayo,30.0,23.9,36.3,0.0,52.0,20.2,21.9,HISTORICAL TRAINING DATA
2024-10-17,-20.1486,28.5806,Bulawayo,26.7,18.5,35.5,0.0,47.1,11.9,22.5,HISTORICAL TRAINING DATA
2024-10-18,-20.1486,28.5806,Bulawayo,27.9,19.9,36.9,0.0,38.3,20.8,16.3,HISTORICAL TRAINING DATA
2024-10-19,-20.1486,28.5806,Bulawayo,28.9,23.1,35.7,0.0,37.9,21.9,14.1,HISTORICAL TRAINING DATA
2024-10-20,-20.1486,28.5806,Bulawayo,28.8,22.0,34.2,0.0,32.3,16.0,22.3,HISTORICAL TRAINING DATA
2024-10-21,-20.1486,28.5806,Bulawayo,26.3,19.9,31.3,0.0,52.1,9.1,18.0,HISTORICAL TRAINING DATA
2024-10-22,-20.1486,28.5806,Bulawayo,29.6,23.2,37.7,0.0,48.2,20.9,21.9,HISTORICAL TRAINING DATA
2024-10-23,-20.1486,28.5806,Bulawayo,28.6,23.2,34.4,0.0,44.8,8.9,21.9,HISTORICAL TRAINING DATA
2024-10-24,-20.1486,28.5806,Bulawayo,26.5,20.0,33.8,0.0,46.1,19.7,22.5,HISTORICAL TRAINING DATA
2024-10-25,-20.1486,28.5806,Bulawayo,29.9,21.2,35.7,0.0,45.4,6.0,17.2,HISTORICAL TRAINING DATA
2024-10-26,-20.1486,28.5806,Bulawayo,26.9,21.3,33.8,0.0,45.4,6.0,15.1,HISTORICAL TRAINING DATA
2024-10-27,-20.1486,28.5806,Bulawayo,29.9,23.2,36.8,0.0,50.2,10.8,24.6,HISTORICAL TRAINING DATA
2024-10-28,-20.1486,28.5806,Bulawayo,27.0,19.1,33.4,0.0,49.3,19.4,18.4,HISTORICAL TRAINING DATA
2024-10-29,-20.1486,28.5806,Bulawayo,26.3,20.6,33.8,0.0,35.3,10.4,16.0,HISTORICAL TRAINING DATA
2024-10-30,-20.1486,28.5806,Bulawayo,27.7,21.7,33.2,0.0,47.4,20.4,23.1,HISTORICAL TRAINING DATA
2024-10-31,-20.1486,28.5806,Bulawayo,26.7,18.6,33.1,0.0,51.4,12.8,22.6,HISTORICAL TRAINING DATA
2024-11-01,-20.1486,28.5806,Bulawayo,25.5,19.0,34.2,0.0,66.1,21.9,16.7,HISTORICAL TRAINING DATA
2024-11-02,-20.1486,28.5806,Bulawayo,23.4,14.8,32.1,10.6,70.5,14.0,14.2,HISTORICAL TRAINING DATA
2024-11-03,-20.1486,28.5806,Bulawayo,23.1,16.5,32.1,0.0,80.5,17.3,17.8,HISTORICAL TRAINING DATA
2024-11-04,-20.1486,28.5806,Bulawayo,22.2,14.4,29.1,0.0,61.0,15.7,20.4,HISTORICAL TRAINING DATA
2024-11-05,-20.1486,28.5806,Bulawayo,22.7,15.5,28.1,0.0,80.7,11.9,22.6,HISTORICAL TRAINING DATA
2024-11-06,-20.1486,28.5806,Bulawayo,24.9,16.4,30.2,0.0,65.7,19.3,15.7,HISTORICAL TRAINING DATA
2024-11-07,-20.1486,28.5806,Bulawayo,23.8,15.3,29.9,0.0,70.1,19.6,23.2,HISTORICAL TRAINING DATA
2024-11-08,-20.1486,28.5806,Bulawayo,24.9,16.4,30.6,13.4,88.8,21.8,24.1,HISTORICAL TRAINING DATA
2024-11-09,-20.1486,28.5806,Bulawayo,23.5,15.8,28.7,13.1,73.3,9.1,24.7,HISTORICAL TRAINING DATA
2024-11-10,-20.1486,28.5806,Bulawayo,22.6,15.2,30.3,2.3,61.4,12.5,22.9,HISTORICAL TRAINING DATA
2024-11-11,-20.1486,28.5806,Bulawayo,25.4,18.1,30.8,0.0,70.0,13.5,25.7,HISTORICAL TRAINING DATA
2024-11-12,-20.1486,28.5806,Bulawayo,22.3,13.7,28.1,0.0,62.8,7.4,18.4,HISTORICAL TRAINING DATA
2024-11-13,-20.1486,28.5806,Bulawayo,24.5,17.0,31.3,2.2,60.3,20.0,27.2,HISTORICAL TRAINING DATA
2024-11-14,-20.1486,28.5806,Bulawayo,23.2,14.8,31.2,0.0,90.2,17.8,18.3,HISTORICAL TRAINING DATA
2024-11-15,-20.1486,28.5806,Bulawayo,23.5,16.9,31.9,3.9,78.1,10.4,16.8,HISTORICAL TRAINING DATA
2024-11-16,-20.1486,28.5806,Bulawayo,25.9,19.5,32.4,6.9,63.0,18.4,21.3,HISTORICAL TRAINING DATA
2024-11-17,-20.1486,28.5806,Bulawayo,25.3,16.5,32.7,0.0,65.5,8.5,22.0,HISTORICAL TRAINING DATA
2024-11-18,-20.1486,28.5806,Bulawayo,26.0,19.8,32.3,12.5,81.8,21.5,21.7,HISTORICAL TRAINING DATA
2024-11-19,-20.1486,28.5806,Bulawayo,25.0,19.1,31.0,8.6,66.7,20.8,21.2,HISTORICAL TRAINING DATA
2024-11-20,-20.1486,28.5806,Bulawayo,24.5,18.2,31.8,0.0,75.0,16.5,26.6,HISTORICAL TRAINING DATA
2024-11-21,-20.1486,28.5806,Bulawayo,23.3,17.7,30.2,5.3,88.8,11.4,26.6,HISTORICAL TRAINING DATA
2024-11-22,-20.1486,28.5806,Bulawayo,22.7,14.7,29.5,2.1,77.5,15.9,22.3,HISTORICAL TRAINING DATA
2024-11-23,-20.1486,28.5806,Bulawayo,24.8,18.8,32.7,0.0,75.2,15.6,20.8,HISTORICAL TRAINING DATA
2024-11-24,-20.1486,28.5806,Bulawayo,23.6,14.9,32.3,31.7,67.5,7.7,20.0,HISTORICAL TRAINING DATA
2024-11-25,-20.1486,28.5806,Bulawayo,23.1,17.4,28.7,0.0,79.0,10.8,22.4,HISTORICAL TRAINING DATA
2024-11-26,-20.1486,28.5806,Bulawayo,24.8,17.5,30.3,0.0,90.4,16.6,25.0,HISTORICAL TRAINING DATA
2024-11-27,-20.1486,28.5806,Bulawayo,22.2,15.8,28.8,18.9,64.5,13.4,23.2,HISTORICAL TRAINING DATA
2024-11-28,-20.1486,28.5806,Bulawayo,22.8,14.4,29.5,4.4,65.9,17.6,16.2,HISTORICAL TRAINING DATA
2024-11-29,-20.1486,28.5806,Bulawayo,24.2,18.6,29.6,0.0,60.2,14.8,19.5,HISTORICAL TRAINING DATA
2024-11-30,-20.1486,28.5806,Bulawayo,22.8,16.0,28.8,0.0,72.0,20.7,19.4,HISTORICAL TRAINING DATA
2024-12-01,-20.1486,28.5806,Bulawayo,23.3,17.0,29.4,0.0,72.8,16.8,26.2,HISTORICAL TRAINING DATA
2024-12-02,-20.1486,28.5806,Bulawayo,24.4,16.7,33.3,0.0,71.1,6.4,26.4,HISTORICAL TRAINING DATA
2024-12-03,-20.1486,28.5806,Bulawayo,22.7,17.7,30.1,5.4,76.0,12.4,15.1,HISTORICAL TRAINING DATA
2024-12-04,-20.1486,28.5806,Bulawayo,22.9,16.7,28.3,0.0,61.4,12.1,16.5,HISTORICAL TRAINING DATA
2024-12-05,-20.1486,28.5806,Bulawayo,22.6,16.6,31.4,13.5,75.4,8.9,19.6,HISTORICAL TRAINING DATA
2024-12-06,-20.1486,28.5806,Bulawayo,24.1,16.1,31.7,19.7,71.1,12.5,25.3,HISTORICAL TRAINING DATA
2024-12-07,-20.1486,28.5806,Bulawayo,22.6,17.6,30.3,8.5,82.0,16.7,19.9,HISTORICAL TRAINING DATA
2024-12-08,-20.1486,28.5806,Bulawayo,22.2,14.0,30.9,16.3,63.7,14.0,24.9,HISTORICAL TRAINING DATA
2024-12-09,-20.1486,28.5806,Bulawayo,24.8,19.4,30.6,0.0,91.1,12.8,24.6,HISTORICAL TRAINING DATA
2024-12-10,-20.1486,28.5806,Bulawayo,25.5,17.7,31.5,0.1,90.3,14.2,22.6,HISTORICAL TRAINING DATA
2024-12-11,-20.1486,28.5806,Bulawayo,25.5,17.0,32.3,7.5,61.3,6.8,22.4,HISTORICAL TRAINING DATA
2024-12-12,-20.1486,28.5806,Bulawayo,23.5,18.4,29.5,13.5,84.5,10.7,19.8,HISTORICAL TRAINING DATA
2024-12-13,-20.1486,28.5806,Bulawayo,23.8,15.9,30.9,0.4,63.6,12.3,16.5,HISTORICAL TRAINING DATA
2024-12-14,-20.1486,28.5806,Bulawayo,24.1,15.6,30.5,1.9,75.8,13.3,22.6,HISTORICAL TRAINING DATA
2024-12-15,-20.1486,28.5806,Bulawayo,25.7,17.4,33.0,0.0,89.8,6.7,18.6,HISTORICAL TRAINING DATA
2024-12-16,-20.1486,28.5806,Bulawayo,22.2,13.9,27.6,0.0,83.2,14.2,24.2,HISTORICAL TRAINING DATA
2024-12-17,-20.1486,28.5806,Bulawayo,23.4,16.7,29.1,0.0,69.7,17.9,24.1,HISTORICAL TRAINING DATA
2024-12-18,-20.1486,28.5806,Bulawayo,25.0,16.8,32.3,29.2,90.9,21.9,22.6,HISTORICAL TRAINING DATA
2024-12-19,-20.1486,28.5806,Bulawayo,24.2,19.0,31.4,0.0,82.2,9.4,27.1,HISTORICAL TRAINING DATA
2024-12-20,-20.1486,28.5806,Bulawayo,23.1,16.1,28.3,0.0,65.9,12.4,16.5,HISTORICAL TRAINING DATA
2024-12-21,-20.1486,28.5806,Bulawayo,23.1,15.5,29.2,2.8,85.0,13.4,25.1,HISTORICAL TRAINING DATA
2024-12-22,-20.1486,28.5806,Bulawayo,24.5,18.7,32.0,3.1,82.7,17.7,22.5,HISTORICAL TRAINING DATA
2024-12-23,-20.1486,28.5806,Bulawayo,23.8,16.9,31.1,10.9,77.3,11.5,18.5,HISTORICAL TRAINING DATA
2024-12-24,-20.1486,28.5806,Bulawayo,25.3,18.2,31.0,23.1,76.0,12.2,19.6,HISTORICAL TRAINING DATA
2024-12-25,-20.1486,28.5806,Bulawayo,24.6,17.7,33.6,0.0,62.5,7.3,24.5,HISTORICAL TRAINING DATA
2024-12-26,-20.1486,28.5806,Bulawayo,24.1,17.2,29.7,16.7,74.4,15.4,22.7,HISTORICAL TRAINING DATA
2024-12-27,-20.1486,28.5806,Bulawayo,24.3,18.1,32.2,17.4,84.0,21.8,19.3,HISTORICAL TRAINING DATA
2024-12-28,-20.1486,28.5806,Bulawayo,24.2,17.6,30.0,35.7,64.0,7.8,18.1,HISTORICAL TRAINING DATA
2024-12-29,-20.1486,28.5806,Bulawayo,25.5,16.5,32.7,0.0,91.5,11.6,17.0,HISTORICAL TRAINING DATA
2024-12-30,-20.1486,28.5806,Bulawayo,25.6,17.9,33.3,17.7,80.2,16.1,22.9,HISTORICAL TRAINING DATA
2024-01-01,-18.9757,32.6706,Mutare,23.5,16.9,31.5,0.0,67.2,10.6,26.9,HISTORICAL TRAINING DATA
2024-01-02,-18.9757,32.6706,Mutare,22.1,17.1,30.4,0.0,72.8,18.2,23.2,HISTORICAL TRAINING DATA
2024-01-03,-18.9757,32.6706,Mutare,24.2,17.6,30.0,10.4,73.4,6.5,17.1,HISTORICAL TRAINING DATA
2024-01-04,-18.9757,32.6706,Mutare,23.9,16.7,30.6,0.0,62.6,6.4,22.5,HISTORICAL TRAINING DATA
2024-01-05,-18.9757,32.6706,Mutare,22.2,13.4,27.3,0.0,81.9,15.6,25.1,HISTORICAL TRAINING DATA
2024-01-06,-18.9757,32.6706,Mutare,23.1,14.4,29.9,0.0,66.2,17.6,17.4,HISTORICAL TRAINING DATA
2024-01-07,-18.9757,32.6706,Mutare,23.4,17.9,28.6,0.0,66.4,6.5,22.1,HISTORICAL TRAINING DATA
2024-01-08,-18.9757,32.6706,Mutare,23.3,17.4,29.0,0.0,74.2,13.4,23.0,HISTORICAL TRAINING DATA
2024-01-09,-18.9757,32.6706,Mutare,24.7,16.1,30.7,0.0,87.9,17.6,15.0,HISTORICAL TRAINING DATA
2024-01-10,-18.9757,32.6706,Mutare,24.5,17.4,31.4,0.0,73.0,12.2,25.0,HISTORICAL TRAINING DATA
2024-01-11,-18.9757,32.6706,Mutare,25.3,17.5,32.8,0.0,77.2,21.8,24.0,HISTORICAL TRAINING DATA
2024-01-12,-18.9757,32.6706,Mutare,23.3,15.0,31.6,0.0,61.9,17.6,14.6,HISTORICAL TRAINING DATA
2024-01-13,-18.9757,32.6706,Mutare,23.1,16.3,31.2,0.0,80.1,7.7,25.9,HISTORICAL TRAINING DATA
2024-01-14,-18.9757,32.6706,Mutare,24.5,16.6,31.0,0.0,85.3,16.5,16.0,HISTORICAL TRAINING DATA
2024-01-15,-18.9757,32.6706,Mutare,22.5,16.2,30.2,0.0,68.5,13.3,23.9,HISTORICAL TRAINING DATA
2024-01-16,-18.9757,32.6706,Mutare,24.5,16.8,30.8,0.0,71.0,13.2,17.6,HISTORICAL TRAINING DATA
2024-01-17,-18.9757,32.6706,Mutare,22.6,17.5,31.1,1.8,76.7,15.0,24.0,HISTORICAL TRAINING DATA
2024-01-18,-18.9757,32.6706,Mutare,22.7,16.5,30.6,0.0,78.2,16.8,16.2,HISTORICAL TRAINING DATA
2024-01-19,-18.9757,32.6706,Mutare,24.7,18.7,30.6,11.2,87.5,19.6,22.2,HISTORICAL TRAINING DATA
2024-01-20,-18.9757,32.6706,Mutare,22.1,13.6,29.2,5.4,76.3,13.6,26.6,HISTORICAL TRAINING DATA
2024-01-21,-18.9757,32.6706,Mutare,25.4,18.4,32.5,0.0,78.8,12.0,27.0,HISTORICAL TRAINING DATA
2024-01-22,-18.9757,32.6706,Mutare,24.1,17.2,30.6,0.0,75.4,16.7,14.9,HISTORICAL TRAINING DATA
2024-01-23,-18.9757,32.6706,Mutare,22.4,14.5,27.9,2.0,79.5,9.2,21.0,HISTORICAL TRAINING DATA
2024-01-24,-18.9757,32.6706,Mutare,23.8,15.8,32.1,0.0,60.4,18.6,26.6,HISTORICAL TRAINING DATA
2024-01-25,-18.9757,32.6706,Mutare,24.5,15.7,31.5,0.4,80.0,10.3,27.5,HISTORICAL TRAINING DATA
2024-01-26,-18.9757,32.6706,Mutare,24.9,16.7,31.7,0.0,62.5,14.4,17.4,HISTORICAL TRAINING DATA
2024-01-27,-18.9757,32.6706,Mutare,24.7,18.8,32.6,33.0,87.4,8.8,27.7,HISTORICAL TRAINING DATA
2024-01-28,-18.9757,32.6706,Mutare,22.6,13.9,31.2,16.3,83.5,8.1,18.2,HISTORICAL TRAINING DATA
2024-01-29,-18.9757,32.6706,Mutare,22.3,16.9,30.9,17.2,75.3,6.8,25.1,HISTORICAL TRAINING DATA
2024-01-30,-18.9757,32.6706,Mutare,21.8,14.9,27.2,0.0,74.1,15.4,22.4,HISTORICAL TRAINING DATA
2024-01-31,-18.9757,32.6706,Mutare,22.7,14.8,29.5,6.7,89.0,16.3,22.2,HISTORICAL TRAINING DATA
2024-02-01,-18.9757,32.6706,Mutare,24.0,18.0,30.7,0.0,91.8,10.3,22.8,HISTORICAL TRAINING DATA
2024-02-02,-18.9757,32.6706,Mutare,22.8,15.2,28.9,0.0,69.1,14.5,18.8,HISTORICAL TRAINING DATA
2024-02-03,-18.9757,32.6706,Mutare,24.2,18.8,32.2,0.0,80.0,8.9,14.1,HISTORICAL TRAINING DATA
2024-02-04,-18.9757,32.6706,Mutare,25.1,19.4,33.1,0.0,75.9,16.8,15.3,HISTORICAL TRAINING DATA
2024-02-05,-18.9757,32.6706,Mutare,24.9,19.2,30.4,13.9,86.3,9.7,18.3,HISTORICAL TRAINING DATA
2024-02-06,-18.9757,32.6706,Mutare,22.7,15.0,31.4,0.0,75.1,9.4,23.4,HISTORICAL TRAINING DATA
2024-02-07,-18.9757,32.6706,Mutare,22.8,17.2,30.4,6.1,65.5,11.2,21.2,HISTORICAL TRAINING DATA
2024-02-08,-18.9757,32.6706,Mutare,23.4,15.5,29.3,0.0,73.3,10.2,27.1,HISTORICAL TRAINING DATA
2024-02-09,-18.9757,32.6706,Mutare,24.8,16.5,31.1,4.4,83.3,10.9,21.9,HISTORICAL TRAINING DATA
2024-02-10,-18.9757,32.6706,Mutare,24.6,17.9,32.1,33.8,61.8,8.2,20.4,HISTORICAL TRAINING DATA
2024-02-11,-18.9757,32.6706,Mutare,22.6,14.9,28.6,0.0,66.5,19.3,14.3,HISTORICAL TRAINING DATA
2024-02-12,-18.9757,32.6706,Mutare,23.2,15.0,30.7,9.8,83.6,13.0,17.8,HISTORICAL TRAINING DATA
2024-02-13,-18.9757,32.6706,Mutare,21.8,14.4,30.6,15.4,90.1,21.1,24.9,HISTORICAL TRAINING DATA
2024-02-14,-18.9757,32.6706,Mutare,23.1,17.1,32.0,0.0,82.6,15.4,14.8,HISTORICAL TRAINING DATA
2024-02-15,-18.9757,32.6706,Mutare,21.7,15.6,28.6,9.3,74.0,20.1,15.0,HISTORICAL TRAINING DATA
2024-02-16,-18.9757,32.6706,Mutare,25.4,16.9,32.8,0.0,86.4,15.2,21.9,HISTORICAL TRAINING DATA
2024-02-17,-18.9757,32.6706,Mutare,23.3,16.0,31.5,9.5,81.1,17.0,16.0,HISTORICAL TRAINING DATA
2024-02-18,-18.9757,32.6706,Mutare,24.6,16.6,33.4,0.0,82.4,11.8,24.8,HISTORICAL TRAINING DATA
2024-02-19,-18.9757,32.6706,Mutare,24.5,18.0,30.3,4.7,67.3,21.5,17.6,HISTORICAL TRAINING DATA
2024-02-20,-18.9757,32.6706,Mutare,23.9,16.3,30.6,0.0,64.5,18.9,25.2,HISTORICAL TRAINING DATA
2024-02-21,-18.9757,32.6706,Mutare,24.8,17.6,33.8,54.8,72.0,21.4,26.2,HISTORICAL TRAINING DATA
2024-02-22,-18.9757,32.6706,Mutare,22.8,16.5,28.1,0.0,69.0,7.2,15.3,HISTORICAL TRAINING DATA
2024-02-23,-18.9757,32.6706,Mutare,23.7,15.3,31.0,2.1,76.4,13.5,23.1,HISTORICAL TRAINING DATA
2024-02-24,-18.9757,32.6706,Mutare,22.3,15.4,30.8,13.8,86.2,21.9,16.1,HISTORICAL TRAINING DATA
2024-02-25,-18.9757,32.6706,Mutare,22.8,14.7,30.8,10.3,74.5,21.2,26.5,HISTORICAL TRAINING DATA
2024-02-26,-18.9757,32.6706,Mutare,23.1,18.1,29.4,11.7,72.5,8.4,26.0,HISTORICAL TRAINING DATA
2024-02-27,-18.9757,32.6706,Mutare,23.8,16.2,29.6,0.0,77.0,19.1,27.0,HISTORICAL TRAINING DATA
2024-02-28,-18.9757,32.6706,Mutare,25.1,19.3,30.7,0.0,78.5,10.9,15.4,HISTORICAL TRAINING DATA
2024-02-29,-18.9757,32.6706,Mutare,23.6,18.1,30.0,0.0,61.3,7.1,26.2,HISTORICAL TRAINING DATA
2024-03-01,-18.9757,32.6706,Mutare,25.2,19.6,34.2,0.0,66.5,9.7,26.9,HISTORICAL TRAINING DATA
2024-03-02,-18.9757,32.6706,Mutare,24.6,19.1,33.4,25.2,90.2,6.4,26.1,HISTORICAL TRAINING DATA
2024-03-03,-18.9757,32.6706,Mutare,24.9,19.1,33.0,0.6,74.0,15.4,15.7,HISTORICAL TRAINING DATA
2024-03-04,-18.9757,32.6706,Mutare,25.4,18.3,31.0,0.0,78.5,9.4,27.2,HISTORICAL TRAINING DATA
2024-03-05,-18.9757,32.6706,Mutare,24.5,18.6,29.8,64.5,73.3,14.1,20.7,HISTORICAL TRAINING DATA
2024-03-06,-18.9757,32.6706,Mutare,23.5,17.0,30.2,0.0,60.5,21.4,15.4,HISTORICAL TRAINING DATA
2024-03-07,-18.9757,32.6706,Mutare,22.9,15.3,28.9,0.8,90.3,17.2,23.1,HISTORICAL TRAINING DATA
2024-03-08,-18.9757,32.6706,Mutare,24.7,15.9,32.7,0.0,60.5,20.4,14.6,HISTORICAL TRAINING DATA
2024-03-09,-18.9757,32.6706,Mutare,24.9,19.3,31.8,0.1,76.6,6.6,22.3,HISTORICAL TRAINING DATA
2024-03-10,-18.9757,32.6706,Mutare,22.3,14.9,30.6,0.0,69.4,12.7,16.4,HISTORICAL TRAINING DATA
2024-03-11,-18.9757,32.6706,Mutare,23.6,17.1,32.3,19.9,81.4,18.6,14.4,HISTORICAL TRAINING DATA
2024-03-12,-18.9757,32.6706,Mutare,22.3,14.8,27.4,5.6,86.9,6.4,14.4,HISTORICAL TRAINING DATA
2024-03-13,-18.9757,32.6706,Mutare,23.4,16.8,30.5,0.0,64.6,18.2,24.1,HISTORICAL TRAINING DATA
2024-03-14,-18.9757,32.6706,Mutare,22.2,15.5,27.4,5.1,67.1,21.5,20.5,HISTORICAL TRAINING DATA
2024-03-15,-18.9757,32.6706,Mutare,23.2,14.7,31.4,0.0,74.1,6.0,20.7,HISTORICAL TRAINING DATA
2024-03-16,-18.9757,32.6706,Mutare,25.1,16.3,32.8,4.7,77.3,7.5,20.9,HISTORICAL TRAINING DATA
2024-03-17,-18.9757,32.6706,Mutare,24.8,17.8,33.0,0.0,64.0,8.3,23.2,HISTORICAL TRAINING DATA
2024-03-18,-18.9757,32.6706,Mutare,24.5,17.0,30.5,0.0,69.0,10.0,24.2,HISTORICAL TRAINING DATA
2024-03-19,-18.9757,32.6706,Mutare,22.7,15.3,29.8,0.0,74.8,21.8,17.7,HISTORICAL TRAINING DATA
2024-03-20,-18.9757,32.6706,Mutare,25.1,17.2,33.5,5.6,64.6,18.0,25.2,HISTORICAL TRAINING DATA
2024-03-21,-18.9757,32.6706,Mutare,24.0,19.0,31.6,0.0,91.3,19.4,17.3,HISTORICAL TRAINING DATA
2024-03-22,-18.9757,32.6706,Mutare,23.1,17.3,31.6,7.9,87.4,21.5,19.7,HISTORICAL TRAINING DATA
2024-03-23,-18.9757,32.6706,Mutare,25.5,18.7,33.5,0.0,68.4,16.5,21.2,HISTORICAL TRAINING DATA
2024-03-24,-18.9757,32.6706,Mutare,22.8,16.5,31.3,0.0,66.0,18.4,20.4,HISTORICAL TRAINING DATA
2024-03-25,-18.9757,32.6706,Mutare,21.9,15.8,30.0,0.0,84.4,12.8,14.4,HISTORICAL TRAINING DATA
2024-03-26,-18.9757,32.6706,Mutare,23.7,18.2,31.5,44.3,86.6,8.0,18.9,HISTORICAL TRAINING DATA
2024-03-27,-18.9757,32.6706,Mutare,23.3,14.4,32.2,0.0,90.1,8.9,25.5,HISTORICAL TRAINING DATA
2024-03-28,-18.9757,32.6706,Mutare,25.0,17.3,33.1,0.0,64.5,9.2,24.4,HISTORICAL TRAINING DATA
2024-03-29,-18.9757,32.6706,Mutare,23.6,16.5,28.8,0.0,78.0,14.5,21.6,HISTORICAL TRAINING DATA
2024-03-30,-18.9757,32.6706,Mutare,24.3,18.6,32.0,0.0,65.3,16.2,26.0,HISTORICAL TRAINING DATA
2024-03-31,-18.9757,32.6706,Mutare,22.4,15.2,31.2,0.0,82.9,12.8,16.8,HISTORICAL TRAINING DATA
2024-04-01,-18.9757,32.6706,Mutare,25.7,19.1,32.8,0.0,40.0,12.7,20.7,HISTORICAL TRAINING DATA
2024-04-02,-18.9757,32.6706,Mutare,26.8,21.5,34.6,0.0,37.5,16.7,16.9,HISTORICAL TRAINING DATA
2024-04-03,-18.9757,32.6706,Mutare,28.4,20.4,34.0,0.0,31.7,13.7,16.2,HISTORICAL TRAINING DATA
2024-04-04,-18.9757,32.6706,Mutare,29.4,22.8,35.0,0.0,54.5,12.7,22.3,HISTORICAL TRAINING DATA
2024-04-05,-18.9757,32.6706,Mutare,26.5,17.7,32.1,0.0,35.7,12.4,24.2,HISTORICAL TRAINING DATA
2024-04-06,-18.9757,32.6706,Mutare,27.8,22.3,33.9,0.0,35.1,11.2,22.9,HISTORICAL TRAINING DATA
2024-04-07,-18.9757,32.6706,Mutare,27.6,20.2,33.5,0.0,49.3,13.0,25.5,HISTORICAL TRAINING DATA
2024-04-08,-18.9757,32.6706,Mutare,27.7,19.1,35.7,0.0,33.8,17.5,26.3,HISTORICAL TRAINING DATA
2024-04-09,-18.9757,32.6706,Mutare,29.3,21.8,36.0,8.5,36.4,8.7,23.9,HISTORICAL TRAINING DATA
2024-04-10,-18.9757,32.6706,Mutare,29.0,21.9,34.3,0.0,37.3,17.7,27.4,HISTORICAL TRAINING DATA
2024-04-11,-18.9757,32.6706,Mutare,29.0,22.0,36.8,0.0,51.2,12.9,14.8,HISTORICAL TRAINING DATA
2024-04-12,-18.9757,32.6706,Mutare,25.9,18.0,34.5,0.0,51.1,16.2,18.6,HISTORICAL TRAINING DATA
2024-04-13,-18.9757,32.6706,Mutare,28.2,23.1,36.0,0.0,38.9,13.8,22.2,HISTORICAL TRAINING DATA
2024-04-14,-18.9757,32.6706,Mutare,26.4,17.4,34.7,0.0,36.6,13.8,22.5,HISTORICAL TRAINING DATA
2024-04-15,-18.9757,32.6706,Mutare,27.8,20.1,32.9,0.0,51.8,7.7,25.7,HISTORICAL TRAINING DATA
2024-04-16,-18.9757,32.6706,Mutare,28.1,19.2,34.0,0.0,32.4,15.3,23.9,HISTORICAL TRAINING DATA
2024-04-17,-18.9757,32.6706,Mutare,27.9,22.8,35.5,0.0,48.0,13.0,20.5,HISTORICAL TRAINING DATA
2024-04-18,-18.9757,32.6706,Mutare,29.0,21.0,35.7,4.6,50.1,20.5,17.0,HISTORICAL TRAINING DATA
2024-04-19,-18.9757,32.6706,Mutare,26.2,20.1,32.9,0.0,38.2,6.5,20.4,HISTORICAL TRAINING DATA
2024-04-20,-18.9757,32.6706,Mutare,29.1,22.7,37.9,0.0,47.1,10.4,25.0,HISTORICAL TRAINING DATA
2024-04-21,-18.9757,32.6706,Mutare,26.8,18.7,32.4,0.0,45.9,14.9,26.1,HISTORICAL TRAINING DATA
2024-04-22,-18.9757,32.6706,Mutare,28.1,20.0,33.8,0.0,48.8,14.0,15.2,HISTORICAL TRAINING DATA
2024-04-23,-18.9757,32.6706,Mutare,26.9,18.0,33.2,0.0,50.1,10.9,26.8,HISTORICAL TRAINING DATA
2024-04-24,-18.9757,32.6706,Mutare,25.9,18.3,33.9,0.0,45.5,9.2,26.0,HISTORICAL TRAINING DATA
2024-04-25,-18.9757,32.6706,Mutare,27.4,21.0,33.1,0.0,40.9,8.7,14.2,HISTORICAL TRAINING DATA
2024-04-26,-18.9757,32.6706,Mutare,26.3,18.7,32.4,0.0,42.7,15.0,16.5,HISTORICAL TRAINING DATA
2024-04-27,-18.9757,32.6706,Mutare,28.0,19.3,35.6,1.8,47.8,19.6,16.0,HISTORICAL TRAINING DATA
2024-04-28,-18.9757,32.6706,Mutare,26.9,20.3,35.2,0.0,33.3,17.8,26.3,HISTORICAL TRAINING DATA
2024-04-29,-18.9757,32.6706,Mutare,28.7,22.4,34.6,0.0,54.3,19.2,17.4,HISTORICAL TRAINING DATA
2024-04-30,-18.9757,32.6706,Mutare,26.1,20.2,33.9,0.0,30.7,9.5,26.3,HISTORICAL TRAINING DATA
2024-05-01,-18.9757,32.6706,Mutare,13.7,7.6,22.6,0.0,38.6,19.7,20.8,HISTORICAL TRAINING DATA
2024-05-02,-18.9757,32.6706,Mutare,13.7,8.0,19.5,0.0,60.0,14.3,19.6,HISTORICAL TRAINING DATA
2024-05-03,-18.9757,32.6706,Mutare,13.2,7.2,21.4,0.0,44.7,11.8,25.2,HISTORICAL TRAINING DATA
2024-05-04,-18.9757,32.6706,Mutare,13.8,7.8,20.9,0.0,58.1,7.2,23.7,HISTORICAL TRAINING DATA
2024-05-05,-18.9757,32.6706,Mutare,14.2,6.0,21.5,0.0,52.6,7.5,26.8,HISTORICAL TRAINING DATA
2024-05-06,-18.9757,32.6706,Mutare,11.6,6.1,19.9,0.0,48.4,9.6,18.9,HISTORICAL TRAINING DATA
2024-05-07,-18.9757,32.6706,Mutare,12.7,6.8,18.8,0.0,55.5,19.4,20.4,HISTORICAL TRAINING DATA
2024-05-08,-18.9757,32.6706,Mutare,13.7,4.8,18.8,0.0,36.6,13.2,23.1,HISTORICAL TRAINING DATA
2024-05-09,-18.9757,32.6706,Mutare,11.9,6.7,18.3,0.0,52.7,21.3,17.9,HISTORICAL TRAINING DATA
2024-05-10,-18.9757,32.6706,Mutare,14.5,7.1,21.2,0.0,35.7,18.2,15.9,HISTORICAL TRAINING DATA
2024-05-11,-18.9757,32.6706,Mutare,13.9,6.1,20.1,0.0,42.7,9.7,25.2,HISTORICAL TRAINING DATA
2024-05-12,-18.9757,32.6706,Mutare,13.5,4.5,20.8,0.0,54.2,19.8,27.6,HISTORICAL TRAINING DATA
2024-05-13,-18.9757,32.6706,Mutare,15.3,7.2,20.6,0.0,49.7,7.0,19.8,HISTORICAL TRAINING DATA
2024-05-14,-18.9757,32.6706,Mutare,14.9,6.8,23.8,0.0,59.5,19.4,14.4,HISTORICAL TRAINING DATA
2024-05-15,-18.9757,32.6706,Mutare,11.8,6.4,18.4,0.0,43.3,17.2,23.6,HISTORICAL TRAINING DATA
2024-05-16,-18.9757,32.6706,Mutare,12.3,3.9,18.0,0.0,46.9,11.0,16.5,HISTORICAL TRAINING DATA
2024-05-17,-18.9757,32.6706,Mutare,13.8,7.7,19.6,0.0,37.3,11.6,23.1,HISTORICAL TRAINING DATA
2024-05-18,-18.9757,32.6706,Mutare,15.2,9.1,23.7,0.0,37.4,7.0,21.8,HISTORICAL TRAINING DATA
2024-05-19,-18.9757,32.6706,Mutare,12.8,3.8,17.8,0.0,35.0,11.2,18.3,HISTORICAL TRAINING DATA
2024-05-20,-18.9757,32.6706,Mutare,12.3,7.0,18.0,0.0,44.4,16.2,21.0,HISTORICAL TRAINING DATA
2024-05-21,-18.9757,32.6706,Mutare,13.4,5.6,19.0,0.0,37.4,12.0,16.5,HISTORICAL TRAINING DATA
2024-05-22,-18.9757,32.6706,Mutare,13.7,6.7,22.0,0.0,54.3,13.1,22.7,HISTORICAL TRAINING DATA
2024-05-23,-18.9757,32.6706,Mutare,11.8,6.3,20.5,0.0,54.8,21.0,15.5,HISTORICAL TRAINING DATA
2024-05-24,-18.9757,32.6706,Mutare,12.8,7.4,18.5,0.0,39.2,8.5,22.6,HISTORICAL TRAINING DATA
2024-05-25,-18.9757,32.6706,Mutare,14.2,5.8,22.3,0.0,51.5,21.1,23.4,HISTORICAL TRAINING DATA
2024-05-26,-18.9757,32.6706,Mutare,15.2,6.4,22.2,0.0,38.5,18.7,14.6,HISTORICAL TRAINING DATA
2024-05-27,-18.9757,32.6706,Mutare,15.3,6.9,22.9,0.0,47.0,18.1,22.3,HISTORICAL TRAINING DATA
2024-05-28,-18.9757,32.6706,Mutare,12.1,3.5,19.4,0.0,51.4,17.2,21.3,HISTORICAL TRAINING DATA
2024-05-29,-18.9757,32.6706,Mutare,12.5,6.9,20.5,0.0,42.1,10.7,22.8,HISTORICAL TRAINING DATA
2024-05-30,-18.9757,32.6706,Mutare,13.9,6.9,20.2,0.0,47.3,13.7,19.4,HISTORICAL TRAINING DATA
2024-05-31,-18.9757,32.6706,Mutare,13.5,5.8,18.7,0.0,42.2,19.3,16.6,HISTORICAL TRAINING DATA
2024-06-01,-18.9757,32.6706,Mutare,15.1,7.9,20.8,0.0,53.7,11.0,14.7,HISTORICAL TRAINING DATA
2024-06-02,-18.9757,32.6706,Mutare,15.4,9.0,22.5,0.0,44.6,19.2,23.6,HISTORICAL TRAINING DATA
2024-06-03,-18.9757,32.6706,Mutare,13.8,6.7,21.5,0.0,56.2,6.7,17.0,HISTORICAL TRAINING DATA
2024-06-04,-18.9757,32.6706,Mutare,13.7,7.4,21.5,0.0,40.5,13.9,22.0,HISTORICAL TRAINING DATA
2024-06-05,-18.9757,32.6706,Mutare,13.0,4.4,18.5,0.0,44.5,10.6,26.7,HISTORICAL TRAINING DATA
2024-06-06,-18.9757,32.6706,Mutare,12.9,7.2,19.4,0.0,43.3,9.7,26.8,HISTORICAL TRAINING DATA
2024-06-07,-18.9757,32.6706,Mutare,13.9,6.4,19.9,0.0,50.0,20.8,23.5,HISTORICAL TRAINING DATA
2024-06-08,-18.9757,32.6706,Mutare,12.7,3.9,20.3,0.0,42.7,20.6,19.7,HISTORICAL TRAINING DATA
2024-06-09,-18.9757,32.6706,Mutare,15.5,7.1,21.2,0.0,44.4,18.5,17.5,HISTORICAL TRAINING DATA
2024-06-10,-18.9757,32.6706,Mutare,15.5,7.4,21.0,0.0,36.0,17.0,15.0,HISTORICAL TRAINING DATA
2024-06-11,-18.9757,32.6706,Mutare,15.0,9.8,22.2,0.0,54.8,8.7,24.4,HISTORICAL TRAINING DATA
2024-06-12,-18.9757,32.6706,Mutare,11.7,5.5,17.8,0.0,52.4,19.7,17.7,HISTORICAL TRAINING DATA
2024-06-13,-18.9757,32.6706,Mutare,12.5,6.6,17.8,0.0,57.1,19.5,16.8,HISTORICAL TRAINING DATA
2024-06-14,-18.9757,32.6706,Mutare,13.4,8.0,18.6,0.0,47.0,12.2,15.2,HISTORICAL TRAINING DATA
2024-06-15,-18.9757,32.6706,Mutare,12.7,6.2,20.7,0.0,45.9,13.1,24.8,HISTORICAL TRAINING DATA
2024-06-16,-18.9757,32.6706,Mutare,12.8,4.8,20.7,0.0,59.4,6.7,14.2,HISTORICAL TRAINING DATA
2024-06-17,-18.9757,32.6706,Mutare,14.9,9.2,21.7,0.0,41.3,20.4,14.8,HISTORICAL TRAINING DATA
2024-06-18,-18.9757,32.6706,Mutare,14.0,8.1,21.5,0.0,47.6,11.4,24.1,HISTORICAL TRAINING DATA
2024-06-19,-18.9757,32.6706,Mutare,15.4,8.0,21.5,0.0,56.1,8.6,21.7,HISTORICAL TRAINING DATA
2024-06-20,-18.9757,32.6706,Mutare,14.2,7.2,19.3,0.0,36.6,17.5,24.1,HISTORICAL TRAINING DATA
2024-06-21,-18.9757,32.6706,Mutare,14.2,6.5,19.2,0.0,57.5,6.1,14.8,HISTORICAL TRAINING DATA
2024-06-22,-18.9757,32.6706,Mutare,13.9,5.9,19.1,0.0,56.4,14.7,14.3,HISTORICAL TRAINING DATA
2024-06-23,-18.9757,32.6706,Mutare,12.2,5.7,19.9,0.0,49.3,12.2,26.7,HISTORICAL TRAINING DATA
2024-06-24,-18.9757,32.6706,Mutare,14.5,5.6,22.1,0.0,41.3,13.7,26.6,HISTORICAL TRAINING DATA
2024-06-25,-18.9757,32.6706,Mutare,13.7,7.5,21.6,0.0,40.6,21.4,19.4,HISTORICAL TRAINING DATA
2024-06-26,-18.9757,32.6706,Mutare,14.5,7.7,20.7,0.0,53.5,6.7,19.7,HISTORICAL TRAINING DATA
2024-06-27,-18.9757,32.6706,Mutare,12.0,6.5,19.5,0.0,59.7,9.3,19.7,HISTORICAL TRAINING DATA
2024-06-28,-18.9757,32.6706,Mutare,12.0,3.2,18.8,0.0,46.3,11.4,23.3,HISTORICAL TRAINING DATA
2024-06-29,-18.9757,32.6706,Mutare,15.0,7.1,22.2,0.0,41.2,21.2,24.2,HISTORICAL TRAINING DATA
2024-06-30,-18.9757,32.6706,Mutare,12.4,3.9,20.5,0.0,46.6,12.0,18.3,HISTORICAL TRAINING DATA
2024-07-01,-18.9757,32.6706,Mutare,13.9,7.1,22.5,0.0,48.6,21.3,26.2,HISTORICAL TRAINING DATA
2024-07-02,-18.9757,32.6706,Mutare,13.9,5.3,21.5,0.0,43.4,21.0,20.0,HISTORICAL TRAINING DATA
2024-07-03,-18.9757,32.6706,Mutare,11.7,4.5,17.4,0.0,40.2,21.7,23.5,HISTORICAL TRAINING DATA
2024-07-04,-18.9757,32.6706,Mutare,12.4,4.2,18.0,0.0,49.4,11.1,17.4,HISTORICAL TRAINING DATA
2024-07-05,-18.9757,32.6706,Mutare,12.5,5.1,20.6,0.0,47.2,14.5,22.8,HISTORICAL TRAINING DATA
2024-07-06,-18.9757,32.6706,Mutare,15.4,10.3,24.0,0.0,36.6,19.9,18.6,HISTORICAL TRAINING DATA
2024-07-07,-18.9757,32.6706,Mutare,15.1,7.2,24.0,0.0,43.9,10.9,14.9,HISTORICAL TRAINING DATA
2024-07-08,-18.9757,32.6706,Mutare,13.0,6.2,19.4,0.0,57.6,8.8,18.2,HISTORICAL TRAINING DATA
2024-07-09,-18.9757,32.6706,Mutare,12.3,6.6,17.8,0.0,57.0,20.6,19.7,HISTORICAL TRAINING DATA
2024-07-10,-18.9757,32.6706,Mutare,13.3,7.1,21.6,0.0,52.5,10.0,15.6,HISTORICAL TRAINING DATA
2024-07-11,-18.9757,32.6706,Mutare,11.7,6.6,20.2,0.0,37.4,13.6,20.7,HISTORICAL TRAINING DATA
2024-07-12,-18.9757,32.6706,Mutare,12.4,6.0,19.2,0.0,59.7,15.2,20.3,HISTORICAL TRAINING DATA
2024-07-13,-18.9757,32.6706,Mutare,15.4,9.0,21.8,0.0,51.8,7.4,19.2,HISTORICAL TRAINING DATA
2024-07-14,-18.9757,32.6706,Mutare,14.8,6.1,20.2,0.0,51.9,21.0,27.4,HISTORICAL TRAINING DATA
2024-07-15,-18.9757,32.6706,Mutare,14.7,6.5,22.9,0.0,42.3,11.7,27.8,HISTORICAL TRAINING DATA
2024-07-16,-18.9757,32.6706,Mutare,13.5,4.6,20.0,0.0,49.8,10.0,21.2,HISTORICAL TRAINING DATA
2024-07-17,-18.9757,32.6706,Mutare,11.6,5.3,17.2,0.0,35.6,16.4,23.8,HISTORICAL TRAINING DATA
2024-07-18,-18.9757,32.6706,Mutare,14.4,8.4,23.4,0.0,43.4,16.5,23.2,HISTORICAL TRAINING DATA
2024-07-19,-18.9757,32.6706,Mutare,14.2,5.5,19.2,0.0,56.8,15.2,18.2,HISTORICAL TRAINING DATA
2024-07-20,-18.9757,32.6706,Mutare,14.7,6.9,20.8,0.0,44.7,12.0,19.1,HISTORICAL TRAINING DATA
2024-07-21,-18.9757,32.6706,Mutare,13.4,5.6,19.0,0.0,45.6,11.5,17.7,HISTORICAL TRAINING DATA
2024-07-22,-18.9757,32.6706,Mutare,14.7,7.9,22.4,0.0,37.1,18.9,26.8,HISTORICAL TRAINING DATA
2024-07-23,-18.9757,32.6706,Mutare,12.1,6.5,20.1,0.0,35.6,9.9,16.5,HISTORICAL TRAINING DATA
2024-07-24,-18.9757,32.6706,Mutare,15.2,9.9,20.5,0.0,40.9,17.6,24.3,HISTORICAL TRAINING DATA
2024-07-25,-18.9757,32.6706,Mutare,14.1,6.8,23.0,0.0,36.8,21.5,22.8,HISTORICAL TRAINING DATA
2024-07-26,-18.9757,32.6706,Mutare,14.2,9.0,19.7,0.0,50.3,20.7,27.0,HISTORICAL TRAINING DATA
2024-07-27,-18.9757,32.6706,Mutare,14.8,8.0,22.5,0.0,37.3,9.4,24.0,HISTORICAL TRAINING DATA
2024-07-28,-18.9757,32.6706,Mutare,14.0,5.7,21.8,0.0,39.8,13.9,23.9,HISTORICAL TRAINING DATA
2024-07-29,-18.9757,32.6706,Mutare,13.6,5.2,20.4,0.0,49.8,14.1,15.1,HISTORICAL TRAINING DATA
2024-07-30,-18.9757,32.6706,Mutare,11.6,4.3,17.4,0.0,57.0,8.0,24.7,HISTORICAL TRAINING DATA
2024-07-31,-18.9757,32.6706,Mutare,14.7,8.8,21.3,0.0,53.9,19.4,18.2,HISTORICAL TRAINING DATA
2024-08-01,-18.9757,32.6706,Mutare,13.9,7.8,20.2,0.0,40.5,9.9,14.1,HISTORICAL TRAINING DATA
2024-08-02,-18.9757,32.6706,Mutare,11.9,6.3,17.2,0.0,42.0,13.9,26.6,HISTORICAL TRAINING DATA
2024-08-03,-18.9757,32.6706,Mutare,15.3,7.6,23.9,0.0,45.8,13.1,27.7,HISTORICAL TRAINING DATA
2024-08-04,-18.9757,32.6706,Mutare,12.8,4.1,20.6,0.0,54.3,15.7,27.4,HISTORICAL TRAINING DATA
2024-08-05,-18.9757,32.6706,Mutare,13.2,6.8,21.5,0.0,43.0,11.9,18.2,HISTORICAL TRAINING DATA
2024-08-06,-18.9757,32.6706,Mutare,13.5,7.6,19.2,0.0,53.6,17.1,19.7,HISTORICAL TRAINING DATA
2024-08-07,-18.9757,32.6706,Mutare,12.0,3.2,18.6,0.0,54.9,19.9,20.5,HISTORICAL TRAINING DATA
2024-08-08,-18.9757,32.6706,Mutare,14.9,6.1,23.4,0.0,44.6,18.6,19.3,HISTORICAL TRAINING DATA
2024-08-09,-18.9757,32.6706,Mutare,12.0,5.3,20.3,0.0,44.1,20.5,16.1,HISTORICAL TRAINING DATA
2024-08-10,-18.9757,32.6706,Mutare,11.7,4.8,17.8,0.0,35.4,9.2,21.0,HISTORICAL TRAINING DATA
2024-08-11,-18.9757,32.6706,Mutare,14.9,8.8,20.6,0.0,56.3,15.7,21.0,HISTORICAL TRAINING DATA
2024-08-12,-18.9757,32.6706,Mutare,13.8,6.1,20.2,0.0,47.2,7.7,27.3,HISTORICAL TRAINING DATA
2024-08-13,-18.9757,32.6706,Mutare,12.7,5.6,19.7,0.0,38.5,9.5,20.9,HISTORICAL TRAINING DATA
2024-08-14,-18.9757,32.6706,Mutare,11.7,5.4,19.1,0.0,43.5,15.8,22.4,HISTORICAL TRAINING DATA
2024-08-15,-18.9757,32.6706,Mutare,13.4,5.6,18.9,0.0,44.3,15.0,20.6,HISTORICAL TRAINING DATA
2024-08-16,-18.9757,32.6706,Mutare,15.4,6.7,23.2,0.0,41.2,20.6,26.6,HISTORICAL TRAINING DATA
2024-08-17,-18.9757,32.6706,Mutare,13.0,6.8,19.3,0.0,46.9,18.7,23.8,HISTORICAL TRAINING DATA
2024-08-18,-18.9757,32.6706,Mutare,11.9,4.6,20.5,0.0,54.5,17.3,22.5,HISTORICAL TRAINING DATA
2024-08-19,-18.9757,32.6706,Mutare,12.2,3.7,18.5,0.0,49.1,20.1,19.4,HISTORICAL TRAINING DATA
2024-08-20,-18.9757,32.6706,Mutare,14.9,8.1,23.5,0.0,48.2,21.2,24.2,HISTORICAL TRAINING DATA
2024-08-21,-18.9757,32.6706,Mutare,15.2,7.2,23.1,0.0,39.8,11.8,24.9,HISTORICAL TRAINING DATA
2024-08-22,-18.9757,32.6706,Mutare,13.6,7.2,21.1,0.0,35.1,15.0,25.0,HISTORICAL TRAINING DATA
2024-08-23,-18.9757,32.6706,Mutare,11.7,3.1,17.5,0.0,42.9,19.0,16.6,HISTORICAL TRAINING DATA
2024-08-24,-18.9757,32.6706,Mutare,11.8,6.6,20.3,0.0,42.4,14.4,21.1,HISTORICAL TRAINING DATA
2024-08-25,-18.9757,32.6706,Mutare,14.5,6.1,20.7,0.0,52.5,9.3,18.1,HISTORICAL TRAINING DATA
2024-08-26,-18.9757,32.6706,Mutare,15.4,8.9,23.5,0.0,45.5,21.9,20.3,HISTORICAL TRAINING DATA
2024-08-27,-18.9757,32.6706,Mutare,14.0,7.7,22.7,0.0,46.1,13.3,16.8,HISTORICAL TRAINING DATA
2024-08-28,-18.9757,32.6706,Mutare,13.1,6.8,18.1,0.0,49.7,6.8,18.6,HISTORICAL TRAINING DATA
2024-08-29,-18.9757,32.6706,Mutare,13.6,7.1,18.7,0.0,55.8,12.9,18.5,HISTORICAL TRAINING DATA
2024-08-30,-18.9757,32.6706,Mutare,14.8,7.2,21.1,0.0,54.0,18.1,14.6,HISTORICAL TRAINING DATA
2024-08-31,-18.9757,32.6706,Mutare,13.5,6.5,22.2,0.0,52.8,8.2,15.4,HISTORICAL TRAINING DATA
2024-09-01,-18.9757,32.6706,Mutare,26.2,19.7,32.6,0.0,32.3,7.3,18.8,HISTORICAL TRAINING DATA
2024-09-02,-18.9757,32.6706,Mutare,25.8,19.1,33.9,0.0,31.6,17.1,21.7,HISTORICAL TRAINING DATA
2024-09-03,-18.9757,32.6706,Mutare,25.9,17.8,34.3,0.0,34.0,9.6,14.8,HISTORICAL TRAINING DATA
2024-09-04,-18.9757,32.6706,Mutare,28.2,21.3,33.4,6.8,47.4,18.1,27.3,HISTORICAL TRAINING DATA
2024-09-05,-18.9757,32.6706,Mutare,29.3,22.8,36.9,0.0,38.0,12.3,21.1,HISTORICAL TRAINING DATA
2024-09-06,-18.9757,32.6706,Mutare,26.7,21.4,32.5,7.4,40.4,6.6,17.2,HISTORICAL TRAINING DATA
2024-09-07,-18.9757,32.6706,Mutare,27.5,18.9,34.5,0.0,32.0,19.3,19.6,HISTORICAL TRAINING DATA
2024-09-08,-18.9757,32.6706,Mutare,26.1,20.0,32.6,6.6,45.6,12.2,25.7,HISTORICAL TRAINING DATA
2024-09-09,-18.9757,32.6706,Mutare,28.5,19.9,35.1,0.0,34.9,16.4,20.3,HISTORICAL TRAINING DATA
2024-09-10,-18.9757,32.6706,Mutare,27.3,19.2,33.1,0.0,46.8,7.8,19.4,HISTORICAL TRAINING DATA
2024-09-11,-18.9757,32.6706,Mutare,25.9,17.9,33.9,0.0,35.1,10.8,23.7,HISTORICAL TRAINING DATA
2024-09-12,-18.9757,32.6706,Mutare,26.4,19.5,33.9,0.0,37.6,9.7,26.5,HISTORICAL TRAINING DATA
2024-09-13,-18.9757,32.6706,Mutare,28.9,23.8,37.2,0.0,30.6,19.8,16.9,HISTORICAL TRAINING DATA
2024-09-14,-18.9757,32.6706,Mutare,29.3,20.4,36.7,0.0,38.2,8.6,20.9,HISTORICAL TRAINING DATA
2024-09-15,-18.9757,32.6706,Mutare,27.7,19.3,33.7,0.0,54.7,15.9,26.4,HISTORICAL TRAINING DATA
2024-09-16,-18.9757,32.6706,Mutare,28.9,20.1,37.6,0.0,51.4,10.9,19.3,HISTORICAL TRAINING DATA
2024-09-17,-18.9757,32.6706,Mutare,27.8,21.9,33.5,0.0,31.3,12.8,26.3,HISTORICAL TRAINING DATA
2024-09-18,-18.9757,32.6706,Mutare,25.8,17.7,34.4,0.0,30.6,10.8,17.7,HISTORICAL TRAINING DATA
2024-09-19,-18.9757,32.6706,Mutare,29.2,23.4,37.9,0.0,50.0,17.9,23.5,HISTORICAL TRAINING DATA
2024-09-20,-18.9757,32.6706,Mutare,25.6,20.6,31.0,0.0,41.9,9.8,26.2,HISTORICAL TRAINING DATA
2024-09-21,-18.9757,32.6706,Mutare,27.8,20.0,34.7,0.0,36.8,17.7,16.1,HISTORICAL TRAINING DATA
2024-09-22,-18.9757,32.6706,Mutare,25.8,18.8,34.1,0.0,30.7,12.6,27.6,HISTORICAL TRAINING DATA
2024-09-23,-18.9757,32.6706,Mutare,27.8,21.7,33.9,1.6,49.2,13.7,25.2,HISTORICAL TRAINING DATA
2024-09-24,-18.9757,32.6706,Mutare,25.6,19.7,32.4,0.0,51.8,6.0,23.1,HISTORICAL TRAINING DATA
2024-09-25,-18.9757,32.6706,Mutare,29.0,20.2,35.9,0.0,40.9,9.7,25.9,HISTORICAL TRAINING DATA
2024-09-26,-18.9757,32.6706,Mutare,25.7,18.9,32.6,0.0,45.0,8.6,23.2,HISTORICAL TRAINING DATA
2024-09-27,-18.9757,32.6706,Mutare,27.0,19.0,33.4,0.0,33.6,8.8,19.6,HISTORICAL TRAINING DATA
2024-09-28,-18.9757,32.6706,Mutare,27.4,19.1,35.4,0.0,37.3,13.9,21.6,HISTORICAL TRAINING DATA
2024-09-29,-18.9757,32.6706,Mutare,26.9,18.4,33.3,0.0,45.1,11.7,20.5,HISTORICAL TRAINING DATA
2024-09-30,-18.9757,32.6706,Mutare,28.5,23.3,35.5,0.0,34.1,19.8,22.8,HISTORICAL TRAINING DATA
2024-10-01,-18.9757,32.6706,Mutare,27.9,22.3,36.1,0.0,50.8,8.2,25.4,HISTORICAL TRAINING DATA
2024-10-02,-18.9757,32.6706,Mutare,26.3,19.6,31.8,0.0,32.0,14.0,14.6,HISTORICAL TRAINING DATA
2024-10-03,-18.9757,32.6706,Mutare,25.9,20.3,31.8,9.4,46.6,17.4,18.7,HISTORICAL TRAINING DATA
2024-10-04,-18.9757,32.6706,Mutare,26.0,18.8,32.5,0.0,49.9,16.5,19.5,HISTORICAL TRAINING DATA
2024-10-05,-18.9757,32.6706,Mutare,27.8,18.9,33.7,0.0,47.2,16.3,16.2,HISTORICAL TRAINING DATA
2024-10-06,-18.9757,32.6706,Mutare,28.3,19.7,37.2,0.0,47.9,18.8,20.9,HISTORICAL TRAINING DATA
2024-10-07,-18.9757,32.6706,Mutare,29.2,21.1,35.4,0.0,37.7,9.3,22.9,HISTORICAL TRAINING DATA
2024-10-08,-18.9757,32.6706,Mutare,29.3,23.1,35.1,0.0,30.4,19.2,23.5,HISTORICAL TRAINING DATA
2024-10-09,-18.9757,32.6706,Mutare,25.8,17.0,33.4,0.0,33.0,6.2,22.4,HISTORICAL TRAINING DATA
2024-10-10,-18.9757,32.6706,Mutare,26.9,19.4,35.6,0.0,37.6,16.2,22.3,HISTORICAL TRAINING DATA
2024-10-11,-18.9757,32.6706,Mutare,28.2,21.8,34.2,0.0,42.5,13.6,25.2,HISTORICAL TRAINING DATA
2024-10-12,-18.9757,32.6706,Mutare,28.5,21.2,37.0,0.0,40.6,21.2,23.6,HISTORICAL TRAINING DATA
2024-10-13,-18.9757,32.6706,Mutare,29.5,21.4,34.8,0.0,54.1,10.0,15.3,HISTORICAL TRAINING DATA
2024-10-14,-18.9757,32.6706,Mutare,26.5,21.1,33.0,0.0,45.8,11.4,22.5,HISTORICAL TRAINING DATA
2024-10-15,-18.9757,32.6706,Mutare,27.4,19.6,34.2,0.0,43.8,15.8,15.3,HISTORICAL TRAINING DATA
2024-10-16,-18.9757,32.6706,Mutare,28.2,23.1,35.3,0.0,46.9,7.1,16.5,HISTORICAL TRAINING DATA
2024-10-17,-18.9757,32.6706,Mutare,26.6,19.5,34.5,0.0,50.0,10.1,15.6,HISTORICAL TRAINING DATA
2024-10-18,-18.9757,32.6706,Mutare,27.6,19.2,32.7,0.0,41.3,15.6,20.0,HISTORICAL TRAINING DATA
2024-10-19,-18.9757,32.6706,Mutare,28.2,21.3,34.2,0.0,31.9,12.2,24.4,HISTORICAL TRAINING DATA
2024-10-20,-18.9757,32.6706,Mutare,28.1,21.9,34.0,0.0,39.4,19.8,22.2,HISTORICAL TRAINING DATA
2024-10-21,-18.9757,32.6706,Mutare,27.5,18.7,32.9,0.0,50.2,8.6,15.8,HISTORICAL TRAINING DATA
2024-10-22,-18.9757,32.6706,Mutare,29.4,22.4,37.6,0.0,30.6,12.9,23.9,HISTORICAL TRAINING DATA
2024-10-23,-18.9757,32.6706,Mutare,29.1,22.4,34.2,0.0,43.6,13.0,23.8,HISTORICAL TRAINING DATA
2024-10-24,-18.9757,32.6706,Mutare,25.8,18.1,32.7,0.0,51.9,14.1,17.4,HISTORICAL TRAINING DATA
2024-10-25,-18.9757,32.6706,Mutare,29.2,23.9,35.0,0.0,30.6,9.1,23.2,HISTORICAL TRAINING DATA
2024-10-26,-18.9757,32.6706,Mutare,27.7,18.8,35.3,0.0,41.9,15.3,15.6,HISTORICAL TRAINING DATA
2024-10-27,-18.9757,32.6706,Mutare,25.7,17.7,32.2,0.0,37.5,11.9,21.1,HISTORICAL TRAINING DATA
2024-10-28,-18.9757,32.6706,Mutare,25.5,18.4,31.8,0.0,36.6,19.0,18.5,HISTORICAL TRAINING DATA
2024-10-29,-18.9757,32.6706,Mutare,26.5,18.8,33.4,0.0,35.3,9.4,16.4,HISTORICAL TRAINING DATA
2024-10-30,-18.9757,32.6706,Mutare,27.7,22.4,35.4,0.0,51.5,19.7,16.0,HISTORICAL TRAINING DATA
2024-10-31,-18.9757,32.6706,Mutare,28.5,23.3,34.2,0.0,54.7,16.0,19.8,HISTORICAL TRAINING DATA
2024-11-01,-18.9757,32.6706,Mutare,24.0,17.4,32.0,0.0,86.5,6.7,18.5,HISTORICAL TRAINING DATA
2024-11-02,-18.9757,32.6706,Mutare,23.1,16.3,31.4,15.6,72.0,9.6,26.7,HISTORICAL TRAINING DATA
2024-11-03,-18.9757,32.6706,Mutare,23.4,16.8,31.9,0.0,76.3,16.2,17.4,HISTORICAL TRAINING DATA
2024-11-04,-18.9757,32.6706,Mutare,23.6,16.2,30.3,0.0,62.4,15.0,23.9,HISTORICAL TRAINING DATA
2024-11-05,-18.9757,32.6706,Mutare,24.6,18.5,30.7,0.0,61.3,16.4,27.8,HISTORICAL TRAINING DATA
2024-11-06,-18.9757,32.6706,Mutare,22.9,14.2,31.3,0.0,79.4,13.5,20.8,HISTORICAL TRAINING DATA
2024-11-07,-18.9757,32.6706,Mutare,24.5,17.3,32.3,0.0,78.9,15.6,25.0,HISTORICAL TRAINING DATA
2024-11-08,-18.9757,32.6706,Mutare,22.0,14.9,29.5,14.1,91.2,7.0,22.8,HISTORICAL TRAINING DATA
2024-11-09,-18.9757,32.6706,Mutare,25.2,19.3,33.9,0.0,79.0,11.2,17.4,HISTORICAL TRAINING DATA
2024-11-10,-18.9757,32.6706,Mutare,22.3,15.9,30.0,0.0,66.1,10.5,22.4,HISTORICAL TRAINING DATA
2024-11-11,-18.9757,32.6706,Mutare,24.2,16.0,31.9,11.4,85.2,9.0,23.6,HISTORICAL TRAINING DATA
2024-11-12,-18.9757,32.6706,Mutare,24.4,17.5,31.4,0.0,66.5,7.9,24.1,HISTORICAL TRAINING DATA
2024-11-13,-18.9757,32.6706,Mutare,22.7,16.3,31.2,10.9,80.3,19.0,19.2,HISTORICAL TRAINING DATA
2024-11-14,-18.9757,32.6706,Mutare,23.1,16.2,29.4,0.0,89.8,10.1,15.0,HISTORICAL TRAINING DATA
2024-11-15,-18.9757,32.6706,Mutare,22.0,16.7,30.2,9.6,72.6,10.1,20.9,HISTORICAL TRAINING DATA
2024-11-16,-18.9757,32.6706,Mutare,25.2,18.2,31.9,0.0,86.3,10.3,27.7,HISTORICAL TRAINING DATA
2024-11-17,-18.9757,32.6706,Mutare,24.0,17.3,30.3,0.0,63.5,8.2,15.7,HISTORICAL TRAINING DATA
2024-11-18,-18.9757,32.6706,Mutare,24.5,19.3,30.0,0.0,61.3,14.6,15.8,HISTORICAL TRAINING DATA
2024-11-19,-18.9757,32.6706,Mutare,21.9,16.7,29.5,0.0,73.5,7.0,15.6,HISTORICAL TRAINING DATA
2024-11-20,-18.9757,32.6706,Mutare,25.4,19.4,31.3,0.0,69.1,15.7,24.5,HISTORICAL TRAINING DATA
2024-11-21,-18.9757,32.6706,Mutare,25.2,17.9,33.3,3.2,60.7,8.7,27.5,HISTORICAL TRAINING DATA
2024-11-22,-18.9757,32.6706,Mutare,23.0,17.4,30.3,0.0,60.6,15.8,27.6,HISTORICAL TRAINING DATA
2024-11-23,-18.9757,32.6706,Mutare,24.7,18.8,32.2,3.4,73.0,20.3,26.8,HISTORICAL TRAINING DATA
2024-11-24,-18.9757,32.6706,Mutare,22.6,14.2,31.0,13.3,73.9,13.1,17.3,HISTORICAL TRAINING DATA
2024-11-25,-18.9757,32.6706,Mutare,24.9,16.3,33.3,7.0,64.8,18.0,14.3,HISTORICAL TRAINING DATA
2024-11-26,-18.9757,32.6706,Mutare,24.6,16.1,30.9,13.4,74.0,6.3,21.1,HISTORICAL TRAINING DATA
2024-11-27,-18.9757,32.6706,Mutare,23.1,17.7,31.4,2.8,64.6,16.9,16.4,HISTORICAL TRAINING DATA
2024-11-28,-18.9757,32.6706,Mutare,23.1,15.3,31.7,5.2,68.8,12.1,26.3,HISTORICAL TRAINING DATA
2024-11-29,-18.9757,32.6706,Mutare,25.3,17.8,30.6,0.0,78.0,17.4,14.3,HISTORICAL TRAINING DATA
2024-11-30,-18.9757,32.6706,Mutare,23.8,17.0,30.5,0.2,74.0,13.0,18.9,HISTORICAL TRAINING DATA
2024-12-01,-18.9757,32.6706,Mutare,22.6,16.9,28.5,0.0,68.3,15.4,21.2,HISTORICAL TRAINING DATA
2024-12-02,-18.9757,32.6706,Mutare,23.6,18.4,29.5,0.4,72.2,17.3,16.2,HISTORICAL TRAINING DATA
2024-12-03,-18.9757,32.6706,Mutare,24.0,16.9,30.0,0.0,68.0,8.4,16.0,HISTORICAL TRAINING DATA
2024-12-04,-18.9757,32.6706,Mutare,23.2,16.6,28.9,0.0,66.0,7.1,26.2,HISTORICAL TRAINING DATA
2024-12-05,-18.9757,32.6706,Mutare,24.0,15.5,32.5,0.0,85.1,17.9,18.0,HISTORICAL TRAINING DATA
2024-12-06,-18.9757,32.6706,Mutare,23.4,14.5,30.8,2.2,60.5,7.2,24.8,HISTORICAL TRAINING DATA
2024-12-07,-18.9757,32.6706,Mutare,22.6,14.5,29.8,0.0,77.1,11.9,16.5,HISTORICAL TRAINING DATA
2024-12-08,-18.9757,32.6706,Mutare,23.6,17.9,29.7,18.6,70.4,19.0,21.0,HISTORICAL TRAINING DATA
2024-12-09,-18.9757,32.6706,Mutare,25.1,16.7,31.0,2.2,75.0,15.7,19.1,HISTORICAL TRAINING DATA
2024-12-10,-18.9757,32.6706,Mutare,24.6,16.8,32.5,0.0,74.6,8.6,22.5,HISTORICAL TRAINING DATA
2024-12-11,-18.9757,32.6706,Mutare,21.7,15.5,28.8,0.0,64.3,13.8,24.6,HISTORICAL TRAINING DATA
2024-12-12,-18.9757,32.6706,Mutare,23.7,16.8,31.3,0.0,88.4,14.3,25.0,HISTORICAL TRAINING DATA
2024-12-13,-18.9757,32.6706,Mutare,23.8,17.8,32.6,0.0,73.0,8.7,26.0,HISTORICAL TRAINING DATA
2024-12-14,-18.9757,32.6706,Mutare,22.0,13.6,27.5,0.9,91.8,20.5,19.4,HISTORICAL TRAINING DATA
2024-12-15,-18.9757,32.6706,Mutare,22.7,16.8,30.8,8.0,84.0,18.0,20.3,HISTORICAL TRAINING DATA
2024-12-16,-18.9757,32.6706,Mutare,23.9,15.7,30.4,0.0,64.5,8.3,26.6,HISTORICAL TRAINING DATA
2024-12-17,-18.9757,32.6706,Mutare,25.1,18.6,30.9,6.1,82.8,8.1,27.4,HISTORICAL TRAINING DATA
2024-12-18,-18.9757,32.6706,Mutare,22.5,16.0,28.9,12.3,63.2,20.6,26.4,HISTORICAL TRAINING DATA
2024-12-19,-18.9757,32.6706,Mutare,25.0,17.8,30.2,4.2,86.3,21.7,25.9,HISTORICAL TRAINING DATA
2024-12-20,-18.9757,32.6706,Mutare,21.8,16.7,27.2,4.5,76.2,17.9,21.9,HISTORICAL TRAINING DATA
2024-12-21,-18.9757,32.6706,Mutare,21.7,15.3,28.5,0.0,80.2,11.3,22.6,HISTORICAL TRAINING DATA
2024-12-22,-18.9757,32.6706,Mutare,22.9,15.5,31.4,5.5,85.6,18.1,20.1,HISTORICAL TRAINING DATA
2024-12-23,-18.9757,32.6706,Mutare,23.6,15.6,30.6,0.0,77.5,22.0,16.1,HISTORICAL TRAINING DATA
2024-12-24,-18.9757,32.6706,Mutare,24.8,17.3,30.4,15.0,83.4,18.2,16.7,HISTORICAL TRAINING DATA
2024-12-25,-18.9757,32.6706,Mutare,24.0,18.9,29.5,3.0,61.4,12.7,16.7,HISTORICAL TRAINING DATA
2024-12-26,-18.9757,32.6706,Mutare,24.7,17.4,33.7,0.0,73.7,9.4,27.9,HISTORICAL TRAINING DATA
2024-12-27,-18.9757,32.6706,Mutare,22.2,16.3,30.8,15.6,85.2,8.6,23.4,HISTORICAL TRAINING DATA
2024-12-28,-18.9757,32.6706,Mutare,22.0,15.6,29.9,0.0,86.0,12.0,20.6,HISTORICAL TRAINING DATA
2024-12-29,-18.9757,32.6706,Mutare,25.3,16.7,33.3,0.0,77.5,16.1,18.6,HISTORICAL TRAINING DATA
2024-12-30,-18.9757,32.6706,Mutare,22.1,15.0,28.2,0.0,82.9,15.5,26.6,HISTORICAL TRAINING DATA
2024-01-01,-19.4583,29.8167,Gweru,21.4,14.4,28.4,7.9,70.5,17.6,19.7,HISTORICAL TRAINING DATA
2024-01-02,-19.4583,29.8167,Gweru,24.3,18.7,30.2,23.9,63.4,18.5,26.3,HISTORICAL TRAINING DATA
2024-01-03,-19.4583,29.8167,Gweru,21.5,13.7,28.5,0.0,89.6,12.6,19.6,HISTORICAL TRAINING DATA
2024-01-04,-19.4583,29.8167,Gweru,22.8,14.0,30.4,3.3,79.9,18.4,27.0,HISTORICAL TRAINING DATA
2024-01-05,-19.4583,29.8167,Gweru,20.7,11.8,27.1,6.8,73.3,11.9,18.3,HISTORICAL TRAINING DATA
2024-01-06,-19.4583,29.8167,Gweru,22.4,15.9,28.3,0.0,89.7,12.9,17.3,HISTORICAL TRAINING DATA
2024-01-07,-19.4583,29.8167,Gweru,21.5,14.1,28.8,0.0,70.8,19.7,15.4,HISTORICAL TRAINING DATA
2024-01-08,-19.4583,29.8167,Gweru,20.8,14.1,29.4,0.0,64.8,20.9,25.1,HISTORICAL TRAINING DATA
2024-01-09,-19.4583,29.8167,Gweru,23.3,18.2,29.5,0.6,75.1,19.5,23.5,HISTORICAL TRAINING DATA
2024-01-10,-19.4583,29.8167,Gweru,24.2,18.8,29.8,0.0,81.3,11.0,15.4,HISTORICAL TRAINING DATA
2024-01-11,-19.4583,29.8167,Gweru,24.5,15.8,32.6,0.5,60.0,20.4,25.5,HISTORICAL TRAINING DATA
2024-01-12,-19.4583,29.8167,Gweru,22.5,17.2,29.9,4.1,86.8,8.2,20.5,HISTORICAL TRAINING DATA
2024-01-13,-19.4583,29.8167,Gweru,23.9,16.9,29.8,18.0,76.5,10.5,19.5,HISTORICAL TRAINING DATA
2024-01-14,-19.4583,29.8167,Gweru,21.9,13.0,28.1,7.7,74.5,16.5,25.4,HISTORICAL TRAINING DATA
2024-01-15,-19.4583,29.8167,Gweru,22.2,13.8,29.8,0.0,85.4,9.4,20.5,HISTORICAL TRAINING DATA
2024-01-16,-19.4583,29.8167,Gweru,23.3,17.7,32.3,0.7,88.0,8.0,24.1,HISTORICAL TRAINING DATA
2024-01-17,-19.4583,29.8167,Gweru,21.6,14.7,28.3,4.6,67.7,20.9,23.4,HISTORICAL TRAINING DATA
2024-01-18,-19.4583,29.8167,Gweru,23.2,15.4,31.8,0.0,69.7,16.5,19.1,HISTORICAL TRAINING DATA
2024-01-19,-19.4583,29.8167,Gweru,22.1,13.8,28.6,0.6,86.9,19.0,20.5,HISTORICAL TRAINING DATA
2024-01-20,-19.4583,29.8167,Gweru,24.4,17.6,32.6,0.0,87.6,17.9,23.9,HISTORICAL TRAINING DATA
2024-01-21,-19.4583,29.8167,Gweru,23.1,14.7,28.9,0.0,84.0,19.9,16.3,HISTORICAL TRAINING DATA
2024-01-22,-19.4583,29.8167,Gweru,21.5,16.3,27.1,25.0,70.7,14.2,20.9,HISTORICAL TRAINING DATA
2024-01-23,-19.4583,29.8167,Gweru,21.6,16.6,28.1,2.4,61.2,11.5,22.6,HISTORICAL TRAINING DATA
2024-01-24,-19.4583,29.8167,Gweru,21.8,16.0,27.4,17.7,91.0,16.9,26.0,HISTORICAL TRAINING DATA
2024-01-25,-19.4583,29.8167,Gweru,23.5,16.1,32.2,5.9,76.9,9.1,24.8,HISTORICAL TRAINING DATA
2024-01-26,-19.4583,29.8167,Gweru,23.4,17.3,32.4,39.9,78.9,13.3,18.0,HISTORICAL TRAINING DATA
2024-01-27,-19.4583,29.8167,Gweru,20.6,15.3,28.9,0.0,90.9,12.7,20.5,HISTORICAL TRAINING DATA
2024-01-28,-19.4583,29.8167,Gweru,24.0,15.7,29.9,0.0,89.5,10.2,26.5,HISTORICAL TRAINING DATA
2024-01-29,-19.4583,29.8167,Gweru,23.9,16.6,30.5,0.0,81.4,6.1,17.2,HISTORICAL TRAINING DATA
2024-01-30,-19.4583,29.8167,Gweru,21.4,16.4,26.6,0.0,67.6,7.2,25.2,HISTORICAL TRAINING DATA
2024-01-31,-19.4583,29.8167,Gweru,22.6,17.6,31.1,0.0,90.1,17.7,24.7,HISTORICAL TRAINING DATA
2024-02-01,-19.4583,29.8167,Gweru,23.7,16.7,31.0,0.0,81.2,14.5,21.7,HISTORICAL TRAINING DATA
2024-02-02,-19.4583,29.8167,Gweru,23.6,17.1,31.5,0.0,89.6,8.8,23.2,HISTORICAL TRAINING DATA
2024-02-03,-19.4583,29.8167,Gweru,20.6,13.6,26.0,4.8,67.9,20.9,24.2,HISTORICAL TRAINING DATA
2024-02-04,-19.4583,29.8167,Gweru,21.2,14.5,29.1,3.6,65.2,11.8,24.7,HISTORICAL TRAINING DATA
2024-02-05,-19.4583,29.8167,Gweru,21.7,14.1,27.0,0.0,82.1,8.5,15.7,HISTORICAL TRAINING DATA
2024-02-06,-19.4583,29.8167,Gweru,24.2,16.2,32.3,0.0,62.1,10.3,16.5,HISTORICAL TRAINING DATA
2024-02-07,-19.4583,29.8167,Gweru,23.6,16.4,30.6,8.3,86.7,13.7,22.6,HISTORICAL TRAINING DATA
2024-02-08,-19.4583,29.8167,Gweru,23.6,15.4,30.8,1.2,65.6,10.0,14.3,HISTORICAL TRAINING DATA
2024-02-09,-19.4583,29.8167,Gweru,24.2,18.8,29.4,0.0,85.4,8.3,16.2,HISTORICAL TRAINING DATA
2024-02-10,-19.4583,29.8167,Gweru,23.8,15.1,31.3,0.0,75.3,6.5,25.9,HISTORICAL TRAINING DATA
2024-02-11,-19.4583,29.8167,Gweru,23.7,17.1,29.3,19.8,84.8,15.9,20.8,HISTORICAL TRAINING DATA
2024-02-12,-19.4583,29.8167,Gweru,22.8,14.9,31.2,0.0,91.2,20.9,24.9,HISTORICAL TRAINING DATA
2024-02-13,-19.4583,29.8167,Gweru,22.7,16.3,31.3,0.0,70.3,6.6,16.6,HISTORICAL TRAINING DATA
2024-02-14,-19.4583,29.8167,Gweru,22.8,16.4,30.8,13.1,71.9,6.1,18.4,HISTORICAL TRAINING DATA
2024-02-15,-19.4583,29.8167,Gweru,22.4,14.3,29.7,1.2,76.7,13.6,21.8,HISTORICAL TRAINING DATA
2024-02-16,-19.4583,29.8167,Gweru,22.7,14.5,30.9,0.0,63.8,16.2,17.4,HISTORICAL TRAINING DATA
2024-02-17,-19.4583,29.8167,Gweru,22.6,13.9,30.3,0.5,63.4,22.0,23.7,HISTORICAL TRAINING DATA
2024-02-18,-19.4583,29.8167,Gweru,23.8,15.4,32.7,0.0,69.0,21.6,19.1,HISTORICAL TRAINING DATA
2024-02-19,-19.4583,29.8167,Gweru,22.5,17.4,28.6,0.0,73.0,9.0,15.3,HISTORICAL TRAINING DATA
2024-02-20,-19.4583,29.8167,Gweru,21.0,15.6,26.5,0.0,79.2,21.6,24.8,HISTORICAL TRAINING DATA
2024-02-21,-19.4583,29.8167,Gweru,21.8,16.5,27.0,10.3,78.6,11.0,24.6,HISTORICAL TRAINING DATA
2024-02-22,-19.4583,29.8167,Gweru,23.5,15.7,32.3,0.0,62.5,19.9,21.6,HISTORICAL TRAINING DATA
2024-02-23,-19.4583,29.8167,Gweru,24.1,17.5,32.8,0.0,63.2,11.0,26.3,HISTORICAL TRAINING DATA
2024-02-24,-19.4583,29.8167,Gweru,20.9,15.5,29.7,16.2,64.4,6.1,26.5,HISTORICAL TRAINING DATA
2024-02-25,-19.4583,29.8167,Gweru,20.7,15.2,26.3,0.0,73.0,21.0,26.5,HISTORICAL TRAINING DATA
2024-02-26,-19.4583,29.8167,Gweru,21.5,13.7,26.9,2.5,89.4,19.0,20.6,HISTORICAL TRAINING DATA
2024-02-27,-19.4583,29.8167,Gweru,23.4,15.7,29.4,16.1,86.3,12.5,23.5,HISTORICAL TRAINING DATA
2024-02-28,-19.4583,29.8167,Gweru,24.0,15.6,31.0,0.0,83.4,9.8,20.0,HISTORICAL TRAINING DATA
2024-02-29,-19.4583,29.8167,Gweru,23.0,17.4,31.8,20.9,69.4,12.6,22.1,HISTORICAL TRAINING DATA
2024-03-01,-19.4583,29.8167,Gweru,21.6,13.7,27.6,0.0,88.5,15.7,14.0,HISTORICAL TRAINING DATA
2024-03-02,-19.4583,29.8167,Gweru,21.0,13.2,28.3,0.0,83.9,19.0,22.1,HISTORICAL TRAINING DATA
2024-03-03,-19.4583,29.8167,Gweru,24.4,18.4,29.6,14.9,67.4,7.2,19.5,HISTORICAL TRAINING DATA
2024-03-04,-19.4583,29.8167,Gweru,24.4,18.5,29.8,1.4,60.1,17.1,19.8,HISTORICAL TRAINING DATA
2024-03-05,-19.4583,29.8167,Gweru,21.9,16.4,28.3,1.9,80.7,21.6,19.3,HISTORICAL TRAINING DATA
2024-03-06,-19.4583,29.8167,Gweru,22.6,17.0,29.1,13.1,87.4,9.0,23.3,HISTORICAL TRAINING DATA
2024-03-07,-19.4583,29.8167,Gweru,24.3,19.1,29.3,8.1,68.8,13.4,14.9,HISTORICAL TRAINING DATA
2024-03-08,-19.4583,29.8167,Gweru,24.1,17.4,32.6,7.4,69.3,8.3,17.9,HISTORICAL TRAINING DATA
2024-03-09,-19.4583,29.8167,Gweru,22.2,14.9,28.6,18.5,76.9,16.3,20.3,HISTORICAL TRAINING DATA
2024-03-10,-19.4583,29.8167,Gweru,23.3,17.6,29.1,7.8,72.5,20.5,14.2,HISTORICAL TRAINING DATA
2024-03-11,-19.4583,29.8167,Gweru,21.4,12.6,28.5,0.0,67.0,20.9,15.5,HISTORICAL TRAINING DATA
2024-03-12,-19.4583,29.8167,Gweru,23.4,17.3,31.0,0.0,82.1,18.8,24.4,HISTORICAL TRAINING DATA
2024-03-13,-19.4583,29.8167,Gweru,20.6,14.6,26.7,0.0,88.3,19.0,24.6,HISTORICAL TRAINING DATA
2024-03-14,-19.4583,29.8167,Gweru,23.2,15.0,30.3,0.0,79.6,8.9,21.0,HISTORICAL TRAINING DATA
2024-03-15,-19.4583,29.8167,Gweru,22.6,14.5,29.3,0.2,84.6,11.5,20.7,HISTORICAL TRAINING DATA
2024-03-16,-19.4583,29.8167,Gweru,21.2,14.6,29.0,0.0,83.1,10.4,16.8,HISTORICAL TRAINING DATA
2024-03-17,-19.4583,29.8167,Gweru,22.1,14.9,27.5,0.0,79.3,13.5,16.7,HISTORICAL TRAINING DATA
2024-03-18,-19.4583,29.8167,Gweru,21.5,15.5,27.8,4.9,75.1,9.6,27.4,HISTORICAL TRAINING DATA
2024-03-19,-19.4583,29.8167,Gweru,20.6,13.9,25.7,10.0,64.4,13.5,21.5,HISTORICAL TRAINING DATA
2024-03-20,-19.4583,29.8167,Gweru,23.5,15.6,29.3,55.0,77.6,9.4,19.2,HISTORICAL TRAINING DATA
2024-03-21,-19.4583,29.8167,Gweru,20.6,14.5,28.0,10.6,63.8,13.2,16.9,HISTORICAL TRAINING DATA
2024-03-22,-19.4583,29.8167,Gweru,21.9,13.7,29.0,1.5,85.8,16.1,24.7,HISTORICAL TRAINING DATA
2024-03-23,-19.4583,29.8167,Gweru,20.7,13.0,28.5,0.0,77.3,6.1,25.8,HISTORICAL TRAINING DATA
2024-03-24,-19.4583,29.8167,Gweru,23.8,18.4,31.1,6.4,70.6,20.8,17.9,HISTORICAL TRAINING DATA
2024-03-25,-19.4583,29.8167,Gweru,22.2,14.4,27.3,5.3,74.5,7.6,22.8,HISTORICAL TRAINING DATA
2024-03-26,-19.4583,29.8167,Gweru,20.6,12.6,28.5,2.3,65.0,9.1,16.9,HISTORICAL TRAINING DATA
2024-03-27,-19.4583,29.8167,Gweru,21.0,15.1,26.6,0.0,81.2,7.9,26.8,HISTORICAL TRAINING DATA
2024-03-28,-19.4583,29.8167,Gweru,21.3,15.1,29.1,0.0,88.2,8.5,14.9,HISTORICAL TRAINING DATA
2024-03-29,-19.4583,29.8167,Gweru,24.1,17.6,31.2,0.0,60.2,17.0,26.5,HISTORICAL TRAINING DATA
2024-03-30,-19.4583,29.8167,Gweru,20.9,15.3,26.4,0.0,66.8,9.7,25.4,HISTORICAL TRAINING DATA
2024-03-31,-19.4583,29.8167,Gweru,21.6,13.9,30.4,0.0,77.8,20.9,26.6,HISTORICAL TRAINING DATA
2024-04-01,-19.4583,29.8167,Gweru,28.2,22.5,37.2,0.0,52.2,14.5,21.9,HISTORICAL TRAINING DATA
2024-04-02,-19.4583,29.8167,Gweru,28.3,20.1,34.4,0.0,45.3,10.2,17.0,HISTORICAL TRAINING DATA
2024-04-03,-19.4583,29.8167,Gweru,27.4,20.8,33.9,0.0,30.5,14.6,27.0,HISTORICAL TRAINING DATA
2024-04-04,-19.4583,29.8167,Gweru,28.0,19.4,33.9,0.0,47.4,17.2,27.3,HISTORICAL TRAINING DATA
2024-04-05,-19.4583,29.8167,Gweru,25.0,17.6,32.9,0.0,52.7,8.2,21.3,HISTORICAL TRAINING DATA
2024-04-06,-19.4583,29.8167,Gweru,26.7,18.0,33.7,0.0,33.2,15.7,26.4,HISTORICAL TRAINING DATA
2024-04-07,-19.4583,29.8167,Gweru,25.5,18.3,31.5,0.0,38.5,11.3,15.9,HISTORICAL TRAINING DATA
2024-04-08,-19.4583,29.8167,Gweru,25.2,19.4,33.4,0.0,51.3,9.5,22.9,HISTORICAL TRAINING DATA
2024-04-09,-19.4583,29.8167,Gweru,26.6,18.7,33.8,0.0,31.8,17.8,18.5,HISTORICAL TRAINING DATA
2024-04-10,-19.4583,29.8167,Gweru,25.2,20.0,33.2,0.0,51.2,18.5,24.9,HISTORICAL TRAINING DATA
2024-04-11,-19.4583,29.8167,Gweru,27.3,21.9,32.9,0.0,48.1,17.9,22.9,HISTORICAL TRAINING DATA
2024-04-12,-19.4583,29.8167,Gweru,24.8,16.6,31.6,0.0,42.0,20.3,23.1,HISTORICAL TRAINING DATA
2024-04-13,-19.4583,29.8167,Gweru,24.7,19.6,30.3,0.0,54.2,11.7,19.3,HISTORICAL TRAINING DATA
2024-04-14,-19.4583,29.8167,Gweru,25.0,17.0,31.0,0.0,46.1,7.4,25.4,HISTORICAL TRAINING DATA
2024-04-15,-19.4583,29.8167,Gweru,26.9,19.9,35.5,0.0,41.9,7.2,16.5,HISTORICAL TRAINING DATA
2024-04-16,-19.4583,29.8167,Gweru,27.6,21.3,34.4,0.0,49.7,14.1,20.5,HISTORICAL TRAINING DATA
2024-04-17,-19.4583,29.8167,Gweru,24.7,18.2,32.2,7.0,52.1,7.4,24.1,HISTORICAL TRAINING DATA
2024-04-18,-19.4583,29.8167,Gweru,25.6,20.1,32.3,0.0,39.4,18.8,21.2,HISTORICAL TRAINING DATA
2024-04-19,-19.4583,29.8167,Gweru,28.5,22.2,34.1,0.0,31.2,15.2,24.2,HISTORICAL TRAINING DATA
2024-04-20,-19.4583,29.8167,Gweru,26.7,20.7,34.1,5.2,40.2,15.8,20.4,HISTORICAL TRAINING DATA
2024-04-21,-19.4583,29.8167,Gweru,25.9,17.8,34.7,0.0,49.3,19.7,21.4,HISTORICAL TRAINING DATA
2024-04-22,-19.4583,29.8167,Gweru,25.0,16.5,31.0,8.2,53.2,14.5,26.5,HISTORICAL TRAINING DATA
2024-04-23,-19.4583,29.8167,Gweru,28.2,20.2,37.0,0.0,36.5,16.3,21.7,HISTORICAL TRAINING DATA
2024-04-24,-19.4583,29.8167,Gweru,26.4,20.6,34.3,0.0,36.2,9.0,23.1,HISTORICAL TRAINING DATA
2024-04-25,-19.4583,29.8167,Gweru,26.1,20.5,32.7,0.0,46.8,16.8,24.2,HISTORICAL TRAINING DATA
2024-04-26,-19.4583,29.8167,Gweru,26.6,20.4,32.8,0.0,46.7,6.3,26.3,HISTORICAL TRAINING DATA
2024-04-27,-19.4583,29.8167,Gweru,27.5,19.1,34.2,0.0,48.1,7.7,27.5,HISTORICAL TRAINING DATA
2024-04-28,-19.4583,29.8167,Gweru,25.5,18.9,34.3,0.0,31.0,16.1,16.2,HISTORICAL TRAINING DATA
2024-04-29,-19.4583,29.8167,Gweru,28.3,19.8,34.0,0.0,37.3,18.6,24.1,HISTORICAL TRAINING DATA
2024-04-30,-19.4583,29.8167,Gweru,26.0,20.2,34.4,0.0,34.7,17.7,23.4,HISTORICAL TRAINING DATA
2024-05-01,-19.4583,29.8167,Gweru,12.6,4.2,19.7,0.0,54.8,21.4,21.4,HISTORICAL TRAINING DATA
2024-05-02,-19.4583,29.8167,Gweru,10.8,5.4,16.8,0.0,40.6,17.2,21.3,HISTORICAL TRAINING DATA
2024-05-03,-19.4583,29.8167,Gweru,11.2,5.6,18.6,0.0,53.1,17.2,23.4,HISTORICAL TRAINING DATA
2024-05-04,-19.4583,29.8167,Gweru,13.1,4.2,19.3,0.0,51.0,9.3,17.0,HISTORICAL TRAINING DATA
2024-05-05,-19.4583,29.8167,Gweru,10.6,3.5,18.0,0.0,39.9,20.1,15.7,HISTORICAL TRAINING DATA
2024-05-06,-19.4583,29.8167,Gweru,11.6,6.2,19.4,0.0,55.1,13.3,20.5,HISTORICAL TRAINING DATA
2024-05-07,-19.4583,29.8167,Gweru,11.0,2.1,16.9,0.0,36.2,7.5,23.5,HISTORICAL TRAINING DATA
2024-05-08,-19.4583,29.8167,Gweru,12.5,3.5,17.7,0.0,51.1,12.5,14.5,HISTORICAL TRAINING DATA
2024-05-09,-19.4583,29.8167,Gweru,14.2,6.1,21.2,0.0,53.8,21.4,27.9,HISTORICAL TRAINING DATA
2024-05-10,-19.4583,29.8167,Gweru,14.1,6.0,22.0,0.0,56.5,14.4,14.1,HISTORICAL TRAINING DATA
2024-05-11,-19.4583,29.8167,Gweru,10.9,2.6,18.2,0.0,35.7,11.4,19.8,HISTORICAL TRAINING DATA
2024-05-12,-19.4583,29.8167,Gweru,12.3,7.2,20.1,0.0,48.1,11.3,22.9,HISTORICAL TRAINING DATA
2024-05-13,-19.4583,29.8167,Gweru,12.5,5.1,21.4,0.0,55.6,20.5,26.8,HISTORICAL TRAINING DATA
2024-05-14,-19.4583,29.8167,Gweru,11.0,3.5,17.4,0.0,44.8,20.2,15.1,HISTORICAL TRAINING DATA
2024-05-15,-19.4583,29.8167,Gweru,12.1,4.5,19.4,0.0,56.8,7.7,18.1,HISTORICAL TRAINING DATA
2024-05-16,-19.4583,29.8167,Gweru,13.6,8.5,19.1,0.0,43.6,22.0,16.7,HISTORICAL TRAINING DATA
2024-05-17,-19.4583,29.8167,Gweru,11.2,3.8,16.8,0.0,40.4,9.8,17.9,HISTORICAL TRAINING DATA
2024-05-18,-19.4583,29.8167,Gweru,13.1,8.0,21.1,0.0,41.4,17.7,15.8,HISTORICAL TRAINING DATA
2024-05-19,-19.4583,29.8167,Gweru,12.4,5.9,17.4,0.0,36.1,18.7,17.3,HISTORICAL TRAINING DATA
2024-05-20,-19.4583,29.8167,Gweru,10.8,2.8,17.8,0.0,59.2,7.5,24.4,HISTORICAL TRAINING DATA
2024-05-21,-19.4583,29.8167,Gweru,12.8,4.0,21.3,0.0,58.5,6.9,26.4,HISTORICAL TRAINING DATA
2024-05-22,-19.4583,29.8167,Gweru,13.1,4.8,21.1,0.0,50.2,12.2,23.6,HISTORICAL TRAINING DATA
2024-05-23,-19.4583,29.8167,Gweru,14.2,5.4,22.3,0.0,40.3,10.1,18.8,HISTORICAL TRAINING DATA
2024-05-24,-19.4583,29.8167,Gweru,14.3,7.5,19.7,0.0,48.8,16.0,20.8,HISTORICAL TRAINING DATA
2024-05-25,-19.4583,29.8167,Gweru,11.4,5.6,18.5,0.0,38.6,10.2,24.5,HISTORICAL TRAINING DATA
2024-05-26,-19.4583,29.8167,Gweru,14.3,9.3,21.4,0.0,57.4,13.2,16.7,HISTORICAL TRAINING DATA
2024-05-27,-19.4583,29.8167,Gweru,13.3,6.1,21.9,0.0,51.7,8.2,14.6,HISTORICAL TRAINING DATA
2024-05-28,-19.4583,29.8167,Gweru,13.6,8.4,21.2,0.0,53.1,13.2,23.7,HISTORICAL TRAINING DATA
2024-05-29,-19.4583,29.8167,Gweru,12.1,4.8,19.9,0.0,44.2,18.9,18.0,HISTORICAL TRAINING DATA
2024-05-30,-19.4583,29.8167,Gweru,13.8,6.4,19.4,2.0,59.8,18.1,23.9,HISTORICAL TRAINING DATA
2024-05-31,-19.4583,29.8167,Gweru,12.0,4.7,18.5,0.0,54.2,18.5,18.1,HISTORICAL TRAINING DATA
2024-06-01,-19.4583,29.8167,Gweru,12.3,4.4,20.0,0.0,50.0,21.7,20.4,HISTORICAL TRAINING DATA
2024-06-02,-19.4583,29.8167,Gweru,10.9,4.5,17.5,0.0,48.4,21.2,17.5,HISTORICAL TRAINING DATA
2024-06-03,-19.4583,29.8167,Gweru,13.2,6.2,19.4,0.0,35.5,15.9,27.6,HISTORICAL TRAINING DATA
2024-06-04,-19.4583,29.8167,Gweru,13.7,8.0,21.8,0.0,39.8,19.1,18.1,HISTORICAL TRAINING DATA
2024-06-05,-19.4583,29.8167,Gweru,13.9,6.7,22.7,0.0,45.1,12.5,23.8,HISTORICAL TRAINING DATA
2024-06-06,-19.4583,29.8167,Gweru,10.5,5.1,18.6,0.0,44.9,21.6,14.4,HISTORICAL TRAINING DATA
2024-06-07,-19.4583,29.8167,Gweru,12.7,4.0,20.6,0.0,42.7,14.3,17.1,HISTORICAL TRAINING DATA
2024-06-08,-19.4583,29.8167,Gweru,11.8,5.8,20.6,0.0,44.0,8.2,26.6,HISTORICAL TRAINING DATA
2024-06-09,-19.4583,29.8167,Gweru,11.5,3.2,20.1,0.0,59.5,21.4,26.4,HISTORICAL TRAINING DATA
2024-06-10,-19.4583,29.8167,Gweru,14.0,6.6,20.4,0.0,52.4,14.8,25.9,HISTORICAL TRAINING DATA
2024-06-11,-19.4583,29.8167,Gweru,13.9,6.2,20.6,0.0,44.0,10.3,25.0,HISTORICAL TRAINING DATA
2024-06-12,-19.4583,29.8167,Gweru,13.0,7.7,21.3,0.0,45.2,6.2,20.7,HISTORICAL TRAINING DATA
2024-06-13,-19.4583,29.8167,Gweru,12.8,7.2,18.6,0.0,52.1,14.5,22.0,HISTORICAL TRAINING DATA
2024-06-14,-19.4583,29.8167,Gweru,10.6,4.8,16.6,0.0,41.3,14.7,17.4,HISTORICAL TRAINING DATA
2024-06-15,-19.4583,29.8167,Gweru,11.3,3.8,16.5,0.0,47.7,6.5,27.4,HISTORICAL TRAINING DATA
2024-06-16,-19.4583,29.8167,Gweru,12.6,4.2,19.3,0.0,35.2,12.3,26.4,HISTORICAL TRAINING DATA
2024-06-17,-19.4583,29.8167,Gweru,14.2,6.2,21.3,0.0,55.8,7.2,23.4,HISTORICAL TRAINING DATA
2024-06-18,-19.4583,29.8167,Gweru,11.2,2.8,16.4,0.0,59.2,7.1,21.4,HISTORICAL TRAINING DATA
2024-06-19,-19.4583,29.8167,Gweru,12.1,4.6,20.5,0.0,42.3,11.1,20.3,HISTORICAL TRAINING DATA
2024-06-20,-19.4583,29.8167,Gweru,11.4,2.9,20.2,0.0,48.0,16.3,22.8,HISTORICAL TRAINING DATA
2024-06-21,-19.4583,29.8167,Gweru,14.3,8.2,22.9,0.0,50.9,13.1,22.4,HISTORICAL TRAINING DATA
2024-06-22,-19.4583,29.8167,Gweru,12.9,4.4,20.8,0.0,58.6,18.2,19.8,HISTORICAL TRAINING DATA
2024-06-23,-19.4583,29.8167,Gweru,14.0,5.8,22.0,0.0,35.5,13.9,22.8,HISTORICAL TRAINING DATA
2024-06-24,-19.4583,29.8167,Gweru,12.6,7.0,20.4,0.0,36.2,15.6,24.8,HISTORICAL TRAINING DATA
2024-06-25,-19.4583,29.8167,Gweru,13.4,6.3,18.7,0.0,48.1,9.1,16.8,HISTORICAL TRAINING DATA
2024-06-26,-19.4583,29.8167,Gweru,13.6,7.3,21.4,0.0,58.9,8.7,18.8,HISTORICAL TRAINING DATA
2024-06-27,-19.4583,29.8167,Gweru,10.7,5.3,15.7,0.0,48.6,19.6,26.6,HISTORICAL TRAINING DATA
2024-06-28,-19.4583,29.8167,Gweru,13.8,8.8,19.3,0.0,50.1,18.0,17.3,HISTORICAL TRAINING DATA
2024-06-29,-19.4583,29.8167,Gweru,12.4,5.5,19.7,0.0,38.3,11.5,15.7,HISTORICAL TRAINING DATA
2024-06-30,-19.4583,29.8167,Gweru,13.6,7.4,19.7,0.0,51.7,6.8,27.5,HISTORICAL TRAINING DATA
2024-07-01,-19.4583,29.8167,Gweru,11.0,4.5,18.1,0.0,38.5,21.6,15.3,HISTORICAL TRAINING DATA
2024-07-02,-19.4583,29.8167,Gweru,13.4,7.6,19.4,0.0,40.9,7.6,20.6,HISTORICAL TRAINING DATA
2024-07-03,-19.4583,29.8167,Gweru,14.1,5.9,21.7,0.0,46.6,8.7,16.6,HISTORICAL TRAINING DATA
2024-07-04,-19.4583,29.8167,Gweru,14.4,7.5,22.7,0.0,37.3,14.6,16.6,HISTORICAL TRAINING DATA
2024-07-05,-19.4583,29.8167,Gweru,12.0,5.3,19.3,0.0,58.3,11.4,25.6,HISTORICAL TRAINING DATA
2024-07-06,-19.4583,29.8167,Gweru,11.4,3.3,19.8,0.0,45.9,9.7,25.5,HISTORICAL TRAINING DATA
2024-07-07,-19.4583,29.8167,Gweru,13.5,6.4,22.5,0.0,47.9,12.5,18.7,HISTORICAL TRAINING DATA
2024-07-08,-19.4583,29.8167,Gweru,12.2,5.2,20.0,0.0,53.5,14.7,22.9,HISTORICAL TRAINING DATA
2024-07-09,-19.4583,29.8167,Gweru,12.9,6.0,18.1,0.0,38.0,19.8,21.0,HISTORICAL TRAINING DATA
2024-07-10,-19.4583,29.8167,Gweru,10.9,2.5,16.0,0.0,55.2,18.2,19.3,HISTORICAL TRAINING DATA
2024-07-11,-19.4583,29.8167,Gweru,13.9,8.0,20.3,0.0,39.3,16.8,15.2,HISTORICAL TRAINING DATA
2024-07-12,-19.4583,29.8167,Gweru,12.9,4.8,20.1,0.0,44.2,13.2,15.5,HISTORICAL TRAINING DATA
2024-07-13,-19.4583,29.8167,Gweru,13.4,6.3,21.5,0.0,53.3,8.8,27.7,HISTORICAL TRAINING DATA
2024-07-14,-19.4583,29.8167,Gweru,13.9,5.9,22.8,0.0,59.2,14.9,21.5,HISTORICAL TRAINING DATA
2024-07-15,-19.4583,29.8167,Gweru,11.8,4.6,19.9,0.0,50.6,19.9,27.3,HISTORICAL TRAINING DATA
2024-07-16,-19.4583,29.8167,Gweru,14.0,5.8,22.8,0.0,56.3,17.1,17.2,HISTORICAL TRAINING DATA
2024-07-17,-19.4583,29.8167,Gweru,11.1,3.3,17.1,0.0,53.0,21.5,23.1,HISTORICAL TRAINING DATA
2024-07-18,-19.4583,29.8167,Gweru,13.3,5.9,20.5,0.0,56.2,7.1,15.2,HISTORICAL TRAINING DATA
2024-07-19,-19.4583,29.8167,Gweru,13.1,4.3,21.1,0.0,47.7,6.6,23.2,HISTORICAL TRAINING DATA
2024-07-20,-19.4583,29.8167,Gweru,14.1,7.0,20.9,0.0,40.9,13.6,21.5,HISTORICAL TRAINING DATA
2024-07-21,-19.4583,29.8167,Gweru,10.6,3.8,17.1,0.0,58.3,7.2,22.6,HISTORICAL TRAINING DATA
2024-07-22,-19.4583,29.8167,Gweru,11.6,4.2,18.6,0.0,46.5,14.7,26.0,HISTORICAL TRAINING DATA
2024-07-23,-19.4583,29.8167,Gweru,12.2,3.8,20.5,0.0,47.4,8.1,21.2,HISTORICAL TRAINING DATA
2024-07-24,-19.4583,29.8167,Gweru,13.7,6.1,20.0,0.0,36.0,14.4,19.6,HISTORICAL TRAINING DATA
2024-07-25,-19.4583,29.8167,Gweru,13.8,8.5,19.8,0.0,40.9,6.5,26.5,HISTORICAL TRAINING DATA
2024-07-26,-19.4583,29.8167,Gweru,13.1,5.6,20.8,0.0,44.5,15.1,14.4,HISTORICAL TRAINING DATA
2024-07-27,-19.4583,29.8167,Gweru,14.0,5.9,20.4,0.0,48.5,12.0,17.5,HISTORICAL TRAINING DATA
2024-07-28,-19.4583,29.8167,Gweru,10.8,5.0,17.2,0.0,49.8,19.0,18.1,HISTORICAL TRAINING DATA
2024-07-29,-19.4583,29.8167,Gweru,11.9,4.8,19.3,0.0,38.3,10.3,19.5,HISTORICAL TRAINING DATA
2024-07-30,-19.4583,29.8167,Gweru,11.0,2.2,19.7,0.0,39.9,21.0,18.8,HISTORICAL TRAINING DATA
2024-07-31,-19.4583,29.8167,Gweru,13.8,7.5,21.0,0.0,52.0,11.4,27.9,HISTORICAL TRAINING DATA
2024-08-01,-19.4583,29.8167,Gweru,12.6,6.9,19.9,0.0,43.6,12.5,22.2,HISTORICAL TRAINING DATA
2024-08-02,-19.4583,29.8167,Gweru,11.0,2.9,17.5,0.0,48.2,9.6,27.9,HISTORICAL TRAINING DATA
2024-08-03,-19.4583,29.8167,Gweru,12.5,6.0,21.3,0.0,44.8,13.8,17.7,HISTORICAL TRAINING DATA
2024-08-04,-19.4583,29.8167,Gweru,13.0,5.5,21.0,0.0,43.1,18.4,18.0,HISTORICAL TRAINING DATA
2024-08-05,-19.4583,29.8167,Gweru,13.5,4.9,22.0,0.7,50.6,19.2,15.0,HISTORICAL TRAINING DATA
2024-08-06,-19.4583,29.8167,Gweru,11.2,5.5,17.0,0.0,50.0,19.3,18.7,HISTORICAL TRAINING DATA
2024-08-07,-19.4583,29.8167,Gweru,13.6,7.1,20.1,0.0,37.2,7.4,18.1,HISTORICAL TRAINING DATA
2024-08-08,-19.4583,29.8167,Gweru,14.1,8.2,19.8,0.0,40.1,15.9,17.0,HISTORICAL TRAINING DATA
2024-08-09,-19.4583,29.8167,Gweru,12.8,7.4,21.0,0.0,58.8,13.2,18.4,HISTORICAL TRAINING DATA
2024-08-10,-19.4583,29.8167,Gweru,14.4,8.8,22.9,0.0,58.8,18.8,18.0,HISTORICAL TRAINING DATA
2024-08-11,-19.4583,29.8167,Gweru,11.4,5.7,18.0,0.0,54.4,14.5,28.0,HISTORICAL TRAINING DATA
2024-08-12,-19.4583,29.8167,Gweru,11.7,4.3,20.1,0.0,49.0,18.1,14.1,HISTORICAL TRAINING DATA
2024-08-13,-19.4583,29.8167,Gweru,13.1,5.8,21.1,0.0,47.9,12.4,26.5,HISTORICAL TRAINING DATA
2024-08-14,-19.4583,29.8167,Gweru,10.8,2.7,17.4,0.0,57.8,21.3,26.1,HISTORICAL TRAINING DATA
2024-08-15,-19.4583,29.8167,Gweru,12.2,5.0,18.3,0.0,53.9,19.8,15.9,HISTORICAL TRAINING DATA
2024-08-16,-19.4583,29.8167,Gweru,11.7,3.1,17.8,0.0,59.6,16.1,24.3,HISTORICAL TRAINING DATA
2024-08-17,-19.4583,29.8167,Gweru,12.8,4.7,21.2,0.0,56.7,10.6,21.0,HISTORICAL TRAINING DATA
2024-08-18,-19.4583,29.8167,Gweru,13.3,7.9,21.1,0.0,38.0,21.8,14.4,HISTORICAL TRAINING DATA
2024-08-19,-19.4583,29.8167,Gweru,10.8,4.5,18.3,0.2,38.9,15.4,26.3,HISTORICAL TRAINING DATA
2024-08-20,-19.4583,29.8167,Gweru,14.2,5.9,23.2,0.0,51.1,7.9,18.6,HISTORICAL TRAINING DATA
2024-08-21,-19.4583,29.8167,Gweru,13.2,6.3,20.3,0.0,43.1,16.1,20.0,HISTORICAL TRAINING DATA
2024-08-22,-19.4583,29.8167,Gweru,11.5,5.4,18.6,0.0,42.1,15.9,19.4,HISTORICAL TRAINING DATA
2024-08-23,-19.4583,29.8167,Gweru,12.0,3.2,19.8,0.0,38.6,21.0,19.9,HISTORICAL TRAINING DATA
2024-08-24,-19.4583,29.8167,Gweru,10.9,4.7,17.6,0.0,53.0,18.0,15.8,HISTORICAL TRAINING DATA
2024-08-25,-19.4583,29.8167,Gweru,11.1,2.4,17.3,0.0,52.6,21.2,15.0,HISTORICAL TRAINING DATA
2024-08-26,-19.4583,29.8167,Gweru,13.6,5.4,19.0,0.0,52.7,8.1,25.7,HISTORICAL TRAINING DATA
2024-08-27,-19.4583,29.8167,Gweru,14.0,6.4,21.5,0.0,57.0,16.0,14.8,HISTORICAL TRAINING DATA
2024-08-28,-19.4583,29.8167,Gweru,11.5,4.9,18.5,0.0,48.0,9.3,21.7,HISTORICAL TRAINING DATA
2024-08-29,-19.4583,29.8167,Gweru,13.1,6.5,20.9,0.0,54.2,16.6,16.5,HISTORICAL TRAINING DATA
2024-08-30,-19.4583,29.8167,Gweru,13.8,7.7,22.7,0.0,46.6,15.0,17.7,HISTORICAL TRAINING DATA
2024-08-31,-19.4583,29.8167,Gweru,14.0,8.8,19.5,0.0,49.3,7.4,25.4,HISTORICAL TRAINING DATA
2024-09-01,-19.4583,29.8167,Gweru,27.9,20.3,33.9,0.0,39.6,7.6,14.7,HISTORICAL TRAINING DATA
2024-09-02,-19.4583,29.8167,Gweru,28.0,20.4,33.7,0.0,54.0,13.3,17.0,HISTORICAL TRAINING DATA
2024-09-03,-19.4583,29.8167,Gweru,26.3,19.0,33.6,0.0,35.4,9.0,25.7,HISTORICAL TRAINING DATA
2024-09-04,-19.4583,29.8167,Gweru,24.6,15.8,33.3,0.0,33.9,9.4,19.8,HISTORICAL TRAINING DATA
2024-09-05,-19.4583,29.8167,Gweru,25.2,18.9,33.6,0.0,40.7,7.2,18.2,HISTORICAL TRAINING DATA
2024-09-06,-19.4583,29.8167,Gweru,26.7,20.4,33.2,0.0,52.4,21.4,25.1,HISTORICAL TRAINING DATA
2024-09-07,-19.4583,29.8167,Gweru,27.9,19.2,34.0,0.0,38.0,8.0,24.1,HISTORICAL TRAINING DATA
2024-09-08,-19.4583,29.8167,Gweru,26.4,20.7,32.9,0.0,42.3,10.0,14.3,HISTORICAL TRAINING DATA
2024-09-09,-19.4583,29.8167,Gweru,25.8,17.0,32.8,0.0,44.4,17.4,15.6,HISTORICAL TRAINING DATA
2024-09-10,-19.4583,29.8167,Gweru,28.1,20.7,33.1,0.0,51.2,15.1,20.2,HISTORICAL TRAINING DATA
2024-09-11,-19.4583,29.8167,Gweru,25.1,17.8,33.2,0.0,46.7,20.6,24.1,HISTORICAL TRAINING DATA
2024-09-12,-19.4583,29.8167,Gweru,25.4,19.8,34.2,0.0,50.4,21.1,21.3,HISTORICAL TRAINING DATA
2024-09-13,-19.4583,29.8167,Gweru,25.0,19.5,31.5,7.1,54.3,17.7,24.2,HISTORICAL TRAINING DATA
2024-09-14,-19.4583,29.8167,Gweru,24.7,19.5,32.8,0.0,30.9,13.8,25.4,HISTORICAL TRAINING DATA
2024-09-15,-19.4583,29.8167,Gweru,27.2,18.8,34.0,0.0,42.6,16.9,23.7,HISTORICAL TRAINING DATA
2024-09-16,-19.4583,29.8167,Gweru,27.4,21.0,33.3,0.0,46.7,14.6,26.9,HISTORICAL TRAINING DATA
2024-09-17,-19.4583,29.8167,Gweru,27.7,19.4,32.9,0.0,49.8,6.3,27.7,HISTORICAL TRAINING DATA
2024-09-18,-19.4583,29.8167,Gweru,25.4,18.2,33.6,0.0,32.1,11.1,20.4,HISTORICAL TRAINING DATA
2024-09-19,-19.4583,29.8167,Gweru,25.9,17.4,33.2,0.0,53.9,20.9,15.3,HISTORICAL TRAINING DATA
2024-09-20,-19.4583,29.8167,Gweru,27.6,18.9,36.4,0.0,34.2,18.0,23.3,HISTORICAL TRAINING DATA
2024-09-21,-19.4583,29.8167,Gweru,24.9,16.4,31.9,0.0,36.9,6.9,25.5,HISTORICAL TRAINING DATA
2024-09-22,-19.4583,29.8167,Gweru,28.1,22.8,35.9,0.0,54.8,14.0,22.5,HISTORICAL TRAINING DATA
2024-09-23,-19.4583,29.8167,Gweru,25.0,17.0,30.4,0.0,45.8,8.5,26.1,HISTORICAL TRAINING DATA
2024-09-24,-19.4583,29.8167,Gweru,28.2,20.2,33.8,0.0,40.3,7.8,24.8,HISTORICAL TRAINING DATA
2024-09-25,-19.4583,29.8167,Gweru,27.2,21.8,35.8,0.0,39.6,6.7,22.6,HISTORICAL TRAINING DATA
2024-09-26,-19.4583,29.8167,Gweru,24.6,16.7,31.7,0.0,38.6,13.0,17.5,HISTORICAL TRAINING DATA
2024-09-27,-19.4583,29.8167,Gweru,28.2,22.0,34.0,0.0,35.4,12.1,16.9,HISTORICAL TRAINING DATA
2024-09-28,-19.4583,29.8167,Gweru,24.6,16.9,30.8,0.0,46.3,14.3,16.1,HISTORICAL TRAINING DATA
2024-09-29,-19.4583,29.8167,Gweru,27.6,22.5,34.9,0.0,32.3,12.3,21.3,HISTORICAL TRAINING DATA
2024-09-30,-19.4583,29.8167,Gweru,28.2,21.9,33.7,0.0,44.4,15.5,19.3,HISTORICAL TRAINING DATA
2024-10-01,-19.4583,29.8167,Gweru,24.6,16.2,33.5,0.0,34.8,11.6,19.3,HISTORICAL TRAINING DATA
2024-10-02,-19.4583,29.8167,Gweru,27.7,22.7,36.4,0.0,48.4,17.5,22.0,HISTORICAL TRAINING DATA
2024-10-03,-19.4583,29.8167,Gweru,25.9,17.6,34.0,0.0,44.6,9.7,20.4,HISTORICAL TRAINING DATA
2024-10-04,-19.4583,29.8167,Gweru,25.1,17.9,32.2,0.0,53.4,12.2,24.7,HISTORICAL TRAINING DATA
2024-10-05,-19.4583,29.8167,Gweru,25.0,19.7,33.0,0.0,36.5,8.5,16.0,HISTORICAL TRAINING DATA
2024-10-06,-19.4583,29.8167,Gweru,26.4,19.5,33.7,2.1,45.4,10.4,16.3,HISTORICAL TRAINING DATA
2024-10-07,-19.4583,29.8167,Gweru,27.0,21.6,33.7,0.0,48.0,15.5,19.8,HISTORICAL TRAINING DATA
2024-10-08,-19.4583,29.8167,Gweru,25.0,16.2,30.4,0.0,43.3,11.1,27.3,HISTORICAL TRAINING DATA
2024-10-09,-19.4583,29.8167,Gweru,25.1,20.1,32.9,0.0,45.8,19.9,14.5,HISTORICAL TRAINING DATA
2024-10-10,-19.4583,29.8167,Gweru,24.7,15.9,32.0,4.3,52.6,18.3,20.3,HISTORICAL TRAINING DATA
2024-10-11,-19.4583,29.8167,Gweru,26.2,19.7,33.6,0.0,45.6,18.5,18.9,HISTORICAL TRAINING DATA
2024-10-12,-19.4583,29.8167,Gweru,25.6,19.6,34.0,0.0,53.6,8.2,25.3,HISTORICAL TRAINING DATA
2024-10-13,-19.4583,29.8167,Gweru,26.3,20.9,34.5,1.4,31.5,8.0,16.9,HISTORICAL TRAINING DATA
2024-10-14,-19.4583,29.8167,Gweru,27.7,21.8,34.5,0.0,40.3,10.4,27.2,HISTORICAL TRAINING DATA
2024-10-15,-19.4583,29.8167,Gweru,26.5,21.4,31.8,0.0,31.1,17.6,19.1,HISTORICAL TRAINING DATA
2024-10-16,-19.4583,29.8167,Gweru,24.9,19.5,31.3,0.0,51.7,7.0,15.2,HISTORICAL TRAINING DATA
2024-10-17,-19.4583,29.8167,Gweru,26.5,21.3,34.4,0.0,32.5,11.3,27.6,HISTORICAL TRAINING DATA
2024-10-18,-19.4583,29.8167,Gweru,27.8,18.9,34.7,0.0,54.2,9.2,19.6,HISTORICAL TRAINING DATA
2024-10-19,-19.4583,29.8167,Gweru,25.0,18.2,31.4,0.0,30.4,19.8,23.5,HISTORICAL TRAINING DATA
2024-10-20,-19.4583,29.8167,Gweru,26.3,19.3,32.1,0.0,44.9,15.0,18.7,HISTORICAL TRAINING DATA
2024-10-21,-19.4583,29.8167,Gweru,28.5,21.1,34.1,0.0,49.4,19.0,27.1,HISTORICAL TRAINING DATA
2024-10-22,-19.4583,29.8167,Gweru,28.2,21.4,33.8,0.0,52.2,11.7,14.9,HISTORICAL TRAINING DATA
2024-10-23,-19.4583,29.8167,Gweru,25.5,20.4,30.7,0.0,51.3,10.3,19.8,HISTORICAL TRAINING DATA
2024-10-24,-19.4583,29.8167,Gweru,24.9,19.8,30.2,0.0,45.7,7.9,20.3,HISTORICAL TRAINING DATA
2024-10-25,-19.4583,29.8167,Gweru,26.4,21.3,34.4,0.0,52.8,10.2,17.3,HISTORICAL TRAINING DATA
2024-10-26,-19.4583,29.8167,Gweru,27.6,20.3,35.4,0.0,50.5,17.3,23.8,HISTORICAL TRAINING DATA
2024-10-27,-19.4583,29.8167,Gweru,26.8,19.0,33.1,0.0,46.7,8.8,17.6,HISTORICAL TRAINING DATA
2024-10-28,-19.4583,29.8167,Gweru,26.9,19.5,33.9,6.3,46.2,20.6,25.0,HISTORICAL TRAINING DATA
2024-10-29,-19.4583,29.8167,Gweru,26.6,21.4,33.5,0.0,35.6,13.0,15.7,HISTORICAL TRAINING DATA
2024-10-30,-19.4583,29.8167,Gweru,26.2,20.8,34.8,0.0,48.7,21.3,16.1,HISTORICAL TRAINING DATA
2024-10-31,-19.4583,29.8167,Gweru,26.4,19.2,32.4,0.0,42.1,19.3,24.7,HISTORICAL TRAINING DATA
2024-11-01,-19.4583,29.8167,Gweru,22.2,14.9,28.4,14.0,76.5,15.1,15.6,HISTORICAL TRAINING DATA
2024-11-02,-19.4583,29.8167,Gweru,22.9,14.7,29.0,0.0,62.1,20.1,25.9,HISTORICAL TRAINING DATA
2024-11-03,-19.4583,29.8167,Gweru,24.3,17.5,32.9,2.9,61.6,19.5,15.5,HISTORICAL TRAINING DATA
2024-11-04,-19.4583,29.8167,Gweru,22.1,14.5,29.7,0.0,81.1,16.6,17.6,HISTORICAL TRAINING DATA
2024-11-05,-19.4583,29.8167,Gweru,23.9,15.0,29.2,0.0,77.5,11.9,23.8,HISTORICAL TRAINING DATA
2024-11-06,-19.4583,29.8167,Gweru,23.0,14.0,30.3,0.0,76.1,20.4,26.6,HISTORICAL TRAINING DATA
2024-11-07,-19.4583,29.8167,Gweru,20.8,13.8,28.2,0.3,86.8,10.6,23.3,HISTORICAL TRAINING DATA
2024-11-08,-19.4583,29.8167,Gweru,20.6,13.4,27.2,0.0,62.3,10.2,21.5,HISTORICAL TRAINING DATA
2024-11-09,-19.4583,29.8167,Gweru,21.1,14.1,29.1,35.2,88.3,9.7,27.8,HISTORICAL TRAINING DATA
2024-11-10,-19.4583,29.8167,Gweru,24.4,19.1,29.5,32.3,77.3,14.6,19.9,HISTORICAL TRAINING DATA
2024-11-11,-19.4583,29.8167,Gweru,21.8,16.1,27.5,0.0,86.5,15.0,18.2,HISTORICAL TRAINING DATA
2024-11-12,-19.4583,29.8167,Gweru,22.1,13.4,29.2,0.0,81.4,14.0,25.4,HISTORICAL TRAINING DATA
2024-11-13,-19.4583,29.8167,Gweru,21.6,14.6,28.4,13.3,77.9,18.0,22.1,HISTORICAL TRAINING DATA
2024-11-14,-19.4583,29.8167,Gweru,24.5,17.0,30.6,0.0,75.3,15.4,17.2,HISTORICAL TRAINING DATA
2024-11-15,-19.4583,29.8167,Gweru,21.0,13.6,26.4,0.0,62.8,12.8,20.9,HISTORICAL TRAINING DATA
2024-11-16,-19.4583,29.8167,Gweru,22.7,14.5,29.9,8.0,81.6,9.6,24.1,HISTORICAL TRAINING DATA
2024-11-17,-19.4583,29.8167,Gweru,21.9,13.7,30.1,0.0,74.7,16.7,19.6,HISTORICAL TRAINING DATA
2024-11-18,-19.4583,29.8167,Gweru,21.7,14.1,30.0,11.1,73.5,12.0,21.7,HISTORICAL TRAINING DATA
2024-11-19,-19.4583,29.8167,Gweru,23.4,17.3,30.4,0.0,73.7,8.4,20.2,HISTORICAL TRAINING DATA
2024-11-20,-19.4583,29.8167,Gweru,21.1,12.4,28.4,5.9,65.1,9.9,22.8,HISTORICAL TRAINING DATA
2024-11-21,-19.4583,29.8167,Gweru,21.6,12.7,30.4,0.0,60.0,18.5,17.7,HISTORICAL TRAINING DATA
2024-11-22,-19.4583,29.8167,Gweru,22.1,16.9,28.8,0.0,67.3,21.8,19.5,HISTORICAL TRAINING DATA
2024-11-23,-19.4583,29.8167,Gweru,21.1,13.7,26.4,0.0,76.9,6.4,25.7,HISTORICAL TRAINING DATA
2024-11-24,-19.4583,29.8167,Gweru,20.9,12.3,29.8,79.8,63.6,10.0,23.3,HISTORICAL TRAINING DATA
2024-11-25,-19.4583,29.8167,Gweru,24.4,16.2,30.3,0.0,65.2,12.5,17.3,HISTORICAL TRAINING DATA
2024-11-26,-19.4583,29.8167,Gweru,22.4,16.4,31.1,0.0,66.0,11.1,21.2,HISTORICAL TRAINING DATA
2024-11-27,-19.4583,29.8167,Gweru,22.1,13.5,28.5,0.0,82.4,21.3,24.5,HISTORICAL TRAINING DATA
2024-11-28,-19.4583,29.8167,Gweru,22.5,14.9,31.0,11.5,73.7,17.2,17.8,HISTORICAL TRAINING DATA
2024-11-29,-19.4583,29.8167,Gweru,23.7,15.7,32.2,22.4,75.0,20.9,14.9,HISTORICAL TRAINING DATA
2024-11-30,-19.4583,29.8167,Gweru,22.6,15.3,29.7,0.0,79.0,6.7,21.6,HISTORICAL TRAINING DATA
2024-12-01,-19.4583,29.8167,Gweru,24.1,18.5,30.2,6.1,86.7,13.1,19.8,HISTORICAL TRAINING DATA
2024-12-02,-19.4583,29.8167,Gweru,23.9,18.2,30.5,3.1,70.4,12.0,17.7,HISTORICAL TRAINING DATA
2024-12-03,-19.4583,29.8167,Gweru,22.2,13.5,30.0,0.0,79.8,15.3,23.8,HISTORICAL TRAINING DATA
2024-12-04,-19.4583,29.8167,Gweru,22.7,14.9,31.2,8.5,78.2,11.2,22.2,HISTORICAL TRAINING DATA
2024-12-05,-19.4583,29.8167,Gweru,24.4,18.9,30.0,0.0,61.6,15.6,16.5,HISTORICAL TRAINING DATA
2024-12-06,-19.4583,29.8167,Gweru,23.9,17.9,32.6,0.0,91.8,20.2,14.6,HISTORICAL TRAINING DATA
2024-12-07,-19.4583,29.8167,Gweru,21.0,13.0,26.9,0.0,73.5,15.5,24.5,HISTORICAL TRAINING DATA
2024-12-08,-19.4583,29.8167,Gweru,22.7,13.8,30.3,6.6,68.0,7.6,22.1,HISTORICAL TRAINING DATA
2024-12-09,-19.4583,29.8167,Gweru,21.8,16.8,26.9,0.0,72.1,16.5,22.0,HISTORICAL TRAINING DATA
2024-12-10,-19.4583,29.8167,Gweru,23.7,18.5,32.4,42.6,68.0,22.0,23.6,HISTORICAL TRAINING DATA
2024-12-11,-19.4583,29.8167,Gweru,21.6,14.1,28.3,0.0,87.6,12.6,18.6,HISTORICAL TRAINING DATA
2024-12-12,-19.4583,29.8167,Gweru,22.2,16.0,30.7,20.6,89.8,13.8,20.2,HISTORICAL TRAINING DATA
2024-12-13,-19.4583,29.8167,Gweru,22.7,14.6,31.5,7.2,90.5,9.1,21.1,HISTORICAL TRAINING DATA
2024-12-14,-19.4583,29.8167,Gweru,22.9,16.9,29.6,3.3,85.0,12.1,15.8,HISTORICAL TRAINING DATA
2024-12-15,-19.4583,29.8167,Gweru,23.0,16.9,28.5,0.0,70.8,16.1,22.5,HISTORICAL TRAINING DATA
2024-12-16,-19.4583,29.8167,Gweru,21.9,13.2,28.6,0.0,60.3,19.7,15.7,HISTORICAL TRAINING DATA
2024-12-17,-19.4583,29.8167,Gweru,21.1,12.3,28.0,17.2,74.5,16.5,18.3,HISTORICAL TRAINING DATA
2024-12-18,-19.4583,29.8167,Gweru,21.0,15.7,27.2,0.8,60.9,21.7,15.3,HISTORICAL TRAINING DATA
2024-12-19,-19.4583,29.8167,Gweru,24.1,18.1,32.3,0.0,86.1,16.2,27.9,HISTORICAL TRAINING DATA
2024-12-20,-19.4583,29.8167,Gweru,20.5,15.1,27.9,0.0,77.2,21.7,20.7,HISTORICAL TRAINING DATA
2024-12-21,-19.4583,29.8167,Gweru,22.5,17.2,29.8,0.0,66.3,20.1,19.0,HISTORICAL TRAINING DATA
2024-12-22,-19.4583,29.8167,Gweru,24.2,18.1,29.8,0.0,89.8,17.5,25.1,HISTORICAL TRAINING DATA
2024-12-23,-19.4583,29.8167,Gweru,23.9,18.3,29.4,0.0,73.6,8.6,16.9,HISTORICAL TRAINING DATA
2024-12-24,-19.4583,29.8167,Gweru,21.5,15.1,28.2,0.0,88.3,17.1,24.2,HISTORICAL TRAINING DATA
2024-12-25,-19.4583,29.8167,Gweru,24.0,17.6,32.2,0.0,74.8,8.7,27.8,HISTORICAL TRAINING DATA
2024-12-26,-19.4583,29.8167,Gweru,24.3,16.5,30.2,1.6,81.5,11.2,17.5,HISTORICAL TRAINING DATA
2024-12-27,-19.4583,29.8167,Gweru,23.7,18.6,32.5,0.0,68.6,10.1,23.1,HISTORICAL TRAINING DATA
2024-12-28,-19.4583,29.8167,Gweru,21.6,13.2,30.0,0.0,83.7,7.2,16.0,HISTORICAL TRAINING DATA
2024-12-29,-19.4583,29.8167,Gweru,21.3,15.1,28.4,0.0,91.5,18.2,24.2,HISTORICAL TRAINING DATA
2024-12-30,-19.4583,29.8167,Gweru,22.5,13.5,29.3,0.0,83.5,20.4,19.6,HISTORICAL TRAINING DATA
2024-01-01,-20.0737,30.8223,Masvingo,24.8,17.1,30.5,0.0,80.6,8.7,16.7,HISTORICAL TRAINING DATA
2024-01-02,-20.0737,30.8223,Masvingo,27.3,19.1,35.9,0.0,81.9,11.7,14.2,HISTORICAL TRAINING DATA
2024-01-03,-20.0737,30.8223,Masvingo,26.2,18.0,35.0,0.0,62.2,19.2,17.6,HISTORICAL TRAINING DATA
2024-01-04,-20.0737,30.8223,Masvingo,26.9,17.9,33.2,5.9,91.8,14.7,25.6,HISTORICAL TRAINING DATA
2024-01-05,-20.0737,30.8223,Masvingo,25.1,19.1,31.3,0.0,70.6,6.6,26.9,HISTORICAL TRAINING DATA
2024-01-06,-20.0737,30.8223,Masvingo,26.8,21.5,35.3,0.0,63.3,13.0,21.1,HISTORICAL TRAINING DATA
2024-01-07,-20.0737,30.8223,Masvingo,26.1,19.9,32.1,6.6,91.6,16.7,19.0,HISTORICAL TRAINING DATA
2024-01-08,-20.0737,30.8223,Masvingo,25.0,16.5,32.8,9.1,86.2,13.6,22.7,HISTORICAL TRAINING DATA
2024-01-09,-20.0737,30.8223,Masvingo,25.8,18.2,33.4,0.0,63.4,20.6,24.2,HISTORICAL TRAINING DATA
2024-01-10,-20.0737,30.8223,Masvingo,25.3,18.1,34.1,0.0,63.9,14.2,17.6,HISTORICAL TRAINING DATA
2024-01-11,-20.0737,30.8223,Masvingo,26.2,17.2,33.3,11.7,78.5,18.4,26.4,HISTORICAL TRAINING DATA
2024-01-12,-20.0737,30.8223,Masvingo,27.1,18.1,34.0,0.0,69.8,17.2,25.7,HISTORICAL TRAINING DATA
2024-01-13,-20.0737,30.8223,Masvingo,24.4,18.4,30.3,0.0,81.8,19.0,26.1,HISTORICAL TRAINING DATA
2024-01-14,-20.0737,30.8223,Masvingo,27.9,20.1,33.6,0.0,90.8,8.1,16.9,HISTORICAL TRAINING DATA
2024-01-15,-20.0737,30.8223,Masvingo,26.2,20.3,34.4,7.2,76.7,8.4,15.6,HISTORICAL TRAINING DATA
2024-01-16,-20.0737,30.8223,Masvingo,26.6,17.9,32.2,0.0,61.0,20.1,16.9,HISTORICAL TRAINING DATA
2024-01-17,-20.0737,30.8223,Masvingo,24.7,16.8,31.9,0.0,89.6,9.4,16.0,HISTORICAL TRAINING DATA
2024-01-18,-20.0737,30.8223,Masvingo,24.2,19.2,29.4,2.5,65.6,14.4,20.5,HISTORICAL TRAINING DATA
2024-01-19,-20.0737,30.8223,Masvingo,25.5,18.1,34.0,0.4,86.9,20.7,23.5,HISTORICAL TRAINING DATA
2024-01-20,-20.0737,30.8223,Masvingo,26.9,21.1,33.4,9.5,86.2,7.5,14.9,HISTORICAL TRAINING DATA
2024-01-21,-20.0737,30.8223,Masvingo,26.9,20.6,32.9,0.0,69.3,21.1,22.3,HISTORICAL TRAINING DATA
2024-01-22,-20.0737,30.8223,Masvingo,27.0,18.9,35.1,0.0,68.8,14.8,15.9,HISTORICAL TRAINING DATA
2024-01-23,-20.0737,30.8223,Masvingo,25.3,17.6,30.7,48.5,70.1,6.1,24.3,HISTORICAL TRAINING DATA
2024-01-24,-20.0737,30.8223,Masvingo,28.0,19.3,33.0,0.0,84.1,19.1,17.9,HISTORICAL TRAINING DATA
2024-01-25,-20.0737,30.8223,Masvingo,25.3,17.0,31.6,0.0,72.1,20.4,14.6,HISTORICAL TRAINING DATA
2024-01-26,-20.0737,30.8223,Masvingo,25.7,19.7,31.0,0.0,72.5,20.5,19.5,HISTORICAL TRAINING DATA
2024-01-27,-20.0737,30.8223,Masvingo,25.5,17.7,34.1,0.0,82.7,21.1,27.8,HISTORICAL TRAINING DATA
2024-01-28,-20.0737,30.8223,Masvingo,24.0,15.7,32.7,4.7,72.8,10.3,22.7,HISTORICAL TRAINING DATA
2024-01-29,-20.0737,30.8223,Masvingo,24.2,16.9,29.9,0.0,71.8,12.7,16.8,HISTORICAL TRAINING DATA
2024-01-30,-20.0737,30.8223,Masvingo,26.2,19.6,32.8,15.5,78.1,13.3,14.2,HISTORICAL TRAINING DATA
2024-01-31,-20.0737,30.8223,Masvingo,24.9,17.7,31.8,9.7,88.7,21.9,23.2,HISTORICAL TRAINING DATA
2024-02-01,-20.0737,30.8223,Masvingo,25.9,19.5,33.3,0.0,71.7,8.9,20.3,HISTORICAL TRAINING DATA
2024-02-02,-20.0737,30.8223,Masvingo,24.3,16.5,30.3,0.0,72.1,6.4,15.2,HISTORICAL TRAINING DATA
2024-02-03,-20.0737,30.8223,Masvingo,25.7,18.9,34.6,0.0,91.6,14.4,21.8,HISTORICAL TRAINING DATA
2024-02-04,-20.0737,30.8223,Masvingo,27.5,19.1,35.5,4.3,62.5,21.7,22.0,HISTORICAL TRAINING DATA
2024-02-05,-20.0737,30.8223,Masvingo,27.7,21.3,34.8,0.0,85.1,21.5,15.6,HISTORICAL TRAINING DATA
2024-02-06,-20.0737,30.8223,Masvingo,25.9,19.0,32.5,1.1,83.9,9.0,15.0,HISTORICAL TRAINING DATA
2024-02-07,-20.0737,30.8223,Masvingo,26.2,20.6,31.5,0.0,80.6,17.4,19.6,HISTORICAL TRAINING DATA
2024-02-08,-20.0737,30.8223,Masvingo,24.6,17.6,31.6,2.1,79.3,7.2,14.7,HISTORICAL TRAINING DATA
2024-02-09,-20.0737,30.8223,Masvingo,26.8,18.9,33.3,0.0,88.3,20.7,15.5,HISTORICAL TRAINING DATA
2024-02-10,-20.0737,30.8223,Masvingo,26.2,17.9,31.4,0.0,71.9,13.0,21.1,HISTORICAL TRAINING DATA
2024-02-11,-20.0737,30.8223,Masvingo,24.0,15.5,31.0,0.0,64.0,6.0,22.0,HISTORICAL TRAINING DATA
2024-02-12,-20.0737,30.8223,Masvingo,27.8,19.9,34.1,12.0,67.0,10.4,14.7,HISTORICAL TRAINING DATA
2024-02-13,-20.0737,30.8223,Masvingo,24.7,16.2,33.7,0.0,68.9,14.0,26.9,HISTORICAL TRAINING DATA
2024-02-14,-20.0737,30.8223,Masvingo,26.4,20.3,31.7,0.0,88.3,13.8,23.1,HISTORICAL TRAINING DATA
2024-02-15,-20.0737,30.8223,Masvingo,27.6,21.6,34.5,0.0,65.1,7.4,27.9,HISTORICAL TRAINING DATA
2024-02-16,-20.0737,30.8223,Masvingo,24.3,15.6,32.4,0.0,77.4,6.1,14.9,HISTORICAL TRAINING DATA
2024-02-17,-20.0737,30.8223,Masvingo,27.1,19.1,32.4,0.0,80.5,7.9,19.2,HISTORICAL TRAINING DATA
2024-02-18,-20.0737,30.8223,Masvingo,24.0,15.1,31.6,7.5,85.8,11.0,20.0,HISTORICAL TRAINING DATA
2024-02-19,-20.0737,30.8223,Masvingo,27.0,18.5,33.8,5.4,90.3,19.1,15.9,HISTORICAL TRAINING DATA
2024-02-20,-20.0737,30.8223,Masvingo,24.2,16.8,31.9,0.0,85.9,6.1,20.8,HISTORICAL TRAINING DATA
2024-02-21,-20.0737,30.8223,Masvingo,27.6,19.1,34.9,0.0,80.9,11.0,24.0,HISTORICAL TRAINING DATA
2024-02-22,-20.0737,30.8223,Masvingo,26.8,19.7,33.4,12.5,85.5,14.9,17.0,HISTORICAL TRAINING DATA
2024-02-23,-20.0737,30.8223,Masvingo,27.4,20.5,32.9,10.9,68.9,19.4,15.2,HISTORICAL TRAINING DATA
2024-02-24,-20.0737,30.8223,Masvingo,26.5,17.6,32.3,0.0,89.6,11.0,21.5,HISTORICAL TRAINING DATA
2024-02-25,-20.0737,30.8223,Masvingo,24.9,19.7,31.2,0.0,84.8,8.5,24.8,HISTORICAL TRAINING DATA
2024-02-26,-20.0737,30.8223,Masvingo,26.7,18.1,32.5,13.8,62.2,20.1,25.1,HISTORICAL TRAINING DATA
2024-02-27,-20.0737,30.8223,Masvingo,25.4,19.1,34.1,17.3,86.4,12.7,14.8,HISTORICAL TRAINING DATA
2024-02-28,-20.0737,30.8223,Masvingo,27.4,19.5,34.2,0.0,73.9,15.4,17.1,HISTORICAL TRAINING DATA
2024-02-29,-20.0737,30.8223,Masvingo,26.9,21.1,33.1,4.3,77.3,8.8,25.2,HISTORICAL TRAINING DATA
2024-03-01,-20.0737,30.8223,Masvingo,25.5,16.7,31.7,0.0,89.0,20.6,21.6,HISTORICAL TRAINING DATA
2024-03-02,-20.0737,30.8223,Masvingo,25.3,17.5,31.9,20.3,89.7,13.2,18.7,HISTORICAL TRAINING DATA
2024-03-03,-20.0737,30.8223,Masvingo,24.3,17.1,32.2,0.0,65.1,6.2,14.5,HISTORICAL TRAINING DATA
2024-03-04,-20.0737,30.8223,Masvingo,27.7,22.6,35.3,0.0,70.4,11.0,14.4,HISTORICAL TRAINING DATA
2024-03-05,-20.0737,30.8223,Masvingo,28.0,19.0,34.8,3.2,90.4,14.1,19.4,HISTORICAL TRAINING DATA
2024-03-06,-20.0737,30.8223,Masvingo,26.4,18.2,34.2,0.0,64.6,13.1,19.4,HISTORICAL TRAINING DATA
2024-03-07,-20.0737,30.8223,Masvingo,26.7,19.3,35.4,12.1,73.0,11.0,26.9,HISTORICAL TRAINING DATA
2024-03-08,-20.0737,30.8223,Masvingo,25.1,16.1,33.6,0.0,81.8,16.7,16.6,HISTORICAL TRAINING DATA
2024-03-09,-20.0737,30.8223,Masvingo,27.6,21.2,36.5,0.0,88.8,6.2,26.0,HISTORICAL TRAINING DATA
2024-03-10,-20.0737,30.8223,Masvingo,27.0,20.8,33.4,0.0,61.6,19.8,27.0,HISTORICAL TRAINING DATA
2024-03-11,-20.0737,30.8223,Masvingo,27.6,20.3,34.4,19.2,82.0,20.2,18.8,HISTORICAL TRAINING DATA
2024-03-12,-20.0737,30.8223,Masvingo,25.8,19.0,31.5,21.6,63.2,8.1,22.3,HISTORICAL TRAINING DATA
2024-03-13,-20.0737,30.8223,Masvingo,24.2,16.6,32.9,16.3,81.6,16.7,25.6,HISTORICAL TRAINING DATA
2024-03-14,-20.0737,30.8223,Masvingo,24.2,16.5,30.1,0.0,69.2,10.9,24.1,HISTORICAL TRAINING DATA
2024-03-15,-20.0737,30.8223,Masvingo,24.8,18.7,30.3,0.0,63.8,6.5,17.0,HISTORICAL TRAINING DATA
2024-03-16,-20.0737,30.8223,Masvingo,24.2,18.0,29.5,0.0,91.1,10.8,22.6,HISTORICAL TRAINING DATA
2024-03-17,-20.0737,30.8223,Masvingo,24.4,16.9,30.1,12.7,88.2,14.7,18.8,HISTORICAL TRAINING DATA
2024-03-18,-20.0737,30.8223,Masvingo,27.0,20.6,32.2,0.0,82.0,12.2,14.5,HISTORICAL TRAINING DATA
2024-03-19,-20.0737,30.8223,Masvingo,25.6,20.6,30.7,0.0,90.1,15.1,27.2,HISTORICAL TRAINING DATA
2024-03-20,-20.0737,30.8223,Masvingo,27.6,21.1,34.4,0.0,62.4,10.2,24.9,HISTORICAL TRAINING DATA
2024-03-21,-20.0737,30.8223,Masvingo,27.6,19.8,33.1,0.0,76.0,20.2,17.0,HISTORICAL TRAINING DATA
2024-03-22,-20.0737,30.8223,Masvingo,24.8,17.0,33.7,0.0,69.8,19.8,14.3,HISTORICAL TRAINING DATA
2024-03-23,-20.0737,30.8223,Masvingo,25.6,17.2,31.9,0.0,84.3,6.1,16.2,HISTORICAL TRAINING DATA
2024-03-24,-20.0737,30.8223,Masvingo,25.4,19.1,30.9,8.2,91.5,12.3,18.0,HISTORICAL TRAINING DATA
2024-03-25,-20.0737,30.8223,Masvingo,25.8,18.2,33.1,10.5,80.1,18.5,17.1,HISTORICAL TRAINING DATA
2024-03-26,-20.0737,30.8223,Masvingo,24.9,16.7,32.2,1.2,60.5,16.3,26.5,HISTORICAL TRAINING DATA
2024-03-27,-20.0737,30.8223,Masvingo,27.4,18.5,34.6,3.4,80.4,12.6,17.5,HISTORICAL TRAINING DATA
2024-03-28,-20.0737,30.8223,Masvingo,24.1,17.5,30.8,0.0,63.7,18.7,22.6,HISTORICAL TRAINING DATA
2024-03-29,-20.0737,30.8223,Masvingo,24.0,15.1,32.7,0.0,70.7,11.3,26.3,HISTORICAL TRAINING DATA
2024-03-30,-20.0737,30.8223,Masvingo,26.3,20.0,33.5,0.0,77.4,9.0,16.4,HISTORICAL TRAINING DATA
2024-03-31,-20.0737,30.8223,Masvingo,26.9,20.4,32.9,0.0,70.0,19.5,19.9,HISTORICAL TRAINING DATA
2024-04-01,-20.0737,30.8223,Masvingo,31.2,23.4,38.0,0.0,30.2,11.7,16.6,HISTORICAL TRAINING DATA
2024-04-02,-20.0737,30.8223,Masvingo,29.0,21.2,34.5,0.0,52.2,20.5,15.6,HISTORICAL TRAINING DATA
2024-04-03,-20.0737,30.8223,Masvingo,31.2,23.2,36.2,0.0,35.6,9.0,23.8,HISTORICAL TRAINING DATA
2024-04-04,-20.0737,30.8223,Masvingo,28.7,21.0,33.9,0.0,45.2,20.5,21.3,HISTORICAL TRAINING DATA
2024-04-05,-20.0737,30.8223,Masvingo,28.5,23.5,35.0,0.0,42.2,7.5,15.5,HISTORICAL TRAINING DATA
2024-04-06,-20.0737,30.8223,Masvingo,28.4,22.1,35.7,0.0,43.4,17.7,26.3,HISTORICAL TRAINING DATA
2024-04-07,-20.0737,30.8223,Masvingo,30.3,24.6,38.0,0.0,54.3,12.1,21.2,HISTORICAL TRAINING DATA
2024-04-08,-20.0737,30.8223,Masvingo,30.8,22.2,37.8,0.0,49.3,18.2,23.8,HISTORICAL TRAINING DATA
2024-04-09,-20.0737,30.8223,Masvingo,31.4,25.8,40.1,9.8,45.2,13.7,16.4,HISTORICAL TRAINING DATA
2024-04-10,-20.0737,30.8223,Masvingo,30.0,21.6,37.7,0.0,52.1,21.9,15.9,HISTORICAL TRAINING DATA
2024-04-11,-20.0737,30.8223,Masvingo,30.9,25.2,36.7,0.0,30.0,10.7,15.8,HISTORICAL TRAINING DATA
2024-04-12,-20.0737,30.8223,Masvingo,31.7,22.9,36.9,0.0,33.4,7.4,17.9,HISTORICAL TRAINING DATA
2024-04-13,-20.0737,30.8223,Masvingo,31.9,23.3,40.4,0.0,48.3,18.0,14.9,HISTORICAL TRAINING DATA
2024-04-14,-20.0737,30.8223,Masvingo,31.9,24.1,39.7,0.0,44.4,16.8,24.3,HISTORICAL TRAINING DATA
2024-04-15,-20.0737,30.8223,Masvingo,30.9,22.0,37.0,0.0,45.9,17.4,16.1,HISTORICAL TRAINING DATA
2024-04-16,-20.0737,30.8223,Masvingo,31.4,25.0,40.1,0.0,41.0,17.1,15.4,HISTORICAL TRAINING DATA
2024-04-17,-20.0737,30.8223,Masvingo,29.5,21.5,36.5,0.0,52.5,12.7,26.4,HISTORICAL TRAINING DATA
2024-04-18,-20.0737,30.8223,Masvingo,29.6,20.7,34.9,0.0,30.1,17.4,22.3,HISTORICAL TRAINING DATA
2024-04-19,-20.0737,30.8223,Masvingo,31.7,25.1,39.1,0.0,41.5,15.8,17.1,HISTORICAL TRAINING DATA
2024-04-20,-20.0737,30.8223,Masvingo,31.1,22.1,36.4,0.0,46.3,16.9,25.4,HISTORICAL TRAINING DATA
2024-04-21,-20.0737,30.8223,Masvingo,31.9,26.7,40.7,3.7,51.6,15.3,27.4,HISTORICAL TRAINING DATA
2024-04-22,-20.0737,30.8223,Masvingo,28.9,22.9,37.7,0.0,30.7,14.7,17.9,HISTORICAL TRAINING DATA
2024-04-23,-20.0737,30.8223,Masvingo,30.5,25.2,39.0,0.0,33.8,21.0,19.9,HISTORICAL TRAINING DATA
2024-04-24,-20.0737,30.8223,Masvingo,28.1,19.2,34.7,4.7,52.1,21.5,19.5,HISTORICAL TRAINING DATA
2024-04-25,-20.0737,30.8223,Masvingo,31.8,25.9,38.4,0.0,31.0,8.4,22.0,HISTORICAL TRAINING DATA
2024-04-26,-20.0737,30.8223,Masvingo,31.2,23.9,39.3,0.0,31.5,18.5,18.2,HISTORICAL TRAINING DATA
2024-04-27,-20.0737,30.8223,Masvingo,28.1,22.4,34.4,0.0,39.8,18.3,24.0,HISTORICAL TRAINING DATA
2024-04-28,-20.0737,30.8223,Masvingo,30.3,22.9,35.9,0.0,37.6,9.0,25.9,HISTORICAL TRAINING DATA
2024-04-29,-20.0737,30.8223,Masvingo,29.5,24.2,38.4,0.0,50.9,10.1,25.0,HISTORICAL TRAINING DATA
2024-04-30,-20.0737,30.8223,Masvingo,30.7,21.9,37.9,0.0,48.5,11.1,23.4,HISTORICAL TRAINING DATA
2024-05-01,-20.0737,30.8223,Masvingo,17.6,9.0,22.8,0.0,47.8,17.8,27.3,HISTORICAL TRAINING DATA
2024-05-02,-20.0737,30.8223,Masvingo,15.6,8.1,22.3,0.0,37.5,16.2,24.1,HISTORICAL TRAINING DATA
2024-05-03,-20.0737,30.8223,Masvingo,14.4,7.1,20.9,0.0,51.5,9.5,21.8,HISTORICAL TRAINING DATA
2024-05-04,-20.0737,30.8223,Masvingo,14.8,5.9,20.9,0.0,53.0,13.4,27.4,HISTORICAL TRAINING DATA
2024-05-05,-20.0737,30.8223,Masvingo,14.4,8.5,20.4,0.0,44.1,21.2,27.3,HISTORICAL TRAINING DATA
2024-05-06,-20.0737,30.8223,Masvingo,17.9,10.0,24.3,0.0,36.9,16.7,21.0,HISTORICAL TRAINING DATA
2024-05-07,-20.0737,30.8223,Masvingo,17.9,9.4,26.0,0.0,41.7,12.2,23.7,HISTORICAL TRAINING DATA
2024-05-08,-20.0737,30.8223,Masvingo,15.3,8.7,23.1,0.0,54.9,17.5,27.9,HISTORICAL TRAINING DATA
2024-05-09,-20.0737,30.8223,Masvingo,15.1,8.8,20.9,0.0,57.9,21.5,20.1,HISTORICAL TRAINING DATA
2024-05-10,-20.0737,30.8223,Masvingo,15.7,9.2,23.7,0.0,41.8,18.4,19.4,HISTORICAL TRAINING DATA
2024-05-11,-20.0737,30.8223,Masvingo,14.8,9.3,20.5,0.0,57.6,10.6,14.3,HISTORICAL TRAINING DATA
2024-05-12,-20.0737,30.8223,Masvingo,15.2,7.7,24.0,0.7,56.0,14.1,25.4,HISTORICAL TRAINING DATA
2024-05-13,-20.0737,30.8223,Masvingo,17.3,9.1,23.7,0.0,38.6,12.1,18.2,HISTORICAL TRAINING DATA
2024-05-14,-20.0737,30.8223,Masvingo,16.2,11.2,24.7,0.0,58.1,10.4,17.4,HISTORICAL TRAINING DATA
2024-05-15,-20.0737,30.8223,Masvingo,14.9,9.2,20.4,0.0,38.0,19.0,14.7,HISTORICAL TRAINING DATA
2024-05-16,-20.0737,30.8223,Masvingo,15.3,9.5,23.5,0.0,48.6,8.5,19.8,HISTORICAL TRAINING DATA
2024-05-17,-20.0737,30.8223,Masvingo,17.5,11.7,25.8,0.0,57.2,13.2,19.8,HISTORICAL TRAINING DATA
2024-05-18,-20.0737,30.8223,Masvingo,15.4,6.7,24.0,0.0,37.6,6.5,23.0,HISTORICAL TRAINING DATA
2024-05-19,-20.0737,30.8223,Masvingo,15.1,8.7,20.7,0.0,48.3,20.9,15.1,HISTORICAL TRAINING DATA
2024-05-20,-20.0737,30.8223,Masvingo,15.1,7.9,21.4,0.0,57.9,9.3,25.4,HISTORICAL TRAINING DATA
2024-05-21,-20.0737,30.8223,Masvingo,15.4,6.8,22.4,0.0,39.4,13.4,17.7,HISTORICAL TRAINING DATA
2024-05-22,-20.0737,30.8223,Masvingo,15.3,9.8,21.1,0.0,47.5,21.4,26.2,HISTORICAL TRAINING DATA
2024-05-23,-20.0737,30.8223,Masvingo,14.3,7.6,20.6,0.0,52.3,17.9,16.1,HISTORICAL TRAINING DATA
2024-05-24,-20.0737,30.8223,Masvingo,14.4,7.7,22.1,0.0,38.3,12.5,16.7,HISTORICAL TRAINING DATA
2024-05-25,-20.0737,30.8223,Masvingo,18.0,9.7,26.7,0.0,36.5,16.1,19.0,HISTORICAL TRAINING DATA
2024-05-26,-20.0737,30.8223,Masvingo,17.4,12.3,26.1,0.0,48.4,11.2,21.3,HISTORICAL TRAINING DATA
2024-05-27,-20.0737,30.8223,Masvingo,14.1,7.1,21.8,0.0,58.0,17.7,14.9,HISTORICAL TRAINING DATA
2024-05-28,-20.0737,30.8223,Masvingo,17.3,11.5,24.0,0.0,56.2,15.7,17.2,HISTORICAL TRAINING DATA
2024-05-29,-20.0737,30.8223,Masvingo,15.7,9.8,22.3,0.0,54.2,18.9,23.7,HISTORICAL TRAINING DATA
2024-05-30,-20.0737,30.8223,Masvingo,16.0,10.5,22.5,0.0,35.9,11.5,23.9,HISTORICAL TRAINING DATA
2024-05-31,-20.0737,30.8223,Masvingo,15.9,10.8,23.5,0.0,57.7,15.2,22.8,HISTORICAL TRAINING DATA
2024-06-01,-20.0737,30.8223,Masvingo,16.1,9.6,23.5,0.0,38.2,19.2,26.0,HISTORICAL TRAINING DATA
2024-06-02,-20.0737,30.8223,Masvingo,15.3,9.7,23.0,0.0,38.7,19.0,17.2,HISTORICAL TRAINING DATA
2024-06-03,-20.0737,30.8223,Masvingo,15.5,9.8,21.7,0.0,50.1,19.6,23.7,HISTORICAL TRAINING DATA
2024-06-04,-20.0737,30.8223,Masvingo,14.7,8.3,20.2,0.0,40.6,12.8,15.2,HISTORICAL TRAINING DATA
2024-06-05,-20.0737,30.8223,Masvingo,16.6,8.0,23.8,0.0,44.9,13.3,21.2,HISTORICAL TRAINING DATA
2024-06-06,-20.0737,30.8223,Masvingo,16.4,8.4,24.7,0.0,59.0,19.3,16.8,HISTORICAL TRAINING DATA
2024-06-07,-20.0737,30.8223,Masvingo,17.8,11.4,26.2,0.3,44.9,19.2,21.8,HISTORICAL TRAINING DATA
2024-06-08,-20.0737,30.8223,Masvingo,14.4,5.6,22.3,0.0,49.0,21.4,20.9,HISTORICAL TRAINING DATA
2024-06-09,-20.0737,30.8223,Masvingo,14.8,6.8,22.0,0.0,58.1,10.1,19.6,HISTORICAL TRAINING DATA
2024-06-10,-20.0737,30.8223,Masvingo,17.2,11.6,26.1,0.0,41.6,21.4,27.8,HISTORICAL TRAINING DATA
2024-06-11,-20.0737,30.8223,Masvingo,14.1,6.2,19.1,0.0,39.0,7.7,22.5,HISTORICAL TRAINING DATA
2024-06-12,-20.0737,30.8223,Masvingo,17.0,9.3,24.9,0.0,49.0,8.5,25.4,HISTORICAL TRAINING DATA
2024-06-13,-20.0737,30.8223,Masvingo,14.0,6.1,20.5,0.0,39.6,6.9,16.6,HISTORICAL TRAINING DATA
2024-06-14,-20.0737,30.8223,Masvingo,14.4,8.0,19.6,0.0,43.4,12.2,25.7,HISTORICAL TRAINING DATA
2024-06-15,-20.0737,30.8223,Masvingo,15.5,9.5,23.9,0.0,56.6,7.8,14.8,HISTORICAL TRAINING DATA
2024-06-16,-20.0737,30.8223,Masvingo,16.4,8.1,21.4,0.0,41.9,16.7,17.2,HISTORICAL TRAINING DATA
2024-06-17,-20.0737,30.8223,Masvingo,15.8,8.5,21.4,0.0,38.1,20.2,15.0,HISTORICAL TRAINING DATA
2024-06-18,-20.0737,30.8223,Masvingo,14.9,7.9,21.0,0.0,51.5,12.4,22.0,HISTORICAL TRAINING DATA
2024-06-19,-20.0737,30.8223,Masvingo,15.1,8.9,21.2,0.0,44.7,13.6,19.1,HISTORICAL TRAINING DATA
2024-06-20,-20.0737,30.8223,Masvingo,17.0,9.5,22.3,0.0,39.4,7.4,27.7,HISTORICAL TRAINING DATA
2024-06-21,-20.0737,30.8223,Masvingo,16.9,9.2,23.2,0.0,54.2,10.3,22.0,HISTORICAL TRAINING DATA
2024-06-22,-20.0737,30.8223,Masvingo,15.3,6.4,22.7,0.0,44.4,13.2,21.0,HISTORICAL TRAINING DATA
2024-06-23,-20.0737,30.8223,Masvingo,14.8,6.5,19.9,0.0,55.1,8.7,27.7,HISTORICAL TRAINING DATA
2024-06-24,-20.0737,30.8223,Masvingo,15.3,8.3,20.9,0.0,56.7,16.6,16.1,HISTORICAL TRAINING DATA
2024-06-25,-20.0737,30.8223,Masvingo,17.7,9.8,26.3,0.0,41.1,15.9,20.5,HISTORICAL TRAINING DATA
2024-06-26,-20.0737,30.8223,Masvingo,15.7,6.9,22.6,0.0,35.9,7.2,20.0,HISTORICAL TRAINING DATA
2024-06-27,-20.0737,30.8223,Masvingo,14.4,5.5,20.2,0.0,54.9,13.0,19.5,HISTORICAL TRAINING DATA
2024-06-28,-20.0737,30.8223,Masvingo,14.9,7.6,22.1,0.0,43.5,15.9,23.1,HISTORICAL TRAINING DATA
2024-06-29,-20.0737,30.8223,Masvingo,16.3,10.5,23.8,0.0,50.9,15.1,26.8,HISTORICAL TRAINING DATA
2024-06-30,-20.0737,30.8223,Masvingo,15.2,7.7,21.8,0.0,50.1,10.9,14.4,HISTORICAL TRAINING DATA
2024-07-01,-20.0737,30.8223,Masvingo,16.0,9.6,21.9,0.0,49.5,8.3,16.2,HISTORICAL TRAINING DATA
2024-07-02,-20.0737,30.8223,Masvingo,15.7,9.3,23.9,0.0,35.6,10.4,18.0,HISTORICAL TRAINING DATA
2024-07-03,-20.0737,30.8223,Masvingo,15.4,10.4,20.6,0.0,42.1,8.2,27.6,HISTORICAL TRAINING DATA
2024-07-04,-20.0737,30.8223,Masvingo,16.1,8.1,23.1,0.0,48.6,10.8,20.3,HISTORICAL TRAINING DATA
2024-07-05,-20.0737,30.8223,Masvingo,16.2,9.5,22.0,0.0,58.5,20.2,20.0,HISTORICAL TRAINING DATA
2024-07-06,-20.0737,30.8223,Masvingo,14.0,8.9,20.0,0.0,43.3,11.0,17.1,HISTORICAL TRAINING DATA
2024-07-07,-20.0737,30.8223,Masvingo,17.2,11.1,23.9,0.0,44.7,9.0,20.5,HISTORICAL TRAINING DATA
2024-07-08,-20.0737,30.8223,Masvingo,17.7,11.3,25.0,0.0,49.1,12.1,18.5,HISTORICAL TRAINING DATA
2024-07-09,-20.0737,30.8223,Masvingo,17.8,12.8,24.3,0.0,46.6,7.8,21.4,HISTORICAL TRAINING DATA
2024-07-10,-20.0737,30.8223,Masvingo,16.1,10.2,21.5,0.0,45.7,11.0,18.1,HISTORICAL TRAINING DATA
2024-07-11,-20.0737,30.8223,Masvingo,15.9,7.8,23.3,0.0,56.0,11.6,17.9,HISTORICAL TRAINING DATA
2024-07-12,-20.0737,30.8223,Masvingo,15.4,7.4,23.9,0.0,59.3,21.1,18.1,HISTORICAL TRAINING DATA
2024-07-13,-20.0737,30.8223,Masvingo,17.1,8.9,23.3,0.0,54.6,7.9,22.0,HISTORICAL TRAINING DATA
2024-07-14,-20.0737,30.8223,Masvingo,15.6,7.3,24.4,0.0,50.2,10.1,22.1,HISTORICAL TRAINING DATA
2024-07-15,-20.0737,30.8223,Masvingo,16.9,10.2,21.9,0.0,41.7,18.1,25.7,HISTORICAL TRAINING DATA
2024-07-16,-20.0737,30.8223,Masvingo,15.2,7.8,22.2,0.0,40.6,8.1,24.1,HISTORICAL TRAINING DATA
2024-07-17,-20.0737,30.8223,Masvingo,15.1,6.8,22.7,0.0,49.4,20.1,22.2,HISTORICAL TRAINING DATA
2024-07-18,-20.0737,30.8223,Masvingo,14.3,5.4,23.3,0.0,38.9,18.2,20.2,HISTORICAL TRAINING DATA
2024-07-19,-20.0737,30.8223,Masvingo,17.8,9.7,24.7,0.0,56.5,10.8,25.9,HISTORICAL TRAINING DATA
2024-07-20,-20.0737,30.8223,Masvingo,16.6,10.0,23.0,0.0,52.7,18.8,15.8,HISTORICAL TRAINING DATA
2024-07-21,-20.0737,30.8223,Masvingo,14.9,8.7,22.2,0.0,35.3,19.6,19.3,HISTORICAL TRAINING DATA
2024-07-22,-20.0737,30.8223,Masvingo,17.7,12.5,22.9,0.0,40.6,20.4,26.2,HISTORICAL TRAINING DATA
2024-07-23,-20.0737,30.8223,Masvingo,17.6,9.1,23.9,0.0,40.1,12.3,19.0,HISTORICAL TRAINING DATA
2024-07-24,-20.0737,30.8223,Masvingo,15.2,8.8,22.9,0.0,43.3,13.5,14.0,HISTORICAL TRAINING DATA
2024-07-25,-20.0737,30.8223,Masvingo,14.2,6.9,20.1,0.0,37.0,7.1,23.9,HISTORICAL TRAINING DATA
2024-07-26,-20.0737,30.8223,Masvingo,15.8,9.2,21.7,0.0,52.4,7.2,27.1,HISTORICAL TRAINING DATA
2024-07-27,-20.0737,30.8223,Masvingo,15.8,7.2,21.6,0.0,40.1,12.5,27.1,HISTORICAL TRAINING DATA
2024-07-28,-20.0737,30.8223,Masvingo,15.0,8.8,21.2,0.0,41.2,10.2,16.9,HISTORICAL TRAINING DATA
2024-07-29,-20.0737,30.8223,Masvingo,17.6,9.7,24.2,0.0,51.6,17.9,23.4,HISTORICAL TRAINING DATA
2024-07-30,-20.0737,30.8223,Masvingo,15.4,10.3,22.6,0.0,48.5,20.4,27.3,HISTORICAL TRAINING DATA
2024-07-31,-20.0737,30.8223,Masvingo,16.7,8.3,23.3,0.0,38.5,15.3,14.7,HISTORICAL TRAINING DATA
2024-08-01,-20.0737,30.8223,Masvingo,14.5,5.6,21.2,0.0,51.2,10.6,20.5,HISTORICAL TRAINING DATA
2024-08-02,-20.0737,30.8223,Masvingo,17.2,11.0,22.9,0.0,40.2,14.6,25.1,HISTORICAL TRAINING DATA
2024-08-03,-20.0737,30.8223,Masvingo,16.5,9.3,25.3,0.0,39.0,12.8,18.7,HISTORICAL TRAINING DATA
2024-08-04,-20.0737,30.8223,Masvingo,16.2,7.5,21.8,0.0,56.8,9.2,21.3,HISTORICAL TRAINING DATA
2024-08-05,-20.0737,30.8223,Masvingo,17.4,12.3,23.7,0.0,35.2,15.2,15.5,HISTORICAL TRAINING DATA
2024-08-06,-20.0737,30.8223,Masvingo,17.2,10.5,23.9,0.1,39.9,17.7,15.7,HISTORICAL TRAINING DATA
2024-08-07,-20.0737,30.8223,Masvingo,14.4,6.1,21.1,0.0,44.1,12.8,24.9,HISTORICAL TRAINING DATA
2024-08-08,-20.0737,30.8223,Masvingo,15.6,9.6,23.6,0.0,55.3,8.8,23.0,HISTORICAL TRAINING DATA
2024-08-09,-20.0737,30.8223,Masvingo,17.2,8.5,25.1,0.0,57.6,14.9,17.6,HISTORICAL TRAINING DATA
2024-08-10,-20.0737,30.8223,Masvingo,16.0,8.2,24.9,0.0,40.4,8.1,15.8,HISTORICAL TRAINING DATA
2024-08-11,-20.0737,30.8223,Masvingo,16.8,9.5,24.8,0.0,59.3,22.0,24.8,HISTORICAL TRAINING DATA
2024-08-12,-20.0737,30.8223,Masvingo,17.6,10.0,23.2,0.0,58.9,6.8,19.2,HISTORICAL TRAINING DATA
2024-08-13,-20.0737,30.8223,Masvingo,16.2,7.9,23.9,0.0,45.3,14.7,24.2,HISTORICAL TRAINING DATA
2024-08-14,-20.0737,30.8223,Masvingo,14.2,6.6,21.1,0.0,46.9,19.2,19.8,HISTORICAL TRAINING DATA
2024-08-15,-20.0737,30.8223,Masvingo,15.5,9.8,21.6,0.0,58.4,12.2,23.0,HISTORICAL TRAINING DATA
2024-08-16,-20.0737,30.8223,Masvingo,17.1,8.9,24.0,0.0,46.0,8.4,21.1,HISTORICAL TRAINING DATA
2024-08-17,-20.0737,30.8223,Masvingo,14.3,9.1,23.1,0.0,42.9,18.5,18.8,HISTORICAL TRAINING DATA
2024-08-18,-20.0737,30.8223,Masvingo,16.4,7.8,24.3,0.0,52.8,8.4,17.5,HISTORICAL TRAINING DATA
2024-08-19,-20.0737,30.8223,Masvingo,17.0,8.2,25.2,0.0,49.3,7.6,15.2,HISTORICAL TRAINING DATA
2024-08-20,-20.0737,30.8223,Masvingo,14.1,7.0,20.0,0.0,46.4,11.5,23.6,HISTORICAL TRAINING DATA
2024-08-21,-20.0737,30.8223,Masvingo,16.3,8.7,24.9,0.0,50.4,20.4,20.4,HISTORICAL TRAINING DATA
2024-08-22,-20.0737,30.8223,Masvingo,17.8,12.7,25.3,0.0,42.3,9.6,16.1,HISTORICAL TRAINING DATA
2024-08-23,-20.0737,30.8223,Masvingo,17.6,9.8,23.3,0.0,50.4,11.1,26.4,HISTORICAL TRAINING DATA
2024-08-24,-20.0737,30.8223,Masvingo,14.9,9.4,21.9,0.0,39.3,12.2,17.6,HISTORICAL TRAINING DATA
2024-08-25,-20.0737,30.8223,Masvingo,17.1,10.7,23.3,0.0,39.1,8.3,19.3,HISTORICAL TRAINING DATA
2024-08-26,-20.0737,30.8223,Masvingo,16.5,9.1,24.1,0.0,55.3,19.6,16.7,HISTORICAL TRAINING DATA
2024-08-27,-20.0737,30.8223,Masvingo,17.2,9.0,23.0,0.0,52.3,10.6,18.2,HISTORICAL TRAINING DATA
2024-08-28,-20.0737,30.8223,Masvingo,14.5,6.1,21.5,0.0,42.6,15.6,26.9,HISTORICAL TRAINING DATA
2024-08-29,-20.0737,30.8223,Masvingo,18.0,12.9,24.4,0.0,55.1,16.9,24.7,HISTORICAL TRAINING DATA
2024-08-30,-20.0737,30.8223,Masvingo,15.3,9.0,23.4,0.0,54.2,13.2,17.6,HISTORICAL TRAINING DATA
2024-08-31,-20.0737,30.8223,Masvingo,15.2,7.6,20.8,0.0,45.7,20.0,24.4,HISTORICAL TRAINING DATA
2024-09-01,-20.0737,30.8223,Masvingo,29.7,22.7,35.9,0.0,41.3,8.7,26.8,HISTORICAL TRAINING DATA
2024-09-02,-20.0737,30.8223,Masvingo,30.3,23.1,35.8,1.7,40.0,15.7,14.4,HISTORICAL TRAINING DATA
2024-09-03,-20.0737,30.8223,Masvingo,29.5,22.1,34.9,0.0,33.9,11.2,26.1,HISTORICAL TRAINING DATA
2024-09-04,-20.0737,30.8223,Masvingo,31.7,24.4,38.0,0.0,31.1,16.6,22.1,HISTORICAL TRAINING DATA
2024-09-05,-20.0737,30.8223,Masvingo,28.9,20.7,36.5,0.0,46.7,8.8,22.7,HISTORICAL TRAINING DATA
2024-09-06,-20.0737,30.8223,Masvingo,29.2,22.5,34.5,0.0,34.5,16.6,22.7,HISTORICAL TRAINING DATA
2024-09-07,-20.0737,30.8223,Masvingo,28.1,22.3,36.0,0.0,38.5,9.6,21.5,HISTORICAL TRAINING DATA
2024-09-08,-20.0737,30.8223,Masvingo,31.4,25.5,39.8,6.2,51.3,7.0,23.0,HISTORICAL TRAINING DATA
2024-09-09,-20.0737,30.8223,Masvingo,28.7,23.0,34.0,0.0,53.7,18.0,21.2,HISTORICAL TRAINING DATA
2024-09-10,-20.0737,30.8223,Masvingo,31.6,26.0,38.4,0.0,39.3,12.7,21.0,HISTORICAL TRAINING DATA
2024-09-11,-20.0737,30.8223,Masvingo,29.6,22.3,36.7,0.0,32.6,10.2,21.5,HISTORICAL TRAINING DATA
2024-09-12,-20.0737,30.8223,Masvingo,29.6,21.2,37.3,0.0,48.8,6.7,19.4,HISTORICAL TRAINING DATA
2024-09-13,-20.0737,30.8223,Masvingo,30.3,23.5,37.4,0.0,53.3,9.9,18.4,HISTORICAL TRAINING DATA
2024-09-14,-20.0737,30.8223,Masvingo,29.3,22.7,38.1,0.0,39.7,12.4,18.4,HISTORICAL TRAINING DATA
2024-09-15,-20.0737,30.8223,Masvingo,31.0,25.1,38.6,0.0,48.1,7.8,16.0,HISTORICAL TRAINING DATA
2024-09-16,-20.0737,30.8223,Masvingo,31.7,25.9,36.8,0.0,34.5,17.0,14.6,HISTORICAL TRAINING DATA
2024-09-17,-20.0737,30.8223,Masvingo,28.7,19.8,34.8,0.0,35.4,13.8,21.2,HISTORICAL TRAINING DATA
2024-09-18,-20.0737,30.8223,Masvingo,31.5,26.1,38.4,0.0,47.5,15.8,16.1,HISTORICAL TRAINING DATA
2024-09-19,-20.0737,30.8223,Masvingo,31.0,23.6,38.3,0.0,44.9,14.4,23.1,HISTORICAL TRAINING DATA
2024-09-20,-20.0737,30.8223,Masvingo,30.1,25.0,35.9,0.0,48.4,12.9,19.7,HISTORICAL TRAINING DATA
2024-09-21,-20.0737,30.8223,Masvingo,31.0,25.7,37.3,0.0,47.7,9.1,16.3,HISTORICAL TRAINING DATA
2024-09-22,-20.0737,30.8223,Masvingo,29.3,24.0,35.6,0.0,34.7,6.7,25.3,HISTORICAL TRAINING DATA
2024-09-23,-20.0737,30.8223,Masvingo,29.1,21.9,34.1,0.0,52.5,11.7,23.6,HISTORICAL TRAINING DATA
2024-09-24,-20.0737,30.8223,Masvingo,31.7,24.1,39.0,0.0,45.4,15.8,14.8,HISTORICAL TRAINING DATA
2024-09-25,-20.0737,30.8223,Masvingo,29.6,22.8,36.3,0.0,34.1,9.9,17.2,HISTORICAL TRAINING DATA
2024-09-26,-20.0737,30.8223,Masvingo,31.4,22.9,38.8,0.0,35.2,12.2,25.1,HISTORICAL TRAINING DATA
2024-09-27,-20.0737,30.8223,Masvingo,31.8,23.2,37.2,0.0,42.1,11.4,15.6,HISTORICAL TRAINING DATA
2024-09-28,-20.0737,30.8223,Masvingo,30.5,22.2,37.1,0.0,50.3,12.4,15.5,HISTORICAL TRAINING DATA
2024-09-29,-20.0737,30.8223,Masvingo,29.7,24.7,35.0,0.0,49.4,8.5,21.1,HISTORICAL TRAINING DATA
2024-09-30,-20.0737,30.8223,Masvingo,28.6,23.0,36.3,0.0,47.9,19.6,24.2,HISTORICAL TRAINING DATA
2024-10-01,-20.0737,30.8223,Masvingo,28.9,21.5,37.3,0.0,41.5,14.5,18.6,HISTORICAL TRAINING DATA
2024-10-02,-20.0737,30.8223,Masvingo,31.8,25.1,40.3,0.0,47.5,13.9,15.3,HISTORICAL TRAINING DATA
2024-10-03,-20.0737,30.8223,Masvingo,28.2,19.9,33.8,0.0,48.1,16.2,27.1,HISTORICAL TRAINING DATA
2024-10-04,-20.0737,30.8223,Masvingo,30.1,24.1,35.4,0.0,50.3,8.0,22.5,HISTORICAL TRAINING DATA
2024-10-05,-20.0737,30.8223,Masvingo,31.8,24.0,38.2,0.0,53.0,15.5,22.1,HISTORICAL TRAINING DATA
2024-10-06,-20.0737,30.8223,Masvingo,30.1,23.7,37.1,0.0,47.3,17.8,14.2,HISTORICAL TRAINING DATA
2024-10-07,-20.0737,30.8223,Masvingo,30.9,24.4,38.6,0.0,47.5,19.2,21.5,HISTORICAL TRAINING DATA
2024-10-08,-20.0737,30.8223,Masvingo,31.1,22.7,36.6,0.0,38.8,13.2,18.3,HISTORICAL TRAINING DATA
2024-10-09,-20.0737,30.8223,Masvingo,30.0,23.7,35.9,0.0,53.8,10.4,20.1,HISTORICAL TRAINING DATA
2024-10-10,-20.0737,30.8223,Masvingo,30.5,22.0,37.9,0.0,48.5,15.7,20.2,HISTORICAL TRAINING DATA
2024-10-11,-20.0737,30.8223,Masvingo,30.5,23.8,39.5,0.0,45.4,10.9,24.7,HISTORICAL TRAINING DATA
2024-10-12,-20.0737,30.8223,Masvingo,30.3,25.3,38.4,0.0,30.5,13.3,23.6,HISTORICAL TRAINING DATA
2024-10-13,-20.0737,30.8223,Masvingo,30.0,21.6,36.1,0.0,47.1,10.4,27.4,HISTORICAL TRAINING DATA
2024-10-14,-20.0737,30.8223,Masvingo,28.8,22.6,35.4,0.0,42.6,9.9,25.7,HISTORICAL TRAINING DATA
2024-10-15,-20.0737,30.8223,Masvingo,30.1,22.1,37.2,0.0,35.2,14.5,28.0,HISTORICAL TRAINING DATA
2024-10-16,-20.0737,30.8223,Masvingo,29.2,23.0,34.2,0.0,30.7,15.7,23.3,HISTORICAL TRAINING DATA
2024-10-17,-20.0737,30.8223,Masvingo,30.1,21.2,35.5,0.0,30.2,20.2,14.4,HISTORICAL TRAINING DATA
2024-10-18,-20.0737,30.8223,Masvingo,29.6,23.0,36.8,0.0,31.0,20.4,14.3,HISTORICAL TRAINING DATA
2024-10-19,-20.0737,30.8223,Masvingo,30.2,23.7,35.6,0.0,50.8,9.5,21.8,HISTORICAL TRAINING DATA
2024-10-20,-20.0737,30.8223,Masvingo,30.2,21.9,36.5,0.0,51.9,10.9,25.4,HISTORICAL TRAINING DATA
2024-10-21,-20.0737,30.8223,Masvingo,30.2,24.2,38.6,0.0,48.4,21.9,21.7,HISTORICAL TRAINING DATA
2024-10-22,-20.0737,30.8223,Masvingo,29.7,21.0,36.5,0.0,30.4,11.9,14.2,HISTORICAL TRAINING DATA
2024-10-23,-20.0737,30.8223,Masvingo,28.0,20.3,33.4,4.1,39.8,20.2,24.9,HISTORICAL TRAINING DATA
2024-10-24,-20.0737,30.8223,Masvingo,29.4,20.6,36.0,0.0,52.8,7.6,17.7,HISTORICAL TRAINING DATA
2024-10-25,-20.0737,30.8223,Masvingo,30.3,22.6,38.9,0.0,54.5,10.7,20.3,HISTORICAL TRAINING DATA
2024-10-26,-20.0737,30.8223,Masvingo,28.2,19.6,35.8,0.0,52.8,14.5,16.3,HISTORICAL TRAINING DATA
2024-10-27,-20.0737,30.8223,Masvingo,31.5,24.0,37.3,0.0,30.8,12.0,23.6,HISTORICAL TRAINING DATA
2024-10-28,-20.0737,30.8223,Masvingo,28.2,19.4,34.2,0.0,37.4,15.6,27.1,HISTORICAL TRAINING DATA
2024-10-29,-20.0737,30.8223,Masvingo,29.6,22.9,38.2,0.0,38.6,12.4,26.8,HISTORICAL TRAINING DATA
2024-10-30,-20.0737,30.8223,Masvingo,28.7,20.5,34.2,0.0,39.4,11.2,18.8,HISTORICAL TRAINING DATA
2024-10-31,-20.0737,30.8223,Masvingo,30.4,21.7,38.5,0.0,33.4,8.9,26.0,HISTORICAL TRAINING DATA
2024-11-01,-20.0737,30.8223,Masvingo,24.5,16.9,30.7,3.2,89.8,18.7,17.6,HISTORICAL TRAINING DATA
2024-11-02,-20.0737,30.8223,Masvingo,25.2,19.1,33.4,0.0,69.7,12.0,17.1,HISTORICAL TRAINING DATA
2024-11-03,-20.0737,30.8223,Masvingo,25.7,18.6,32.0,22.6,86.2,13.8,15.1,HISTORICAL TRAINING DATA
2024-11-04,-20.0737,30.8223,Masvingo,24.5,16.7,33.0,5.1,63.3,15.5,14.0,HISTORICAL TRAINING DATA
2024-11-05,-20.0737,30.8223,Masvingo,25.0,16.5,33.7,2.5,62.9,18.5,17.3,HISTORICAL TRAINING DATA
2024-11-06,-20.0737,30.8223,Masvingo,27.1,20.4,33.2,42.0,75.8,16.3,24.2,HISTORICAL TRAINING DATA
2024-11-07,-20.0737,30.8223,Masvingo,26.5,20.2,32.8,0.0,82.8,8.9,23.4,HISTORICAL TRAINING DATA
2024-11-08,-20.0737,30.8223,Masvingo,24.7,16.2,30.1,0.0,64.5,7.9,21.0,HISTORICAL TRAINING DATA
2024-11-09,-20.0737,30.8223,Masvingo,26.0,20.7,34.6,0.0,74.4,14.5,22.9,HISTORICAL TRAINING DATA
2024-11-10,-20.0737,30.8223,Masvingo,25.5,18.6,31.5,0.0,68.3,9.7,19.1,HISTORICAL TRAINING DATA
2024-11-11,-20.0737,30.8223,Masvingo,24.9,16.4,32.8,0.0,69.5,19.7,18.1,HISTORICAL TRAINING DATA
2024-11-12,-20.0737,30.8223,Masvingo,27.3,20.0,35.1,0.0,63.8,21.7,20.4,HISTORICAL TRAINING DATA
2024-11-13,-20.0737,30.8223,Masvingo,25.0,19.9,31.0,0.0,79.3,14.2,14.4,HISTORICAL TRAINING DATA
2024-11-14,-20.0737,30.8223,Masvingo,24.8,16.3,30.1,0.0,73.5,9.2,25.6,HISTORICAL TRAINING DATA
2024-11-15,-20.0737,30.8223,Masvingo,26.1,17.3,33.1,0.0,65.8,14.1,26.5,HISTORICAL TRAINING DATA
2024-11-16,-20.0737,30.8223,Masvingo,27.2,21.6,34.4,0.0,71.3,9.1,18.0,HISTORICAL TRAINING DATA
2024-11-17,-20.0737,30.8223,Masvingo,26.2,20.7,34.0,13.8,70.0,12.5,25.6,HISTORICAL TRAINING DATA
2024-11-18,-20.0737,30.8223,Masvingo,24.9,16.7,30.1,3.1,86.0,14.2,26.1,HISTORICAL TRAINING DATA
2024-11-19,-20.0737,30.8223,Masvingo,25.4,19.3,32.0,0.0,66.0,7.4,20.7,HISTORICAL TRAINING DATA
2024-11-20,-20.0737,30.8223,Masvingo,27.0,20.4,35.7,0.0,79.0,21.8,17.1,HISTORICAL TRAINING DATA
2024-11-21,-20.0737,30.8223,Masvingo,27.3,20.8,35.4,11.1,68.2,10.2,26.7,HISTORICAL TRAINING DATA
2024-11-22,-20.0737,30.8223,Masvingo,24.2,19.1,29.4,0.0,78.7,6.8,22.3,HISTORICAL TRAINING DATA
2024-11-23,-20.0737,30.8223,Masvingo,25.4,17.0,33.1,0.2,89.0,11.4,15.3,HISTORICAL TRAINING DATA
2024-11-24,-20.0737,30.8223,Masvingo,24.3,18.2,30.5,0.0,81.2,16.4,19.5,HISTORICAL TRAINING DATA
2024-11-25,-20.0737,30.8223,Masvingo,26.9,19.5,35.7,0.0,76.5,19.4,22.6,HISTORICAL TRAINING DATA
2024-11-26,-20.0737,30.8223,Masvingo,25.8,19.3,33.9,2.2,89.1,13.8,22.9,HISTORICAL TRAINING DATA
2024-11-27,-20.0737,30.8223,Masvingo,26.3,19.2,31.7,0.0,64.0,15.5,16.5,HISTORICAL TRAINING DATA
2024-11-28,-20.0737,30.8223,Masvingo,24.3,17.1,31.9,0.0,74.8,16.6,22.8,HISTORICAL TRAINING DATA
2024-11-29,-20.0737,30.8223,Masvingo,24.3,16.9,32.7,9.0,66.0,20.4,20.5,HISTORICAL TRAINING DATA
2024-11-30,-20.0737,30.8223,Masvingo,27.7,19.0,33.8,0.0,76.9,11.3,15.4,HISTORICAL TRAINING DATA
2024-12-01,-20.0737,30.8223,Masvingo,25.1,17.0,30.7,0.0,73.6,21.9,27.7,HISTORICAL TRAINING DATA
2024-12-02,-20.0737,30.8223,Masvingo,24.4,17.3,30.8,2.9,60.9,13.0,21.5,HISTORICAL TRAINING DATA
2024-12-03,-20.0737,30.8223,Masvingo,27.1,18.2,35.4,0.0,79.5,7.3,27.2,HISTORICAL TRAINING DATA
2024-12-04,-20.0737,30.8223,Masvingo,25.3,17.9,34.0,20.6,83.6,21.5,24.1,HISTORICAL TRAINING DATA
2024-12-05,-20.0737,30.8223,Masvingo,26.5,21.3,32.8,1.3,75.0,15.0,20.0,HISTORICAL TRAINING DATA
2024-12-06,-20.0737,30.8223,Masvingo,25.7,18.2,33.3,20.8,72.0,17.9,21.5,HISTORICAL TRAINING DATA
2024-12-07,-20.0737,30.8223,Masvingo,24.1,19.0,32.4,0.0,90.8,11.1,15.8,HISTORICAL TRAINING DATA
2024-12-08,-20.0737,30.8223,Masvingo,25.6,18.3,33.7,0.0,63.9,7.3,17.5,HISTORICAL TRAINING DATA
2024-12-09,-20.0737,30.8223,Masvingo,27.4,21.9,35.9,10.2,75.2,11.6,17.4,HISTORICAL TRAINING DATA
2024-12-10,-20.0737,30.8223,Masvingo,25.7,19.4,32.8,0.0,82.1,7.6,21.0,HISTORICAL TRAINING DATA
2024-12-11,-20.0737,30.8223,Masvingo,24.5,18.6,31.3,0.8,64.3,12.4,26.7,HISTORICAL TRAINING DATA
2024-12-12,-20.0737,30.8223,Masvingo,27.7,21.9,35.8,0.0,77.0,8.2,20.2,HISTORICAL TRAINING DATA
2024-12-13,-20.0737,30.8223,Masvingo,24.9,18.9,31.3,15.3,72.8,18.8,14.8,HISTORICAL TRAINING DATA
2024-12-14,-20.0737,30.8223,Masvingo,24.0,16.0,32.9,4.7,88.0,7.4,22.9,HISTORICAL TRAINING DATA
2024-12-15,-20.0737,30.8223,Masvingo,25.2,18.8,31.7,0.0,62.8,12.0,22.2,HISTORICAL TRAINING DATA
2024-12-16,-20.0737,30.8223,Masvingo,26.3,19.8,32.3,18.7,63.7,21.3,22.6,HISTORICAL TRAINING DATA
2024-12-17,-20.0737,30.8223,Masvingo,26.6,19.8,32.4,0.0,89.2,6.5,16.2,HISTORICAL TRAINING DATA
2024-12-18,-20.0737,30.8223,Masvingo,26.4,19.7,32.8,0.0,80.8,10.0,16.5,HISTORICAL TRAINING DATA
2024-12-19,-20.0737,30.8223,Masvingo,24.3,16.1,32.1,0.0,68.2,7.2,26.5,HISTORICAL TRAINING DATA
2024-12-20,-20.0737,30.8223,Masvingo,26.5,20.2,35.1,0.0,90.7,11.4,26.2,HISTORICAL TRAINING DATA
2024-12-21,-20.0737,30.8223,Masvingo,26.5,20.0,32.0,21.1,61.4,9.0,21.8,HISTORICAL TRAINING DATA
2024-12-22,-20.0737,30.8223,Masvingo,24.0,17.9,31.0,0.0,66.8,9.3,15.9,HISTORICAL TRAINING DATA
2024-12-23,-20.0737,30.8223,Masvingo,27.4,21.4,33.5,0.0,68.4,7.9,24.6,HISTORICAL TRAINING DATA
2024-12-24,-20.0737,30.8223,Masvingo,24.9,18.3,33.1,2.9,60.7,12.7,19.6,HISTORICAL TRAINING DATA
2024-12-25,-20.0737,30.8223,Masvingo,26.8,19.4,35.6,0.0,81.1,20.7,22.0,HISTORICAL TRAINING DATA
2024-12-26,-20.0737,30.8223,Masvingo,24.7,15.9,31.7,0.0,87.5,18.2,26.2,HISTORICAL TRAINING DATA
2024-12-27,-20.0737,30.8223,Masvingo,27.0,18.7,33.3,23.2,67.6,18.0,20.4,HISTORICAL TRAINING DATA
2024-12-28,-20.0737,30.8223,Masvingo,27.4,19.8,34.1,3.7,66.3,14.8,21.8,HISTORICAL TRAINING DATA
2024-12-29,-20.0737,30.8223,Masvingo,24.5,18.4,32.4,5.8,86.6,19.3,16.8,HISTORICAL TRAINING DATA
2024-12-30,-20.0737,30.8223,Masvingo,27.8,19.2,34.8,0.0,84.3,9.3,20.6,HISTORICAL TRAINING DATA
2024-01-01,-17.62,27.34,Binga,32.1,26.2,38.2,8.6,83.4,13.6,14.2,HISTORICAL TRAINING DATA
2024-01-02,-17.62,27.34,Binga,30.5,21.9,39.3,0.1,60.4,11.6,21.2,HISTORICAL TRAINING DATA
2024-01-03,-17.62,27.34,Binga,32.0,25.5,38.4,0.3,77.4,18.6,27.6,HISTORICAL TRAINING DATA
2024-01-04,-17.62,27.34,Binga,33.2,27.3,38.5,22.6,87.6,6.6,23.1,HISTORICAL TRAINING DATA
2024-01-05,-17.62,27.34,Binga,31.3,26.2,39.1,3.8,68.9,13.9,22.3,HISTORICAL TRAINING DATA
2024-01-06,-17.62,27.34,Binga,32.3,23.3,38.3,2.9,68.7,14.8,15.1,HISTORICAL TRAINING DATA
2024-01-07,-17.62,27.34,Binga,32.0,23.2,40.7,0.0,69.9,8.3,17.9,HISTORICAL TRAINING DATA
2024-01-08,-17.62,27.34,Binga,33.3,27.7,39.9,15.7,77.9,10.1,27.1,HISTORICAL TRAINING DATA
2024-01-09,-17.62,27.34,Binga,31.1,22.8,39.3,5.6,91.7,9.0,14.2,HISTORICAL TRAINING DATA
2024-01-10,-17.62,27.34,Binga,32.8,27.1,38.2,0.0,81.6,14.5,22.7,HISTORICAL TRAINING DATA
2024-01-11,-17.62,27.34,Binga,29.6,23.1,34.8,9.0,63.2,6.2,21.6,HISTORICAL TRAINING DATA
2024-01-12,-17.62,27.34,Binga,31.3,22.6,39.4,0.0,61.8,6.5,18.7,HISTORICAL TRAINING DATA
2024-01-13,-17.62,27.34,Binga,32.7,27.4,39.1,19.5,83.1,12.5,21.6,HISTORICAL TRAINING DATA
2024-01-14,-17.62,27.34,Binga,29.6,24.4,36.6,7.8,70.0,8.2,27.4,HISTORICAL TRAINING DATA
2024-01-15,-17.62,27.34,Binga,31.8,24.9,37.5,19.2,66.9,18.5,23.2,HISTORICAL TRAINING DATA
2024-01-16,-17.62,27.34,Binga,30.2,22.9,38.2,2.7,86.0,13.6,15.1,HISTORICAL TRAINING DATA
2024-01-17,-17.62,27.34,Binga,31.1,25.0,39.5,1.5,85.7,17.4,17.9,HISTORICAL TRAINING DATA
2024-01-18,-17.62,27.34,Binga,31.1,23.9,40.1,8.2,78.2,7.1,25.7,HISTORICAL TRAINING DATA
2024-01-19,-17.62,27.34,Binga,31.3,25.7,37.2,6.3,91.5,10.8,26.0,HISTORICAL TRAINING DATA
2024-01-20,-17.62,27.34,Binga,33.2,26.6,38.8,5.4,63.0,8.9,26.8,HISTORICAL TRAINING DATA
2024-01-21,-17.62,27.34,Binga,30.6,22.9,35.6,37.0,89.2,10.3,24.4,HISTORICAL TRAINING DATA
2024-01-22,-17.62,27.34,Binga,31.3,24.8,36.4,0.0,88.3,16.8,19.9,HISTORICAL TRAINING DATA
2024-01-23,-17.62,27.34,Binga,32.0,25.4,39.6,3.1,64.2,15.6,18.2,HISTORICAL TRAINING DATA
2024-01-24,-17.62,27.34,Binga,31.7,25.6,38.1,0.0,81.7,17.1,22.2,HISTORICAL TRAINING DATA
2024-01-25,-17.62,27.34,Binga,30.9,23.2,37.2,1.7,63.4,20.9,22.1,HISTORICAL TRAINING DATA
2024-01-26,-17.62,27.34,Binga,32.9,23.9,40.7,6.7,88.2,17.7,25.2,HISTORICAL TRAINING DATA
2024-01-27,-17.62,27.34,Binga,33.0,24.4,40.1,9.7,85.3,12.7,17.0,HISTORICAL TRAINING DATA
2024-01-28,-17.62,27.34,Binga,31.0,24.8,37.1,0.1,76.8,14.2,17.2,HISTORICAL TRAINING DATA
2024-01-29,-17.62,27.34,Binga,32.8,25.5,40.1,0.0,62.8,13.9,22.7,HISTORICAL TRAINING DATA
2024-01-30,-17.62,27.34,Binga,31.8,24.5,39.7,4.3,61.6,14.5,25.5,HISTORICAL TRAINING DATA
2024-01-31,-17.62,27.34,Binga,33.1,24.2,40.6,0.0,72.6,19.3,25.0,HISTORICAL TRAINING DATA
2024-02-01,-17.62,27.34,Binga,33.4,26.6,42.2,3.8,74.0,14.1,15.6,HISTORICAL TRAINING DATA
2024-02-02,-17.62,27.34,Binga,31.8,25.1,37.4,0.0,70.2,19.7,16.4,HISTORICAL TRAINING DATA
2024-02-03,-17.62,27.34,Binga,33.5,25.5,42.0,15.6,82.0,11.7,18.6,HISTORICAL TRAINING DATA
2024-02-04,-17.62,27.34,Binga,33.0,27.9,40.2,0.0,60.1,12.0,25.1,HISTORICAL TRAINING DATA
2024-02-05,-17.62,27.34,Binga,32.5,25.1,39.9,0.0,74.5,6.1,21.3,HISTORICAL TRAINING DATA
2024-02-06,-17.62,27.34,Binga,32.6,26.6,39.2,0.0,62.9,6.0,22.1,HISTORICAL TRAINING DATA
2024-02-07,-17.62,27.34,Binga,32.9,27.3,38.9,10.1,83.7,17.0,16.8,HISTORICAL TRAINING DATA
2024-02-08,-17.62,27.34,Binga,31.3,22.5,38.6,0.0,81.5,13.4,24.0,HISTORICAL TRAINING DATA
2024-02-09,-17.62,27.34,Binga,29.7,22.5,38.0,19.0,70.8,7.3,26.0,HISTORICAL TRAINING DATA
2024-02-10,-17.62,27.34,Binga,33.1,28.0,38.2,127.1,72.4,15.5,25.8,HISTORICAL TRAINING DATA
2024-02-11,-17.62,27.34,Binga,31.9,23.3,39.7,3.0,73.9,9.9,20.2,HISTORICAL TRAINING DATA
2024-02-12,-17.62,27.34,Binga,33.2,27.8,40.6,0.0,62.7,16.3,23.7,HISTORICAL TRAINING DATA
2024-02-13,-17.62,27.34,Binga,30.8,25.2,35.9,10.2,85.8,16.2,25.3,HISTORICAL TRAINING DATA
2024-02-14,-17.62,27.34,Binga,32.2,26.0,38.8,2.7,84.4,13.1,19.3,HISTORICAL TRAINING DATA
2024-02-15,-17.62,27.34,Binga,31.8,23.2,37.9,0.0,69.1,12.5,20.2,HISTORICAL TRAINING DATA
2024-02-16,-17.62,27.34,Binga,32.4,24.8,37.4,9.6,68.5,8.2,24.8,HISTORICAL TRAINING DATA
2024-02-17,-17.62,27.34,Binga,33.1,27.6,39.0,0.0,64.9,13.1,26.9,HISTORICAL TRAINING DATA
2024-02-18,-17.62,27.34,Binga,30.7,25.5,37.0,38.9,72.5,20.2,21.0,HISTORICAL TRAINING DATA
2024-02-19,-17.62,27.34,Binga,32.3,24.1,38.7,0.0,75.0,21.5,19.8,HISTORICAL TRAINING DATA
2024-02-20,-17.62,27.34,Binga,30.1,23.3,35.2,0.0,71.0,7.4,22.7,HISTORICAL TRAINING DATA
2024-02-21,-17.62,27.34,Binga,33.5,25.7,38.9,0.0,64.5,7.9,19.9,HISTORICAL TRAINING DATA
2024-02-22,-17.62,27.34,Binga,29.8,22.5,35.9,12.0,70.5,19.9,19.6,HISTORICAL TRAINING DATA
2024-02-23,-17.62,27.34,Binga,33.0,27.0,39.7,11.0,67.0,6.9,15.8,HISTORICAL TRAINING DATA
2024-02-24,-17.62,27.34,Binga,30.5,22.0,39.1,1.1,62.9,9.2,26.7,HISTORICAL TRAINING DATA
2024-02-25,-17.62,27.34,Binga,31.8,26.5,37.1,0.0,80.1,6.5,26.7,HISTORICAL TRAINING DATA
2024-02-26,-17.62,27.34,Binga,33.3,25.3,40.0,0.0,60.4,11.2,27.4,HISTORICAL TRAINING DATA
2024-02-27,-17.62,27.34,Binga,32.6,26.6,39.1,0.0,91.2,6.7,26.3,HISTORICAL TRAINING DATA
2024-02-28,-17.62,27.34,Binga,32.1,25.4,38.0,0.0,91.3,16.1,19.4,HISTORICAL TRAINING DATA
2024-02-29,-17.62,27.34,Binga,33.4,26.9,41.2,1.1,67.6,18.8,27.8,HISTORICAL TRAINING DATA
2024-03-01,-17.62,27.34,Binga,33.4,27.0,42.2,22.4,68.3,7.3,28.0,HISTORICAL TRAINING DATA
2024-03-02,-17.62,27.34,Binga,31.6,23.9,39.9,4.6,63.2,16.7,16.6,HISTORICAL TRAINING DATA
2024-03-03,-17.62,27.34,Binga,31.3,23.1,40.1,6.0,73.4,20.9,25.0,HISTORICAL TRAINING DATA
2024-03-04,-17.62,27.34,Binga,33.3,28.0,42.0,0.0,68.8,20.1,26.4,HISTORICAL TRAINING DATA
2024-03-05,-17.62,27.34,Binga,31.1,22.8,39.3,0.0,76.3,10.7,20.5,HISTORICAL TRAINING DATA
2024-03-06,-17.62,27.34,Binga,29.8,24.8,36.5,0.7,66.6,20.9,25.3,HISTORICAL TRAINING DATA
2024-03-07,-17.62,27.34,Binga,30.7,21.8,36.2,0.0,91.8,11.0,17.8,HISTORICAL TRAINING DATA
2024-03-08,-17.62,27.34,Binga,30.3,22.3,37.5,15.5,88.1,21.2,16.1,HISTORICAL TRAINING DATA
2024-03-09,-17.62,27.34,Binga,30.8,23.4,38.8,0.0,87.0,8.6,17.6,HISTORICAL TRAINING DATA
2024-03-10,-17.62,27.34,Binga,32.6,24.4,40.2,6.1,82.1,7.4,15.7,HISTORICAL TRAINING DATA
2024-03-11,-17.62,27.34,Binga,32.2,25.0,37.5,0.0,84.8,8.3,17.5,HISTORICAL TRAINING DATA
2024-03-12,-17.62,27.34,Binga,32.9,25.6,39.1,4.4,70.8,20.0,21.0,HISTORICAL TRAINING DATA
2024-03-13,-17.62,27.34,Binga,30.2,23.5,35.3,8.7,78.8,12.5,17.6,HISTORICAL TRAINING DATA
2024-03-14,-17.62,27.34,Binga,32.6,27.4,38.0,1.2,63.2,19.0,19.2,HISTORICAL TRAINING DATA
2024-03-15,-17.62,27.34,Binga,30.3,22.4,36.3,0.0,62.6,6.5,23.9,HISTORICAL TRAINING DATA
2024-03-16,-17.62,27.34,Binga,29.7,23.0,38.0,0.0,90.4,9.8,16.0,HISTORICAL TRAINING DATA
2024-03-17,-17.62,27.34,Binga,32.4,27.1,37.6,0.0,76.2,8.6,28.0,HISTORICAL TRAINING DATA
2024-03-18,-17.62,27.34,Binga,30.3,22.9,37.7,0.0,77.6,21.3,15.1,HISTORICAL TRAINING DATA
2024-03-19,-17.62,27.34,Binga,32.7,24.0,41.0,0.2,69.5,9.9,24.5,HISTORICAL TRAINING DATA
2024-03-20,-17.62,27.34,Binga,31.5,24.3,36.7,20.8,84.4,18.0,26.4,HISTORICAL TRAINING DATA
2024-03-21,-17.62,27.34,Binga,32.5,23.6,38.9,0.0,65.0,17.4,27.7,HISTORICAL TRAINING DATA
2024-03-22,-17.62,27.34,Binga,33.5,26.1,39.6,0.0,68.3,21.7,20.5,HISTORICAL TRAINING DATA
2024-03-23,-17.62,27.34,Binga,31.6,24.1,36.9,0.0,89.5,21.3,18.8,HISTORICAL TRAINING DATA
2024-03-24,-17.62,27.34,Binga,30.9,25.2,38.0,1.5,75.1,19.9,20.2,HISTORICAL TRAINING DATA
2024-03-25,-17.62,27.34,Binga,32.5,25.1,37.7,0.0,84.9,9.6,15.6,HISTORICAL TRAINING DATA
2024-03-26,-17.62,27.34,Binga,31.2,23.0,38.0,9.6,76.4,19.4,15.8,HISTORICAL TRAINING DATA
2024-03-27,-17.62,27.34,Binga,30.3,22.8,36.8,0.0,84.3,13.7,24.8,HISTORICAL TRAINING DATA
2024-03-28,-17.62,27.34,Binga,31.6,26.5,40.2,0.0,86.8,15.0,15.5,HISTORICAL TRAINING DATA
2024-03-29,-17.62,27.34,Binga,33.1,25.2,40.3,4.1,60.5,18.6,20.5,HISTORICAL TRAINING DATA
2024-03-30,-17.62,27.34,Binga,33.4,24.9,39.2,2.2,68.2,18.3,17.0,HISTORICAL TRAINING DATA
2024-03-31,-17.62,27.34,Binga,31.1,23.7,39.2,42.2,63.9,12.2,23.4,HISTORICAL TRAINING DATA
2024-04-01,-17.62,27.34,Binga,35.0,28.4,41.9,0.0,41.4,12.2,20.2,HISTORICAL TRAINING DATA
2024-04-02,-17.62,27.34,Binga,36.2,28.9,45.2,6.6,33.0,20.9,23.8,HISTORICAL TRAINING DATA
2024-04-03,-17.62,27.34,Binga,37.3,32.0,42.7,0.0,32.2,12.5,18.2,HISTORICAL TRAINING DATA
2024-04-04,-17.62,27.34,Binga,34.1,28.3,39.3,5.3,30.2,21.1,25.4,HISTORICAL TRAINING DATA
2024-04-05,-17.62,27.34,Binga,35.6,29.5,41.4,0.0,49.5,18.0,15.6,HISTORICAL TRAINING DATA
2024-04-06,-17.62,27.34,Binga,35.7,28.5,41.8,0.0,33.4,7.1,14.3,HISTORICAL TRAINING DATA
2024-04-07,-17.62,27.34,Binga,34.7,26.5,40.0,0.0,40.6,6.2,26.0,HISTORICAL TRAINING DATA
2024-04-08,-17.62,27.34,Binga,33.7,27.2,41.6,0.0,52.8,18.2,24.0,HISTORICAL TRAINING DATA
2024-04-09,-17.62,27.34,Binga,37.5,29.3,43.4,0.0,40.1,19.9,22.6,HISTORICAL TRAINING DATA
2024-04-10,-17.62,27.34,Binga,34.8,29.8,39.9,0.0,32.3,7.9,24.7,HISTORICAL TRAINING DATA
2024-04-11,-17.62,27.34,Binga,37.1,31.5,44.2,0.0,49.2,18.9,25.0,HISTORICAL TRAINING DATA
2024-04-12,-17.62,27.34,Binga,36.9,29.7,43.2,0.0,41.8,18.2,26.1,HISTORICAL TRAINING DATA
2024-04-13,-17.62,27.34,Binga,34.0,25.4,40.4,0.0,52.6,7.6,17.3,HISTORICAL TRAINING DATA
2024-04-14,-17.62,27.34,Binga,35.0,28.6,41.0,0.0,42.7,12.0,27.1,HISTORICAL TRAINING DATA
2024-04-15,-17.62,27.34,Binga,33.7,28.0,41.6,0.0,45.0,6.3,18.1,HISTORICAL TRAINING DATA
2024-04-16,-17.62,27.34,Binga,34.7,28.2,40.8,0.0,51.1,18.4,20.6,HISTORICAL TRAINING DATA
2024-04-17,-17.62,27.34,Binga,33.6,28.4,40.6,1.9,41.5,8.0,19.4,HISTORICAL TRAINING DATA
2024-04-18,-17.62,27.34,Binga,34.6,27.0,40.5,0.0,43.3,16.6,14.9,HISTORICAL TRAINING DATA
2024-04-19,-17.62,27.34,Binga,33.9,26.8,42.0,0.0,54.5,20.2,18.2,HISTORICAL TRAINING DATA
2024-04-20,-17.62,27.34,Binga,33.8,26.0,41.5,0.0,51.2,12.1,16.3,HISTORICAL TRAINING DATA
2024-04-21,-17.62,27.34,Binga,34.2,26.5,40.8,0.0,48.8,8.4,20.3,HISTORICAL TRAINING DATA
2024-04-22,-17.62,27.34,Binga,35.7,28.9,42.4,0.0,54.9,8.2,20.2,HISTORICAL TRAINING DATA
2024-04-23,-17.62,27.34,Binga,37.1,28.3,45.5,0.0,33.6,17.3,27.2,HISTORICAL TRAINING DATA
2024-04-24,-17.62,27.34,Binga,34.3,27.4,42.1,0.0,53.0,11.7,15.8,HISTORICAL TRAINING DATA
2024-04-25,-17.62,27.34,Binga,37.1,30.2,42.3,0.0,42.6,20.3,23.7,HISTORICAL TRAINING DATA
2024-04-26,-17.62,27.34,Binga,36.7,27.7,44.1,0.0,53.4,9.7,14.8,HISTORICAL TRAINING DATA
2024-04-27,-17.62,27.34,Binga,34.8,29.8,43.0,0.0,35.9,17.0,27.2,HISTORICAL TRAINING DATA
2024-04-28,-17.62,27.34,Binga,35.9,29.2,41.3,0.0,35.0,20.5,22.3,HISTORICAL TRAINING DATA
2024-04-29,-17.62,27.34,Binga,35.3,29.0,43.0,0.0,49.4,17.8,19.8,HISTORICAL TRAINING DATA
2024-04-30,-17.62,27.34,Binga,33.7,26.9,41.6,0.0,44.9,11.5,16.2,HISTORICAL TRAINING DATA
2024-05-01,-17.62,27.34,Binga,20.1,14.1,28.2,0.0,56.6,10.2,25.8,HISTORICAL TRAINING DATA
2024-05-02,-17.62,27.34,Binga,21.6,16.1,29.5,0.0,53.7,8.9,23.9,HISTORICAL TRAINING DATA
2024-05-03,-17.62,27.34,Binga,22.8,17.4,28.1,0.0,47.1,13.4,19.2,HISTORICAL TRAINING DATA
2024-05-04,-17.62,27.34,Binga,20.0,13.0,26.6,0.0,38.0,6.9,18.1,HISTORICAL TRAINING DATA
2024-05-05,-17.62,27.34,Binga,21.0,15.0,28.2,0.0,37.9,15.2,17.3,HISTORICAL TRAINING DATA
2024-05-06,-17.62,27.34,Binga,22.0,13.2,27.0,0.0,55.9,15.4,25.3,HISTORICAL TRAINING DATA
2024-05-07,-17.62,27.34,Binga,22.8,13.8,31.7,0.0,53.7,18.7,14.2,HISTORICAL TRAINING DATA
2024-05-08,-17.62,27.34,Binga,19.5,12.9,26.5,0.0,39.6,7.2,19.9,HISTORICAL TRAINING DATA
2024-05-09,-17.62,27.34,Binga,23.4,14.9,28.5,0.0,46.6,9.5,28.0,HISTORICAL TRAINING DATA
2024-05-10,-17.62,27.34,Binga,21.9,16.7,28.3,0.0,57.2,6.2,14.5,HISTORICAL TRAINING DATA
2024-05-11,-17.62,27.34,Binga,21.2,14.3,27.2,0.0,45.3,10.5,22.1,HISTORICAL TRAINING DATA
2024-05-12,-17.62,27.34,Binga,20.1,12.8,28.2,0.0,46.0,12.9,17.4,HISTORICAL TRAINING DATA
2024-05-13,-17.62,27.34,Binga,21.3,16.1,27.9,0.0,58.9,20.9,17.6,HISTORICAL TRAINING DATA
2024-05-14,-17.62,27.34,Binga,22.9,14.6,30.1,0.0,53.2,7.7,22.5,HISTORICAL TRAINING DATA
2024-05-15,-17.62,27.34,Binga,20.5,14.9,28.6,0.0,46.6,8.9,26.1,HISTORICAL TRAINING DATA
2024-05-16,-17.62,27.34,Binga,22.9,17.0,30.5,0.0,55.6,10.8,24.8,HISTORICAL TRAINING DATA
2024-05-17,-17.62,27.34,Binga,20.2,12.4,27.0,0.0,55.8,16.3,25.5,HISTORICAL TRAINING DATA
2024-05-18,-17.62,27.34,Binga,21.7,15.3,27.5,0.0,51.1,13.8,22.7,HISTORICAL TRAINING DATA
2024-05-19,-17.62,27.34,Binga,21.0,16.0,29.4,0.0,46.3,13.0,25.4,HISTORICAL TRAINING DATA
2024-05-20,-17.62,27.34,Binga,21.8,15.2,30.3,0.0,44.1,8.7,21.6,HISTORICAL TRAINING DATA
2024-05-21,-17.62,27.34,Binga,20.8,12.5,26.5,0.0,49.1,6.7,16.6,HISTORICAL TRAINING DATA
2024-05-22,-17.62,27.34,Binga,23.2,17.0,31.4,0.0,55.6,15.9,17.9,HISTORICAL TRAINING DATA
2024-05-23,-17.62,27.34,Binga,21.3,15.6,27.0,0.0,49.6,21.3,17.5,HISTORICAL TRAINING DATA
2024-05-24,-17.62,27.34,Binga,22.8,17.5,28.4,0.0,41.1,12.0,23.1,HISTORICAL TRAINING DATA
2024-05-25,-17.62,27.34,Binga,22.2,14.7,30.1,0.0,36.5,21.8,18.0,HISTORICAL TRAINING DATA
2024-05-26,-17.62,27.34,Binga,20.3,11.9,27.6,0.0,35.8,19.0,25.3,HISTORICAL TRAINING DATA
2024-05-27,-17.62,27.34,Binga,22.4,14.3,28.3,0.0,50.6,20.0,18.1,HISTORICAL TRAINING DATA
2024-05-28,-17.62,27.34,Binga,22.5,17.0,30.8,0.0,49.8,6.4,21.9,HISTORICAL TRAINING DATA
2024-05-29,-17.62,27.34,Binga,20.5,15.0,29.4,0.0,40.8,10.3,17.8,HISTORICAL TRAINING DATA
2024-05-30,-17.62,27.34,Binga,22.9,16.5,30.2,0.0,46.1,11.0,26.2,HISTORICAL TRAINING DATA
2024-05-31,-17.62,27.34,Binga,21.1,15.5,30.0,0.0,36.4,12.4,15.1,HISTORICAL TRAINING DATA
2024-06-01,-17.62,27.34,Binga,21.7,16.4,26.7,0.0,41.9,8.9,24.8,HISTORICAL TRAINING DATA
2024-06-02,-17.62,27.34,Binga,22.4,15.6,29.9,0.0,40.1,18.7,22.2,HISTORICAL TRAINING DATA
2024-06-03,-17.62,27.34,Binga,22.8,17.4,29.3,0.0,52.6,17.6,15.8,HISTORICAL TRAINING DATA
2024-06-04,-17.62,27.34,Binga,21.8,16.2,30.2,0.0,46.8,16.1,19.6,HISTORICAL TRAINING DATA
2024-06-05,-17.62,27.34,Binga,22.0,16.9,29.5,0.0,38.5,7.9,25.3,HISTORICAL TRAINING DATA
2024-06-06,-17.62,27.34,Binga,22.6,14.1,31.2,1.2,51.5,11.0,15.9,HISTORICAL TRAINING DATA
2024-06-07,-17.62,27.34,Binga,23.3,16.8,29.2,0.0,37.6,11.3,14.1,HISTORICAL TRAINING DATA
2024-06-08,-17.62,27.34,Binga,23.1,17.7,30.7,0.0,54.3,10.8,23.3,HISTORICAL TRAINING DATA
2024-06-09,-17.62,27.34,Binga,23.3,15.9,30.9,0.0,47.1,10.2,22.5,HISTORICAL TRAINING DATA
2024-06-10,-17.62,27.34,Binga,23.0,17.5,31.9,0.0,41.3,14.0,17.3,HISTORICAL TRAINING DATA
2024-06-11,-17.62,27.34,Binga,20.2,12.4,27.4,0.0,51.9,7.8,16.5,HISTORICAL TRAINING DATA
2024-06-12,-17.62,27.34,Binga,19.8,14.6,26.8,1.6,47.1,12.1,22.0,HISTORICAL TRAINING DATA
2024-06-13,-17.62,27.34,Binga,19.7,12.3,28.6,0.0,53.9,12.9,15.3,HISTORICAL TRAINING DATA
2024-06-14,-17.62,27.34,Binga,20.0,13.1,27.2,0.0,39.1,10.6,20.1,HISTORICAL TRAINING DATA
2024-06-15,-17.62,27.34,Binga,23.3,15.1,29.7,0.0,50.9,14.4,16.7,HISTORICAL TRAINING DATA
2024-06-16,-17.62,27.34,Binga,20.5,12.7,28.4,0.0,54.4,13.6,19.7,HISTORICAL TRAINING DATA
2024-06-17,-17.62,27.34,Binga,22.8,15.9,30.4,0.0,41.7,18.5,19.1,HISTORICAL TRAINING DATA
2024-06-18,-17.62,27.34,Binga,19.8,13.5,26.3,0.0,50.9,18.6,19.5,HISTORICAL TRAINING DATA
2024-06-19,-17.62,27.34,Binga,21.3,16.2,26.7,0.0,56.7,8.9,24.2,HISTORICAL TRAINING DATA
2024-06-20,-17.62,27.34,Binga,20.8,12.3,27.0,0.0,39.2,8.8,19.8,HISTORICAL TRAINING DATA
2024-06-21,-17.62,27.34,Binga,21.1,16.1,29.5,0.0,39.5,8.7,16.3,HISTORICAL TRAINING DATA
2024-06-22,-17.62,27.34,Binga,19.8,14.1,24.9,0.0,49.2,6.2,23.8,HISTORICAL TRAINING DATA
2024-06-23,-17.62,27.34,Binga,21.8,16.7,28.5,0.0,52.3,6.0,26.9,HISTORICAL TRAINING DATA
2024-06-24,-17.62,27.34,Binga,19.9,12.6,26.7,0.0,36.3,9.0,20.7,HISTORICAL TRAINING DATA
2024-06-25,-17.62,27.34,Binga,22.4,14.9,27.6,0.0,52.9,18.2,22.0,HISTORICAL TRAINING DATA
2024-06-26,-17.62,27.34,Binga,22.5,16.8,28.2,0.0,48.5,19.4,15.3,HISTORICAL TRAINING DATA
2024-06-27,-17.62,27.34,Binga,19.7,11.9,26.4,0.0,56.3,6.3,21.4,HISTORICAL TRAINING DATA
2024-06-28,-17.62,27.34,Binga,21.7,15.5,27.1,0.0,43.0,17.0,19.9,HISTORICAL TRAINING DATA
2024-06-29,-17.62,27.34,Binga,20.1,14.6,26.3,0.0,45.9,17.3,24.0,HISTORICAL TRAINING DATA
2024-06-30,-17.62,27.34,Binga,22.1,16.3,28.8,0.7,46.6,13.1,20.0,HISTORICAL TRAINING DATA
2024-07-01,-17.62,27.34,Binga,22.9,14.0,31.5,0.0,37.8,18.6,15.6,HISTORICAL TRAINING DATA
2024-07-02,-17.62,27.34,Binga,20.9,13.1,29.8,0.0,41.5,10.8,27.1,HISTORICAL TRAINING DATA
2024-07-03,-17.62,27.34,Binga,20.6,12.4,26.1,0.0,41.9,18.0,20.4,HISTORICAL TRAINING DATA
2024-07-04,-17.62,27.34,Binga,21.6,15.2,30.4,0.0,44.7,20.3,24.5,HISTORICAL TRAINING DATA
2024-07-05,-17.62,27.34,Binga,21.8,14.4,27.5,0.0,54.8,21.6,25.5,HISTORICAL TRAINING DATA
2024-07-06,-17.62,27.34,Binga,20.0,11.5,25.4,0.0,46.8,14.8,14.3,HISTORICAL TRAINING DATA
2024-07-07,-17.62,27.34,Binga,23.2,15.9,28.8,0.0,50.5,17.2,14.6,HISTORICAL TRAINING DATA
2024-07-08,-17.62,27.34,Binga,22.8,16.8,28.9,0.0,46.1,18.3,16.4,HISTORICAL TRAINING DATA
2024-07-09,-17.62,27.34,Binga,22.4,16.6,30.7,0.0,43.4,15.2,20.3,HISTORICAL TRAINING DATA
2024-07-10,-17.62,27.34,Binga,20.5,13.3,28.4,0.8,42.3,12.1,24.7,HISTORICAL TRAINING DATA
2024-07-11,-17.62,27.34,Binga,21.8,15.0,27.6,0.0,42.0,12.9,23.9,HISTORICAL TRAINING DATA
2024-07-12,-17.62,27.34,Binga,23.2,17.3,31.7,1.9,49.9,16.0,18.4,HISTORICAL TRAINING DATA
2024-07-13,-17.62,27.34,Binga,20.5,12.6,26.5,0.0,37.3,18.5,22.4,HISTORICAL TRAINING DATA
2024-07-14,-17.62,27.34,Binga,20.2,13.3,25.5,0.0,54.5,16.8,14.7,HISTORICAL TRAINING DATA
2024-07-15,-17.62,27.34,Binga,21.5,16.2,27.4,0.0,45.3,14.1,26.7,HISTORICAL TRAINING DATA
2024-07-16,-17.62,27.34,Binga,22.5,14.5,27.8,0.0,36.3,18.0,25.8,HISTORICAL TRAINING DATA
2024-07-17,-17.62,27.34,Binga,19.6,11.1,28.0,0.0,45.4,8.1,26.3,HISTORICAL TRAINING DATA
2024-07-18,-17.62,27.34,Binga,20.5,11.9,28.6,0.0,58.1,11.9,18.2,HISTORICAL TRAINING DATA
2024-07-19,-17.62,27.34,Binga,20.7,12.7,28.0,0.0,55.4,21.0,16.1,HISTORICAL TRAINING DATA
2024-07-20,-17.62,27.34,Binga,21.6,16.2,29.7,0.0,49.4,10.9,14.6,HISTORICAL TRAINING DATA
2024-07-21,-17.62,27.34,Binga,21.7,16.6,30.6,0.0,49.1,11.8,24.5,HISTORICAL TRAINING DATA
2024-07-22,-17.62,27.34,Binga,21.8,14.0,28.6,0.0,35.9,20.6,22.3,HISTORICAL TRAINING DATA
2024-07-23,-17.62,27.34,Binga,22.5,15.8,28.4,0.0,47.1,19.1,20.6,HISTORICAL TRAINING DATA
2024-07-24,-17.62,27.34,Binga,20.3,14.8,28.3,0.0,48.7,12.7,26.4,HISTORICAL TRAINING DATA
2024-07-25,-17.62,27.34,Binga,21.6,16.3,26.7,0.0,42.0,14.2,21.1,HISTORICAL TRAINING DATA
2024-07-26,-17.62,27.34,Binga,21.5,15.2,28.9,0.0,47.6,19.2,19.4,HISTORICAL TRAINING DATA
2024-07-27,-17.62,27.34,Binga,20.5,12.8,26.2,0.0,40.1,14.2,22.7,HISTORICAL TRAINING DATA
2024-07-28,-17.62,27.34,Binga,20.1,15.0,28.5,0.0,59.7,18.8,22.9,HISTORICAL TRAINING DATA
2024-07-29,-17.62,27.34,Binga,20.1,12.8,25.7,0.0,50.9,7.9,20.4,HISTORICAL TRAINING DATA
2024-07-30,-17.62,27.34,Binga,22.5,14.6,27.8,0.0,45.6,19.8,23.6,HISTORICAL TRAINING DATA
2024-07-31,-17.62,27.34,Binga,21.7,13.4,29.8,0.0,40.1,12.4,16.3,HISTORICAL TRAINING DATA
2024-08-01,-17.62,27.34,Binga,19.8,12.9,28.6,0.0,57.0,15.3,16.5,HISTORICAL TRAINING DATA
2024-08-02,-17.62,27.34,Binga,20.2,11.2,28.4,0.0,37.0,20.9,20.9,HISTORICAL TRAINING DATA
2024-08-03,-17.62,27.34,Binga,21.3,12.7,27.1,0.0,43.1,18.9,20.5,HISTORICAL TRAINING DATA
2024-08-04,-17.62,27.34,Binga,21.7,15.0,30.0,0.0,35.2,15.8,16.4,HISTORICAL TRAINING DATA
2024-08-05,-17.62,27.34,Binga,21.2,13.4,28.3,0.0,40.2,21.3,17.3,HISTORICAL TRAINING DATA
2024-08-06,-17.62,27.34,Binga,20.0,13.7,27.7,0.0,40.9,16.2,23.7,HISTORICAL TRAINING DATA
2024-08-07,-17.62,27.34,Binga,23.0,14.1,29.8,0.0,49.1,21.9,22.4,HISTORICAL TRAINING DATA
2024-08-08,-17.62,27.34,Binga,23.2,17.5,29.7,0.0,48.5,21.9,21.4,HISTORICAL TRAINING DATA
2024-08-09,-17.62,27.34,Binga,19.7,12.6,27.8,0.0,49.0,16.5,17.4,HISTORICAL TRAINING DATA
2024-08-10,-17.62,27.34,Binga,23.3,15.6,31.2,0.0,56.8,13.5,21.5,HISTORICAL TRAINING DATA
2024-08-11,-17.62,27.34,Binga,21.8,15.3,28.4,0.0,58.2,16.3,23.3,HISTORICAL TRAINING DATA
2024-08-12,-17.62,27.34,Binga,20.8,13.5,28.8,0.0,51.1,20.4,14.7,HISTORICAL TRAINING DATA
2024-08-13,-17.62,27.34,Binga,22.0,14.7,29.9,0.0,57.1,8.3,25.9,HISTORICAL TRAINING DATA
2024-08-14,-17.62,27.34,Binga,21.5,14.7,26.6,0.0,40.0,13.6,27.1,HISTORICAL TRAINING DATA
2024-08-15,-17.62,27.34,Binga,19.6,12.8,24.8,0.0,42.5,6.5,22.8,HISTORICAL TRAINING DATA
2024-08-16,-17.62,27.34,Binga,23.4,14.9,30.2,0.0,56.7,12.4,21.4,HISTORICAL TRAINING DATA
2024-08-17,-17.62,27.34,Binga,21.1,12.6,27.3,0.0,39.3,10.8,21.4,HISTORICAL TRAINING DATA
2024-08-18,-17.62,27.34,Binga,20.5,13.7,27.6,0.0,56.3,16.6,27.5,HISTORICAL TRAINING DATA
2024-08-19,-17.62,27.34,Binga,19.7,12.2,25.0,0.0,51.2,12.7,14.0,HISTORICAL TRAINING DATA
2024-08-20,-17.62,27.34,Binga,19.8,11.2,26.3,0.0,53.0,7.8,25.2,HISTORICAL TRAINING DATA
2024-08-21,-17.62,27.34,Binga,21.9,14.8,30.2,0.0,48.9,9.8,15.7,HISTORICAL TRAINING DATA
2024-08-22,-17.62,27.34,Binga,23.3,14.6,29.1,0.0,39.4,20.4,17.7,HISTORICAL TRAINING DATA
2024-08-23,-17.62,27.34,Binga,22.4,14.9,28.2,0.0,49.9,10.0,28.0,HISTORICAL TRAINING DATA
2024-08-24,-17.62,27.34,Binga,20.8,15.5,25.8,0.0,57.5,17.9,25.3,HISTORICAL TRAINING DATA
2024-08-25,-17.62,27.34,Binga,19.8,11.3,25.6,0.0,39.1,15.5,22.2,HISTORICAL TRAINING DATA
2024-08-26,-17.62,27.34,Binga,19.7,13.3,24.8,0.0,40.6,14.8,17.7,HISTORICAL TRAINING DATA
2024-08-27,-17.62,27.34,Binga,21.7,16.5,29.1,0.0,58.2,16.4,20.3,HISTORICAL TRAINING DATA
2024-08-28,-17.62,27.34,Binga,23.0,16.7,31.4,0.0,41.1,20.3,18.3,HISTORICAL TRAINING DATA
2024-08-29,-17.62,27.34,Binga,22.1,16.1,30.1,0.0,54.1,17.2,25.4,HISTORICAL TRAINING DATA
2024-08-30,-17.62,27.34,Binga,20.3,15.3,26.3,0.0,42.0,12.4,23.8,HISTORICAL TRAINING DATA
2024-08-31,-17.62,27.34,Binga,20.1,14.7,28.6,0.0,48.7,15.1,28.0,HISTORICAL TRAINING DATA
2024-09-01,-17.62,27.34,Binga,34.5,27.9,40.1,0.0,53.5,9.2,15.8,HISTORICAL TRAINING DATA
2024-09-02,-17.62,27.34,Binga,35.2,27.8,42.7,0.0,50.2,14.5,18.0,HISTORICAL TRAINING DATA
2024-09-03,-17.62,27.34,Binga,33.8,25.5,42.7,0.0,37.8,19.7,23.3,HISTORICAL TRAINING DATA
2024-09-04,-17.62,27.34,Binga,34.2,28.5,41.3,0.0,53.8,9.0,27.5,HISTORICAL TRAINING DATA
2024-09-05,-17.62,27.34,Binga,35.8,29.2,44.6,0.0,39.6,21.2,22.0,HISTORICAL TRAINING DATA
2024-09-06,-17.62,27.34,Binga,35.1,27.7,42.5,0.0,38.6,20.2,22.4,HISTORICAL TRAINING DATA
2024-09-07,-17.62,27.34,Binga,36.8,28.6,44.7,0.0,48.4,10.0,18.5,HISTORICAL TRAINING DATA
2024-09-08,-17.62,27.34,Binga,35.7,28.5,42.6,0.0,54.3,13.9,22.6,HISTORICAL TRAINING DATA
2024-09-09,-17.62,27.34,Binga,35.0,29.5,41.0,0.0,30.3,8.8,21.3,HISTORICAL TRAINING DATA
2024-09-10,-17.62,27.34,Binga,37.0,31.0,43.3,0.0,45.2,15.6,24.4,HISTORICAL TRAINING DATA
2024-09-11,-17.62,27.34,Binga,37.4,31.9,42.4,0.0,33.9,6.1,14.9,HISTORICAL TRAINING DATA
2024-09-12,-17.62,27.34,Binga,34.7,27.8,41.3,0.0,46.5,19.4,24.1,HISTORICAL TRAINING DATA
2024-09-13,-17.62,27.34,Binga,37.3,29.7,43.2,0.0,37.6,6.5,18.0,HISTORICAL TRAINING DATA
2024-09-14,-17.62,27.34,Binga,37.2,30.2,44.5,3.7,30.4,11.1,26.6,HISTORICAL TRAINING DATA
2024-09-15,-17.62,27.34,Binga,36.9,29.4,43.6,0.0,30.8,11.2,23.4,HISTORICAL TRAINING DATA
2024-09-16,-17.62,27.34,Binga,34.7,26.9,40.9,0.0,46.7,6.2,22.7,HISTORICAL TRAINING DATA
2024-09-17,-17.62,27.34,Binga,36.3,30.4,44.7,0.0,43.0,6.5,27.1,HISTORICAL TRAINING DATA
2024-09-18,-17.62,27.34,Binga,37.5,32.1,46.2,0.0,53.6,14.9,22.7,HISTORICAL TRAINING DATA
2024-09-19,-17.62,27.34,Binga,34.0,25.7,41.2,0.0,53.5,21.6,25.4,HISTORICAL TRAINING DATA
2024-09-20,-17.62,27.34,Binga,36.1,30.6,41.1,0.0,40.1,13.6,19.1,HISTORICAL TRAINING DATA
2024-09-21,-17.62,27.34,Binga,36.0,27.3,42.7,6.5,40.2,11.3,20.7,HISTORICAL TRAINING DATA
2024-09-22,-17.62,27.34,Binga,36.5,27.7,42.7,0.0,48.3,19.5,18.3,HISTORICAL TRAINING DATA
2024-09-23,-17.62,27.34,Binga,36.7,28.8,43.0,0.0,36.4,21.4,23.2,HISTORICAL TRAINING DATA
2024-09-24,-17.62,27.34,Binga,35.4,30.0,40.6,0.0,51.3,13.8,16.8,HISTORICAL TRAINING DATA
2024-09-25,-17.62,27.34,Binga,34.2,28.9,40.9,0.0,54.3,18.1,24.7,HISTORICAL TRAINING DATA
2024-09-26,-17.62,27.34,Binga,34.2,26.2,41.6,7.3,50.8,17.6,22.3,HISTORICAL TRAINING DATA
2024-09-27,-17.62,27.34,Binga,35.6,29.8,43.5,0.0,41.5,19.0,25.9,HISTORICAL TRAINING DATA
2024-09-28,-17.62,27.34,Binga,34.7,27.3,42.9,0.0,37.2,13.9,14.4,HISTORICAL TRAINING DATA
2024-09-29,-17.62,27.34,Binga,36.5,28.4,42.8,0.0,51.7,7.1,27.6,HISTORICAL TRAINING DATA
2024-09-30,-17.62,27.34,Binga,33.5,28.2,41.5,0.0,40.3,7.1,20.6,HISTORICAL TRAINING DATA
2024-10-01,-17.62,27.34,Binga,33.6,25.5,40.1,0.0,43.9,13.7,17.3,HISTORICAL TRAINING DATA
2024-10-02,-17.62,27.34,Binga,36.1,30.8,42.5,0.0,44.8,9.1,17.6,HISTORICAL TRAINING DATA
2024-10-03,-17.62,27.34,Binga,35.9,29.5,43.1,8.2,42.7,7.3,24.3,HISTORICAL TRAINING DATA
2024-10-04,-17.62,27.34,Binga,33.9,27.8,42.1,0.0,41.3,12.3,19.1,HISTORICAL TRAINING DATA
2024-10-05,-17.62,27.34,Binga,35.9,28.3,44.2,0.0,40.0,6.0,18.0,HISTORICAL TRAINING DATA
2024-10-06,-17.62,27.34,Binga,35.9,28.0,42.1,0.0,50.0,11.0,21.6,HISTORICAL TRAINING DATA
2024-10-07,-17.62,27.34,Binga,37.4,28.7,45.3,0.0,36.2,8.4,15.1,HISTORICAL TRAINING DATA
2024-10-08,-17.62,27.34,Binga,35.7,29.1,41.3,0.0,44.7,21.0,24.2,HISTORICAL TRAINING DATA
2024-10-09,-17.62,27.34,Binga,34.5,27.2,42.2,0.0,50.5,10.5,27.6,HISTORICAL TRAINING DATA
2024-10-10,-17.62,27.34,Binga,36.5,31.4,43.0,0.0,43.4,8.5,23.8,HISTORICAL TRAINING DATA
2024-10-11,-17.62,27.34,Binga,33.9,27.1,41.3,0.0,37.1,19.9,24.1,HISTORICAL TRAINING DATA
2024-10-12,-17.62,27.34,Binga,34.9,26.1,42.3,0.0,35.0,13.5,17.7,HISTORICAL TRAINING DATA
2024-10-13,-17.62,27.34,Binga,33.6,25.5,41.9,0.0,52.5,13.8,21.1,HISTORICAL TRAINING DATA
2024-10-14,-17.62,27.34,Binga,37.4,32.2,43.0,0.0,54.8,21.7,24.0,HISTORICAL TRAINING DATA
2024-10-15,-17.62,27.34,Binga,35.9,28.0,43.7,0.0,43.5,20.2,18.0,HISTORICAL TRAINING DATA
2024-10-16,-17.62,27.34,Binga,34.4,25.7,42.6,0.0,47.0,12.1,15.3,HISTORICAL TRAINING DATA
2024-10-17,-17.62,27.34,Binga,35.6,29.3,43.8,0.0,44.0,9.9,23.2,HISTORICAL TRAINING DATA
2024-10-18,-17.62,27.34,Binga,33.9,25.0,42.1,0.0,30.8,16.8,16.2,HISTORICAL TRAINING DATA
2024-10-19,-17.62,27.34,Binga,33.6,25.9,40.5,0.0,52.6,21.2,19.1,HISTORICAL TRAINING DATA
2024-10-20,-17.62,27.34,Binga,34.6,26.5,43.1,0.0,47.5,16.9,23.5,HISTORICAL TRAINING DATA
2024-10-21,-17.62,27.34,Binga,34.1,27.3,39.3,0.0,34.9,12.2,15.0,HISTORICAL TRAINING DATA
2024-10-22,-17.62,27.34,Binga,36.0,29.9,44.5,0.0,36.1,13.8,19.4,HISTORICAL TRAINING DATA
2024-10-23,-17.62,27.34,Binga,35.1,28.8,43.2,0.0,34.5,12.0,14.0,HISTORICAL TRAINING DATA
2024-10-24,-17.62,27.34,Binga,34.4,27.3,39.5,7.7,31.8,12.0,25.4,HISTORICAL TRAINING DATA
2024-10-25,-17.62,27.34,Binga,37.1,31.9,45.8,9.2,42.9,6.8,17.3,HISTORICAL TRAINING DATA
2024-10-26,-17.62,27.34,Binga,35.1,28.6,40.6,0.0,50.7,14.5,23.0,HISTORICAL TRAINING DATA
2024-10-27,-17.62,27.34,Binga,36.1,28.6,43.4,0.0,50.9,6.2,17.0,HISTORICAL TRAINING DATA
2024-10-28,-17.62,27.34,Binga,33.7,25.5,39.6,0.0,34.1,6.5,19.1,HISTORICAL TRAINING DATA
2024-10-29,-17.62,27.34,Binga,33.6,27.8,42.4,0.0,34.0,18.1,22.0,HISTORICAL TRAINING DATA
2024-10-30,-17.62,27.34,Binga,36.3,29.0,44.6,0.0,51.4,21.5,14.6,HISTORICAL TRAINING DATA
2024-10-31,-17.62,27.34,Binga,36.0,27.5,42.8,0.0,31.1,20.7,27.3,HISTORICAL TRAINING DATA
2024-11-01,-17.62,27.34,Binga,33.2,27.1,40.8,0.0,68.2,21.2,14.6,HISTORICAL TRAINING DATA
2024-11-02,-17.62,27.34,Binga,30.6,22.9,39.3,0.0,79.4,9.6,15.3,HISTORICAL TRAINING DATA
2024-11-03,-17.62,27.34,Binga,31.7,24.5,38.3,0.0,63.9,16.1,21.4,HISTORICAL TRAINING DATA
2024-11-04,-17.62,27.34,Binga,30.6,24.3,39.6,0.0,69.1,8.5,16.4,HISTORICAL TRAINING DATA
2024-11-05,-17.62,27.34,Binga,32.7,27.5,40.5,1.6,79.7,12.1,17.3,HISTORICAL TRAINING DATA
2024-11-06,-17.62,27.34,Binga,32.7,25.6,37.9,6.5,64.5,6.2,20.3,HISTORICAL TRAINING DATA
2024-11-07,-17.62,27.34,Binga,32.1,25.4,37.6,0.0,88.9,11.7,27.9,HISTORICAL TRAINING DATA
2024-11-08,-17.62,27.34,Binga,31.0,23.2,36.2,0.9,90.6,9.7,24.2,HISTORICAL TRAINING DATA
2024-11-09,-17.62,27.34,Binga,33.3,28.1,40.4,19.9,70.1,15.2,19.2,HISTORICAL TRAINING DATA
2024-11-10,-17.62,27.34,Binga,30.2,24.0,37.5,2.8,78.9,6.9,19.3,HISTORICAL TRAINING DATA
2024-11-11,-17.62,27.34,Binga,30.6,22.8,36.8,0.0,66.8,21.0,26.9,HISTORICAL TRAINING DATA
2024-11-12,-17.62,27.34,Binga,31.8,23.9,39.9,7.4,78.3,20.9,22.9,HISTORICAL TRAINING DATA
2024-11-13,-17.62,27.34,Binga,31.6,23.8,38.9,16.3,69.6,12.9,19.4,HISTORICAL TRAINING DATA
2024-11-14,-17.62,27.34,Binga,30.0,23.0,37.5,25.6,82.8,15.0,19.5,HISTORICAL TRAINING DATA
2024-11-15,-17.62,27.34,Binga,33.3,24.4,42.3,7.6,84.7,17.1,25.9,HISTORICAL TRAINING DATA
2024-11-16,-17.62,27.34,Binga,32.7,24.5,38.1,3.7,87.4,9.0,14.4,HISTORICAL TRAINING DATA
2024-11-17,-17.62,27.34,Binga,30.9,22.5,36.5,0.0,66.9,17.3,23.8,HISTORICAL TRAINING DATA
2024-11-18,-17.62,27.34,Binga,30.4,21.4,37.0,0.0,66.7,10.1,16.6,HISTORICAL TRAINING DATA
2024-11-19,-17.62,27.34,Binga,31.7,25.2,40.0,3.3,65.2,21.4,19.3,HISTORICAL TRAINING DATA
2024-11-20,-17.62,27.34,Binga,32.9,26.2,41.6,0.0,68.3,16.0,23.9,HISTORICAL TRAINING DATA
2024-11-21,-17.62,27.34,Binga,30.4,24.8,35.9,0.0,70.8,17.0,14.3,HISTORICAL TRAINING DATA
2024-11-22,-17.62,27.34,Binga,29.9,23.2,35.6,0.0,60.0,18.2,16.5,HISTORICAL TRAINING DATA
2024-11-23,-17.62,27.34,Binga,30.6,25.3,38.0,39.1,75.8,8.4,22.5,HISTORICAL TRAINING DATA
2024-11-24,-17.62,27.34,Binga,32.7,24.3,39.0,0.0,86.2,10.3,18.8,HISTORICAL TRAINING DATA
2024-11-25,-17.62,27.34,Binga,33.1,25.8,40.5,31.2,70.4,7.1,21.7,HISTORICAL TRAINING DATA
2024-11-26,-17.62,27.34,Binga,30.4,24.2,36.4,15.1,72.6,16.8,16.6,HISTORICAL TRAINING DATA
2024-11-27,-17.62,27.34,Binga,32.5,26.9,38.0,0.0,83.2,13.2,20.5,HISTORICAL TRAINING DATA
2024-11-28,-17.62,27.34,Binga,30.3,21.5,39.1,26.1,76.2,12.4,18.2,HISTORICAL TRAINING DATA
2024-11-29,-17.62,27.34,Binga,31.4,25.6,37.9,0.0,74.2,9.8,25.2,HISTORICAL TRAINING DATA
2024-11-30,-17.62,27.34,Binga,30.8,25.3,37.0,11.7,85.5,17.6,14.5,HISTORICAL TRAINING DATA
2024-12-01,-17.62,27.34,Binga,31.4,25.9,38.4,0.0,83.3,6.3,23.1,HISTORICAL TRAINING DATA
2024-12-02,-17.62,27.34,Binga,31.2,25.6,38.1,0.0,71.7,8.2,22.0,HISTORICAL TRAINING DATA
2024-12-03,-17.62,27.34,Binga,29.5,24.5,34.7,0.0,86.6,17.3,16.7,HISTORICAL TRAINING DATA
2024-12-04,-17.62,27.34,Binga,31.5,23.4,40.3,0.0,80.3,20.1,25.1,HISTORICAL TRAINING DATA
2024-12-05,-17.62,27.34,Binga,33.3,26.5,39.5,0.0,69.0,13.8,22.2,HISTORICAL TRAINING DATA
2024-12-06,-17.62,27.34,Binga,29.9,22.1,37.2,0.0,91.4,13.8,22.0,HISTORICAL TRAINING DATA
2024-12-07,-17.62,27.34,Binga,31.7,25.6,40.3,70.8,85.3,14.1,14.5,HISTORICAL TRAINING DATA
2024-12-08,-17.62,27.34,Binga,32.5,27.4,38.6,0.0,86.0,17.2,23.3,HISTORICAL TRAINING DATA
2024-12-09,-17.62,27.34,Binga,30.1,24.6,38.1,24.7,69.5,21.6,17.6,HISTORICAL TRAINING DATA
2024-12-10,-17.62,27.34,Binga,31.0,23.2,39.5,2.0,77.5,18.9,15.0,HISTORICAL TRAINING DATA
2024-12-11,-17.62,27.34,Binga,33.0,26.6,39.0,11.5,78.0,6.1,15.0,HISTORICAL TRAINING DATA
2024-12-12,-17.62,27.34,Binga,32.2,26.6,40.9,14.4,89.4,19.1,27.6,HISTORICAL TRAINING DATA
2024-12-13,-17.62,27.34,Binga,32.3,23.8,39.9,8.3,65.5,11.5,24.0,HISTORICAL TRAINING DATA
2024-12-14,-17.62,27.34,Binga,32.5,25.4,39.5,0.0,62.1,8.3,27.5,HISTORICAL TRAINING DATA
2024-12-15,-17.62,27.34,Binga,30.3,23.4,36.6,0.0,77.5,14.7,25.9,HISTORICAL TRAINING DATA
2024-12-16,-17.62,27.34,Binga,29.8,24.5,37.7,0.0,72.3,17.2,17.6,HISTORICAL TRAINING DATA
2024-12-17,-17.62,27.34,Binga,32.1,24.7,41.0,7.6,91.3,21.5,19.5,HISTORICAL TRAINING DATA
2024-12-18,-17.62,27.34,Binga,32.5,26.4,40.6,6.7,74.2,12.2,26.4,HISTORICAL TRAINING DATA
2024-12-19,-17.62,27.34,Binga,31.7,23.2,38.4,0.0,87.4,9.2,25.3,HISTORICAL TRAINING DATA
2024-12-20,-17.62,27.34,Binga,29.7,24.1,35.0,0.0,78.4,12.4,14.1,HISTORICAL TRAINING DATA
2024-12-21,-17.62,27.34,Binga,31.2,24.1,40.0,4.6,74.4,11.3,23.3,HISTORICAL TRAINING DATA
2024-12-22,-17.62,27.34,Binga,31.6,23.0,38.0,4.8,84.3,21.9,16.4,HISTORICAL TRAINING DATA
2024-12-23,-17.62,27.34,Binga,31.4,24.6,38.5,0.1,72.4,18.9,25.3,HISTORICAL TRAINING DATA
2024-12-24,-17.62,27.34,Binga,32.9,26.4,38.9,0.7,62.3,7.7,16.5,HISTORICAL TRAINING DATA
2024-12-25,-17.62,27.34,Binga,30.5,23.1,39.3,0.9,76.4,6.1,25.2,HISTORICAL TRAINING DATA
2024-12-26,-17.62,27.34,Binga,32.8,26.1,39.9,6.3,77.1,9.7,18.5,HISTORICAL TRAINING DATA
2024-12-27,-17.62,27.34,Binga,31.4,25.4,37.2,0.8,60.6,20.1,18.2,HISTORICAL TRAINING DATA
2024-12-28,-17.62,27.34,Binga,33.2,28.0,38.4,2.9,80.6,17.1,24.2,HISTORICAL TRAINING DATA
2024-12-29,-17.62,27.34,Binga,31.7,22.7,39.8,0.0,67.1,10.4,15.0,HISTORICAL TRAINING DATA
2024-12-30,-17.62,27.34,Binga,30.6,23.8,35.8,0.0,78.7,15.7,22.3,HISTORICAL TRAINING DATA
2024-01-01,-17.3667,30.2,Chinhoyi,27.0,18.5,32.5,0.0,88.7,10.4,27.9,HISTORICAL TRAINING DATA
2024-01-02,-17.3667,30.2,Chinhoyi,25.7,18.6,31.9,5.4,79.5,20.6,20.5,HISTORICAL TRAINING DATA
2024-01-03,-17.3667,30.2,Chinhoyi,24.9,17.9,33.9,0.0,84.1,21.6,14.2,HISTORICAL TRAINING DATA
2024-01-04,-17.3667,30.2,Chinhoyi,24.8,17.5,32.5,0.0,90.5,20.2,22.2,HISTORICAL TRAINING DATA
2024-01-05,-17.3667,30.2,Chinhoyi,26.0,17.1,31.0,0.0,64.5,17.5,17.5,HISTORICAL TRAINING DATA
2024-01-06,-17.3667,30.2,Chinhoyi,24.1,15.9,33.0,0.0,87.4,11.7,21.4,HISTORICAL TRAINING DATA
2024-01-07,-17.3667,30.2,Chinhoyi,27.4,18.9,34.3,8.8,79.5,19.5,16.1,HISTORICAL TRAINING DATA
2024-01-08,-17.3667,30.2,Chinhoyi,24.4,17.6,30.6,0.0,74.1,13.0,19.1,HISTORICAL TRAINING DATA
2024-01-09,-17.3667,30.2,Chinhoyi,25.0,19.7,33.6,0.0,81.0,17.8,27.9,HISTORICAL TRAINING DATA
2024-01-10,-17.3667,30.2,Chinhoyi,26.2,19.2,34.3,0.0,66.4,8.1,22.5,HISTORICAL TRAINING DATA
2024-01-11,-17.3667,30.2,Chinhoyi,26.6,19.6,35.4,0.0,72.7,7.7,19.9,HISTORICAL TRAINING DATA
2024-01-12,-17.3667,30.2,Chinhoyi,24.5,15.9,29.6,0.0,65.4,16.3,24.1,HISTORICAL TRAINING DATA
2024-01-13,-17.3667,30.2,Chinhoyi,25.0,18.2,33.4,0.0,69.0,10.7,21.2,HISTORICAL TRAINING DATA
2024-01-14,-17.3667,30.2,Chinhoyi,23.9,18.9,30.5,0.0,66.2,19.5,17.0,HISTORICAL TRAINING DATA
2024-01-15,-17.3667,30.2,Chinhoyi,27.4,22.0,35.6,0.0,62.8,20.8,25.2,HISTORICAL TRAINING DATA
2024-01-16,-17.3667,30.2,Chinhoyi,23.9,15.7,32.4,0.0,64.8,19.2,25.5,HISTORICAL TRAINING DATA
2024-01-17,-17.3667,30.2,Chinhoyi,25.8,17.0,34.5,9.5,86.8,9.8,20.4,HISTORICAL TRAINING DATA
2024-01-18,-17.3667,30.2,Chinhoyi,24.1,16.6,32.9,0.0,63.8,6.4,16.1,HISTORICAL TRAINING DATA
2024-01-19,-17.3667,30.2,Chinhoyi,24.2,19.0,32.0,0.0,86.5,18.7,27.7,HISTORICAL TRAINING DATA
2024-01-20,-17.3667,30.2,Chinhoyi,24.8,17.2,30.0,19.3,77.3,20.2,17.9,HISTORICAL TRAINING DATA
2024-01-21,-17.3667,30.2,Chinhoyi,25.4,17.9,32.1,4.7,68.3,13.9,18.4,HISTORICAL TRAINING DATA
2024-01-22,-17.3667,30.2,Chinhoyi,25.9,18.7,33.6,20.5,87.7,19.5,24.5,HISTORICAL TRAINING DATA
2024-01-23,-17.3667,30.2,Chinhoyi,25.4,17.9,32.6,10.5,70.3,10.8,21.1,HISTORICAL TRAINING DATA
2024-01-24,-17.3667,30.2,Chinhoyi,25.9,19.3,33.1,0.0,72.5,14.1,21.7,HISTORICAL TRAINING DATA
2024-01-25,-17.3667,30.2,Chinhoyi,25.3,20.2,32.2,0.3,65.0,7.3,17.3,HISTORICAL TRAINING DATA
2024-01-26,-17.3667,30.2,Chinhoyi,25.1,17.4,30.2,1.5,80.2,19.6,24.3,HISTORICAL TRAINING DATA
2024-01-27,-17.3667,30.2,Chinhoyi,25.7,17.0,33.3,0.0,63.2,14.6,23.0,HISTORICAL TRAINING DATA
2024-01-28,-17.3667,30.2,Chinhoyi,26.9,18.8,35.2,0.0,63.1,6.4,25.6,HISTORICAL TRAINING DATA
2024-01-29,-17.3667,30.2,Chinhoyi,23.5,16.1,32.0,15.1,87.2,6.8,22.2,HISTORICAL TRAINING DATA
2024-01-30,-17.3667,30.2,Chinhoyi,24.4,18.8,31.6,0.0,78.9,20.3,17.1,HISTORICAL TRAINING DATA
2024-01-31,-17.3667,30.2,Chinhoyi,27.1,20.4,33.3,0.0,89.8,20.4,26.9,HISTORICAL TRAINING DATA
2024-02-01,-17.3667,30.2,Chinhoyi,24.5,17.4,31.1,6.6,70.5,14.3,24.2,HISTORICAL TRAINING DATA
2024-02-02,-17.3667,30.2,Chinhoyi,24.4,16.6,29.5,0.0,70.8,13.8,17.3,HISTORICAL TRAINING DATA
2024-02-03,-17.3667,30.2,Chinhoyi,23.9,18.0,30.2,19.6,88.8,11.4,14.6,HISTORICAL TRAINING DATA
2024-02-04,-17.3667,30.2,Chinhoyi,26.9,21.4,32.3,13.5,61.0,13.7,22.4,HISTORICAL TRAINING DATA
2024-02-05,-17.3667,30.2,Chinhoyi,27.0,21.0,33.3,3.8,86.3,21.7,21.5,HISTORICAL TRAINING DATA
2024-02-06,-17.3667,30.2,Chinhoyi,23.9,15.1,31.5,0.8,88.4,17.2,24.5,HISTORICAL TRAINING DATA
2024-02-07,-17.3667,30.2,Chinhoyi,27.2,18.8,33.0,0.0,85.4,14.6,20.2,HISTORICAL TRAINING DATA
2024-02-08,-17.3667,30.2,Chinhoyi,24.8,16.7,32.2,0.0,86.2,17.9,22.2,HISTORICAL TRAINING DATA
2024-02-09,-17.3667,30.2,Chinhoyi,25.3,18.1,33.7,0.0,79.8,8.3,22.9,HISTORICAL TRAINING DATA
2024-02-10,-17.3667,30.2,Chinhoyi,24.7,18.0,30.9,0.0,68.5,12.6,20.6,HISTORICAL TRAINING DATA
2024-02-11,-17.3667,30.2,Chinhoyi,26.7,18.7,34.6,17.2,67.4,12.8,18.2,HISTORICAL TRAINING DATA
2024-02-12,-17.3667,30.2,Chinhoyi,23.6,16.7,31.6,33.3,79.6,14.1,16.9,HISTORICAL TRAINING DATA
2024-02-13,-17.3667,30.2,Chinhoyi,24.0,17.2,32.6,0.0,75.9,15.6,23.8,HISTORICAL TRAINING DATA
2024-02-14,-17.3667,30.2,Chinhoyi,24.1,16.9,32.1,1.3,72.6,17.4,15.9,HISTORICAL TRAINING DATA
2024-02-15,-17.3667,30.2,Chinhoyi,26.8,20.6,32.5,5.5,82.6,19.1,17.2,HISTORICAL TRAINING DATA
2024-02-16,-17.3667,30.2,Chinhoyi,24.7,17.5,32.2,59.0,71.9,10.1,17.5,HISTORICAL TRAINING DATA
2024-02-17,-17.3667,30.2,Chinhoyi,25.2,19.0,33.4,35.2,89.1,19.5,23.9,HISTORICAL TRAINING DATA
2024-02-18,-17.3667,30.2,Chinhoyi,25.1,17.5,31.5,0.0,71.1,10.5,15.2,HISTORICAL TRAINING DATA
2024-02-19,-17.3667,30.2,Chinhoyi,26.0,20.5,31.3,32.2,89.7,6.0,14.2,HISTORICAL TRAINING DATA
2024-02-20,-17.3667,30.2,Chinhoyi,24.1,16.9,29.4,8.6,63.0,19.3,18.0,HISTORICAL TRAINING DATA
2024-02-21,-17.3667,30.2,Chinhoyi,27.5,19.8,34.0,17.3,86.8,20.2,23.9,HISTORICAL TRAINING DATA
2024-02-22,-17.3667,30.2,Chinhoyi,24.5,16.3,30.7,0.0,82.2,17.8,15.8,HISTORICAL TRAINING DATA
2024-02-23,-17.3667,30.2,Chinhoyi,26.7,20.6,34.3,0.0,77.2,9.9,16.8,HISTORICAL TRAINING DATA
2024-02-24,-17.3667,30.2,Chinhoyi,27.2,18.8,33.6,0.0,73.6,20.9,14.4,HISTORICAL TRAINING DATA
2024-02-25,-17.3667,30.2,Chinhoyi,26.4,20.7,33.6,0.0,82.6,9.0,19.3,HISTORICAL TRAINING DATA
2024-02-26,-17.3667,30.2,Chinhoyi,25.3,18.7,32.1,0.0,72.1,7.2,16.0,HISTORICAL TRAINING DATA
2024-02-27,-17.3667,30.2,Chinhoyi,24.8,16.0,29.9,3.3,65.6,18.7,25.7,HISTORICAL TRAINING DATA
2024-02-28,-17.3667,30.2,Chinhoyi,24.0,16.6,31.2,0.0,67.0,7.2,27.8,HISTORICAL TRAINING DATA
2024-02-29,-17.3667,30.2,Chinhoyi,26.4,17.8,33.4,0.0,77.7,15.9,14.2,HISTORICAL TRAINING DATA
2024-03-01,-17.3667,30.2,Chinhoyi,25.4,19.8,31.6,0.0,62.3,19.0,15.7,HISTORICAL TRAINING DATA
2024-03-02,-17.3667,30.2,Chinhoyi,24.7,16.6,31.1,0.0,66.8,13.3,25.9,HISTORICAL TRAINING DATA
2024-03-03,-17.3667,30.2,Chinhoyi,27.1,20.6,32.3,4.4,87.8,14.8,17.4,HISTORICAL TRAINING DATA
2024-03-04,-17.3667,30.2,Chinhoyi,26.5,18.5,34.4,0.8,78.7,16.3,26.5,HISTORICAL TRAINING DATA
2024-03-05,-17.3667,30.2,Chinhoyi,26.0,19.1,32.8,17.0,80.5,19.6,17.7,HISTORICAL TRAINING DATA
2024-03-06,-17.3667,30.2,Chinhoyi,23.9,15.2,32.7,0.0,60.8,20.7,21.7,HISTORICAL TRAINING DATA
2024-03-07,-17.3667,30.2,Chinhoyi,23.5,15.6,32.4,19.4,71.0,19.3,24.9,HISTORICAL TRAINING DATA
2024-03-08,-17.3667,30.2,Chinhoyi,24.6,18.0,30.1,13.8,88.0,14.5,21.5,HISTORICAL TRAINING DATA
2024-03-09,-17.3667,30.2,Chinhoyi,25.8,20.5,34.5,16.9,90.6,10.4,24.2,HISTORICAL TRAINING DATA
2024-03-10,-17.3667,30.2,Chinhoyi,26.3,20.5,32.7,7.9,78.6,7.8,23.8,HISTORICAL TRAINING DATA
2024-03-11,-17.3667,30.2,Chinhoyi,25.9,17.6,31.7,0.0,74.9,8.1,23.6,HISTORICAL TRAINING DATA
2024-03-12,-17.3667,30.2,Chinhoyi,24.7,17.9,32.3,0.0,69.1,12.8,21.2,HISTORICAL TRAINING DATA
2024-03-13,-17.3667,30.2,Chinhoyi,23.7,18.5,29.1,0.0,72.0,17.1,20.7,HISTORICAL TRAINING DATA
2024-03-14,-17.3667,30.2,Chinhoyi,24.5,15.7,30.5,10.5,70.4,12.9,21.5,HISTORICAL TRAINING DATA
2024-03-15,-17.3667,30.2,Chinhoyi,24.2,17.0,31.4,19.3,75.5,7.6,22.6,HISTORICAL TRAINING DATA
2024-03-16,-17.3667,30.2,Chinhoyi,25.1,19.6,33.2,0.0,73.5,19.4,19.7,HISTORICAL TRAINING DATA
2024-03-17,-17.3667,30.2,Chinhoyi,25.7,19.0,33.0,0.0,64.6,9.2,26.9,HISTORICAL TRAINING DATA
2024-03-18,-17.3667,30.2,Chinhoyi,26.4,20.6,33.0,3.7,82.6,6.8,16.7,HISTORICAL TRAINING DATA
2024-03-19,-17.3667,30.2,Chinhoyi,24.2,15.3,32.0,0.0,88.0,11.4,23.7,HISTORICAL TRAINING DATA
2024-03-20,-17.3667,30.2,Chinhoyi,26.2,20.0,31.6,0.0,64.4,10.6,16.1,HISTORICAL TRAINING DATA
2024-03-21,-17.3667,30.2,Chinhoyi,25.1,19.8,31.4,0.0,63.3,15.4,16.0,HISTORICAL TRAINING DATA
2024-03-22,-17.3667,30.2,Chinhoyi,23.9,17.9,32.3,0.0,73.6,14.3,15.8,HISTORICAL TRAINING DATA
2024-03-23,-17.3667,30.2,Chinhoyi,26.9,18.4,34.3,0.4,70.2,8.9,16.5,HISTORICAL TRAINING DATA
2024-03-24,-17.3667,30.2,Chinhoyi,25.0,17.0,33.0,0.3,90.7,19.6,15.6,HISTORICAL TRAINING DATA
2024-03-25,-17.3667,30.2,Chinhoyi,24.3,17.0,30.1,0.0,66.7,16.3,19.1,HISTORICAL TRAINING DATA
2024-03-26,-17.3667,30.2,Chinhoyi,25.6,19.7,31.5,0.0,63.7,15.6,18.7,HISTORICAL TRAINING DATA
2024-03-27,-17.3667,30.2,Chinhoyi,26.9,21.1,32.7,0.0,70.7,12.4,24.8,HISTORICAL TRAINING DATA
2024-03-28,-17.3667,30.2,Chinhoyi,24.7,17.4,31.4,18.9,65.5,9.1,16.4,HISTORICAL TRAINING DATA
2024-03-29,-17.3667,30.2,Chinhoyi,23.7,17.7,31.7,0.0,90.4,16.2,20.6,HISTORICAL TRAINING DATA
2024-03-30,-17.3667,30.2,Chinhoyi,27.1,19.8,34.7,0.0,68.9,11.8,22.7,HISTORICAL TRAINING DATA
2024-03-31,-17.3667,30.2,Chinhoyi,26.8,19.1,35.8,21.6,62.9,21.7,19.7,HISTORICAL TRAINING DATA
2024-04-01,-17.3667,30.2,Chinhoyi,30.8,23.8,39.3,0.0,31.7,21.4,19.2,HISTORICAL TRAINING DATA
2024-04-02,-17.3667,30.2,Chinhoyi,28.5,19.8,35.2,0.0,31.5,7.7,20.6,HISTORICAL TRAINING DATA
2024-04-03,-17.3667,30.2,Chinhoyi,31.5,24.1,38.0,0.0,40.1,10.6,20.2,HISTORICAL TRAINING DATA
2024-04-04,-17.3667,30.2,Chinhoyi,31.5,24.7,37.7,0.0,49.1,9.7,16.9,HISTORICAL TRAINING DATA
2024-04-05,-17.3667,30.2,Chinhoyi,29.8,24.3,37.4,0.0,53.1,18.3,21.7,HISTORICAL TRAINING DATA
2024-04-06,-17.3667,30.2,Chinhoyi,28.9,20.3,36.7,0.0,37.2,21.8,20.9,HISTORICAL TRAINING DATA
2024-04-07,-17.3667,30.2,Chinhoyi,29.9,24.5,37.4,0.0,38.5,19.8,23.8,HISTORICAL TRAINING DATA
2024-04-08,-17.3667,30.2,Chinhoyi,29.2,20.4,35.5,0.0,45.6,9.4,23.2,HISTORICAL TRAINING DATA
2024-04-09,-17.3667,30.2,Chinhoyi,29.1,23.2,36.5,0.0,48.7,12.6,15.4,HISTORICAL TRAINING DATA
2024-04-10,-17.3667,30.2,Chinhoyi,30.4,23.1,36.4,0.0,44.1,15.7,26.5,HISTORICAL TRAINING DATA
2024-04-11,-17.3667,30.2,Chinhoyi,29.7,23.3,35.6,0.0,40.4,21.1,15.2,HISTORICAL TRAINING DATA
2024-04-12,-17.3667,30.2,Chinhoyi,29.1,21.3,34.4,0.0,46.4,9.9,21.0,HISTORICAL TRAINING DATA
2024-04-13,-17.3667,30.2,Chinhoyi,28.3,20.6,36.4,0.0,31.5,18.4,27.2,HISTORICAL TRAINING DATA
2024-04-14,-17.3667,30.2,Chinhoyi,28.6,19.8,37.2,0.0,50.4,6.3,26.5,HISTORICAL TRAINING DATA
2024-04-15,-17.3667,30.2,Chinhoyi,29.0,23.5,34.5,0.0,35.2,10.6,25.0,HISTORICAL TRAINING DATA
2024-04-16,-17.3667,30.2,Chinhoyi,29.9,23.3,36.2,0.0,49.3,10.4,16.0,HISTORICAL TRAINING DATA
2024-04-17,-17.3667,30.2,Chinhoyi,29.8,21.4,36.0,0.0,34.1,18.0,16.9,HISTORICAL TRAINING DATA
2024-04-18,-17.3667,30.2,Chinhoyi,30.8,22.8,38.1,0.0,41.5,18.9,22.8,HISTORICAL TRAINING DATA
2024-04-19,-17.3667,30.2,Chinhoyi,28.7,22.7,37.1,0.0,50.5,7.3,23.3,HISTORICAL TRAINING DATA
2024-04-20,-17.3667,30.2,Chinhoyi,28.2,20.4,35.5,0.0,52.8,7.4,19.7,HISTORICAL TRAINING DATA
2024-04-21,-17.3667,30.2,Chinhoyi,31.5,25.6,37.3,7.1,43.8,7.8,15.5,HISTORICAL TRAINING DATA
2024-04-22,-17.3667,30.2,Chinhoyi,29.1,21.8,34.5,0.0,49.6,18.4,17.5,HISTORICAL TRAINING DATA
2024-04-23,-17.3667,30.2,Chinhoyi,29.9,21.9,35.7,0.0,30.8,9.7,27.6,HISTORICAL TRAINING DATA
2024-04-24,-17.3667,30.2,Chinhoyi,28.4,21.4,36.6,0.0,40.5,21.3,17.8,HISTORICAL TRAINING DATA
2024-04-25,-17.3667,30.2,Chinhoyi,30.7,23.5,38.4,0.0,50.6,7.4,14.9,HISTORICAL TRAINING DATA
2024-04-26,-17.3667,30.2,Chinhoyi,27.8,22.6,36.8,0.0,45.0,20.5,15.3,HISTORICAL TRAINING DATA
2024-04-27,-17.3667,30.2,Chinhoyi,29.1,21.3,36.8,0.0,44.5,7.3,14.3,HISTORICAL TRAINING DATA
2024-04-28,-17.3667,30.2,Chinhoyi,30.9,22.3,36.0,0.0,53.1,14.5,25.6,HISTORICAL TRAINING DATA
2024-04-29,-17.3667,30.2,Chinhoyi,29.2,20.5,38.2,0.0,33.0,18.0,15.0,HISTORICAL TRAINING DATA
2024-04-30,-17.3667,30.2,Chinhoyi,30.0,21.6,35.8,3.6,33.0,14.0,24.4,HISTORICAL TRAINING DATA
2024-05-01,-17.3667,30.2,Chinhoyi,16.2,7.2,22.0,0.0,57.2,9.2,20.0,HISTORICAL TRAINING DATA
2024-05-02,-17.3667,30.2,Chinhoyi,14.7,7.8,23.5,0.0,51.8,15.5,16.9,HISTORICAL TRAINING DATA
2024-05-03,-17.3667,30.2,Chinhoyi,15.3,8.4,23.7,0.0,43.1,20.1,25.1,HISTORICAL TRAINING DATA
2024-05-04,-17.3667,30.2,Chinhoyi,17.0,11.6,24.8,0.0,54.6,20.8,25.4,HISTORICAL TRAINING DATA
2024-05-05,-17.3667,30.2,Chinhoyi,13.5,5.0,19.2,0.0,46.6,20.9,21.8,HISTORICAL TRAINING DATA
2024-05-06,-17.3667,30.2,Chinhoyi,14.9,6.5,21.7,0.0,38.0,16.1,18.4,HISTORICAL TRAINING DATA
2024-05-07,-17.3667,30.2,Chinhoyi,13.9,5.1,19.7,0.0,36.9,13.0,25.9,HISTORICAL TRAINING DATA
2024-05-08,-17.3667,30.2,Chinhoyi,16.0,10.3,21.3,0.0,56.5,14.9,27.5,HISTORICAL TRAINING DATA
2024-05-09,-17.3667,30.2,Chinhoyi,17.3,8.5,25.0,0.0,42.5,12.1,25.0,HISTORICAL TRAINING DATA
2024-05-10,-17.3667,30.2,Chinhoyi,13.5,8.0,19.6,0.0,51.0,6.8,23.9,HISTORICAL TRAINING DATA
2024-05-11,-17.3667,30.2,Chinhoyi,17.2,10.5,24.8,0.0,43.3,21.5,16.6,HISTORICAL TRAINING DATA
2024-05-12,-17.3667,30.2,Chinhoyi,17.2,10.9,26.2,0.0,55.4,8.8,23.2,HISTORICAL TRAINING DATA
2024-05-13,-17.3667,30.2,Chinhoyi,14.5,7.0,20.7,0.0,35.1,17.5,14.9,HISTORICAL TRAINING DATA
2024-05-14,-17.3667,30.2,Chinhoyi,14.7,7.2,21.8,0.0,49.9,20.6,19.0,HISTORICAL TRAINING DATA
2024-05-15,-17.3667,30.2,Chinhoyi,15.9,7.1,21.8,0.0,49.3,6.9,19.2,HISTORICAL TRAINING DATA
2024-05-16,-17.3667,30.2,Chinhoyi,15.1,8.4,21.5,0.0,53.3,16.6,19.6,HISTORICAL TRAINING DATA
2024-05-17,-17.3667,30.2,Chinhoyi,16.0,10.5,25.0,0.0,42.4,13.2,24.1,HISTORICAL TRAINING DATA
2024-05-18,-17.3667,30.2,Chinhoyi,15.7,8.1,22.3,0.0,38.3,6.4,19.4,HISTORICAL TRAINING DATA
2024-05-19,-17.3667,30.2,Chinhoyi,17.5,11.3,26.5,0.0,36.1,20.7,15.6,HISTORICAL TRAINING DATA
2024-05-20,-17.3667,30.2,Chinhoyi,16.6,9.0,25.5,0.0,44.5,19.8,17.6,HISTORICAL TRAINING DATA
2024-05-21,-17.3667,30.2,Chinhoyi,14.4,8.9,19.4,0.0,54.5,21.5,27.7,HISTORICAL TRAINING DATA
2024-05-22,-17.3667,30.2,Chinhoyi,15.9,9.8,24.7,0.0,36.5,18.2,20.8,HISTORICAL TRAINING DATA
2024-05-23,-17.3667,30.2,Chinhoyi,15.4,7.5,20.8,0.9,39.8,19.9,23.2,HISTORICAL TRAINING DATA
2024-05-24,-17.3667,30.2,Chinhoyi,16.9,11.2,22.6,0.0,38.7,6.2,17.9,HISTORICAL TRAINING DATA
2024-05-25,-17.3667,30.2,Chinhoyi,16.2,7.2,23.6,0.0,39.8,10.8,14.0,HISTORICAL TRAINING DATA
2024-05-26,-17.3667,30.2,Chinhoyi,17.1,10.3,25.3,0.0,48.9,9.7,26.5,HISTORICAL TRAINING DATA
2024-05-27,-17.3667,30.2,Chinhoyi,17.1,9.4,25.4,0.0,41.2,21.1,18.4,HISTORICAL TRAINING DATA
2024-05-28,-17.3667,30.2,Chinhoyi,16.2,10.6,24.3,0.0,46.1,14.5,15.8,HISTORICAL TRAINING DATA
2024-05-29,-17.3667,30.2,Chinhoyi,14.2,8.7,22.0,0.0,45.9,16.6,27.4,HISTORICAL TRAINING DATA
2024-05-30,-17.3667,30.2,Chinhoyi,15.3,8.2,20.4,0.0,54.0,20.8,14.2,HISTORICAL TRAINING DATA
2024-05-31,-17.3667,30.2,Chinhoyi,17.2,11.1,25.7,0.0,37.6,21.1,17.4,HISTORICAL TRAINING DATA
2024-06-01,-17.3667,30.2,Chinhoyi,17.2,9.0,24.2,0.0,54.0,20.5,27.0,HISTORICAL TRAINING DATA
2024-06-02,-17.3667,30.2,Chinhoyi,16.4,9.6,24.4,0.0,45.2,16.1,21.7,HISTORICAL TRAINING DATA
2024-06-03,-17.3667,30.2,Chinhoyi,16.8,8.1,22.7,0.0,51.9,12.2,24.6,HISTORICAL TRAINING DATA
2024-06-04,-17.3667,30.2,Chinhoyi,15.5,6.6,23.2,0.0,51.1,9.6,21.8,HISTORICAL TRAINING DATA
2024-06-05,-17.3667,30.2,Chinhoyi,14.4,6.1,21.9,0.0,37.4,20.5,20.2,HISTORICAL TRAINING DATA
2024-06-06,-17.3667,30.2,Chinhoyi,13.8,7.2,21.1,0.0,55.6,11.1,18.6,HISTORICAL TRAINING DATA
2024-06-07,-17.3667,30.2,Chinhoyi,16.2,9.7,23.5,0.0,47.3,17.2,14.3,HISTORICAL TRAINING DATA
2024-06-08,-17.3667,30.2,Chinhoyi,14.5,9.5,21.1,0.0,57.4,21.4,21.9,HISTORICAL TRAINING DATA
2024-06-09,-17.3667,30.2,Chinhoyi,17.3,10.2,25.5,0.0,57.3,12.9,19.3,HISTORICAL TRAINING DATA
2024-06-10,-17.3667,30.2,Chinhoyi,14.6,8.6,21.4,0.0,45.5,10.4,20.2,HISTORICAL TRAINING DATA
2024-06-11,-17.3667,30.2,Chinhoyi,17.3,10.7,26.0,0.0,38.6,12.7,21.8,HISTORICAL TRAINING DATA
2024-06-12,-17.3667,30.2,Chinhoyi,16.3,9.9,23.8,0.0,36.5,14.2,16.7,HISTORICAL TRAINING DATA
2024-06-13,-17.3667,30.2,Chinhoyi,14.6,7.2,21.2,0.0,39.0,10.3,20.4,HISTORICAL TRAINING DATA
2024-06-14,-17.3667,30.2,Chinhoyi,14.2,5.9,22.4,0.0,39.5,14.5,23.5,HISTORICAL TRAINING DATA
2024-06-15,-17.3667,30.2,Chinhoyi,16.5,10.7,23.6,0.0,41.3,18.3,17.8,HISTORICAL TRAINING DATA
2024-06-16,-17.3667,30.2,Chinhoyi,15.7,9.4,21.7,0.0,37.8,20.0,22.4,HISTORICAL TRAINING DATA
2024-06-17,-17.3667,30.2,Chinhoyi,16.2,7.8,23.5,0.0,46.5,6.5,16.4,HISTORICAL TRAINING DATA
2024-06-18,-17.3667,30.2,Chinhoyi,15.5,9.4,22.0,0.0,35.4,7.0,28.0,HISTORICAL TRAINING DATA
2024-06-19,-17.3667,30.2,Chinhoyi,16.6,10.3,24.0,0.0,50.5,11.7,27.0,HISTORICAL TRAINING DATA
2024-06-20,-17.3667,30.2,Chinhoyi,14.1,5.9,21.2,0.0,48.4,9.6,17.9,HISTORICAL TRAINING DATA
2024-06-21,-17.3667,30.2,Chinhoyi,13.9,8.1,22.4,0.0,45.9,15.9,15.3,HISTORICAL TRAINING DATA
2024-06-22,-17.3667,30.2,Chinhoyi,16.9,9.5,25.2,0.0,58.8,6.4,15.2,HISTORICAL TRAINING DATA
2024-06-23,-17.3667,30.2,Chinhoyi,15.6,10.2,23.4,0.0,39.4,15.4,26.6,HISTORICAL TRAINING DATA
2024-06-24,-17.3667,30.2,Chinhoyi,16.0,7.6,22.6,0.0,56.5,21.8,25.5,HISTORICAL TRAINING DATA
2024-06-25,-17.3667,30.2,Chinhoyi,14.5,8.6,20.1,0.0,38.0,6.7,21.4,HISTORICAL TRAINING DATA
2024-06-26,-17.3667,30.2,Chinhoyi,13.7,8.6,19.1,0.0,39.6,15.4,15.5,HISTORICAL TRAINING DATA
2024-06-27,-17.3667,30.2,Chinhoyi,16.5,10.6,24.0,0.0,44.3,7.4,14.9,HISTORICAL TRAINING DATA
2024-06-28,-17.3667,30.2,Chinhoyi,17.3,9.7,24.0,0.0,52.7,12.0,16.6,HISTORICAL TRAINING DATA
2024-06-29,-17.3667,30.2,Chinhoyi,16.1,8.3,21.4,0.0,51.9,17.8,19.0,HISTORICAL TRAINING DATA
2024-06-30,-17.3667,30.2,Chinhoyi,15.1,6.9,20.7,1.0,59.9,6.0,25.1,HISTORICAL TRAINING DATA
2024-07-01,-17.3667,30.2,Chinhoyi,16.1,8.2,21.5,0.0,40.4,12.2,22.8,HISTORICAL TRAINING DATA
2024-07-02,-17.3667,30.2,Chinhoyi,15.6,9.5,22.1,0.0,54.2,13.1,18.0,HISTORICAL TRAINING DATA
2024-07-03,-17.3667,30.2,Chinhoyi,16.5,7.7,22.9,1.5,50.4,16.8,23.8,HISTORICAL TRAINING DATA
2024-07-04,-17.3667,30.2,Chinhoyi,17.1,10.1,26.0,0.0,46.3,17.4,18.8,HISTORICAL TRAINING DATA
2024-07-05,-17.3667,30.2,Chinhoyi,16.1,8.1,21.4,0.0,51.2,6.4,22.1,HISTORICAL TRAINING DATA
2024-07-06,-17.3667,30.2,Chinhoyi,15.3,8.4,20.5,0.0,51.2,16.6,25.2,HISTORICAL TRAINING DATA
2024-07-07,-17.3667,30.2,Chinhoyi,15.0,7.3,21.6,0.0,41.1,16.0,23.5,HISTORICAL TRAINING DATA
2024-07-08,-17.3667,30.2,Chinhoyi,15.7,8.2,21.6,0.0,55.6,9.9,16.1,HISTORICAL TRAINING DATA
2024-07-09,-17.3667,30.2,Chinhoyi,14.8,9.1,23.2,0.0,43.9,12.1,22.9,HISTORICAL TRAINING DATA
2024-07-10,-17.3667,30.2,Chinhoyi,14.6,8.7,21.6,0.0,44.2,7.3,25.8,HISTORICAL TRAINING DATA
2024-07-11,-17.3667,30.2,Chinhoyi,15.1,6.3,21.1,0.0,36.0,19.3,24.8,HISTORICAL TRAINING DATA
2024-07-12,-17.3667,30.2,Chinhoyi,16.5,8.7,25.0,0.0,49.1,17.2,15.0,HISTORICAL TRAINING DATA
2024-07-13,-17.3667,30.2,Chinhoyi,16.9,9.4,25.3,0.0,50.0,12.1,16.9,HISTORICAL TRAINING DATA
2024-07-14,-17.3667,30.2,Chinhoyi,13.6,7.6,20.6,0.0,48.4,14.9,25.2,HISTORICAL TRAINING DATA
2024-07-15,-17.3667,30.2,Chinhoyi,15.5,6.6,24.1,0.0,36.8,20.7,16.0,HISTORICAL TRAINING DATA
2024-07-16,-17.3667,30.2,Chinhoyi,17.1,12.0,23.7,0.0,51.7,11.6,23.8,HISTORICAL TRAINING DATA
2024-07-17,-17.3667,30.2,Chinhoyi,15.9,7.8,21.8,0.0,46.1,20.2,14.9,HISTORICAL TRAINING DATA
2024-07-18,-17.3667,30.2,Chinhoyi,16.9,8.1,22.8,0.0,42.0,18.9,17.5,HISTORICAL TRAINING DATA
2024-07-19,-17.3667,30.2,Chinhoyi,13.7,5.0,20.2,0.0,44.8,13.5,19.8,HISTORICAL TRAINING DATA
2024-07-20,-17.3667,30.2,Chinhoyi,15.4,9.7,21.5,0.0,49.7,18.8,18.0,HISTORICAL TRAINING DATA
2024-07-21,-17.3667,30.2,Chinhoyi,16.0,8.5,22.3,0.0,42.7,21.3,22.1,HISTORICAL TRAINING DATA
2024-07-22,-17.3667,30.2,Chinhoyi,13.6,4.9,22.1,0.0,44.6,8.3,23.4,HISTORICAL TRAINING DATA
2024-07-23,-17.3667,30.2,Chinhoyi,14.0,5.5,21.9,0.0,53.8,8.9,27.2,HISTORICAL TRAINING DATA
2024-07-24,-17.3667,30.2,Chinhoyi,14.5,7.2,20.4,0.0,50.3,17.0,17.8,HISTORICAL TRAINING DATA
2024-07-25,-17.3667,30.2,Chinhoyi,16.9,10.2,25.1,0.0,37.8,11.9,14.1,HISTORICAL TRAINING DATA
2024-07-26,-17.3667,30.2,Chinhoyi,16.9,10.1,25.8,0.0,57.3,17.0,26.0,HISTORICAL TRAINING DATA
2024-07-27,-17.3667,30.2,Chinhoyi,14.8,8.4,21.8,0.0,42.2,15.1,26.0,HISTORICAL TRAINING DATA
2024-07-28,-17.3667,30.2,Chinhoyi,17.0,9.2,22.2,0.0,48.0,6.4,17.2,HISTORICAL TRAINING DATA
2024-07-29,-17.3667,30.2,Chinhoyi,15.1,7.8,23.4,0.0,42.3,21.1,27.3,HISTORICAL TRAINING DATA
2024-07-30,-17.3667,30.2,Chinhoyi,14.4,5.9,22.2,0.0,51.1,20.8,23.8,HISTORICAL TRAINING DATA
2024-07-31,-17.3667,30.2,Chinhoyi,16.4,9.5,24.5,0.0,58.1,13.1,19.5,HISTORICAL TRAINING DATA
2024-08-01,-17.3667,30.2,Chinhoyi,15.9,7.4,24.8,0.0,38.5,14.3,16.8,HISTORICAL TRAINING DATA
2024-08-02,-17.3667,30.2,Chinhoyi,17.0,8.7,22.2,0.0,57.1,21.2,14.7,HISTORICAL TRAINING DATA
2024-08-03,-17.3667,30.2,Chinhoyi,13.9,5.3,19.5,0.0,42.3,19.1,24.8,HISTORICAL TRAINING DATA
2024-08-04,-17.3667,30.2,Chinhoyi,14.0,8.2,22.4,0.0,59.8,16.8,19.3,HISTORICAL TRAINING DATA
2024-08-05,-17.3667,30.2,Chinhoyi,13.7,5.9,21.1,0.0,58.5,14.0,24.4,HISTORICAL TRAINING DATA
2024-08-06,-17.3667,30.2,Chinhoyi,17.2,10.8,24.9,0.0,35.2,15.7,18.0,HISTORICAL TRAINING DATA
2024-08-07,-17.3667,30.2,Chinhoyi,15.8,8.5,22.2,0.0,38.3,12.7,22.0,HISTORICAL TRAINING DATA
2024-08-08,-17.3667,30.2,Chinhoyi,14.2,8.1,20.6,0.0,39.7,19.9,26.7,HISTORICAL TRAINING DATA
2024-08-09,-17.3667,30.2,Chinhoyi,13.8,4.9,22.3,0.0,55.6,7.2,26.6,HISTORICAL TRAINING DATA
2024-08-10,-17.3667,30.2,Chinhoyi,16.3,7.7,24.2,0.0,43.6,20.3,23.0,HISTORICAL TRAINING DATA
2024-08-11,-17.3667,30.2,Chinhoyi,15.3,7.4,22.6,0.0,58.8,18.1,24.3,HISTORICAL TRAINING DATA
2024-08-12,-17.3667,30.2,Chinhoyi,16.4,11.1,22.3,0.0,36.5,11.6,19.4,HISTORICAL TRAINING DATA
2024-08-13,-17.3667,30.2,Chinhoyi,15.5,9.1,22.6,0.0,40.3,16.5,17.8,HISTORICAL TRAINING DATA
2024-08-14,-17.3667,30.2,Chinhoyi,14.9,8.5,20.1,0.0,46.5,6.7,22.9,HISTORICAL TRAINING DATA
2024-08-15,-17.3667,30.2,Chinhoyi,17.1,10.6,23.9,0.0,58.3,13.8,25.4,HISTORICAL TRAINING DATA
2024-08-16,-17.3667,30.2,Chinhoyi,15.3,7.9,20.9,0.0,59.1,13.4,26.8,HISTORICAL TRAINING DATA
2024-08-17,-17.3667,30.2,Chinhoyi,17.1,9.9,24.9,0.0,48.2,13.7,15.4,HISTORICAL TRAINING DATA
2024-08-18,-17.3667,30.2,Chinhoyi,17.1,10.4,25.3,0.0,58.2,21.6,15.6,HISTORICAL TRAINING DATA
2024-08-19,-17.3667,30.2,Chinhoyi,15.2,8.5,22.5,0.0,55.8,17.4,16.8,HISTORICAL TRAINING DATA
2024-08-20,-17.3667,30.2,Chinhoyi,16.7,11.5,23.0,0.0,46.9,6.4,27.6,HISTORICAL TRAINING DATA
2024-08-21,-17.3667,30.2,Chinhoyi,15.4,7.8,20.6,0.0,41.4,11.6,18.6,HISTORICAL TRAINING DATA
2024-08-22,-17.3667,30.2,Chinhoyi,14.7,5.9,23.6,0.0,41.2,15.3,22.3,HISTORICAL TRAINING DATA
2024-08-23,-17.3667,30.2,Chinhoyi,14.5,7.9,20.0,0.0,39.0,13.5,24.9,HISTORICAL TRAINING DATA
2024-08-24,-17.3667,30.2,Chinhoyi,15.6,9.3,23.8,0.0,36.7,20.9,20.0,HISTORICAL TRAINING DATA
2024-08-25,-17.3667,30.2,Chinhoyi,15.6,7.1,21.4,0.0,35.1,8.4,21.2,HISTORICAL TRAINING DATA
2024-08-26,-17.3667,30.2,Chinhoyi,16.7,9.8,23.2,0.0,46.6,15.5,25.4,HISTORICAL TRAINING DATA
2024-08-27,-17.3667,30.2,Chinhoyi,16.6,8.4,24.5,0.0,50.9,8.6,15.8,HISTORICAL TRAINING DATA
2024-08-28,-17.3667,30.2,Chinhoyi,15.4,6.6,20.4,0.0,45.7,14.7,25.5,HISTORICAL TRAINING DATA
2024-08-29,-17.3667,30.2,Chinhoyi,13.7,8.2,21.6,1.8,58.1,6.1,20.4,HISTORICAL TRAINING DATA
2024-08-30,-17.3667,30.2,Chinhoyi,14.2,8.5,21.1,0.0,52.9,13.6,20.4,HISTORICAL TRAINING DATA
2024-08-31,-17.3667,30.2,Chinhoyi,14.5,6.5,20.7,0.0,38.0,11.1,23.7,HISTORICAL TRAINING DATA
2024-09-01,-17.3667,30.2,Chinhoyi,29.4,24.4,36.8,0.0,39.7,6.1,26.7,HISTORICAL TRAINING DATA
2024-09-02,-17.3667,30.2,Chinhoyi,28.1,22.5,34.3,2.3,51.4,10.6,17.0,HISTORICAL TRAINING DATA
2024-09-03,-17.3667,30.2,Chinhoyi,30.2,21.9,37.9,7.6,42.1,21.8,15.3,HISTORICAL TRAINING DATA
2024-09-04,-17.3667,30.2,Chinhoyi,30.0,23.3,35.5,0.0,47.8,15.3,22.8,HISTORICAL TRAINING DATA
2024-09-05,-17.3667,30.2,Chinhoyi,27.9,21.5,34.5,0.0,45.2,18.3,19.7,HISTORICAL TRAINING DATA
2024-09-06,-17.3667,30.2,Chinhoyi,27.7,20.6,33.6,0.0,47.0,10.6,17.7,HISTORICAL TRAINING DATA
2024-09-07,-17.3667,30.2,Chinhoyi,27.6,18.8,35.9,0.0,33.8,21.1,27.8,HISTORICAL TRAINING DATA
2024-09-08,-17.3667,30.2,Chinhoyi,29.0,22.2,34.8,0.0,34.9,17.1,15.8,HISTORICAL TRAINING DATA
2024-09-09,-17.3667,30.2,Chinhoyi,27.9,20.0,34.7,3.3,54.6,11.8,18.0,HISTORICAL TRAINING DATA
2024-09-10,-17.3667,30.2,Chinhoyi,30.2,23.8,38.3,0.0,49.1,15.4,15.2,HISTORICAL TRAINING DATA
2024-09-11,-17.3667,30.2,Chinhoyi,31.3,24.7,39.6,7.3,31.1,8.4,14.1,HISTORICAL TRAINING DATA
2024-09-12,-17.3667,30.2,Chinhoyi,29.5,22.2,35.4,0.0,38.7,10.2,20.6,HISTORICAL TRAINING DATA
2024-09-13,-17.3667,30.2,Chinhoyi,28.8,20.4,34.7,0.0,43.9,10.6,21.0,HISTORICAL TRAINING DATA
2024-09-14,-17.3667,30.2,Chinhoyi,28.3,22.6,34.5,0.0,32.2,12.4,22.0,HISTORICAL TRAINING DATA
2024-09-15,-17.3667,30.2,Chinhoyi,30.8,22.9,39.5,0.0,54.3,21.8,19.4,HISTORICAL TRAINING DATA
2024-09-16,-17.3667,30.2,Chinhoyi,28.6,23.5,34.5,0.0,50.3,21.1,27.3,HISTORICAL TRAINING DATA
2024-09-17,-17.3667,30.2,Chinhoyi,30.3,23.8,38.4,0.0,40.2,8.3,19.5,HISTORICAL TRAINING DATA
2024-09-18,-17.3667,30.2,Chinhoyi,28.8,23.2,36.7,0.0,44.8,16.7,18.1,HISTORICAL TRAINING DATA
2024-09-19,-17.3667,30.2,Chinhoyi,27.7,22.1,34.8,8.9,46.9,16.6,15.2,HISTORICAL TRAINING DATA
2024-09-20,-17.3667,30.2,Chinhoyi,30.2,24.8,35.3,0.0,30.4,18.3,17.9,HISTORICAL TRAINING DATA
2024-09-21,-17.3667,30.2,Chinhoyi,30.8,22.0,36.6,0.0,32.9,6.9,23.0,HISTORICAL TRAINING DATA
2024-09-22,-17.3667,30.2,Chinhoyi,30.4,23.7,38.0,0.0,38.0,9.5,22.4,HISTORICAL TRAINING DATA
2024-09-23,-17.3667,30.2,Chinhoyi,30.6,25.2,35.8,0.0,50.3,17.6,22.3,HISTORICAL TRAINING DATA
2024-09-24,-17.3667,30.2,Chinhoyi,29.6,22.4,36.7,0.0,35.9,17.6,25.3,HISTORICAL TRAINING DATA
2024-09-25,-17.3667,30.2,Chinhoyi,28.7,23.0,36.3,0.0,54.2,21.2,18.7,HISTORICAL TRAINING DATA
2024-09-26,-17.3667,30.2,Chinhoyi,31.3,23.3,38.8,5.9,53.6,6.8,24.4,HISTORICAL TRAINING DATA
2024-09-27,-17.3667,30.2,Chinhoyi,27.7,20.9,34.4,0.0,35.5,9.9,19.8,HISTORICAL TRAINING DATA
2024-09-28,-17.3667,30.2,Chinhoyi,28.2,20.0,33.5,0.0,30.6,21.8,23.4,HISTORICAL TRAINING DATA
2024-09-29,-17.3667,30.2,Chinhoyi,29.2,21.9,37.3,8.7,51.6,20.3,27.7,HISTORICAL TRAINING DATA
2024-09-30,-17.3667,30.2,Chinhoyi,30.6,21.9,36.5,0.0,51.8,21.9,26.1,HISTORICAL TRAINING DATA
2024-10-01,-17.3667,30.2,Chinhoyi,27.9,19.1,35.6,0.0,47.0,17.9,14.1,HISTORICAL TRAINING DATA
2024-10-02,-17.3667,30.2,Chinhoyi,30.0,23.2,37.0,0.0,35.1,21.7,15.3,HISTORICAL TRAINING DATA
2024-10-03,-17.3667,30.2,Chinhoyi,29.8,22.2,37.3,0.0,37.7,13.6,19.7,HISTORICAL TRAINING DATA
2024-10-04,-17.3667,30.2,Chinhoyi,31.0,25.5,39.2,0.0,48.9,12.8,23.7,HISTORICAL TRAINING DATA
2024-10-05,-17.3667,30.2,Chinhoyi,27.9,19.3,35.5,0.0,40.0,14.7,27.4,HISTORICAL TRAINING DATA
2024-10-06,-17.3667,30.2,Chinhoyi,29.1,20.5,36.8,0.0,43.6,6.4,24.2,HISTORICAL TRAINING DATA
2024-10-07,-17.3667,30.2,Chinhoyi,29.1,22.2,35.7,0.0,46.0,15.5,16.6,HISTORICAL TRAINING DATA
2024-10-08,-17.3667,30.2,Chinhoyi,29.2,22.2,36.5,0.0,50.8,17.0,20.3,HISTORICAL TRAINING DATA
2024-10-09,-17.3667,30.2,Chinhoyi,29.1,22.8,34.8,0.0,54.7,20.7,22.4,HISTORICAL TRAINING DATA
2024-10-10,-17.3667,30.2,Chinhoyi,31.1,24.2,38.4,0.0,45.2,9.9,18.5,HISTORICAL TRAINING DATA
2024-10-11,-17.3667,30.2,Chinhoyi,29.6,22.7,36.5,0.0,38.5,12.9,27.6,HISTORICAL TRAINING DATA
2024-10-12,-17.3667,30.2,Chinhoyi,30.8,22.5,39.5,0.0,30.6,11.9,24.4,HISTORICAL TRAINING DATA
2024-10-13,-17.3667,30.2,Chinhoyi,27.6,18.9,33.1,1.7,47.8,13.1,26.5,HISTORICAL TRAINING DATA
2024-10-14,-17.3667,30.2,Chinhoyi,30.6,24.9,35.9,0.0,43.8,19.2,22.3,HISTORICAL TRAINING DATA
2024-10-15,-17.3667,30.2,Chinhoyi,31.3,23.1,38.4,0.0,39.9,13.1,23.1,HISTORICAL TRAINING DATA
2024-10-16,-17.3667,30.2,Chinhoyi,30.9,25.6,38.5,0.0,40.7,18.4,14.1,HISTORICAL TRAINING DATA
2024-10-17,-17.3667,30.2,Chinhoyi,29.9,22.4,37.0,0.0,44.9,13.2,25.7,HISTORICAL TRAINING DATA
2024-10-18,-17.3667,30.2,Chinhoyi,29.5,22.0,37.0,0.0,54.8,18.4,22.3,HISTORICAL TRAINING DATA
2024-10-19,-17.3667,30.2,Chinhoyi,27.6,21.2,32.6,0.0,51.9,16.3,19.5,HISTORICAL TRAINING DATA
2024-10-20,-17.3667,30.2,Chinhoyi,30.0,22.0,35.1,0.0,34.3,16.6,22.4,HISTORICAL TRAINING DATA
2024-10-21,-17.3667,30.2,Chinhoyi,28.1,22.3,35.5,0.0,35.7,19.1,22.9,HISTORICAL TRAINING DATA
2024-10-22,-17.3667,30.2,Chinhoyi,27.6,19.4,34.6,0.0,31.0,9.1,27.2,HISTORICAL TRAINING DATA
2024-10-23,-17.3667,30.2,Chinhoyi,30.7,23.1,37.4,0.0,52.6,10.2,25.3,HISTORICAL TRAINING DATA
2024-10-24,-17.3667,30.2,Chinhoyi,29.3,21.4,35.5,0.0,53.6,6.4,25.3,HISTORICAL TRAINING DATA
2024-10-25,-17.3667,30.2,Chinhoyi,29.5,21.9,35.6,0.0,32.3,12.3,23.3,HISTORICAL TRAINING DATA
2024-10-26,-17.3667,30.2,Chinhoyi,29.9,21.3,35.9,0.0,47.0,17.5,21.6,HISTORICAL TRAINING DATA
2024-10-27,-17.3667,30.2,Chinhoyi,29.5,23.5,36.0,0.0,46.1,10.1,24.1,HISTORICAL TRAINING DATA
2024-10-28,-17.3667,30.2,Chinhoyi,28.6,19.7,36.3,0.0,52.4,12.7,27.0,HISTORICAL TRAINING DATA
2024-10-29,-17.3667,30.2,Chinhoyi,29.6,22.5,37.7,0.0,51.8,15.0,26.0,HISTORICAL TRAINING DATA
2024-10-30,-17.3667,30.2,Chinhoyi,30.1,21.4,37.7,0.0,46.4,19.7,25.6,HISTORICAL TRAINING DATA
2024-10-31,-17.3667,30.2,Chinhoyi,28.4,21.3,34.3,0.0,50.7,6.5,23.3,HISTORICAL TRAINING DATA
2024-11-01,-17.3667,30.2,Chinhoyi,25.3,16.7,31.5,7.6,89.6,8.5,26.4,HISTORICAL TRAINING DATA
2024-11-02,-17.3667,30.2,Chinhoyi,25.1,17.5,32.7,0.0,77.9,10.8,26.2,HISTORICAL TRAINING DATA
2024-11-03,-17.3667,30.2,Chinhoyi,26.4,17.9,31.5,0.0,82.1,6.4,24.1,HISTORICAL TRAINING DATA
2024-11-04,-17.3667,30.2,Chinhoyi,24.7,16.8,32.1,0.0,71.6,14.5,19.6,HISTORICAL TRAINING DATA
2024-11-05,-17.3667,30.2,Chinhoyi,24.2,18.4,29.8,0.0,61.6,21.8,22.4,HISTORICAL TRAINING DATA
2024-11-06,-17.3667,30.2,Chinhoyi,24.3,16.3,32.9,7.6,67.3,19.5,22.3,HISTORICAL TRAINING DATA
2024-11-07,-17.3667,30.2,Chinhoyi,24.6,17.1,32.3,0.0,71.1,9.9,27.0,HISTORICAL TRAINING DATA
2024-11-08,-17.3667,30.2,Chinhoyi,23.8,17.3,31.5,9.8,71.2,17.0,22.9,HISTORICAL TRAINING DATA
2024-11-09,-17.3667,30.2,Chinhoyi,24.7,19.3,30.5,12.9,90.7,9.6,14.9,HISTORICAL TRAINING DATA
2024-11-10,-17.3667,30.2,Chinhoyi,27.1,19.4,34.9,0.0,84.7,19.2,24.5,HISTORICAL TRAINING DATA
2024-11-11,-17.3667,30.2,Chinhoyi,26.0,20.7,33.9,0.0,70.6,20.5,15.6,HISTORICAL TRAINING DATA
2024-11-12,-17.3667,30.2,Chinhoyi,24.5,18.8,30.9,0.4,91.8,20.2,25.4,HISTORICAL TRAINING DATA
2024-11-13,-17.3667,30.2,Chinhoyi,24.1,15.9,30.5,13.5,89.0,17.1,21.3,HISTORICAL TRAINING DATA
2024-11-14,-17.3667,30.2,Chinhoyi,25.5,17.8,31.9,0.0,77.7,11.5,15.1,HISTORICAL TRAINING DATA
2024-11-15,-17.3667,30.2,Chinhoyi,26.0,17.4,31.4,0.5,79.3,9.7,15.3,HISTORICAL TRAINING DATA
2024-11-16,-17.3667,30.2,Chinhoyi,25.4,17.1,31.7,0.0,69.7,16.9,23.6,HISTORICAL TRAINING DATA
2024-11-17,-17.3667,30.2,Chinhoyi,26.3,19.4,33.5,0.0,73.4,7.7,20.4,HISTORICAL TRAINING DATA
2024-11-18,-17.3667,30.2,Chinhoyi,24.5,16.1,32.2,1.2,87.0,19.3,19.2,HISTORICAL TRAINING DATA
2024-11-19,-17.3667,30.2,Chinhoyi,25.2,19.5,31.9,0.0,87.8,20.1,16.4,HISTORICAL TRAINING DATA
2024-11-20,-17.3667,30.2,Chinhoyi,25.2,18.2,33.3,0.0,76.8,13.1,16.2,HISTORICAL TRAINING DATA
2024-11-21,-17.3667,30.2,Chinhoyi,25.9,19.9,33.3,0.0,73.6,12.9,14.3,HISTORICAL TRAINING DATA
2024-11-22,-17.3667,30.2,Chinhoyi,26.9,18.1,33.6,0.0,79.1,13.9,14.8,HISTORICAL TRAINING DATA
2024-11-23,-17.3667,30.2,Chinhoyi,24.8,16.6,32.0,0.0,83.1,20.7,15.8,HISTORICAL TRAINING DATA
2024-11-24,-17.3667,30.2,Chinhoyi,26.2,18.5,31.6,0.0,74.1,8.8,24.6,HISTORICAL TRAINING DATA
2024-11-25,-17.3667,30.2,Chinhoyi,24.6,17.5,29.8,17.9,89.4,14.0,25.9,HISTORICAL TRAINING DATA
2024-11-26,-17.3667,30.2,Chinhoyi,23.9,16.4,29.8,2.0,64.6,10.8,14.6,HISTORICAL TRAINING DATA
2024-11-27,-17.3667,30.2,Chinhoyi,26.2,20.3,32.2,0.0,85.1,8.1,19.1,HISTORICAL TRAINING DATA
2024-11-28,-17.3667,30.2,Chinhoyi,25.0,19.5,31.3,2.5,79.5,15.4,24.5,HISTORICAL TRAINING DATA
2024-11-29,-17.3667,30.2,Chinhoyi,26.0,20.2,32.2,1.1,87.2,13.0,22.6,HISTORICAL TRAINING DATA
2024-11-30,-17.3667,30.2,Chinhoyi,24.4,16.7,32.8,0.0,88.4,16.6,22.2,HISTORICAL TRAINING DATA
2024-12-01,-17.3667,30.2,Chinhoyi,25.4,20.4,31.0,0.0,63.4,15.4,27.3,HISTORICAL TRAINING DATA
2024-12-02,-17.3667,30.2,Chinhoyi,27.2,19.1,33.6,0.0,72.5,7.0,20.3,HISTORICAL TRAINING DATA
2024-12-03,-17.3667,30.2,Chinhoyi,26.9,21.4,34.4,0.0,86.9,17.9,24.2,HISTORICAL TRAINING DATA
2024-12-04,-17.3667,30.2,Chinhoyi,25.5,20.1,32.7,0.0,65.0,12.4,26.6,HISTORICAL TRAINING DATA
2024-12-05,-17.3667,30.2,Chinhoyi,26.6,19.7,34.7,13.7,73.9,11.7,21.9,HISTORICAL TRAINING DATA
2024-12-06,-17.3667,30.2,Chinhoyi,26.2,20.1,34.6,0.0,74.1,17.8,25.8,HISTORICAL TRAINING DATA
2024-12-07,-17.3667,30.2,Chinhoyi,23.8,17.7,29.0,0.0,61.8,18.9,16.5,HISTORICAL TRAINING DATA
2024-12-08,-17.3667,30.2,Chinhoyi,24.0,16.9,31.3,0.0,83.8,14.9,14.5,HISTORICAL TRAINING DATA
2024-12-09,-17.3667,30.2,Chinhoyi,24.4,15.8,30.0,0.0,80.4,11.1,19.6,HISTORICAL TRAINING DATA
2024-12-10,-17.3667,30.2,Chinhoyi,26.5,21.5,34.7,12.5,61.5,18.6,17.8,HISTORICAL TRAINING DATA
2024-12-11,-17.3667,30.2,Chinhoyi,26.2,18.7,33.4,0.0,71.1,17.6,17.4,HISTORICAL TRAINING DATA
2024-12-12,-17.3667,30.2,Chinhoyi,25.2,16.6,33.5,0.0,61.4,16.6,20.2,HISTORICAL TRAINING DATA
2024-12-13,-17.3667,30.2,Chinhoyi,23.8,17.8,29.9,0.0,70.0,7.0,21.6,HISTORICAL TRAINING DATA
2024-12-14,-17.3667,30.2,Chinhoyi,24.1,18.5,32.3,3.2,81.0,8.8,24.8,HISTORICAL TRAINING DATA
2024-12-15,-17.3667,30.2,Chinhoyi,26.5,18.5,33.0,0.0,62.5,7.9,24.9,HISTORICAL TRAINING DATA
2024-12-16,-17.3667,30.2,Chinhoyi,25.1,17.4,32.9,0.1,77.2,16.4,23.8,HISTORICAL TRAINING DATA
2024-12-17,-17.3667,30.2,Chinhoyi,27.5,20.6,34.5,0.0,79.2,17.3,23.1,HISTORICAL TRAINING DATA
2024-12-18,-17.3667,30.2,Chinhoyi,25.2,19.9,33.0,0.5,71.3,7.6,14.7,HISTORICAL TRAINING DATA
2024-12-19,-17.3667,30.2,Chinhoyi,25.4,18.2,33.9,1.5,67.7,6.4,23.2,HISTORICAL TRAINING DATA
2024-12-20,-17.3667,30.2,Chinhoyi,25.6,19.8,30.7,0.0,63.3,11.9,24.7,HISTORICAL TRAINING DATA
2024-12-21,-17.3667,30.2,Chinhoyi,27.0,21.0,34.6,0.0,62.6,11.8,27.1,HISTORICAL TRAINING DATA
2024-12-22,-17.3667,30.2,Chinhoyi,25.2,18.8,31.7,0.0,79.7,7.8,16.6,HISTORICAL TRAINING DATA
2024-12-23,-17.3667,30.2,Chinhoyi,25.2,17.0,33.0,6.9,83.5,16.8,21.0,HISTORICAL TRAINING DATA
2024-12-24,-17.3667,30.2,Chinhoyi,26.5,20.1,31.9,0.0,67.7,17.9,24.7,HISTORICAL TRAINING DATA
2024-12-25,-17.3667,30.2,Chinhoyi,25.0,16.3,31.5,0.0,77.4,13.9,20.4,HISTORICAL TRAINING DATA
2024-12-26,-17.3667,30.2,Chinhoyi,24.3,16.3,32.6,0.0,76.8,6.7,24.2,HISTORICAL TRAINING DATA
2024-12-27,-17.3667,30.2,Chinhoyi,24.4,15.5,32.0,0.0,83.0,21.4,18.2,HISTORICAL TRAINING DATA
2024-12-28,-17.3667,30.2,Chinhoyi,26.6,20.0,34.6,0.0,65.6,6.0,27.3,HISTORICAL TRAINING DATA
2024-12-29,-17.3667,30.2,Chinhoyi,23.9,18.6,30.1,0.0,73.3,16.0,15.4,HISTORICAL TRAINING DATA
2024-12-30,-17.3667,30.2,Chinhoyi,24.2,17.7,31.4,0.0,63.6,12.7,26.4,HISTORICAL TRAINING DATA
2024-01-01,-18.9264,29.8236,Kwekwe,24.7,18.1,31.2,0.0,86.9,21.6,19.4,HISTORICAL TRAINING DATA
2024-01-02,-18.9264,29.8236,Kwekwe,25.0,18.5,32.3,0.0,60.7,21.4,14.0,HISTORICAL TRAINING DATA
2024-01-03,-18.9264,29.8236,Kwekwe,24.1,18.2,32.0,13.8,89.5,17.0,15.1,HISTORICAL TRAINING DATA
2024-01-04,-18.9264,29.8236,Kwekwe,24.4,18.8,33.2,0.0,83.9,21.8,22.3,HISTORICAL TRAINING DATA
2024-01-05,-18.9264,29.8236,Kwekwe,25.6,18.3,31.8,32.8,72.3,6.7,17.7,HISTORICAL TRAINING DATA
2024-01-06,-18.9264,29.8236,Kwekwe,24.5,19.1,31.7,0.0,64.6,8.7,21.2,HISTORICAL TRAINING DATA
2024-01-07,-18.9264,29.8236,Kwekwe,24.1,18.7,31.9,2.6,62.8,18.4,27.2,HISTORICAL TRAINING DATA
2024-01-08,-18.9264,29.8236,Kwekwe,25.6,17.9,32.7,0.0,75.4,17.7,25.7,HISTORICAL TRAINING DATA
2024-01-09,-18.9264,29.8236,Kwekwe,25.1,17.8,31.9,10.3,88.6,15.6,18.4,HISTORICAL TRAINING DATA
2024-01-10,-18.9264,29.8236,Kwekwe,26.7,19.5,33.4,8.1,63.5,11.4,19.8,HISTORICAL TRAINING DATA
2024-01-11,-18.9264,29.8236,Kwekwe,25.1,16.1,33.6,11.6,81.2,6.2,15.1,HISTORICAL TRAINING DATA
2024-01-12,-18.9264,29.8236,Kwekwe,23.8,15.4,30.1,0.0,87.3,19.8,15.3,HISTORICAL TRAINING DATA
2024-01-13,-18.9264,29.8236,Kwekwe,24.6,17.8,33.5,0.0,65.4,19.3,20.3,HISTORICAL TRAINING DATA
2024-01-14,-18.9264,29.8236,Kwekwe,23.7,17.0,29.9,0.0,73.3,12.6,20.8,HISTORICAL TRAINING DATA
2024-01-15,-18.9264,29.8236,Kwekwe,25.2,18.1,33.0,10.2,88.5,15.4,22.1,HISTORICAL TRAINING DATA
2024-01-16,-18.9264,29.8236,Kwekwe,25.3,20.2,33.4,45.8,65.3,16.3,14.2,HISTORICAL TRAINING DATA
2024-01-17,-18.9264,29.8236,Kwekwe,23.3,15.1,31.1,0.0,71.1,7.8,17.1,HISTORICAL TRAINING DATA
2024-01-18,-18.9264,29.8236,Kwekwe,26.9,21.0,33.8,30.4,85.7,19.8,18.6,HISTORICAL TRAINING DATA
2024-01-19,-18.9264,29.8236,Kwekwe,25.3,17.6,33.7,0.0,61.5,9.9,23.4,HISTORICAL TRAINING DATA
2024-01-20,-18.9264,29.8236,Kwekwe,25.4,17.3,32.4,0.0,71.9,11.5,19.9,HISTORICAL TRAINING DATA
2024-01-21,-18.9264,29.8236,Kwekwe,26.9,18.2,34.1,0.0,81.8,19.3,16.1,HISTORICAL TRAINING DATA
2024-01-22,-18.9264,29.8236,Kwekwe,26.4,18.9,32.0,0.0,67.0,11.2,27.5,HISTORICAL TRAINING DATA
2024-01-23,-18.9264,29.8236,Kwekwe,24.4,16.6,30.1,3.8,86.7,14.9,26.3,HISTORICAL TRAINING DATA
2024-01-24,-18.9264,29.8236,Kwekwe,25.5,17.2,33.8,0.0,88.9,19.9,26.6,HISTORICAL TRAINING DATA
2024-01-25,-18.9264,29.8236,Kwekwe,26.6,20.9,34.9,14.6,65.8,7.9,21.6,HISTORICAL TRAINING DATA
2024-01-26,-18.9264,29.8236,Kwekwe,23.9,18.5,29.8,0.0,71.5,18.4,17.5,HISTORICAL TRAINING DATA
2024-01-27,-18.9264,29.8236,Kwekwe,23.9,18.0,32.5,2.9,61.7,18.8,22.4,HISTORICAL TRAINING DATA
2024-01-28,-18.9264,29.8236,Kwekwe,25.1,17.6,32.7,0.0,84.8,12.9,23.3,HISTORICAL TRAINING DATA
2024-01-29,-18.9264,29.8236,Kwekwe,24.4,18.9,30.6,0.0,77.2,17.7,21.9,HISTORICAL TRAINING DATA
2024-01-30,-18.9264,29.8236,Kwekwe,26.0,20.6,32.9,0.0,65.6,18.4,16.6,HISTORICAL TRAINING DATA
2024-01-31,-18.9264,29.8236,Kwekwe,25.6,19.0,30.9,0.0,63.0,20.0,17.0,HISTORICAL TRAINING DATA
2024-02-01,-18.9264,29.8236,Kwekwe,25.5,17.7,31.0,6.7,60.9,16.5,23.9,HISTORICAL TRAINING DATA
2024-02-02,-18.9264,29.8236,Kwekwe,26.9,21.4,32.6,0.0,65.8,8.7,25.9,HISTORICAL TRAINING DATA
2024-02-03,-18.9264,29.8236,Kwekwe,24.1,15.9,32.0,0.0,76.8,19.0,14.9,HISTORICAL TRAINING DATA
2024-02-04,-18.9264,29.8236,Kwekwe,25.7,19.5,30.8,15.9,73.9,20.3,15.4,HISTORICAL TRAINING DATA
2024-02-05,-18.9264,29.8236,Kwekwe,26.2,19.0,34.6,2.2,84.3,8.5,27.8,HISTORICAL TRAINING DATA
2024-02-06,-18.9264,29.8236,Kwekwe,23.1,14.8,29.6,0.0,67.8,17.2,18.3,HISTORICAL TRAINING DATA
2024-02-07,-18.9264,29.8236,Kwekwe,24.6,19.2,32.6,0.0,90.0,12.8,14.9,HISTORICAL TRAINING DATA
2024-02-08,-18.9264,29.8236,Kwekwe,24.3,16.1,30.5,0.0,60.3,10.9,18.9,HISTORICAL TRAINING DATA
2024-02-09,-18.9264,29.8236,Kwekwe,25.5,19.7,30.6,0.0,62.1,11.0,22.9,HISTORICAL TRAINING DATA
2024-02-10,-18.9264,29.8236,Kwekwe,24.2,19.0,32.8,1.2,80.3,8.9,26.0,HISTORICAL TRAINING DATA
2024-02-11,-18.9264,29.8236,Kwekwe,25.7,18.1,31.9,0.0,62.3,11.1,17.7,HISTORICAL TRAINING DATA
2024-02-12,-18.9264,29.8236,Kwekwe,26.0,18.5,31.7,0.0,65.6,13.7,24.0,HISTORICAL TRAINING DATA
2024-02-13,-18.9264,29.8236,Kwekwe,24.7,17.3,32.8,0.0,92.0,15.1,17.3,HISTORICAL TRAINING DATA
2024-02-14,-18.9264,29.8236,Kwekwe,25.1,17.6,32.3,3.5,86.7,18.1,22.5,HISTORICAL TRAINING DATA
2024-02-15,-18.9264,29.8236,Kwekwe,23.1,14.9,28.6,0.0,67.4,16.5,26.0,HISTORICAL TRAINING DATA
2024-02-16,-18.9264,29.8236,Kwekwe,24.2,18.4,30.8,13.4,76.4,9.2,18.2,HISTORICAL TRAINING DATA
2024-02-17,-18.9264,29.8236,Kwekwe,25.1,19.0,32.0,0.0,90.5,7.6,27.4,HISTORICAL TRAINING DATA
2024-02-18,-18.9264,29.8236,Kwekwe,25.1,18.1,33.2,11.4,83.4,11.8,18.0,HISTORICAL TRAINING DATA
2024-02-19,-18.9264,29.8236,Kwekwe,24.1,15.4,32.9,0.0,65.7,14.9,18.8,HISTORICAL TRAINING DATA
2024-02-20,-18.9264,29.8236,Kwekwe,24.8,16.4,30.5,20.7,60.7,18.1,21.8,HISTORICAL TRAINING DATA
2024-02-21,-18.9264,29.8236,Kwekwe,26.6,20.1,32.7,0.0,79.9,21.8,20.7,HISTORICAL TRAINING DATA
2024-02-22,-18.9264,29.8236,Kwekwe,25.5,18.1,34.4,10.1,85.8,10.5,16.9,HISTORICAL TRAINING DATA
2024-02-23,-18.9264,29.8236,Kwekwe,25.4,19.1,31.4,0.0,75.1,8.0,21.7,HISTORICAL TRAINING DATA
2024-02-24,-18.9264,29.8236,Kwekwe,23.8,17.7,31.0,10.8,78.8,21.2,17.0,HISTORICAL TRAINING DATA
2024-02-25,-18.9264,29.8236,Kwekwe,24.1,16.4,31.2,15.7,80.6,12.9,20.3,HISTORICAL TRAINING DATA
2024-02-26,-18.9264,29.8236,Kwekwe,25.2,18.5,30.6,0.0,74.6,17.2,26.0,HISTORICAL TRAINING DATA
2024-02-27,-18.9264,29.8236,Kwekwe,23.1,15.8,28.4,0.0,87.4,10.2,20.2,HISTORICAL TRAINING DATA
2024-02-28,-18.9264,29.8236,Kwekwe,23.3,17.3,32.1,17.1,85.5,17.5,27.2,HISTORICAL TRAINING DATA
2024-02-29,-18.9264,29.8236,Kwekwe,23.4,15.5,28.4,21.2,73.4,11.4,21.6,HISTORICAL TRAINING DATA
2024-03-01,-18.9264,29.8236,Kwekwe,25.0,18.5,32.7,0.0,82.0,10.2,26.4,HISTORICAL TRAINING DATA
2024-03-02,-18.9264,29.8236,Kwekwe,25.7,19.3,34.3,14.2,91.0,21.7,22.1,HISTORICAL TRAINING DATA
2024-03-03,-18.9264,29.8236,Kwekwe,24.3,18.2,32.3,0.0,91.8,6.3,18.7,HISTORICAL TRAINING DATA
2024-03-04,-18.9264,29.8236,Kwekwe,24.6,15.8,31.6,0.0,78.5,11.0,15.9,HISTORICAL TRAINING DATA
2024-03-05,-18.9264,29.8236,Kwekwe,25.8,17.7,32.6,0.0,88.8,13.5,23.8,HISTORICAL TRAINING DATA
2024-03-06,-18.9264,29.8236,Kwekwe,25.4,19.9,34.2,0.0,85.6,19.5,18.6,HISTORICAL TRAINING DATA
2024-03-07,-18.9264,29.8236,Kwekwe,26.9,20.6,34.7,0.0,67.7,13.8,24.4,HISTORICAL TRAINING DATA
2024-03-08,-18.9264,29.8236,Kwekwe,26.0,17.1,31.3,0.0,69.6,12.6,24.6,HISTORICAL TRAINING DATA
2024-03-09,-18.9264,29.8236,Kwekwe,25.1,16.6,33.5,3.4,84.0,16.7,16.7,HISTORICAL TRAINING DATA
2024-03-10,-18.9264,29.8236,Kwekwe,25.0,17.0,33.4,15.3,62.7,8.3,21.7,HISTORICAL TRAINING DATA
2024-03-11,-18.9264,29.8236,Kwekwe,24.5,18.7,32.5,40.9,79.5,16.3,21.1,HISTORICAL TRAINING DATA
2024-03-12,-18.9264,29.8236,Kwekwe,24.5,17.5,30.9,0.0,88.9,12.0,20.6,HISTORICAL TRAINING DATA
2024-03-13,-18.9264,29.8236,Kwekwe,26.6,20.8,33.3,6.4,61.7,10.1,23.5,HISTORICAL TRAINING DATA
2024-03-14,-18.9264,29.8236,Kwekwe,23.8,15.7,30.4,0.0,72.9,17.8,17.4,HISTORICAL TRAINING DATA
2024-03-15,-18.9264,29.8236,Kwekwe,23.4,16.9,31.1,39.6,66.3,7.4,24.0,HISTORICAL TRAINING DATA
2024-03-16,-18.9264,29.8236,Kwekwe,26.0,17.4,32.2,25.7,86.8,19.9,20.5,HISTORICAL TRAINING DATA
2024-03-17,-18.9264,29.8236,Kwekwe,26.5,20.6,33.1,6.4,64.3,14.6,23.8,HISTORICAL TRAINING DATA
2024-03-18,-18.9264,29.8236,Kwekwe,25.0,16.5,32.0,0.0,77.7,13.9,25.0,HISTORICAL TRAINING DATA
2024-03-19,-18.9264,29.8236,Kwekwe,26.9,19.1,34.5,0.0,79.6,21.1,25.8,HISTORICAL TRAINING DATA
2024-03-20,-18.9264,29.8236,Kwekwe,25.9,17.9,34.0,5.2,66.1,20.1,26.2,HISTORICAL TRAINING DATA
2024-03-21,-18.9264,29.8236,Kwekwe,26.8,20.0,34.1,0.0,75.2,10.5,17.7,HISTORICAL TRAINING DATA
2024-03-22,-18.9264,29.8236,Kwekwe,23.6,16.7,28.9,0.0,75.4,15.5,18.9,HISTORICAL TRAINING DATA
2024-03-23,-18.9264,29.8236,Kwekwe,24.2,16.6,30.0,16.8,84.5,16.0,14.8,HISTORICAL TRAINING DATA
2024-03-24,-18.9264,29.8236,Kwekwe,23.1,17.0,28.3,0.0,78.3,12.5,19.6,HISTORICAL TRAINING DATA
2024-03-25,-18.9264,29.8236,Kwekwe,25.9,19.5,33.0,16.4,83.1,21.3,18.7,HISTORICAL TRAINING DATA
2024-03-26,-18.9264,29.8236,Kwekwe,25.6,19.8,33.3,5.0,65.8,21.1,20.0,HISTORICAL TRAINING DATA
2024-03-27,-18.9264,29.8236,Kwekwe,23.1,15.1,31.6,0.0,89.3,6.6,20.5,HISTORICAL TRAINING DATA
2024-03-28,-18.9264,29.8236,Kwekwe,26.4,21.2,32.4,0.0,62.5,10.9,27.9,HISTORICAL TRAINING DATA
2024-03-29,-18.9264,29.8236,Kwekwe,25.7,18.3,33.7,0.0,62.5,14.0,22.3,HISTORICAL TRAINING DATA
2024-03-30,-18.9264,29.8236,Kwekwe,24.6,16.9,30.9,1.0,77.5,9.4,27.5,HISTORICAL TRAINING DATA
2024-03-31,-18.9264,29.8236,Kwekwe,26.2,19.9,32.9,6.7,70.0,20.8,21.2,HISTORICAL TRAINING DATA
2024-04-01,-18.9264,29.8236,Kwekwe,30.1,25.1,37.9,0.0,42.2,17.7,19.8,HISTORICAL TRAINING DATA
2024-04-02,-18.9264,29.8236,Kwekwe,29.7,22.5,35.3,0.0,50.8,15.8,24.4,HISTORICAL TRAINING DATA
2024-04-03,-18.9264,29.8236,Kwekwe,29.8,22.4,36.3,0.0,38.6,14.4,22.7,HISTORICAL TRAINING DATA
2024-04-04,-18.9264,29.8236,Kwekwe,28.1,22.2,36.0,0.0,35.8,15.2,16.6,HISTORICAL TRAINING DATA
2024-04-05,-18.9264,29.8236,Kwekwe,28.7,22.6,35.6,0.0,30.4,9.9,21.5,HISTORICAL TRAINING DATA
2024-04-06,-18.9264,29.8236,Kwekwe,27.7,21.3,33.6,0.0,36.3,7.4,19.4,HISTORICAL TRAINING DATA
2024-04-07,-18.9264,29.8236,Kwekwe,27.1,21.2,34.3,0.0,41.3,19.4,17.5,HISTORICAL TRAINING DATA
2024-04-08,-18.9264,29.8236,Kwekwe,29.9,23.1,38.4,0.0,34.2,19.2,14.0,HISTORICAL TRAINING DATA
2024-04-09,-18.9264,29.8236,Kwekwe,28.3,19.6,36.3,0.0,32.6,16.8,26.8,HISTORICAL TRAINING DATA
2024-04-10,-18.9264,29.8236,Kwekwe,27.9,19.6,36.9,0.0,46.1,14.6,24.5,HISTORICAL TRAINING DATA
2024-04-11,-18.9264,29.8236,Kwekwe,29.8,21.1,38.3,0.0,40.3,13.7,15.3,HISTORICAL TRAINING DATA
2024-04-12,-18.9264,29.8236,Kwekwe,27.4,20.3,33.1,0.0,39.2,8.3,21.2,HISTORICAL TRAINING DATA
2024-04-13,-18.9264,29.8236,Kwekwe,27.8,19.7,34.9,0.0,54.3,7.3,16.9,HISTORICAL TRAINING DATA
2024-04-14,-18.9264,29.8236,Kwekwe,29.5,21.9,37.3,0.0,43.4,13.8,22.4,HISTORICAL TRAINING DATA
2024-04-15,-18.9264,29.8236,Kwekwe,28.4,20.1,35.5,0.0,45.5,17.3,23.5,HISTORICAL TRAINING DATA
2024-04-16,-18.9264,29.8236,Kwekwe,30.9,23.7,37.4,0.0,54.3,11.8,21.3,HISTORICAL TRAINING DATA
2024-04-17,-18.9264,29.8236,Kwekwe,30.5,24.2,38.0,0.0,39.4,9.4,16.9,HISTORICAL TRAINING DATA
2024-04-18,-18.9264,29.8236,Kwekwe,30.4,22.4,37.7,0.0,37.8,14.8,24.0,HISTORICAL TRAINING DATA
2024-04-19,-18.9264,29.8236,Kwekwe,27.2,18.9,35.6,2.8,43.3,9.0,15.8,HISTORICAL TRAINING DATA
2024-04-20,-18.9264,29.8236,Kwekwe,29.4,23.8,37.2,0.0,37.8,20.0,22.0,HISTORICAL TRAINING DATA
2024-04-21,-18.9264,29.8236,Kwekwe,30.0,24.8,37.3,0.0,49.1,20.8,16.4,HISTORICAL TRAINING DATA
2024-04-22,-18.9264,29.8236,Kwekwe,29.1,22.9,38.0,0.0,52.6,10.7,19.6,HISTORICAL TRAINING DATA
2024-04-23,-18.9264,29.8236,Kwekwe,27.8,21.4,33.6,0.0,52.1,6.9,14.9,HISTORICAL TRAINING DATA
2024-04-24,-18.9264,29.8236,Kwekwe,27.9,21.7,34.7,0.0,50.2,14.5,23.4,HISTORICAL TRAINING DATA
2024-04-25,-18.9264,29.8236,Kwekwe,27.4,21.0,34.6,10.0,48.5,16.6,18.4,HISTORICAL TRAINING DATA
2024-04-26,-18.9264,29.8236,Kwekwe,28.8,22.9,37.0,0.0,47.7,11.2,26.4,HISTORICAL TRAINING DATA
2024-04-27,-18.9264,29.8236,Kwekwe,27.5,20.1,32.9,0.0,54.3,12.5,22.6,HISTORICAL TRAINING DATA
2024-04-28,-18.9264,29.8236,Kwekwe,30.6,24.0,38.4,0.0,33.8,21.0,26.8,HISTORICAL TRAINING DATA
2024-04-29,-18.9264,29.8236,Kwekwe,30.2,22.2,39.1,9.7,52.9,12.1,22.6,HISTORICAL TRAINING DATA
2024-04-30,-18.9264,29.8236,Kwekwe,27.1,18.7,35.0,0.0,52.2,16.2,16.2,HISTORICAL TRAINING DATA
2024-05-01,-18.9264,29.8236,Kwekwe,16.0,8.9,22.7,0.0,38.1,14.1,15.8,HISTORICAL TRAINING DATA
2024-05-02,-18.9264,29.8236,Kwekwe,14.3,5.5,20.9,0.0,47.5,16.4,19.3,HISTORICAL TRAINING DATA
2024-05-03,-18.9264,29.8236,Kwekwe,14.5,9.4,20.3,0.0,58.9,10.3,22.0,HISTORICAL TRAINING DATA
2024-05-04,-18.9264,29.8236,Kwekwe,13.3,6.9,19.2,0.0,35.1,16.6,22.9,HISTORICAL TRAINING DATA
2024-05-05,-18.9264,29.8236,Kwekwe,13.3,7.8,18.8,0.0,43.8,16.0,14.7,HISTORICAL TRAINING DATA
2024-05-06,-18.9264,29.8236,Kwekwe,16.2,8.6,23.0,0.0,36.2,19.5,21.8,HISTORICAL TRAINING DATA
2024-05-07,-18.9264,29.8236,Kwekwe,14.5,8.8,21.4,0.0,41.4,8.0,22.5,HISTORICAL TRAINING DATA
2024-05-08,-18.9264,29.8236,Kwekwe,16.6,8.4,23.0,0.0,57.5,21.9,26.4,HISTORICAL TRAINING DATA
2024-05-09,-18.9264,29.8236,Kwekwe,13.8,5.1,22.6,0.0,58.2,12.4,25.3,HISTORICAL TRAINING DATA
2024-05-10,-18.9264,29.8236,Kwekwe,16.8,8.1,22.6,0.0,39.3,6.2,25.0,HISTORICAL TRAINING DATA
2024-05-11,-18.9264,29.8236,Kwekwe,13.6,4.8,20.2,0.0,41.6,21.7,27.5,HISTORICAL TRAINING DATA
2024-05-12,-18.9264,29.8236,Kwekwe,16.8,11.5,23.8,0.0,41.4,17.7,21.1,HISTORICAL TRAINING DATA
2024-05-13,-18.9264,29.8236,Kwekwe,15.3,10.1,23.9,0.0,41.5,11.3,25.8,HISTORICAL TRAINING DATA
2024-05-14,-18.9264,29.8236,Kwekwe,15.3,8.3,22.3,0.0,47.9,14.2,24.2,HISTORICAL TRAINING DATA
2024-05-15,-18.9264,29.8236,Kwekwe,15.5,6.6,23.0,0.0,59.6,9.8,16.9,HISTORICAL TRAINING DATA
2024-05-16,-18.9264,29.8236,Kwekwe,14.4,5.8,19.9,0.0,51.2,15.5,26.4,HISTORICAL TRAINING DATA
2024-05-17,-18.9264,29.8236,Kwekwe,13.0,5.8,18.1,0.0,56.7,10.5,25.6,HISTORICAL TRAINING DATA
2024-05-18,-18.9264,29.8236,Kwekwe,15.9,10.6,23.2,0.0,57.6,6.2,21.1,HISTORICAL TRAINING DATA
2024-05-19,-18.9264,29.8236,Kwekwe,16.2,10.1,25.1,0.0,53.0,15.4,27.9,HISTORICAL TRAINING DATA
2024-05-20,-18.9264,29.8236,Kwekwe,15.7,7.8,21.9,0.0,39.2,7.2,24.0,HISTORICAL TRAINING DATA
2024-05-21,-18.9264,29.8236,Kwekwe,16.5,11.3,23.0,0.0,49.1,10.9,15.8,HISTORICAL TRAINING DATA
2024-05-22,-18.9264,29.8236,Kwekwe,16.0,8.1,22.9,0.0,37.3,16.2,25.5,HISTORICAL TRAINING DATA
2024-05-23,-18.9264,29.8236,Kwekwe,15.7,9.1,20.7,0.0,51.4,14.9,26.1,HISTORICAL TRAINING DATA
2024-05-24,-18.9264,29.8236,Kwekwe,14.0,6.0,20.6,0.0,50.7,18.8,19.3,HISTORICAL TRAINING DATA
2024-05-25,-18.9264,29.8236,Kwekwe,14.4,6.3,23.1,0.0,39.2,14.6,16.6,HISTORICAL TRAINING DATA
2024-05-26,-18.9264,29.8236,Kwekwe,13.5,6.3,18.5,0.0,39.1,18.2,21.4,HISTORICAL TRAINING DATA
2024-05-27,-18.9264,29.8236,Kwekwe,16.4,7.8,23.4,0.0,36.0,12.8,24.2,HISTORICAL TRAINING DATA
2024-05-28,-18.9264,29.8236,Kwekwe,14.3,7.6,21.3,0.0,47.1,6.3,27.3,HISTORICAL TRAINING DATA
2024-05-29,-18.9264,29.8236,Kwekwe,15.9,7.0,23.8,0.0,40.5,15.2,25.6,HISTORICAL TRAINING DATA
2024-05-30,-18.9264,29.8236,Kwekwe,15.1,7.6,20.4,0.0,40.8,13.6,26.6,HISTORICAL TRAINING DATA
2024-05-31,-18.9264,29.8236,Kwekwe,14.3,8.6,21.3,0.0,50.0,16.0,17.8,HISTORICAL TRAINING DATA
2024-06-01,-18.9264,29.8236,Kwekwe,14.2,6.4,22.0,0.0,37.2,10.7,21.4,HISTORICAL TRAINING DATA
2024-06-02,-18.9264,29.8236,Kwekwe,14.3,7.5,22.3,0.0,38.9,19.4,23.1,HISTORICAL TRAINING DATA
2024-06-03,-18.9264,29.8236,Kwekwe,13.8,7.5,19.9,0.0,45.6,12.5,25.0,HISTORICAL TRAINING DATA
2024-06-04,-18.9264,29.8236,Kwekwe,16.7,10.5,22.2,0.0,51.0,12.5,21.4,HISTORICAL TRAINING DATA
2024-06-05,-18.9264,29.8236,Kwekwe,15.3,7.1,22.6,0.0,35.2,9.3,24.3,HISTORICAL TRAINING DATA
2024-06-06,-18.9264,29.8236,Kwekwe,13.7,5.6,22.1,0.0,37.8,7.4,24.3,HISTORICAL TRAINING DATA
2024-06-07,-18.9264,29.8236,Kwekwe,14.7,6.0,20.3,0.0,38.9,14.4,24.6,HISTORICAL TRAINING DATA
2024-06-08,-18.9264,29.8236,Kwekwe,13.8,6.4,20.8,0.0,54.3,12.6,14.7,HISTORICAL TRAINING DATA
2024-06-09,-18.9264,29.8236,Kwekwe,14.5,6.7,23.3,0.0,45.9,18.9,26.2,HISTORICAL TRAINING DATA
2024-06-10,-18.9264,29.8236,Kwekwe,13.1,7.3,19.3,0.0,54.8,6.1,25.7,HISTORICAL TRAINING DATA
2024-06-11,-18.9264,29.8236,Kwekwe,15.7,9.2,24.2,0.0,53.7,12.4,27.8,HISTORICAL TRAINING DATA
2024-06-12,-18.9264,29.8236,Kwekwe,15.1,9.0,23.6,0.0,43.2,11.5,22.2,HISTORICAL TRAINING DATA
2024-06-13,-18.9264,29.8236,Kwekwe,13.4,6.5,19.5,0.0,57.3,18.0,27.9,HISTORICAL TRAINING DATA
2024-06-14,-18.9264,29.8236,Kwekwe,14.5,7.0,22.5,0.0,38.4,12.3,23.8,HISTORICAL TRAINING DATA
2024-06-15,-18.9264,29.8236,Kwekwe,13.8,6.4,19.4,0.0,36.6,14.5,27.7,HISTORICAL TRAINING DATA
2024-06-16,-18.9264,29.8236,Kwekwe,15.4,9.8,22.4,0.0,58.1,17.8,16.4,HISTORICAL TRAINING DATA
2024-06-17,-18.9264,29.8236,Kwekwe,16.7,10.4,25.2,0.0,43.9,18.6,25.7,HISTORICAL TRAINING DATA
2024-06-18,-18.9264,29.8236,Kwekwe,16.1,9.1,22.5,0.0,35.5,11.1,15.9,HISTORICAL TRAINING DATA
2024-06-19,-18.9264,29.8236,Kwekwe,13.3,7.5,20.8,0.0,45.4,12.4,23.0,HISTORICAL TRAINING DATA
2024-06-20,-18.9264,29.8236,Kwekwe,15.9,8.7,24.0,0.0,35.1,6.4,20.7,HISTORICAL TRAINING DATA
2024-06-21,-18.9264,29.8236,Kwekwe,15.6,7.8,24.4,0.0,57.3,15.7,14.9,HISTORICAL TRAINING DATA
2024-06-22,-18.9264,29.8236,Kwekwe,15.1,7.4,21.2,0.0,38.8,7.5,18.3,HISTORICAL TRAINING DATA
2024-06-23,-18.9264,29.8236,Kwekwe,13.9,7.2,20.0,0.0,51.8,14.7,21.3,HISTORICAL TRAINING DATA
2024-06-24,-18.9264,29.8236,Kwekwe,14.3,8.0,21.6,0.0,54.5,10.4,20.2,HISTORICAL TRAINING DATA
2024-06-25,-18.9264,29.8236,Kwekwe,15.6,10.5,20.7,0.0,49.6,11.2,24.2,HISTORICAL TRAINING DATA
2024-06-26,-18.9264,29.8236,Kwekwe,15.9,7.6,21.8,0.0,40.3,18.3,21.5,HISTORICAL TRAINING DATA
2024-06-27,-18.9264,29.8236,Kwekwe,14.4,6.2,20.1,0.0,56.5,8.3,14.0,HISTORICAL TRAINING DATA
2024-06-28,-18.9264,29.8236,Kwekwe,14.7,9.5,21.3,0.0,56.5,21.2,17.4,HISTORICAL TRAINING DATA
2024-06-29,-18.9264,29.8236,Kwekwe,13.5,6.7,19.0,0.0,44.0,6.8,14.7,HISTORICAL TRAINING DATA
2024-06-30,-18.9264,29.8236,Kwekwe,16.5,9.7,22.4,0.0,41.3,10.6,27.5,HISTORICAL TRAINING DATA
2024-07-01,-18.9264,29.8236,Kwekwe,16.0,10.0,23.2,0.0,57.4,8.1,18.9,HISTORICAL TRAINING DATA
2024-07-02,-18.9264,29.8236,Kwekwe,15.5,9.5,21.4,0.0,43.4,10.3,27.5,HISTORICAL TRAINING DATA
2024-07-03,-18.9264,29.8236,Kwekwe,14.5,8.1,22.1,0.0,44.8,13.5,22.7,HISTORICAL TRAINING DATA
2024-07-04,-18.9264,29.8236,Kwekwe,15.7,9.3,22.2,0.0,38.6,14.8,25.7,HISTORICAL TRAINING DATA
2024-07-05,-18.9264,29.8236,Kwekwe,14.3,7.9,22.3,0.0,59.2,10.8,20.8,HISTORICAL TRAINING DATA
2024-07-06,-18.9264,29.8236,Kwekwe,13.3,8.1,21.4,0.0,45.2,20.6,24.8,HISTORICAL TRAINING DATA
2024-07-07,-18.9264,29.8236,Kwekwe,16.0,9.3,21.9,0.0,54.4,17.9,23.2,HISTORICAL TRAINING DATA
2024-07-08,-18.9264,29.8236,Kwekwe,13.2,8.1,18.6,0.0,35.0,12.4,22.3,HISTORICAL TRAINING DATA
2024-07-09,-18.9264,29.8236,Kwekwe,13.1,5.2,20.1,0.0,37.4,15.4,24.1,HISTORICAL TRAINING DATA
2024-07-10,-18.9264,29.8236,Kwekwe,13.8,8.3,20.2,0.0,59.4,11.1,18.8,HISTORICAL TRAINING DATA
2024-07-11,-18.9264,29.8236,Kwekwe,16.8,10.7,24.7,0.0,47.5,12.4,15.7,HISTORICAL TRAINING DATA
2024-07-12,-18.9264,29.8236,Kwekwe,16.9,11.8,23.7,0.0,44.7,15.9,14.4,HISTORICAL TRAINING DATA
2024-07-13,-18.9264,29.8236,Kwekwe,13.6,8.5,20.1,0.0,46.0,15.2,23.0,HISTORICAL TRAINING DATA
2024-07-14,-18.9264,29.8236,Kwekwe,14.7,7.3,23.5,0.0,45.8,11.0,23.5,HISTORICAL TRAINING DATA
2024-07-15,-18.9264,29.8236,Kwekwe,15.4,7.2,22.7,0.0,37.7,18.5,23.3,HISTORICAL TRAINING DATA
2024-07-16,-18.9264,29.8236,Kwekwe,13.9,7.3,19.9,0.0,45.6,22.0,25.1,HISTORICAL TRAINING DATA
2024-07-17,-18.9264,29.8236,Kwekwe,15.1,6.9,22.9,0.0,57.0,15.5,14.6,HISTORICAL TRAINING DATA
2024-07-18,-18.9264,29.8236,Kwekwe,16.8,10.9,24.9,0.0,48.3,21.5,17.2,HISTORICAL TRAINING DATA
2024-07-19,-18.9264,29.8236,Kwekwe,15.6,10.6,21.7,0.0,39.8,6.8,20.6,HISTORICAL TRAINING DATA
2024-07-20,-18.9264,29.8236,Kwekwe,13.6,4.7,19.5,0.0,50.9,12.5,23.4,HISTORICAL TRAINING DATA
2024-07-21,-18.9264,29.8236,Kwekwe,16.1,8.8,22.9,0.0,54.3,19.1,14.9,HISTORICAL TRAINING DATA
2024-07-22,-18.9264,29.8236,Kwekwe,14.2,6.4,22.6,0.0,35.6,20.3,14.2,HISTORICAL TRAINING DATA
2024-07-23,-18.9264,29.8236,Kwekwe,16.8,8.6,24.9,0.0,53.0,13.0,19.1,HISTORICAL TRAINING DATA
2024-07-24,-18.9264,29.8236,Kwekwe,13.7,8.0,22.1,0.0,35.6,8.9,27.9,HISTORICAL TRAINING DATA
2024-07-25,-18.9264,29.8236,Kwekwe,15.3,8.0,21.4,0.0,46.8,18.5,15.0,HISTORICAL TRAINING DATA
2024-07-26,-18.9264,29.8236,Kwekwe,13.5,6.7,20.8,0.0,48.1,7.4,15.8,HISTORICAL TRAINING DATA
2024-07-27,-18.9264,29.8236,Kwekwe,16.5,11.2,24.0,0.0,55.1,8.7,26.1,HISTORICAL TRAINING DATA
2024-07-28,-18.9264,29.8236,Kwekwe,13.8,6.8,21.3,0.0,37.7,15.1,27.7,HISTORICAL TRAINING DATA
2024-07-29,-18.9264,29.8236,Kwekwe,13.6,7.1,21.7,0.0,56.6,11.1,27.5,HISTORICAL TRAINING DATA
2024-07-30,-18.9264,29.8236,Kwekwe,14.5,6.7,20.2,0.0,57.9,17.0,18.4,HISTORICAL TRAINING DATA
2024-07-31,-18.9264,29.8236,Kwekwe,15.9,7.7,23.6,0.0,48.0,16.7,24.7,HISTORICAL TRAINING DATA
2024-08-01,-18.9264,29.8236,Kwekwe,14.2,7.4,21.3,0.0,44.6,6.3,18.7,HISTORICAL TRAINING DATA
2024-08-02,-18.9264,29.8236,Kwekwe,16.8,9.6,24.5,0.0,51.2,9.5,25.7,HISTORICAL TRAINING DATA
2024-08-03,-18.9264,29.8236,Kwekwe,14.1,7.0,22.7,0.0,54.5,19.8,27.1,HISTORICAL TRAINING DATA
2024-08-04,-18.9264,29.8236,Kwekwe,16.0,7.2,22.0,0.0,39.1,14.4,16.8,HISTORICAL TRAINING DATA
2024-08-05,-18.9264,29.8236,Kwekwe,15.7,10.3,22.5,0.0,57.5,14.7,26.8,HISTORICAL TRAINING DATA
2024-08-06,-18.9264,29.8236,Kwekwe,17.0,8.3,23.8,1.0,54.4,13.7,24.3,HISTORICAL TRAINING DATA
2024-08-07,-18.9264,29.8236,Kwekwe,17.0,10.2,25.8,0.0,51.6,9.8,20.5,HISTORICAL TRAINING DATA
2024-08-08,-18.9264,29.8236,Kwekwe,16.4,9.7,23.4,0.0,35.1,19.4,22.9,HISTORICAL TRAINING DATA
2024-08-09,-18.9264,29.8236,Kwekwe,16.3,10.1,23.4,0.0,38.7,14.3,21.9,HISTORICAL TRAINING DATA
2024-08-10,-18.9264,29.8236,Kwekwe,14.4,7.1,19.6,0.0,44.7,20.2,23.4,HISTORICAL TRAINING DATA
2024-08-11,-18.9264,29.8236,Kwekwe,15.5,8.8,22.9,0.0,43.2,13.5,15.5,HISTORICAL TRAINING DATA
2024-08-12,-18.9264,29.8236,Kwekwe,14.5,5.9,22.6,0.0,43.1,15.7,14.3,HISTORICAL TRAINING DATA
2024-08-13,-18.9264,29.8236,Kwekwe,13.9,8.7,21.1,0.0,54.9,17.4,20.8,HISTORICAL TRAINING DATA
2024-08-14,-18.9264,29.8236,Kwekwe,16.9,9.3,22.4,0.0,43.4,21.4,20.3,HISTORICAL TRAINING DATA
2024-08-15,-18.9264,29.8236,Kwekwe,16.8,10.3,24.1,0.0,53.4,9.0,27.9,HISTORICAL TRAINING DATA
2024-08-16,-18.9264,29.8236,Kwekwe,16.4,9.6,22.1,0.0,58.9,21.4,26.9,HISTORICAL TRAINING DATA
2024-08-17,-18.9264,29.8236,Kwekwe,16.7,8.8,24.9,0.0,57.5,11.5,16.4,HISTORICAL TRAINING DATA
2024-08-18,-18.9264,29.8236,Kwekwe,13.8,6.5,22.5,0.0,37.8,6.4,23.9,HISTORICAL TRAINING DATA
2024-08-19,-18.9264,29.8236,Kwekwe,15.2,9.6,23.6,0.0,47.9,15.7,16.8,HISTORICAL TRAINING DATA
2024-08-20,-18.9264,29.8236,Kwekwe,13.0,4.7,18.8,0.0,53.9,19.4,22.9,HISTORICAL TRAINING DATA
2024-08-21,-18.9264,29.8236,Kwekwe,17.0,8.8,25.4,0.0,41.0,13.7,18.7,HISTORICAL TRAINING DATA
2024-08-22,-18.9264,29.8236,Kwekwe,16.0,8.2,21.5,0.0,54.3,20.0,24.3,HISTORICAL TRAINING DATA
2024-08-23,-18.9264,29.8236,Kwekwe,15.8,10.2,23.0,0.0,54.1,9.0,22.0,HISTORICAL TRAINING DATA
2024-08-24,-18.9264,29.8236,Kwekwe,15.5,8.6,22.8,0.0,49.6,20.9,18.7,HISTORICAL TRAINING DATA
2024-08-25,-18.9264,29.8236,Kwekwe,14.0,5.3,19.3,0.0,37.5,13.8,14.4,HISTORICAL TRAINING DATA
2024-08-26,-18.9264,29.8236,Kwekwe,16.9,11.6,24.2,0.0,46.3,7.2,17.6,HISTORICAL TRAINING DATA
2024-08-27,-18.9264,29.8236,Kwekwe,13.3,4.4,19.3,0.0,43.2,18.9,24.7,HISTORICAL TRAINING DATA
2024-08-28,-18.9264,29.8236,Kwekwe,14.5,7.7,21.7,0.0,40.2,7.8,21.8,HISTORICAL TRAINING DATA
2024-08-29,-18.9264,29.8236,Kwekwe,13.9,6.3,22.4,0.0,46.6,6.2,17.9,HISTORICAL TRAINING DATA
2024-08-30,-18.9264,29.8236,Kwekwe,15.8,7.9,23.1,0.0,51.4,17.5,23.5,HISTORICAL TRAINING DATA
2024-08-31,-18.9264,29.8236,Kwekwe,14.3,6.3,22.4,0.0,37.0,6.7,17.2,HISTORICAL TRAINING DATA
2024-09-01,-18.9264,29.8236,Kwekwe,28.1,20.2,34.9,0.0,48.7,20.6,27.8,HISTORICAL TRAINING DATA
2024-09-02,-18.9264,29.8236,Kwekwe,30.6,25.1,35.6,0.0,51.7,14.7,26.6,HISTORICAL TRAINING DATA
2024-09-03,-18.9264,29.8236,Kwekwe,30.4,21.5,38.3,0.0,47.5,9.5,15.6,HISTORICAL TRAINING DATA
2024-09-04,-18.9264,29.8236,Kwekwe,27.4,21.0,33.5,0.0,30.5,13.7,20.4,HISTORICAL TRAINING DATA
2024-09-05,-18.9264,29.8236,Kwekwe,30.1,21.8,38.0,0.0,53.5,10.8,20.7,HISTORICAL TRAINING DATA
2024-09-06,-18.9264,29.8236,Kwekwe,30.3,21.5,37.6,0.0,31.3,12.3,26.3,HISTORICAL TRAINING DATA
2024-09-07,-18.9264,29.8236,Kwekwe,28.4,22.1,34.0,0.0,38.8,15.0,20.4,HISTORICAL TRAINING DATA
2024-09-08,-18.9264,29.8236,Kwekwe,27.7,20.6,33.7,0.0,35.3,21.8,14.3,HISTORICAL TRAINING DATA
2024-09-09,-18.9264,29.8236,Kwekwe,27.8,21.3,36.2,5.6,53.9,17.9,14.2,HISTORICAL TRAINING DATA
2024-09-10,-18.9264,29.8236,Kwekwe,28.7,23.0,37.2,0.0,48.2,16.4,26.1,HISTORICAL TRAINING DATA
2024-09-11,-18.9264,29.8236,Kwekwe,27.3,19.1,34.2,0.0,53.3,16.0,26.1,HISTORICAL TRAINING DATA
2024-09-12,-18.9264,29.8236,Kwekwe,30.5,24.0,35.7,0.0,41.0,16.5,22.0,HISTORICAL TRAINING DATA
2024-09-13,-18.9264,29.8236,Kwekwe,30.6,23.6,37.9,0.0,39.4,20.1,25.3,HISTORICAL TRAINING DATA
2024-09-14,-18.9264,29.8236,Kwekwe,30.7,23.9,36.6,8.1,31.4,11.7,15.8,HISTORICAL TRAINING DATA
2024-09-15,-18.9264,29.8236,Kwekwe,29.4,24.3,36.5,0.0,46.5,20.4,26.8,HISTORICAL TRAINING DATA
2024-09-16,-18.9264,29.8236,Kwekwe,28.1,19.4,34.1,0.0,34.8,18.6,17.0,HISTORICAL TRAINING DATA
2024-09-17,-18.9264,29.8236,Kwekwe,29.4,24.3,36.0,0.0,37.0,17.3,14.4,HISTORICAL TRAINING DATA
2024-09-18,-18.9264,29.8236,Kwekwe,30.4,21.5,38.2,0.0,44.1,16.9,14.0,HISTORICAL TRAINING DATA
2024-09-19,-18.9264,29.8236,Kwekwe,29.4,22.7,38.0,0.0,34.8,11.2,16.0,HISTORICAL TRAINING DATA
2024-09-20,-18.9264,29.8236,Kwekwe,28.2,21.3,36.6,0.0,38.6,6.5,19.4,HISTORICAL TRAINING DATA
2024-09-21,-18.9264,29.8236,Kwekwe,30.8,23.5,36.9,0.0,52.1,13.7,27.3,HISTORICAL TRAINING DATA
2024-09-22,-18.9264,29.8236,Kwekwe,28.0,20.0,36.2,0.0,44.5,18.5,17.6,HISTORICAL TRAINING DATA
2024-09-23,-18.9264,29.8236,Kwekwe,28.4,21.3,33.5,0.0,52.6,10.0,20.2,HISTORICAL TRAINING DATA
2024-09-24,-18.9264,29.8236,Kwekwe,30.0,23.7,35.2,0.0,33.3,14.9,27.6,HISTORICAL TRAINING DATA
2024-09-25,-18.9264,29.8236,Kwekwe,28.7,21.5,33.8,0.0,54.0,8.9,17.2,HISTORICAL TRAINING DATA
2024-09-26,-18.9264,29.8236,Kwekwe,29.4,20.8,38.0,0.0,33.1,6.5,26.6,HISTORICAL TRAINING DATA
2024-09-27,-18.9264,29.8236,Kwekwe,29.5,22.9,36.1,0.0,38.2,9.3,22.3,HISTORICAL TRAINING DATA
2024-09-28,-18.9264,29.8236,Kwekwe,29.3,22.0,37.4,0.0,50.3,8.6,26.4,HISTORICAL TRAINING DATA
2024-09-29,-18.9264,29.8236,Kwekwe,29.0,23.0,34.6,0.0,47.5,11.0,19.1,HISTORICAL TRAINING DATA
2024-09-30,-18.9264,29.8236,Kwekwe,28.6,20.0,35.9,0.0,32.8,11.0,15.6,HISTORICAL TRAINING DATA
2024-10-01,-18.9264,29.8236,Kwekwe,27.0,19.8,32.1,0.0,34.6,6.1,18.5,HISTORICAL TRAINING DATA
2024-10-02,-18.9264,29.8236,Kwekwe,29.8,23.5,35.1,0.0,42.2,21.0,16.1,HISTORICAL TRAINING DATA
2024-10-03,-18.9264,29.8236,Kwekwe,27.6,22.3,36.2,0.0,48.8,11.8,19.1,HISTORICAL TRAINING DATA
2024-10-04,-18.9264,29.8236,Kwekwe,28.1,20.6,35.7,0.0,43.2,17.1,14.8,HISTORICAL TRAINING DATA
2024-10-05,-18.9264,29.8236,Kwekwe,30.6,23.7,38.2,0.0,33.3,6.3,15.4,HISTORICAL TRAINING DATA
2024-10-06,-18.9264,29.8236,Kwekwe,27.7,21.7,33.4,0.0,44.3,6.8,26.1,HISTORICAL TRAINING DATA
2024-10-07,-18.9264,29.8236,Kwekwe,28.6,22.2,36.5,0.0,52.7,20.9,25.3,HISTORICAL TRAINING DATA
2024-10-08,-18.9264,29.8236,Kwekwe,27.8,19.0,33.4,0.0,39.3,9.8,21.8,HISTORICAL TRAINING DATA
2024-10-09,-18.9264,29.8236,Kwekwe,28.6,23.4,33.9,0.0,30.3,10.2,20.2,HISTORICAL TRAINING DATA
2024-10-10,-18.9264,29.8236,Kwekwe,29.4,24.1,37.3,0.0,40.0,14.5,21.0,HISTORICAL TRAINING DATA
2024-10-11,-18.9264,29.8236,Kwekwe,27.4,20.9,35.3,0.0,30.2,15.0,20.9,HISTORICAL TRAINING DATA
2024-10-12,-18.9264,29.8236,Kwekwe,30.9,25.8,36.4,0.0,46.7,7.2,15.8,HISTORICAL TRAINING DATA
2024-10-13,-18.9264,29.8236,Kwekwe,27.5,19.6,33.0,0.0,43.7,9.6,16.1,HISTORICAL TRAINING DATA
2024-10-14,-18.9264,29.8236,Kwekwe,29.3,22.0,37.7,0.0,50.8,18.1,22.2,HISTORICAL TRAINING DATA
2024-10-15,-18.9264,29.8236,Kwekwe,29.0,21.9,37.8,0.0,32.6,20.5,26.8,HISTORICAL TRAINING DATA
2024-10-16,-18.9264,29.8236,Kwekwe,30.2,22.7,35.6,8.6,50.1,15.6,27.6,HISTORICAL TRAINING DATA
2024-10-17,-18.9264,29.8236,Kwekwe,30.6,23.8,38.4,0.0,50.8,7.8,25.1,HISTORICAL TRAINING DATA
2024-10-18,-18.9264,29.8236,Kwekwe,28.2,21.4,34.2,0.0,44.0,12.6,19.4,HISTORICAL TRAINING DATA
2024-10-19,-18.9264,29.8236,Kwekwe,28.4,23.1,34.6,9.3,35.9,15.2,27.7,HISTORICAL TRAINING DATA
2024-10-20,-18.9264,29.8236,Kwekwe,30.2,22.1,37.7,0.0,41.2,17.3,20.5,HISTORICAL TRAINING DATA
2024-10-21,-18.9264,29.8236,Kwekwe,27.7,20.1,33.5,0.0,37.4,20.1,26.0,HISTORICAL TRAINING DATA
2024-10-22,-18.9264,29.8236,Kwekwe,29.5,22.1,38.0,0.0,42.4,11.8,15.5,HISTORICAL TRAINING DATA
2024-10-23,-18.9264,29.8236,Kwekwe,30.6,24.7,37.7,0.0,51.3,16.8,14.6,HISTORICAL TRAINING DATA
2024-10-24,-18.9264,29.8236,Kwekwe,27.6,19.4,33.7,0.0,31.2,14.5,14.3,HISTORICAL TRAINING DATA
2024-10-25,-18.9264,29.8236,Kwekwe,28.2,21.5,33.4,0.0,44.5,6.5,14.7,HISTORICAL TRAINING DATA
2024-10-26,-18.9264,29.8236,Kwekwe,28.1,21.7,34.1,0.0,40.5,12.6,18.0,HISTORICAL TRAINING DATA
2024-10-27,-18.9264,29.8236,Kwekwe,27.7,19.9,33.2,0.0,49.5,11.9,22.3,HISTORICAL TRAINING DATA
2024-10-28,-18.9264,29.8236,Kwekwe,30.7,24.8,38.1,0.0,49.5,7.4,27.4,HISTORICAL TRAINING DATA
2024-10-29,-18.9264,29.8236,Kwekwe,30.7,25.3,37.0,0.0,31.5,13.5,15.5,HISTORICAL TRAINING DATA
2024-10-30,-18.9264,29.8236,Kwekwe,29.8,24.1,36.1,0.0,34.6,7.1,20.9,HISTORICAL TRAINING DATA
2024-10-31,-18.9264,29.8236,Kwekwe,30.5,25.4,35.5,0.0,54.2,7.1,17.7,HISTORICAL TRAINING DATA
2024-11-01,-18.9264,29.8236,Kwekwe,26.7,20.4,33.8,0.0,67.0,17.8,20.3,HISTORICAL TRAINING DATA
2024-11-02,-18.9264,29.8236,Kwekwe,24.2,16.0,32.3,9.3,67.8,18.2,22.6,HISTORICAL TRAINING DATA
2024-11-03,-18.9264,29.8236,Kwekwe,25.7,18.8,34.5,0.0,75.4,21.7,17.5,HISTORICAL TRAINING DATA
2024-11-04,-18.9264,29.8236,Kwekwe,25.4,17.3,31.0,0.0,65.3,10.8,24.2,HISTORICAL TRAINING DATA
2024-11-05,-18.9264,29.8236,Kwekwe,23.9,16.5,29.0,0.5,66.5,6.6,27.6,HISTORICAL TRAINING DATA
2024-11-06,-18.9264,29.8236,Kwekwe,23.2,14.9,29.5,7.2,62.2,8.3,21.0,HISTORICAL TRAINING DATA
2024-11-07,-18.9264,29.8236,Kwekwe,24.0,18.0,32.8,0.0,70.4,17.4,18.0,HISTORICAL TRAINING DATA
2024-11-08,-18.9264,29.8236,Kwekwe,25.6,17.7,33.6,11.6,79.2,17.8,20.2,HISTORICAL TRAINING DATA
2024-11-09,-18.9264,29.8236,Kwekwe,24.5,18.6,30.2,0.0,90.3,21.3,23.6,HISTORICAL TRAINING DATA
2024-11-10,-18.9264,29.8236,Kwekwe,24.6,16.5,32.0,4.6,66.8,8.9,27.9,HISTORICAL TRAINING DATA
2024-11-11,-18.9264,29.8236,Kwekwe,24.4,18.5,31.2,0.0,77.9,10.0,25.2,HISTORICAL TRAINING DATA
2024-11-12,-18.9264,29.8236,Kwekwe,25.0,16.3,31.0,0.0,67.9,11.4,22.8,HISTORICAL TRAINING DATA
2024-11-13,-18.9264,29.8236,Kwekwe,26.4,20.1,34.7,2.4,67.4,8.4,24.6,HISTORICAL TRAINING DATA
2024-11-14,-18.9264,29.8236,Kwekwe,26.7,18.9,33.6,10.1,72.0,6.9,17.2,HISTORICAL TRAINING DATA
2024-11-15,-18.9264,29.8236,Kwekwe,23.2,17.7,31.5,0.0,72.8,11.2,25.5,HISTORICAL TRAINING DATA
2024-11-16,-18.9264,29.8236,Kwekwe,24.9,16.5,30.2,35.3,70.4,15.4,27.5,HISTORICAL TRAINING DATA
2024-11-17,-18.9264,29.8236,Kwekwe,25.5,19.9,33.1,0.0,68.7,17.0,18.2,HISTORICAL TRAINING DATA
2024-11-18,-18.9264,29.8236,Kwekwe,24.4,17.9,30.9,1.0,79.9,7.4,18.5,HISTORICAL TRAINING DATA
2024-11-19,-18.9264,29.8236,Kwekwe,25.0,17.0,30.3,0.0,90.1,7.5,17.5,HISTORICAL TRAINING DATA
2024-11-20,-18.9264,29.8236,Kwekwe,26.9,21.8,34.8,0.0,71.0,9.6,23.6,HISTORICAL TRAINING DATA
2024-11-21,-18.9264,29.8236,Kwekwe,25.4,17.6,32.3,17.2,62.2,11.3,21.0,HISTORICAL TRAINING DATA
2024-11-22,-18.9264,29.8236,Kwekwe,26.0,19.5,34.2,35.8,88.6,8.8,21.2,HISTORICAL TRAINING DATA
2024-11-23,-18.9264,29.8236,Kwekwe,25.6,20.5,33.7,0.0,73.1,7.9,19.7,HISTORICAL TRAINING DATA
2024-11-24,-18.9264,29.8236,Kwekwe,26.4,19.9,35.2,13.3,77.2,12.9,18.4,HISTORICAL TRAINING DATA
2024-11-25,-18.9264,29.8236,Kwekwe,23.0,14.3,29.3,0.0,74.7,10.6,14.8,HISTORICAL TRAINING DATA
2024-11-26,-18.9264,29.8236,Kwekwe,25.4,19.0,33.0,0.0,76.0,15.5,20.4,HISTORICAL TRAINING DATA
2024-11-27,-18.9264,29.8236,Kwekwe,23.3,18.2,32.0,2.9,90.9,6.7,24.7,HISTORICAL TRAINING DATA
2024-11-28,-18.9264,29.8236,Kwekwe,23.2,16.5,28.5,29.8,84.5,6.8,17.0,HISTORICAL TRAINING DATA
2024-11-29,-18.9264,29.8236,Kwekwe,23.6,16.4,30.7,0.0,76.8,9.3,17.9,HISTORICAL TRAINING DATA
2024-11-30,-18.9264,29.8236,Kwekwe,26.9,19.7,32.4,1.5,90.0,21.5,20.6,HISTORICAL TRAINING DATA
2024-12-01,-18.9264,29.8236,Kwekwe,25.1,16.4,33.9,9.0,81.9,6.7,18.9,HISTORICAL TRAINING DATA
2024-12-02,-18.9264,29.8236,Kwekwe,23.1,16.5,30.4,0.0,70.7,18.1,19.3,HISTORICAL TRAINING DATA
2024-12-03,-18.9264,29.8236,Kwekwe,23.7,16.8,32.0,7.8,65.0,17.6,27.8,HISTORICAL TRAINING DATA
2024-12-04,-18.9264,29.8236,Kwekwe,23.4,16.7,31.0,0.0,87.7,13.3,18.9,HISTORICAL TRAINING DATA
2024-12-05,-18.9264,29.8236,Kwekwe,24.1,16.2,32.3,0.0,67.1,21.4,17.1,HISTORICAL TRAINING DATA
2024-12-06,-18.9264,29.8236,Kwekwe,26.1,19.0,33.5,0.0,90.5,16.1,22.0,HISTORICAL TRAINING DATA
2024-12-07,-18.9264,29.8236,Kwekwe,23.4,17.6,30.3,45.2,79.4,7.3,19.4,HISTORICAL TRAINING DATA
2024-12-08,-18.9264,29.8236,Kwekwe,24.1,16.2,30.9,6.8,76.9,7.1,21.9,HISTORICAL TRAINING DATA
2024-12-09,-18.9264,29.8236,Kwekwe,26.1,19.8,32.8,0.0,62.7,11.6,22.5,HISTORICAL TRAINING DATA
2024-12-10,-18.9264,29.8236,Kwekwe,24.5,16.5,31.5,69.4,68.0,20.7,23.2,HISTORICAL TRAINING DATA
2024-12-11,-18.9264,29.8236,Kwekwe,23.8,18.7,30.2,0.0,60.5,19.4,18.8,HISTORICAL TRAINING DATA
2024-12-12,-18.9264,29.8236,Kwekwe,24.3,17.4,31.2,0.0,67.7,18.7,14.3,HISTORICAL TRAINING DATA
2024-12-13,-18.9264,29.8236,Kwekwe,23.8,16.4,29.4,14.0,75.4,12.7,19.2,HISTORICAL TRAINING DATA
2024-12-14,-18.9264,29.8236,Kwekwe,25.2,19.8,31.2,0.0,60.4,6.9,27.4,HISTORICAL TRAINING DATA
2024-12-15,-18.9264,29.8236,Kwekwe,26.8,17.8,33.0,4.7,81.1,21.9,21.1,HISTORICAL TRAINING DATA
2024-12-16,-18.9264,29.8236,Kwekwe,26.0,17.6,33.2,9.9,89.4,13.9,22.8,HISTORICAL TRAINING DATA
2024-12-17,-18.9264,29.8236,Kwekwe,23.9,17.4,30.5,0.0,64.3,6.2,25.2,HISTORICAL TRAINING DATA
2024-12-18,-18.9264,29.8236,Kwekwe,26.1,21.0,33.4,3.0,81.5,10.7,18.4,HISTORICAL TRAINING DATA
2024-12-19,-18.9264,29.8236,Kwekwe,25.5,20.4,33.2,0.0,67.2,17.4,15.5,HISTORICAL TRAINING DATA
2024-12-20,-18.9264,29.8236,Kwekwe,27.0,20.7,33.1,0.0,80.6,18.1,16.1,HISTORICAL TRAINING DATA
2024-12-21,-18.9264,29.8236,Kwekwe,25.5,18.4,33.7,0.0,71.5,8.5,18.7,HISTORICAL TRAINING DATA
2024-12-22,-18.9264,29.8236,Kwekwe,24.8,19.3,30.0,6.2,60.1,9.6,27.4,HISTORICAL TRAINING DATA
2024-12-23,-18.9264,29.8236,Kwekwe,23.2,14.3,28.6,7.6,87.3,11.8,23.2,HISTORICAL TRAINING DATA
2024-12-24,-18.9264,29.8236,Kwekwe,25.1,19.7,32.1,0.0,86.4,16.1,24.8,HISTORICAL TRAINING DATA
2024-12-25,-18.9264,29.8236,Kwekwe,25.0,18.4,31.8,0.0,70.8,17.4,25.2,HISTORICAL TRAINING DATA
2024-12-26,-18.9264,29.8236,Kwekwe,26.4,20.2,32.5,1.6,76.9,16.2,14.5,HISTORICAL TRAINING DATA
2024-12-27,-18.9264,29.8236,Kwekwe,25.2,18.9,32.1,0.0,73.3,15.8,25.6,HISTORICAL TRAINING DATA
2024-12-28,-18.9264,29.8236,Kwekwe,26.2,20.0,31.3,0.0,69.0,8.6,27.7,HISTORICAL TRAINING DATA
2024-12-29,-18.9264,29.8236,Kwekwe,25.8,20.0,31.1,9.2,86.8,19.9,17.3,HISTORICAL TRAINING DATA
2024-12-30,-18.9264,29.8236,Kwekwe,23.3,15.0,28.7,3.1,62.4,14.5,23.7,HISTORICAL TRAINING DATA
2024-01-01,-18.3333,29.9167,Kadoma,26.0,20.0,31.5,10.6,63.9,18.2,23.4,HISTORICAL TRAINING DATA
2024-01-02,-18.3333,29.9167,Kadoma,26.1,18.0,31.5,0.3,74.5,14.0,25.7,HISTORICAL TRAINING DATA
2024-01-03,-18.3333,29.9167,Kadoma,25.0,19.5,31.3,10.4,85.6,21.2,27.4,HISTORICAL TRAINING DATA
2024-01-04,-18.3333,29.9167,Kadoma,27.2,20.0,34.9,4.3,75.6,9.4,14.9,HISTORICAL TRAINING DATA
2024-01-05,-18.3333,29.9167,Kadoma,24.7,19.4,30.1,4.0,66.3,21.1,28.0,HISTORICAL TRAINING DATA
2024-01-06,-18.3333,29.9167,Kadoma,26.7,18.1,34.5,0.1,91.5,9.7,18.4,HISTORICAL TRAINING DATA
2024-01-07,-18.3333,29.9167,Kadoma,25.0,18.7,31.8,0.0,81.4,14.0,19.8,HISTORICAL TRAINING DATA
2024-01-08,-18.3333,29.9167,Kadoma,26.8,20.2,32.2,0.6,92.0,16.6,21.0,HISTORICAL TRAINING DATA
2024-01-09,-18.3333,29.9167,Kadoma,26.6,18.4,34.7,2.6,68.4,12.2,18.4,HISTORICAL TRAINING DATA
2024-01-10,-18.3333,29.9167,Kadoma,25.0,17.4,31.9,0.0,74.6,10.3,14.8,HISTORICAL TRAINING DATA
2024-01-11,-18.3333,29.9167,Kadoma,27.4,20.6,33.4,2.9,91.8,16.0,22.6,HISTORICAL TRAINING DATA
2024-01-12,-18.3333,29.9167,Kadoma,28.4,20.9,36.2,11.1,67.3,12.3,27.6,HISTORICAL TRAINING DATA
2024-01-13,-18.3333,29.9167,Kadoma,27.0,20.8,32.0,20.3,72.9,12.2,17.1,HISTORICAL TRAINING DATA
2024-01-14,-18.3333,29.9167,Kadoma,26.2,17.4,34.0,0.0,71.2,14.9,18.9,HISTORICAL TRAINING DATA
2024-01-15,-18.3333,29.9167,Kadoma,28.2,22.9,37.2,1.1,86.8,15.6,23.0,HISTORICAL TRAINING DATA
2024-01-16,-18.3333,29.9167,Kadoma,25.7,19.8,30.8,0.0,65.3,20.9,14.3,HISTORICAL TRAINING DATA
2024-01-17,-18.3333,29.9167,Kadoma,25.6,19.4,32.9,8.8,74.8,18.4,22.9,HISTORICAL TRAINING DATA
2024-01-18,-18.3333,29.9167,Kadoma,27.8,20.7,34.6,0.0,76.3,20.4,17.5,HISTORICAL TRAINING DATA
2024-01-19,-18.3333,29.9167,Kadoma,27.7,19.5,32.7,0.7,88.5,7.1,20.8,HISTORICAL TRAINING DATA
2024-01-20,-18.3333,29.9167,Kadoma,28.3,22.1,37.0,0.0,80.9,15.5,25.3,HISTORICAL TRAINING DATA
2024-01-21,-18.3333,29.9167,Kadoma,27.8,22.4,36.5,0.0,74.2,7.2,15.5,HISTORICAL TRAINING DATA
2024-01-22,-18.3333,29.9167,Kadoma,27.3,19.8,33.0,0.6,61.2,7.5,18.0,HISTORICAL TRAINING DATA
2024-01-23,-18.3333,29.9167,Kadoma,24.8,16.4,31.5,0.0,71.4,10.5,17.3,HISTORICAL TRAINING DATA
2024-01-24,-18.3333,29.9167,Kadoma,27.2,19.2,36.1,0.0,81.2,20.8,19.2,HISTORICAL TRAINING DATA
2024-01-25,-18.3333,29.9167,Kadoma,25.1,17.0,30.3,0.0,63.5,9.4,17.3,HISTORICAL TRAINING DATA
2024-01-26,-18.3333,29.9167,Kadoma,25.5,18.0,33.7,33.1,61.8,15.3,19.4,HISTORICAL TRAINING DATA
2024-01-27,-18.3333,29.9167,Kadoma,26.1,17.3,33.6,15.2,83.0,16.4,20.4,HISTORICAL TRAINING DATA
2024-01-28,-18.3333,29.9167,Kadoma,24.9,16.4,33.0,0.0,90.8,17.1,16.2,HISTORICAL TRAINING DATA
2024-01-29,-18.3333,29.9167,Kadoma,26.5,17.9,34.7,0.0,64.9,19.0,25.5,HISTORICAL TRAINING DATA
2024-01-30,-18.3333,29.9167,Kadoma,27.9,19.5,33.5,4.8,81.2,13.7,25.4,HISTORICAL TRAINING DATA
2024-01-31,-18.3333,29.9167,Kadoma,26.7,21.4,35.4,0.0,68.3,9.9,22.1,HISTORICAL TRAINING DATA
2024-02-01,-18.3333,29.9167,Kadoma,27.7,20.2,34.4,0.0,75.4,6.5,14.1,HISTORICAL TRAINING DATA
2024-02-02,-18.3333,29.9167,Kadoma,26.0,20.0,32.2,0.0,75.3,15.7,15.7,HISTORICAL TRAINING DATA
2024-02-03,-18.3333,29.9167,Kadoma,27.4,19.1,34.6,5.0,72.6,9.0,26.3,HISTORICAL TRAINING DATA
2024-02-04,-18.3333,29.9167,Kadoma,27.5,20.4,34.9,6.1,86.2,6.2,27.1,HISTORICAL TRAINING DATA
2024-02-05,-18.3333,29.9167,Kadoma,27.2,20.2,35.5,0.0,70.5,9.7,24.0,HISTORICAL TRAINING DATA
2024-02-06,-18.3333,29.9167,Kadoma,25.5,17.6,34.4,14.3,91.4,12.4,24.5,HISTORICAL TRAINING DATA
2024-02-07,-18.3333,29.9167,Kadoma,28.4,20.8,34.7,1.6,86.7,15.9,16.4,HISTORICAL TRAINING DATA
2024-02-08,-18.3333,29.9167,Kadoma,28.4,20.3,33.9,13.2,85.1,18.3,14.8,HISTORICAL TRAINING DATA
2024-02-09,-18.3333,29.9167,Kadoma,27.8,20.9,35.0,6.4,87.1,18.6,27.6,HISTORICAL TRAINING DATA
2024-02-10,-18.3333,29.9167,Kadoma,27.5,18.7,35.9,0.0,62.6,6.0,23.4,HISTORICAL TRAINING DATA
2024-02-11,-18.3333,29.9167,Kadoma,26.7,20.5,35.6,17.3,77.0,19.3,22.7,HISTORICAL TRAINING DATA
2024-02-12,-18.3333,29.9167,Kadoma,27.6,19.7,34.8,0.0,88.5,12.5,15.8,HISTORICAL TRAINING DATA
2024-02-13,-18.3333,29.9167,Kadoma,27.2,20.1,34.2,0.8,81.3,20.2,27.7,HISTORICAL TRAINING DATA
2024-02-14,-18.3333,29.9167,Kadoma,28.3,19.5,37.2,57.7,87.4,17.6,15.0,HISTORICAL TRAINING DATA
2024-02-15,-18.3333,29.9167,Kadoma,25.1,17.9,30.6,0.0,84.7,8.2,19.7,HISTORICAL TRAINING DATA
2024-02-16,-18.3333,29.9167,Kadoma,27.5,19.2,33.0,0.0,91.5,12.2,22.9,HISTORICAL TRAINING DATA
2024-02-17,-18.3333,29.9167,Kadoma,27.0,21.4,33.7,0.0,86.5,18.2,23.7,HISTORICAL TRAINING DATA
2024-02-18,-18.3333,29.9167,Kadoma,26.2,18.7,33.6,8.5,70.1,12.6,20.5,HISTORICAL TRAINING DATA
2024-02-19,-18.3333,29.9167,Kadoma,25.6,17.5,33.3,0.0,64.7,17.4,24.3,HISTORICAL TRAINING DATA
2024-02-20,-18.3333,29.9167,Kadoma,27.1,18.5,32.7,0.0,64.5,20.2,25.3,HISTORICAL TRAINING DATA
2024-02-21,-18.3333,29.9167,Kadoma,27.7,19.2,33.7,0.0,65.6,15.3,22.5,HISTORICAL TRAINING DATA
2024-02-22,-18.3333,29.9167,Kadoma,27.0,20.7,35.6,23.6,90.0,12.6,17.6,HISTORICAL TRAINING DATA
2024-02-23,-18.3333,29.9167,Kadoma,25.7,19.7,34.4,0.0,84.3,16.1,24.7,HISTORICAL TRAINING DATA
2024-02-24,-18.3333,29.9167,Kadoma,27.4,22.0,33.7,1.4,91.1,21.5,17.1,HISTORICAL TRAINING DATA
2024-02-25,-18.3333,29.9167,Kadoma,26.2,19.0,33.1,14.8,60.8,19.5,18.4,HISTORICAL TRAINING DATA
2024-02-26,-18.3333,29.9167,Kadoma,25.9,20.7,33.5,0.0,85.0,12.2,26.4,HISTORICAL TRAINING DATA
2024-02-27,-18.3333,29.9167,Kadoma,27.6,22.4,36.3,0.0,89.7,15.2,23.6,HISTORICAL TRAINING DATA
2024-02-28,-18.3333,29.9167,Kadoma,24.6,15.7,31.4,0.0,90.5,7.9,16.5,HISTORICAL TRAINING DATA
2024-02-29,-18.3333,29.9167,Kadoma,27.4,21.6,34.4,15.5,66.9,7.2,25.1,HISTORICAL TRAINING DATA
2024-03-01,-18.3333,29.9167,Kadoma,25.2,16.4,32.1,12.9,78.9,9.6,20.4,HISTORICAL TRAINING DATA
2024-03-02,-18.3333,29.9167,Kadoma,28.2,21.7,35.1,0.0,79.3,15.3,24.7,HISTORICAL TRAINING DATA
2024-03-03,-18.3333,29.9167,Kadoma,24.8,18.8,31.6,0.0,86.1,16.9,15.0,HISTORICAL TRAINING DATA
2024-03-04,-18.3333,29.9167,Kadoma,26.4,21.4,34.3,6.0,89.5,12.8,27.5,HISTORICAL TRAINING DATA
2024-03-05,-18.3333,29.9167,Kadoma,26.1,20.7,31.7,0.0,87.6,21.2,18.1,HISTORICAL TRAINING DATA
2024-03-06,-18.3333,29.9167,Kadoma,27.9,22.7,34.5,0.4,60.5,10.0,24.4,HISTORICAL TRAINING DATA
2024-03-07,-18.3333,29.9167,Kadoma,26.5,17.6,33.8,39.9,80.1,14.2,17.1,HISTORICAL TRAINING DATA
2024-03-08,-18.3333,29.9167,Kadoma,28.1,23.0,35.0,0.0,85.6,17.5,21.3,HISTORICAL TRAINING DATA
2024-03-09,-18.3333,29.9167,Kadoma,24.8,18.1,31.2,0.0,67.3,20.7,21.6,HISTORICAL TRAINING DATA
2024-03-10,-18.3333,29.9167,Kadoma,25.1,18.3,30.2,1.7,62.0,10.7,21.6,HISTORICAL TRAINING DATA
2024-03-11,-18.3333,29.9167,Kadoma,25.5,17.6,32.5,0.0,74.0,17.2,24.7,HISTORICAL TRAINING DATA
2024-03-12,-18.3333,29.9167,Kadoma,25.3,17.4,31.8,0.8,80.0,7.5,23.9,HISTORICAL TRAINING DATA
2024-03-13,-18.3333,29.9167,Kadoma,24.6,17.1,32.3,1.0,76.4,18.3,23.9,HISTORICAL TRAINING DATA
2024-03-14,-18.3333,29.9167,Kadoma,25.0,19.8,30.9,0.0,66.7,6.2,20.3,HISTORICAL TRAINING DATA
2024-03-15,-18.3333,29.9167,Kadoma,25.0,19.1,32.8,2.0,80.9,9.0,17.8,HISTORICAL TRAINING DATA
2024-03-16,-18.3333,29.9167,Kadoma,25.1,16.1,31.4,0.0,68.8,9.3,15.6,HISTORICAL TRAINING DATA
2024-03-17,-18.3333,29.9167,Kadoma,26.2,19.0,34.7,0.0,87.2,7.8,19.8,HISTORICAL TRAINING DATA
2024-03-18,-18.3333,29.9167,Kadoma,26.1,18.6,34.4,22.0,85.1,13.5,23.5,HISTORICAL TRAINING DATA
2024-03-19,-18.3333,29.9167,Kadoma,24.5,15.9,29.8,0.0,72.0,6.3,15.4,HISTORICAL TRAINING DATA
2024-03-20,-18.3333,29.9167,Kadoma,26.1,18.3,32.2,0.0,60.1,18.6,18.6,HISTORICAL TRAINING DATA
2024-03-21,-18.3333,29.9167,Kadoma,24.6,18.4,31.9,12.8,75.7,12.6,23.7,HISTORICAL TRAINING DATA
2024-03-22,-18.3333,29.9167,Kadoma,26.6,21.1,31.6,0.0,69.5,19.1,23.2,HISTORICAL TRAINING DATA
2024-03-23,-18.3333,29.9167,Kadoma,28.4,23.0,36.2,10.2,82.6,9.1,18.6,HISTORICAL TRAINING DATA
2024-03-24,-18.3333,29.9167,Kadoma,25.1,19.5,32.8,2.1,67.8,21.7,27.1,HISTORICAL TRAINING DATA
2024-03-25,-18.3333,29.9167,Kadoma,25.8,19.0,32.6,0.0,66.2,10.9,18.9,HISTORICAL TRAINING DATA
2024-03-26,-18.3333,29.9167,Kadoma,25.6,18.6,32.2,14.4,82.8,21.0,24.4,HISTORICAL TRAINING DATA
2024-03-27,-18.3333,29.9167,Kadoma,27.2,21.8,32.7,0.0,61.5,11.3,16.2,HISTORICAL TRAINING DATA
2024-03-28,-18.3333,29.9167,Kadoma,25.8,20.1,32.6,0.0,73.9,14.7,21.5,HISTORICAL TRAINING DATA
2024-03-29,-18.3333,29.9167,Kadoma,26.1,18.8,35.0,49.0,68.8,6.3,26.7,HISTORICAL TRAINING DATA
2024-03-30,-18.3333,29.9167,Kadoma,25.9,18.9,33.8,0.0,88.5,15.5,15.6,HISTORICAL TRAINING DATA
2024-03-31,-18.3333,29.9167,Kadoma,26.7,18.4,32.2,26.4,87.0,15.7,26.5,HISTORICAL TRAINING DATA
2024-04-01,-18.3333,29.9167,Kadoma,30.0,21.9,37.6,0.0,54.0,11.8,26.3,HISTORICAL TRAINING DATA
2024-04-02,-18.3333,29.9167,Kadoma,28.7,22.1,35.0,0.0,38.8,13.9,22.5,HISTORICAL TRAINING DATA
2024-04-03,-18.3333,29.9167,Kadoma,31.9,25.1,39.3,0.0,34.7,14.8,14.3,HISTORICAL TRAINING DATA
2024-04-04,-18.3333,29.9167,Kadoma,29.7,24.2,38.2,0.0,40.3,11.2,26.2,HISTORICAL TRAINING DATA
2024-04-05,-18.3333,29.9167,Kadoma,28.9,21.6,37.5,0.0,30.0,11.7,21.4,HISTORICAL TRAINING DATA
2024-04-06,-18.3333,29.9167,Kadoma,30.4,24.9,36.8,0.0,49.9,20.9,16.4,HISTORICAL TRAINING DATA
2024-04-07,-18.3333,29.9167,Kadoma,29.0,21.9,37.1,0.0,39.5,7.0,26.8,HISTORICAL TRAINING DATA
2024-04-08,-18.3333,29.9167,Kadoma,29.3,24.0,37.0,0.0,47.0,16.2,26.4,HISTORICAL TRAINING DATA
2024-04-09,-18.3333,29.9167,Kadoma,30.8,21.9,37.8,0.0,30.2,12.2,15.5,HISTORICAL TRAINING DATA
2024-04-10,-18.3333,29.9167,Kadoma,29.0,21.6,36.5,0.0,50.9,15.2,26.0,HISTORICAL TRAINING DATA
2024-04-11,-18.3333,29.9167,Kadoma,30.9,22.2,38.7,0.0,45.8,21.0,26.8,HISTORICAL TRAINING DATA
2024-04-12,-18.3333,29.9167,Kadoma,31.9,25.0,39.1,0.0,43.0,14.3,18.9,HISTORICAL TRAINING DATA
2024-04-13,-18.3333,29.9167,Kadoma,31.8,23.0,39.1,0.0,48.3,15.8,19.6,HISTORICAL TRAINING DATA
2024-04-14,-18.3333,29.9167,Kadoma,31.1,23.0,40.0,0.0,49.2,13.5,23.8,HISTORICAL TRAINING DATA
2024-04-15,-18.3333,29.9167,Kadoma,28.7,21.1,35.6,0.0,44.2,13.9,18.0,HISTORICAL TRAINING DATA
2024-04-16,-18.3333,29.9167,Kadoma,30.8,22.9,39.1,0.0,49.6,18.5,18.4,HISTORICAL TRAINING DATA
2024-04-17,-18.3333,29.9167,Kadoma,31.2,23.0,37.3,0.0,36.3,19.6,14.6,HISTORICAL TRAINING DATA
2024-04-18,-18.3333,29.9167,Kadoma,30.1,23.4,36.7,0.0,34.3,18.3,18.8,HISTORICAL TRAINING DATA
2024-04-19,-18.3333,29.9167,Kadoma,31.1,24.7,38.4,0.0,41.3,17.0,14.4,HISTORICAL TRAINING DATA
2024-04-20,-18.3333,29.9167,Kadoma,31.7,24.1,38.8,0.0,38.5,20.7,21.2,HISTORICAL TRAINING DATA
2024-04-21,-18.3333,29.9167,Kadoma,32.3,24.4,39.2,0.0,51.6,15.7,25.0,HISTORICAL TRAINING DATA
2024-04-22,-18.3333,29.9167,Kadoma,32.4,25.6,40.4,0.0,51.4,20.8,21.0,HISTORICAL TRAINING DATA
2024-04-23,-18.3333,29.9167,Kadoma,30.2,23.7,37.3,0.0,43.8,21.9,17.1,HISTORICAL TRAINING DATA
2024-04-24,-18.3333,29.9167,Kadoma,29.7,24.5,36.5,8.6,47.3,16.7,25.3,HISTORICAL TRAINING DATA
2024-04-25,-18.3333,29.9167,Kadoma,31.9,23.3,39.6,0.0,39.7,19.8,18.4,HISTORICAL TRAINING DATA
2024-04-26,-18.3333,29.9167,Kadoma,28.6,21.5,35.2,0.0,42.3,8.5,16.7,HISTORICAL TRAINING DATA
2024-04-27,-18.3333,29.9167,Kadoma,31.4,25.4,37.1,0.0,37.1,15.3,22.5,HISTORICAL TRAINING DATA
2024-04-28,-18.3333,29.9167,Kadoma,29.0,23.8,34.8,0.0,47.1,7.4,28.0,HISTORICAL TRAINING DATA
2024-04-29,-18.3333,29.9167,Kadoma,29.1,22.8,34.7,0.0,50.0,9.8,23.7,HISTORICAL TRAINING DATA
2024-04-30,-18.3333,29.9167,Kadoma,31.3,24.5,37.4,0.0,37.1,17.0,16.6,HISTORICAL TRAINING DATA
2024-05-01,-18.3333,29.9167,Kadoma,14.6,9.3,21.3,0.0,47.1,15.8,26.4,HISTORICAL TRAINING DATA
2024-05-02,-18.3333,29.9167,Kadoma,16.2,9.8,23.0,0.0,42.8,21.8,26.8,HISTORICAL TRAINING DATA
2024-05-03,-18.3333,29.9167,Kadoma,17.9,11.9,23.7,0.0,37.8,21.6,17.7,HISTORICAL TRAINING DATA
2024-05-04,-18.3333,29.9167,Kadoma,14.8,7.9,21.3,0.0,41.9,18.3,15.5,HISTORICAL TRAINING DATA
2024-05-05,-18.3333,29.9167,Kadoma,16.2,7.4,21.8,0.0,49.9,16.8,24.6,HISTORICAL TRAINING DATA
2024-05-06,-18.3333,29.9167,Kadoma,18.4,10.5,23.9,0.0,35.7,8.5,26.2,HISTORICAL TRAINING DATA
2024-05-07,-18.3333,29.9167,Kadoma,14.9,7.0,20.0,0.0,40.9,12.2,18.0,HISTORICAL TRAINING DATA
2024-05-08,-18.3333,29.9167,Kadoma,16.3,7.5,22.8,0.0,51.8,11.2,27.2,HISTORICAL TRAINING DATA
2024-05-09,-18.3333,29.9167,Kadoma,16.2,10.3,22.5,0.0,59.2,6.1,21.0,HISTORICAL TRAINING DATA
2024-05-10,-18.3333,29.9167,Kadoma,15.4,6.7,21.3,0.0,51.8,16.3,20.8,HISTORICAL TRAINING DATA
2024-05-11,-18.3333,29.9167,Kadoma,15.1,9.8,22.8,0.0,53.1,12.6,14.4,HISTORICAL TRAINING DATA
2024-05-12,-18.3333,29.9167,Kadoma,17.8,10.5,25.7,0.0,41.1,21.7,25.7,HISTORICAL TRAINING DATA
2024-05-13,-18.3333,29.9167,Kadoma,14.7,9.6,23.5,0.0,58.2,8.9,14.9,HISTORICAL TRAINING DATA
2024-05-14,-18.3333,29.9167,Kadoma,16.7,10.1,23.6,0.0,51.9,15.7,20.0,HISTORICAL TRAINING DATA
2024-05-15,-18.3333,29.9167,Kadoma,14.7,9.5,21.1,0.0,57.9,7.7,14.5,HISTORICAL TRAINING DATA
2024-05-16,-18.3333,29.9167,Kadoma,17.7,10.2,24.5,0.0,41.3,15.6,26.5,HISTORICAL TRAINING DATA
2024-05-17,-18.3333,29.9167,Kadoma,14.9,7.6,20.6,0.0,53.2,9.8,23.6,HISTORICAL TRAINING DATA
2024-05-18,-18.3333,29.9167,Kadoma,17.6,12.3,25.0,0.0,56.4,15.2,19.3,HISTORICAL TRAINING DATA
2024-05-19,-18.3333,29.9167,Kadoma,15.9,9.6,21.0,0.0,35.1,7.4,16.4,HISTORICAL TRAINING DATA
2024-05-20,-18.3333,29.9167,Kadoma,16.8,11.3,22.4,0.0,57.4,9.7,20.5,HISTORICAL TRAINING DATA
2024-05-21,-18.3333,29.9167,Kadoma,15.5,9.2,23.0,0.0,54.5,11.2,24.3,HISTORICAL TRAINING DATA
2024-05-22,-18.3333,29.9167,Kadoma,16.4,9.2,21.9,0.0,39.2,12.4,16.1,HISTORICAL TRAINING DATA
2024-05-23,-18.3333,29.9167,Kadoma,15.7,7.8,24.6,0.0,52.3,21.7,16.3,HISTORICAL TRAINING DATA
2024-05-24,-18.3333,29.9167,Kadoma,14.6,8.6,22.4,0.0,57.5,11.9,22.1,HISTORICAL TRAINING DATA
2024-05-25,-18.3333,29.9167,Kadoma,18.0,12.9,25.2,0.0,47.3,19.1,25.5,HISTORICAL TRAINING DATA
2024-05-26,-18.3333,29.9167,Kadoma,15.9,9.2,23.7,0.0,58.8,10.1,25.4,HISTORICAL TRAINING DATA
2024-05-27,-18.3333,29.9167,Kadoma,17.1,9.9,24.9,0.0,40.4,13.5,21.7,HISTORICAL TRAINING DATA
2024-05-28,-18.3333,29.9167,Kadoma,16.4,8.9,23.0,0.1,52.4,13.7,20.4,HISTORICAL TRAINING DATA
2024-05-29,-18.3333,29.9167,Kadoma,15.0,6.4,22.1,0.0,37.2,15.7,27.3,HISTORICAL TRAINING DATA
2024-05-30,-18.3333,29.9167,Kadoma,17.9,12.6,25.3,0.0,45.0,14.2,27.8,HISTORICAL TRAINING DATA
2024-05-31,-18.3333,29.9167,Kadoma,14.9,7.4,21.4,0.0,36.8,7.9,14.4,HISTORICAL TRAINING DATA
2024-06-01,-18.3333,29.9167,Kadoma,17.1,10.1,23.8,0.0,36.9,11.4,24.2,HISTORICAL TRAINING DATA
2024-06-02,-18.3333,29.9167,Kadoma,16.9,11.6,25.3,0.0,54.9,16.3,19.3,HISTORICAL TRAINING DATA
2024-06-03,-18.3333,29.9167,Kadoma,14.5,8.0,19.8,0.0,49.4,13.5,21.3,HISTORICAL TRAINING DATA
2024-06-04,-18.3333,29.9167,Kadoma,14.9,5.9,20.4,0.0,54.0,17.0,17.3,HISTORICAL TRAINING DATA
2024-06-05,-18.3333,29.9167,Kadoma,17.0,10.4,22.1,0.0,37.1,15.2,15.2,HISTORICAL TRAINING DATA
2024-06-06,-18.3333,29.9167,Kadoma,16.0,8.9,21.0,0.0,48.9,17.2,20.6,HISTORICAL TRAINING DATA
2024-06-07,-18.3333,29.9167,Kadoma,15.7,8.8,24.3,0.0,52.1,11.9,14.6,HISTORICAL TRAINING DATA
2024-06-08,-18.3333,29.9167,Kadoma,16.6,9.7,22.8,0.0,58.7,10.6,17.1,HISTORICAL TRAINING DATA
2024-06-09,-18.3333,29.9167,Kadoma,14.6,7.2,21.4,0.0,53.3,8.4,26.8,HISTORICAL TRAINING DATA
2024-06-10,-18.3333,29.9167,Kadoma,16.9,11.6,22.0,0.0,43.2,19.3,27.0,HISTORICAL TRAINING DATA
2024-06-11,-18.3333,29.9167,Kadoma,18.3,11.3,26.2,0.0,55.4,6.4,16.5,HISTORICAL TRAINING DATA
2024-06-12,-18.3333,29.9167,Kadoma,17.0,9.7,22.7,0.0,51.6,18.2,22.8,HISTORICAL TRAINING DATA
2024-06-13,-18.3333,29.9167,Kadoma,15.7,10.6,23.4,0.0,35.8,15.9,26.4,HISTORICAL TRAINING DATA
2024-06-14,-18.3333,29.9167,Kadoma,17.0,11.0,23.9,0.0,50.1,17.1,23.3,HISTORICAL TRAINING DATA
2024-06-15,-18.3333,29.9167,Kadoma,14.8,8.1,22.1,0.0,56.7,18.0,20.3,HISTORICAL TRAINING DATA
2024-06-16,-18.3333,29.9167,Kadoma,17.3,11.7,24.9,0.0,39.2,16.9,24.7,HISTORICAL TRAINING DATA
2024-06-17,-18.3333,29.9167,Kadoma,17.5,12.1,23.6,0.0,36.4,11.6,24.1,HISTORICAL TRAINING DATA
2024-06-18,-18.3333,29.9167,Kadoma,16.7,9.0,23.2,0.0,54.8,20.4,27.9,HISTORICAL TRAINING DATA
2024-06-19,-18.3333,29.9167,Kadoma,17.5,9.5,26.0,0.0,59.6,18.6,25.1,HISTORICAL TRAINING DATA
2024-06-20,-18.3333,29.9167,Kadoma,16.9,9.5,23.4,0.0,54.6,7.8,23.5,HISTORICAL TRAINING DATA
2024-06-21,-18.3333,29.9167,Kadoma,17.0,10.7,24.0,0.0,55.9,7.4,25.1,HISTORICAL TRAINING DATA
2024-06-22,-18.3333,29.9167,Kadoma,17.3,10.2,24.8,0.0,55.0,12.3,21.1,HISTORICAL TRAINING DATA
2024-06-23,-18.3333,29.9167,Kadoma,17.4,12.2,26.2,0.0,35.9,18.8,21.0,HISTORICAL TRAINING DATA
2024-06-24,-18.3333,29.9167,Kadoma,17.8,11.0,23.9,0.0,51.8,6.4,22.6,HISTORICAL TRAINING DATA
2024-06-25,-18.3333,29.9167,Kadoma,16.3,8.2,22.5,0.0,41.5,21.6,24.3,HISTORICAL TRAINING DATA
2024-06-26,-18.3333,29.9167,Kadoma,18.1,9.2,26.7,0.0,37.3,14.3,25.2,HISTORICAL TRAINING DATA
2024-06-27,-18.3333,29.9167,Kadoma,15.1,7.3,23.6,0.0,41.3,15.8,23.4,HISTORICAL TRAINING DATA
2024-06-28,-18.3333,29.9167,Kadoma,15.6,10.3,22.0,0.0,55.5,15.2,15.6,HISTORICAL TRAINING DATA
2024-06-29,-18.3333,29.9167,Kadoma,15.8,7.9,21.6,0.0,51.5,10.4,27.1,HISTORICAL TRAINING DATA
2024-06-30,-18.3333,29.9167,Kadoma,16.4,10.7,24.0,0.0,36.0,12.7,16.2,HISTORICAL TRAINING DATA
2024-07-01,-18.3333,29.9167,Kadoma,16.0,10.5,22.4,0.0,51.6,11.3,21.7,HISTORICAL TRAINING DATA
2024-07-02,-18.3333,29.9167,Kadoma,17.8,9.1,26.5,0.0,56.7,14.8,15.4,HISTORICAL TRAINING DATA
2024-07-03,-18.3333,29.9167,Kadoma,16.1,7.8,22.9,0.0,56.3,16.9,22.5,HISTORICAL TRAINING DATA
2024-07-04,-18.3333,29.9167,Kadoma,16.3,10.2,23.7,0.0,44.7,21.0,27.4,HISTORICAL TRAINING DATA
2024-07-05,-18.3333,29.9167,Kadoma,16.6,9.7,24.8,0.0,41.3,8.9,17.7,HISTORICAL TRAINING DATA
2024-07-06,-18.3333,29.9167,Kadoma,18.2,13.0,24.3,0.0,43.4,18.8,22.7,HISTORICAL TRAINING DATA
2024-07-07,-18.3333,29.9167,Kadoma,14.9,6.6,22.4,0.0,56.6,14.1,23.1,HISTORICAL TRAINING DATA
2024-07-08,-18.3333,29.9167,Kadoma,16.7,7.9,23.0,0.0,48.1,10.5,21.2,HISTORICAL TRAINING DATA
2024-07-09,-18.3333,29.9167,Kadoma,15.0,9.0,20.0,0.0,59.2,20.7,27.0,HISTORICAL TRAINING DATA
2024-07-10,-18.3333,29.9167,Kadoma,18.0,9.0,24.6,0.0,59.8,20.2,14.0,HISTORICAL TRAINING DATA
2024-07-11,-18.3333,29.9167,Kadoma,17.2,10.4,24.8,0.0,39.5,7.0,23.8,HISTORICAL TRAINING DATA
2024-07-12,-18.3333,29.9167,Kadoma,17.7,10.3,23.1,0.0,41.2,19.4,25.8,HISTORICAL TRAINING DATA
2024-07-13,-18.3333,29.9167,Kadoma,16.4,10.4,24.3,0.0,47.0,16.7,19.7,HISTORICAL TRAINING DATA
2024-07-14,-18.3333,29.9167,Kadoma,14.8,7.6,21.4,0.0,44.0,17.3,23.8,HISTORICAL TRAINING DATA
2024-07-15,-18.3333,29.9167,Kadoma,17.5,9.3,22.7,0.0,59.2,12.7,22.6,HISTORICAL TRAINING DATA
2024-07-16,-18.3333,29.9167,Kadoma,16.4,11.0,21.6,0.0,59.2,17.3,20.3,HISTORICAL TRAINING DATA
2024-07-17,-18.3333,29.9167,Kadoma,14.8,6.5,23.6,0.0,36.3,8.8,26.4,HISTORICAL TRAINING DATA
2024-07-18,-18.3333,29.9167,Kadoma,15.9,8.8,23.4,0.0,47.3,8.6,18.2,HISTORICAL TRAINING DATA
2024-07-19,-18.3333,29.9167,Kadoma,15.0,9.8,23.2,0.0,39.7,8.1,15.1,HISTORICAL TRAINING DATA
2024-07-20,-18.3333,29.9167,Kadoma,16.3,7.7,23.5,1.1,39.7,18.8,26.7,HISTORICAL TRAINING DATA
2024-07-21,-18.3333,29.9167,Kadoma,16.8,10.4,25.3,0.0,57.1,11.3,19.6,HISTORICAL TRAINING DATA
2024-07-22,-18.3333,29.9167,Kadoma,17.6,11.4,24.7,0.0,52.7,6.5,22.8,HISTORICAL TRAINING DATA
2024-07-23,-18.3333,29.9167,Kadoma,16.3,11.0,22.0,0.0,43.5,16.6,23.9,HISTORICAL TRAINING DATA
2024-07-24,-18.3333,29.9167,Kadoma,17.0,10.7,25.8,0.0,57.8,10.4,22.3,HISTORICAL TRAINING DATA
2024-07-25,-18.3333,29.9167,Kadoma,15.6,8.5,24.2,0.0,42.8,21.9,25.8,HISTORICAL TRAINING DATA
2024-07-26,-18.3333,29.9167,Kadoma,14.5,8.9,20.5,0.0,35.9,16.7,25.8,HISTORICAL TRAINING DATA
2024-07-27,-18.3333,29.9167,Kadoma,17.8,9.2,23.2,0.0,48.9,17.7,26.1,HISTORICAL TRAINING DATA
2024-07-28,-18.3333,29.9167,Kadoma,17.7,9.2,26.4,0.0,35.4,14.4,27.7,HISTORICAL TRAINING DATA
2024-07-29,-18.3333,29.9167,Kadoma,18.0,11.1,24.5,0.0,56.8,12.8,21.6,HISTORICAL TRAINING DATA
2024-07-30,-18.3333,29.9167,Kadoma,15.8,8.7,23.8,0.0,46.8,21.7,24.1,HISTORICAL TRAINING DATA
2024-07-31,-18.3333,29.9167,Kadoma,17.9,11.1,23.8,0.0,57.8,10.3,27.6,HISTORICAL TRAINING DATA
2024-08-01,-18.3333,29.9167,Kadoma,14.7,6.4,20.7,0.4,48.4,16.1,25.4,HISTORICAL TRAINING DATA
2024-08-02,-18.3333,29.9167,Kadoma,15.5,9.0,21.5,0.0,50.9,20.3,16.4,HISTORICAL TRAINING DATA
2024-08-03,-18.3333,29.9167,Kadoma,14.7,6.3,21.7,0.0,55.1,17.4,14.5,HISTORICAL TRAINING DATA
2024-08-04,-18.3333,29.9167,Kadoma,17.5,9.7,24.4,0.0,48.3,7.0,15.8,HISTORICAL TRAINING DATA
2024-08-05,-18.3333,29.9167,Kadoma,16.7,11.1,23.9,0.0,51.7,19.1,25.3,HISTORICAL TRAINING DATA
2024-08-06,-18.3333,29.9167,Kadoma,14.8,6.7,20.0,0.0,52.7,17.6,16.1,HISTORICAL TRAINING DATA
2024-08-07,-18.3333,29.9167,Kadoma,17.1,9.7,25.3,0.0,45.3,16.9,27.7,HISTORICAL TRAINING DATA
2024-08-08,-18.3333,29.9167,Kadoma,15.3,7.7,21.5,0.0,59.6,7.7,20.7,HISTORICAL TRAINING DATA
2024-08-09,-18.3333,29.9167,Kadoma,16.3,8.1,23.0,0.0,36.7,18.5,18.0,HISTORICAL TRAINING DATA
2024-08-10,-18.3333,29.9167,Kadoma,15.0,6.7,24.0,0.0,48.2,11.5,22.5,HISTORICAL TRAINING DATA
2024-08-11,-18.3333,29.9167,Kadoma,17.3,8.6,23.4,0.0,47.9,16.7,21.0,HISTORICAL TRAINING DATA
2024-08-12,-18.3333,29.9167,Kadoma,17.6,9.2,26.4,0.0,39.5,8.6,21.6,HISTORICAL TRAINING DATA
2024-08-13,-18.3333,29.9167,Kadoma,17.2,10.4,22.2,0.0,58.0,19.6,26.5,HISTORICAL TRAINING DATA
2024-08-14,-18.3333,29.9167,Kadoma,17.5,10.2,24.9,0.0,58.5,19.5,27.4,HISTORICAL TRAINING DATA
2024-08-15,-18.3333,29.9167,Kadoma,16.8,9.3,24.2,0.0,45.3,9.3,15.2,HISTORICAL TRAINING DATA
2024-08-16,-18.3333,29.9167,Kadoma,14.7,8.7,21.8,0.0,56.5,17.1,17.4,HISTORICAL TRAINING DATA
2024-08-17,-18.3333,29.9167,Kadoma,14.7,8.2,21.9,0.0,56.7,10.0,19.9,HISTORICAL TRAINING DATA
2024-08-18,-18.3333,29.9167,Kadoma,16.0,7.9,21.3,0.0,57.2,14.7,14.2,HISTORICAL TRAINING DATA
2024-08-19,-18.3333,29.9167,Kadoma,18.0,11.9,26.3,0.0,40.2,11.2,20.4,HISTORICAL TRAINING DATA
2024-08-20,-18.3333,29.9167,Kadoma,18.0,10.9,24.8,0.0,47.3,22.0,27.0,HISTORICAL TRAINING DATA
2024-08-21,-18.3333,29.9167,Kadoma,17.0,10.2,25.7,0.0,50.5,16.7,18.1,HISTORICAL TRAINING DATA
2024-08-22,-18.3333,29.9167,Kadoma,14.7,7.4,23.6,0.0,43.6,6.4,18.8,HISTORICAL TRAINING DATA
2024-08-23,-18.3333,29.9167,Kadoma,14.9,9.4,22.8,0.0,50.7,7.3,15.6,HISTORICAL TRAINING DATA
2024-08-24,-18.3333,29.9167,Kadoma,16.4,10.3,21.7,0.0,58.9,9.6,18.8,HISTORICAL TRAINING DATA
2024-08-25,-18.3333,29.9167,Kadoma,17.9,10.2,24.3,0.0,53.5,18.9,14.9,HISTORICAL TRAINING DATA
2024-08-26,-18.3333,29.9167,Kadoma,16.7,7.8,22.3,0.0,48.2,18.1,19.5,HISTORICAL TRAINING DATA
2024-08-27,-18.3333,29.9167,Kadoma,17.2,9.4,22.6,0.0,50.3,19.3,19.2,HISTORICAL TRAINING DATA
2024-08-28,-18.3333,29.9167,Kadoma,17.3,9.1,22.5,0.0,38.7,18.9,15.9,HISTORICAL TRAINING DATA
2024-08-29,-18.3333,29.9167,Kadoma,16.0,9.1,21.1,0.0,57.0,17.7,21.7,HISTORICAL TRAINING DATA
2024-08-30,-18.3333,29.9167,Kadoma,17.3,10.8,25.7,0.0,55.6,8.8,27.1,HISTORICAL TRAINING DATA
2024-08-31,-18.3333,29.9167,Kadoma,15.4,6.4,20.4,0.0,42.1,17.2,22.2,HISTORICAL TRAINING DATA
2024-09-01,-18.3333,29.9167,Kadoma,32.5,24.2,40.6,0.0,37.2,15.2,15.3,HISTORICAL TRAINING DATA
2024-09-02,-18.3333,29.9167,Kadoma,31.7,26.5,39.6,0.0,43.8,16.6,19.0,HISTORICAL TRAINING DATA
2024-09-03,-18.3333,29.9167,Kadoma,30.8,25.7,39.5,0.0,31.5,13.7,26.8,HISTORICAL TRAINING DATA
2024-09-04,-18.3333,29.9167,Kadoma,28.9,20.2,35.2,0.0,46.4,12.5,15.2,HISTORICAL TRAINING DATA
2024-09-05,-18.3333,29.9167,Kadoma,32.1,26.6,40.3,0.0,54.2,17.9,24.2,HISTORICAL TRAINING DATA
2024-09-06,-18.3333,29.9167,Kadoma,29.4,22.5,35.2,0.0,47.8,15.6,23.6,HISTORICAL TRAINING DATA
2024-09-07,-18.3333,29.9167,Kadoma,30.2,23.0,35.6,0.0,41.5,13.9,18.1,HISTORICAL TRAINING DATA
2024-09-08,-18.3333,29.9167,Kadoma,29.0,20.9,36.5,0.0,33.8,20.1,23.9,HISTORICAL TRAINING DATA
2024-09-09,-18.3333,29.9167,Kadoma,30.5,24.4,38.9,0.0,31.0,15.0,16.3,HISTORICAL TRAINING DATA
2024-09-10,-18.3333,29.9167,Kadoma,30.6,23.0,38.4,0.0,43.9,15.3,23.5,HISTORICAL TRAINING DATA
2024-09-11,-18.3333,29.9167,Kadoma,29.7,21.4,35.1,0.0,34.7,15.2,22.3,HISTORICAL TRAINING DATA
2024-09-12,-18.3333,29.9167,Kadoma,30.6,21.7,38.5,3.0,38.0,17.1,15.3,HISTORICAL TRAINING DATA
2024-09-13,-18.3333,29.9167,Kadoma,32.3,23.9,38.9,0.0,40.8,6.9,18.2,HISTORICAL TRAINING DATA
2024-09-14,-18.3333,29.9167,Kadoma,32.2,23.6,37.5,0.0,54.8,19.7,17.0,HISTORICAL TRAINING DATA
2024-09-15,-18.3333,29.9167,Kadoma,30.7,22.1,38.9,0.0,45.5,13.7,14.5,HISTORICAL TRAINING DATA
2024-09-16,-18.3333,29.9167,Kadoma,31.8,26.1,39.8,3.2,35.1,21.8,17.8,HISTORICAL TRAINING DATA
2024-09-17,-18.3333,29.9167,Kadoma,31.7,22.9,37.0,0.0,40.7,20.3,20.6,HISTORICAL TRAINING DATA
2024-09-18,-18.3333,29.9167,Kadoma,30.1,22.1,35.7,7.4,41.3,17.3,23.1,HISTORICAL TRAINING DATA
2024-09-19,-18.3333,29.9167,Kadoma,29.1,23.6,34.2,4.4,48.7,9.1,21.0,HISTORICAL TRAINING DATA
2024-09-20,-18.3333,29.9167,Kadoma,31.1,22.2,38.8,0.0,32.3,21.6,14.8,HISTORICAL TRAINING DATA
2024-09-21,-18.3333,29.9167,Kadoma,31.6,23.2,36.7,0.0,41.0,9.0,26.0,HISTORICAL TRAINING DATA
2024-09-22,-18.3333,29.9167,Kadoma,30.9,24.3,39.4,0.0,35.1,6.4,18.8,HISTORICAL TRAINING DATA
2024-09-23,-18.3333,29.9167,Kadoma,30.9,22.6,37.5,0.0,44.9,17.0,17.4,HISTORICAL TRAINING DATA
2024-09-24,-18.3333,29.9167,Kadoma,31.4,23.6,36.6,0.0,36.2,13.9,24.4,HISTORICAL TRAINING DATA
2024-09-25,-18.3333,29.9167,Kadoma,29.8,22.5,38.2,0.0,49.5,7.1,23.2,HISTORICAL TRAINING DATA
2024-09-26,-18.3333,29.9167,Kadoma,30.7,24.5,39.1,0.0,34.6,18.8,19.7,HISTORICAL TRAINING DATA
2024-09-27,-18.3333,29.9167,Kadoma,32.1,23.5,39.2,0.0,37.3,14.4,16.7,HISTORICAL TRAINING DATA
2024-09-28,-18.3333,29.9167,Kadoma,32.0,24.6,37.0,0.0,41.7,15.2,16.6,HISTORICAL TRAINING DATA
2024-09-29,-18.3333,29.9167,Kadoma,30.6,22.2,36.2,0.0,52.8,12.0,27.2,HISTORICAL TRAINING DATA
2024-09-30,-18.3333,29.9167,Kadoma,31.5,26.0,39.0,0.0,55.0,7.8,22.1,HISTORICAL TRAINING DATA
2024-10-01,-18.3333,29.9167,Kadoma,30.2,21.7,38.3,2.9,37.8,9.8,20.9,HISTORICAL TRAINING DATA
2024-10-02,-18.3333,29.9167,Kadoma,30.7,25.0,39.3,0.0,47.8,19.5,16.7,HISTORICAL TRAINING DATA
2024-10-03,-18.3333,29.9167,Kadoma,32.3,24.5,39.0,0.0,30.8,13.0,21.3,HISTORICAL TRAINING DATA
2024-10-04,-18.3333,29.9167,Kadoma,30.2,23.4,37.1,0.0,36.8,17.4,15.4,HISTORICAL TRAINING DATA
2024-10-05,-18.3333,29.9167,Kadoma,29.4,22.8,34.8,0.0,33.3,11.3,26.5,HISTORICAL TRAINING DATA
2024-10-06,-18.3333,29.9167,Kadoma,30.8,24.8,37.9,0.0,30.9,6.1,15.4,HISTORICAL TRAINING DATA
2024-10-07,-18.3333,29.9167,Kadoma,31.5,25.0,37.2,0.0,50.0,7.8,18.4,HISTORICAL TRAINING DATA
2024-10-08,-18.3333,29.9167,Kadoma,29.4,22.7,35.9,0.0,31.7,7.6,19.4,HISTORICAL TRAINING DATA
2024-10-09,-18.3333,29.9167,Kadoma,28.6,23.3,36.1,0.0,39.4,12.4,24.5,HISTORICAL TRAINING DATA
2024-10-10,-18.3333,29.9167,Kadoma,31.6,25.6,40.5,0.0,47.7,20.6,16.5,HISTORICAL TRAINING DATA
2024-10-11,-18.3333,29.9167,Kadoma,30.1,22.1,38.8,0.0,39.5,21.1,27.6,HISTORICAL TRAINING DATA
2024-10-12,-18.3333,29.9167,Kadoma,32.5,26.4,37.6,0.0,32.2,10.6,25.2,HISTORICAL TRAINING DATA
2024-10-13,-18.3333,29.9167,Kadoma,29.6,23.2,36.9,0.0,37.0,16.8,25.0,HISTORICAL TRAINING DATA
2024-10-14,-18.3333,29.9167,Kadoma,28.6,23.3,36.0,0.0,30.2,12.6,27.7,HISTORICAL TRAINING DATA
2024-10-15,-18.3333,29.9167,Kadoma,29.1,20.2,35.6,0.0,53.9,15.4,26.7,HISTORICAL TRAINING DATA
2024-10-16,-18.3333,29.9167,Kadoma,31.2,23.3,39.3,0.0,46.3,17.9,25.2,HISTORICAL TRAINING DATA
2024-10-17,-18.3333,29.9167,Kadoma,30.1,22.4,38.6,0.0,43.4,21.1,18.5,HISTORICAL TRAINING DATA
2024-10-18,-18.3333,29.9167,Kadoma,31.2,23.9,37.3,0.0,54.5,18.5,22.5,HISTORICAL TRAINING DATA
2024-10-19,-18.3333,29.9167,Kadoma,28.8,23.7,34.3,0.0,52.7,9.0,25.2,HISTORICAL TRAINING DATA
2024-10-20,-18.3333,29.9167,Kadoma,31.7,22.9,37.6,0.0,48.8,19.1,22.8,HISTORICAL TRAINING DATA
2024-10-21,-18.3333,29.9167,Kadoma,30.7,23.9,37.6,0.0,48.6,6.2,19.9,HISTORICAL TRAINING DATA
2024-10-22,-18.3333,29.9167,Kadoma,31.7,24.1,38.1,0.0,38.3,17.4,18.3,HISTORICAL TRAINING DATA
2024-10-23,-18.3333,29.9167,Kadoma,29.2,21.8,35.8,0.0,36.4,15.2,18.1,HISTORICAL TRAINING DATA
2024-10-24,-18.3333,29.9167,Kadoma,31.8,24.9,39.6,0.0,48.8,21.5,25.8,HISTORICAL TRAINING DATA
2024-10-25,-18.3333,29.9167,Kadoma,29.0,20.2,34.5,0.0,42.5,21.5,24.4,HISTORICAL TRAINING DATA
2024-10-26,-18.3333,29.9167,Kadoma,32.5,24.9,39.3,0.0,51.6,10.3,20.5,HISTORICAL TRAINING DATA
2024-10-27,-18.3333,29.9167,Kadoma,31.1,23.8,37.1,0.0,48.8,16.8,25.4,HISTORICAL TRAINING DATA
2024-10-28,-18.3333,29.9167,Kadoma,31.3,24.7,40.0,0.0,50.6,14.2,20.8,HISTORICAL TRAINING DATA
2024-10-29,-18.3333,29.9167,Kadoma,28.9,23.7,35.6,0.0,51.3,13.4,27.5,HISTORICAL TRAINING DATA
2024-10-30,-18.3333,29.9167,Kadoma,28.9,21.4,35.3,0.0,45.6,12.5,15.0,HISTORICAL TRAINING DATA
2024-10-31,-18.3333,29.9167,Kadoma,31.5,22.7,38.7,3.4,55.0,15.0,15.3,HISTORICAL TRAINING DATA
2024-11-01,-18.3333,29.9167,Kadoma,28.2,19.8,36.4,11.8,88.5,11.0,18.9,HISTORICAL TRAINING DATA
2024-11-02,-18.3333,29.9167,Kadoma,25.1,17.9,32.7,0.0,86.0,13.7,23.4,HISTORICAL TRAINING DATA
2024-11-03,-18.3333,29.9167,Kadoma,27.7,20.1,35.0,0.0,87.5,14.9,23.2,HISTORICAL TRAINING DATA
2024-11-04,-18.3333,29.9167,Kadoma,24.7,17.1,33.5,26.0,72.1,13.6,25.6,HISTORICAL TRAINING DATA
2024-11-05,-18.3333,29.9167,Kadoma,25.9,18.0,31.1,0.0,88.3,14.4,27.8,HISTORICAL TRAINING DATA
2024-11-06,-18.3333,29.9167,Kadoma,26.4,20.3,35.1,26.5,85.3,21.0,20.8,HISTORICAL TRAINING DATA
2024-11-07,-18.3333,29.9167,Kadoma,26.8,18.1,32.8,6.5,62.4,12.1,23.1,HISTORICAL TRAINING DATA
2024-11-08,-18.3333,29.9167,Kadoma,28.4,22.4,36.4,0.0,87.4,13.3,25.2,HISTORICAL TRAINING DATA
2024-11-09,-18.3333,29.9167,Kadoma,25.2,18.2,34.0,0.0,87.9,19.0,23.4,HISTORICAL TRAINING DATA
2024-11-10,-18.3333,29.9167,Kadoma,28.2,19.3,33.9,0.0,84.5,14.0,24.1,HISTORICAL TRAINING DATA
2024-11-11,-18.3333,29.9167,Kadoma,26.4,19.4,31.5,13.5,91.1,13.5,21.8,HISTORICAL TRAINING DATA
2024-11-12,-18.3333,29.9167,Kadoma,25.0,19.6,30.3,3.3,70.7,16.4,24.8,HISTORICAL TRAINING DATA
2024-11-13,-18.3333,29.9167,Kadoma,27.8,22.1,34.7,0.0,65.2,21.5,14.8,HISTORICAL TRAINING DATA
2024-11-14,-18.3333,29.9167,Kadoma,26.1,19.4,34.8,15.6,64.7,19.5,21.7,HISTORICAL TRAINING DATA
2024-11-15,-18.3333,29.9167,Kadoma,25.4,18.5,32.0,0.0,91.9,12.4,25.6,HISTORICAL TRAINING DATA
2024-11-16,-18.3333,29.9167,Kadoma,26.6,21.6,31.7,0.0,84.6,16.9,24.4,HISTORICAL TRAINING DATA
2024-11-17,-18.3333,29.9167,Kadoma,24.5,15.6,31.3,0.0,79.0,19.0,20.8,HISTORICAL TRAINING DATA
2024-11-18,-18.3333,29.9167,Kadoma,27.6,19.7,36.3,0.0,76.4,17.3,20.1,HISTORICAL TRAINING DATA
2024-11-19,-18.3333,29.9167,Kadoma,27.7,20.7,36.1,0.0,65.3,18.0,14.5,HISTORICAL TRAINING DATA
2024-11-20,-18.3333,29.9167,Kadoma,28.4,21.3,35.7,0.0,67.5,16.8,23.7,HISTORICAL TRAINING DATA
2024-11-21,-18.3333,29.9167,Kadoma,26.5,18.7,33.9,7.0,73.1,11.6,25.9,HISTORICAL TRAINING DATA
2024-11-22,-18.3333,29.9167,Kadoma,27.7,21.3,34.0,0.0,68.6,8.1,20.6,HISTORICAL TRAINING DATA
2024-11-23,-18.3333,29.9167,Kadoma,25.9,18.9,32.7,17.8,76.3,15.4,21.0,HISTORICAL TRAINING DATA
2024-11-24,-18.3333,29.9167,Kadoma,26.8,20.6,34.9,30.2,61.3,18.1,14.9,HISTORICAL TRAINING DATA
2024-11-25,-18.3333,29.9167,Kadoma,26.2,21.0,31.7,11.3,91.3,17.9,23.3,HISTORICAL TRAINING DATA
2024-11-26,-18.3333,29.9167,Kadoma,28.1,21.3,34.1,36.7,71.9,15.8,24.0,HISTORICAL TRAINING DATA
2024-11-27,-18.3333,29.9167,Kadoma,24.6,16.4,32.7,0.0,84.1,6.6,19.3,HISTORICAL TRAINING DATA
2024-11-28,-18.3333,29.9167,Kadoma,25.8,19.8,32.4,5.0,80.7,13.7,15.7,HISTORICAL TRAINING DATA
2024-11-29,-18.3333,29.9167,Kadoma,25.9,18.3,33.2,0.0,75.4,6.4,24.1,HISTORICAL TRAINING DATA
2024-11-30,-18.3333,29.9167,Kadoma,25.9,18.0,34.0,0.0,66.7,15.6,16.9,HISTORICAL TRAINING DATA
2024-12-01,-18.3333,29.9167,Kadoma,25.0,19.4,33.8,2.9,68.3,17.2,16.2,HISTORICAL TRAINING DATA
2024-12-02,-18.3333,29.9167,Kadoma,28.3,19.7,36.6,0.0,74.9,19.0,21.0,HISTORICAL TRAINING DATA
2024-12-03,-18.3333,29.9167,Kadoma,25.2,19.3,31.1,10.4,63.3,13.5,24.7,HISTORICAL TRAINING DATA
2024-12-04,-18.3333,29.9167,Kadoma,27.3,19.5,33.5,0.0,60.2,16.5,17.5,HISTORICAL TRAINING DATA
2024-12-05,-18.3333,29.9167,Kadoma,28.1,22.3,36.6,7.1,68.5,9.1,15.7,HISTORICAL TRAINING DATA
2024-12-06,-18.3333,29.9167,Kadoma,27.0,19.9,33.5,0.0,76.5,16.2,27.6,HISTORICAL TRAINING DATA
2024-12-07,-18.3333,29.9167,Kadoma,25.0,17.5,30.1,0.0,88.5,13.4,20.2,HISTORICAL TRAINING DATA
2024-12-08,-18.3333,29.9167,Kadoma,26.9,20.4,35.6,0.0,80.5,16.8,20.7,HISTORICAL TRAINING DATA
2024-12-09,-18.3333,29.9167,Kadoma,26.2,17.6,33.8,0.0,77.3,12.2,19.2,HISTORICAL TRAINING DATA
2024-12-10,-18.3333,29.9167,Kadoma,27.3,21.9,34.3,15.6,82.1,17.1,25.1,HISTORICAL TRAINING DATA
2024-12-11,-18.3333,29.9167,Kadoma,26.4,21.2,32.2,0.0,73.9,8.3,25.5,HISTORICAL TRAINING DATA
2024-12-12,-18.3333,29.9167,Kadoma,25.3,18.6,32.4,0.0,91.0,15.9,17.7,HISTORICAL TRAINING DATA
2024-12-13,-18.3333,29.9167,Kadoma,28.3,20.8,35.6,0.0,77.8,9.5,20.4,HISTORICAL TRAINING DATA
2024-12-14,-18.3333,29.9167,Kadoma,28.1,20.5,36.6,0.0,89.3,16.8,15.1,HISTORICAL TRAINING DATA
2024-12-15,-18.3333,29.9167,Kadoma,26.0,18.0,34.3,1.2,76.3,12.7,18.8,HISTORICAL TRAINING DATA
2024-12-16,-18.3333,29.9167,Kadoma,26.0,19.6,32.5,13.9,61.0,13.0,26.8,HISTORICAL TRAINING DATA
2024-12-17,-18.3333,29.9167,Kadoma,27.1,19.5,33.0,13.3,61.2,10.8,19.8,HISTORICAL TRAINING DATA
2024-12-18,-18.3333,29.9167,Kadoma,24.9,18.2,30.4,10.1,81.7,15.3,24.1,HISTORICAL TRAINING DATA
2024-12-19,-18.3333,29.9167,Kadoma,24.9,18.5,31.1,0.0,67.4,19.7,19.3,HISTORICAL TRAINING DATA
2024-12-20,-18.3333,29.9167,Kadoma,25.1,16.5,31.9,10.0,72.8,9.3,23.5,HISTORICAL TRAINING DATA
2024-12-21,-18.3333,29.9167,Kadoma,26.2,19.8,33.5,0.0,68.2,6.1,21.8,HISTORICAL TRAINING DATA
2024-12-22,-18.3333,29.9167,Kadoma,25.9,19.4,34.0,0.0,69.2,16.4,16.8,HISTORICAL TRAINING DATA
2024-12-23,-18.3333,29.9167,Kadoma,26.4,21.2,34.3,0.0,67.0,7.5,23.3,HISTORICAL TRAINING DATA
2024-12-24,-18.3333,29.9167,Kadoma,27.4,20.9,33.9,0.0,90.1,16.9,27.6,HISTORICAL TRAINING DATA
2024-12-25,-18.3333,29.9167,Kadoma,25.9,18.1,31.6,19.0,66.6,21.2,16.9,HISTORICAL TRAINING DATA
2024-12-26,-18.3333,29.9167,Kadoma,28.2,20.8,33.4,0.0,78.1,16.7,14.1,HISTORICAL TRAINING DATA
2024-12-27,-18.3333,29.9167,Kadoma,24.9,17.8,31.5,11.1,69.7,21.5,14.3,HISTORICAL TRAINING DATA
2024-12-28,-18.3333,29.9167,Kadoma,26.3,19.6,32.5,0.0,83.9,18.1,24.8,HISTORICAL TRAINING DATA
2024-12-29,-18.3333,29.9167,Kadoma,26.7,19.1,33.8,0.0,82.1,15.8,22.8,HISTORICAL TRAINING DATA
2024-12-30,-18.3333,29.9167,Kadoma,25.6,20.4,33.9,0.0,73.8,16.7,22.4,HISTORICAL TRAINING DATA
2024-01-01,-17.6433,31.7833,Murehwa,24.5,15.7,32.3,0.0,69.4,16.6,22.9,HISTORICAL TRAINING DATA
2024-01-02,-17.6433,31.7833,Murehwa,24.7,18.7,30.8,5.2,75.7,13.0,22.0,HISTORICAL TRAINING DATA
2024-01-03,-17.6433,31.7833,Murehwa,23.7,15.9,32.6,0.0,85.4,14.6,24.8,HISTORICAL TRAINING DATA
2024-01-04,-17.6433,31.7833,Murehwa,26.0,17.2,32.3,0.0,85.2,14.0,22.0,HISTORICAL TRAINING DATA
2024-01-05,-17.6433,31.7833,Murehwa,25.1,17.9,31.9,5.1,91.6,18.8,18.2,HISTORICAL TRAINING DATA
2024-01-06,-17.6433,31.7833,Murehwa,24.3,17.3,33.2,9.0,84.1,10.4,25.4,HISTORICAL TRAINING DATA
2024-01-07,-17.6433,31.7833,Murehwa,23.9,17.6,29.8,0.0,72.9,6.6,16.2,HISTORICAL TRAINING DATA
2024-01-08,-17.6433,31.7833,Murehwa,23.8,16.2,32.1,0.6,87.5,12.2,19.5,HISTORICAL TRAINING DATA
2024-01-09,-17.6433,31.7833,Murehwa,24.9,19.0,33.0,0.0,68.5,9.7,17.5,HISTORICAL TRAINING DATA
2024-01-10,-17.6433,31.7833,Murehwa,24.1,18.7,30.5,68.7,66.0,6.5,17.3,HISTORICAL TRAINING DATA
2024-01-11,-17.6433,31.7833,Murehwa,24.3,15.8,31.0,9.5,66.7,10.7,20.0,HISTORICAL TRAINING DATA
2024-01-12,-17.6433,31.7833,Murehwa,26.1,19.2,32.2,0.0,61.9,10.4,20.0,HISTORICAL TRAINING DATA
2024-01-13,-17.6433,31.7833,Murehwa,26.2,20.8,31.9,16.2,62.6,19.0,14.6,HISTORICAL TRAINING DATA
2024-01-14,-17.6433,31.7833,Murehwa,25.5,18.9,31.8,0.0,86.1,11.6,25.0,HISTORICAL TRAINING DATA
2024-01-15,-17.6433,31.7833,Murehwa,25.3,17.8,34.0,0.0,82.5,6.7,25.0,HISTORICAL TRAINING DATA
2024-01-16,-17.6433,31.7833,Murehwa,23.7,17.2,32.1,11.1,66.9,12.7,24.0,HISTORICAL TRAINING DATA
2024-01-17,-17.6433,31.7833,Murehwa,24.1,16.1,32.2,3.0,70.0,6.4,22.2,HISTORICAL TRAINING DATA
2024-01-18,-17.6433,31.7833,Murehwa,25.6,20.6,34.6,0.0,85.3,20.1,15.0,HISTORICAL TRAINING DATA
2024-01-19,-17.6433,31.7833,Murehwa,25.9,20.5,33.1,0.0,87.4,20.6,21.8,HISTORICAL TRAINING DATA
2024-01-20,-17.6433,31.7833,Murehwa,24.0,16.6,31.5,0.0,85.9,18.3,15.6,HISTORICAL TRAINING DATA
2024-01-21,-17.6433,31.7833,Murehwa,26.2,21.0,32.6,0.0,83.2,7.9,15.3,HISTORICAL TRAINING DATA
2024-01-22,-17.6433,31.7833,Murehwa,25.8,17.0,32.4,0.0,67.1,13.0,21.0,HISTORICAL TRAINING DATA
2024-01-23,-17.6433,31.7833,Murehwa,25.7,18.5,33.2,0.0,75.5,15.8,16.1,HISTORICAL TRAINING DATA
2024-01-24,-17.6433,31.7833,Murehwa,25.9,17.1,34.3,0.0,84.0,20.5,27.4,HISTORICAL TRAINING DATA
2024-01-25,-17.6433,31.7833,Murehwa,25.9,17.2,33.7,0.0,60.6,15.6,15.2,HISTORICAL TRAINING DATA
2024-01-26,-17.6433,31.7833,Murehwa,26.4,20.6,33.7,20.1,62.4,8.6,15.9,HISTORICAL TRAINING DATA
2024-01-27,-17.6433,31.7833,Murehwa,24.8,18.7,32.4,0.0,84.7,21.1,25.6,HISTORICAL TRAINING DATA
2024-01-28,-17.6433,31.7833,Murehwa,24.4,17.5,30.9,0.0,89.9,14.9,19.4,HISTORICAL TRAINING DATA
2024-01-29,-17.6433,31.7833,Murehwa,25.4,20.1,34.0,0.1,72.8,21.2,16.5,HISTORICAL TRAINING DATA
2024-01-30,-17.6433,31.7833,Murehwa,24.2,19.0,30.1,0.0,64.2,7.0,19.4,HISTORICAL TRAINING DATA
2024-01-31,-17.6433,31.7833,Murehwa,26.5,18.8,32.2,0.9,70.2,7.9,20.0,HISTORICAL TRAINING DATA
2024-02-01,-17.6433,31.7833,Murehwa,25.8,17.9,34.3,1.0,63.9,17.4,24.9,HISTORICAL TRAINING DATA
2024-02-02,-17.6433,31.7833,Murehwa,26.0,20.1,31.2,0.0,79.5,11.2,22.2,HISTORICAL TRAINING DATA
2024-02-03,-17.6433,31.7833,Murehwa,25.5,16.8,30.7,0.0,78.6,18.6,17.1,HISTORICAL TRAINING DATA
2024-02-04,-17.6433,31.7833,Murehwa,25.7,18.9,33.3,0.0,70.9,14.1,22.5,HISTORICAL TRAINING DATA
2024-02-05,-17.6433,31.7833,Murehwa,25.9,19.3,31.3,0.2,78.6,18.2,26.0,HISTORICAL TRAINING DATA
2024-02-06,-17.6433,31.7833,Murehwa,22.7,17.4,30.7,0.4,65.2,19.5,25.1,HISTORICAL TRAINING DATA
2024-02-07,-17.6433,31.7833,Murehwa,22.5,13.8,31.1,18.5,84.8,18.3,17.5,HISTORICAL TRAINING DATA
2024-02-08,-17.6433,31.7833,Murehwa,25.5,17.0,33.3,0.0,86.9,17.1,21.0,HISTORICAL TRAINING DATA
2024-02-09,-17.6433,31.7833,Murehwa,22.9,16.8,30.2,17.9,86.9,10.2,21.9,HISTORICAL TRAINING DATA
2024-02-10,-17.6433,31.7833,Murehwa,23.9,16.2,32.3,0.0,60.4,11.3,26.7,HISTORICAL TRAINING DATA
2024-02-11,-17.6433,31.7833,Murehwa,24.5,18.5,31.1,1.7,90.2,15.5,17.1,HISTORICAL TRAINING DATA
2024-02-12,-17.6433,31.7833,Murehwa,25.0,17.7,30.1,0.0,86.7,10.1,22.5,HISTORICAL TRAINING DATA
2024-02-13,-17.6433,31.7833,Murehwa,23.6,17.4,30.0,13.1,81.1,20.9,28.0,HISTORICAL TRAINING DATA
2024-02-14,-17.6433,31.7833,Murehwa,24.3,16.2,31.4,4.6,66.1,13.3,24.5,HISTORICAL TRAINING DATA
2024-02-15,-17.6433,31.7833,Murehwa,24.9,19.1,30.3,0.0,85.8,21.0,27.5,HISTORICAL TRAINING DATA
2024-02-16,-17.6433,31.7833,Murehwa,24.5,19.0,33.4,0.0,80.2,16.8,19.3,HISTORICAL TRAINING DATA
2024-02-17,-17.6433,31.7833,Murehwa,24.6,15.7,33.4,0.0,60.5,12.2,22.5,HISTORICAL TRAINING DATA
2024-02-18,-17.6433,31.7833,Murehwa,24.3,18.7,32.2,1.5,72.5,12.4,14.1,HISTORICAL TRAINING DATA
2024-02-19,-17.6433,31.7833,Murehwa,23.3,15.0,29.9,0.0,64.1,14.8,26.8,HISTORICAL TRAINING DATA
2024-02-20,-17.6433,31.7833,Murehwa,26.5,21.3,33.1,0.0,75.5,12.1,25.7,HISTORICAL TRAINING DATA
2024-02-21,-17.6433,31.7833,Murehwa,25.5,19.9,34.1,0.0,69.5,19.1,21.0,HISTORICAL TRAINING DATA
2024-02-22,-17.6433,31.7833,Murehwa,23.0,16.9,31.9,33.3,70.3,11.4,18.8,HISTORICAL TRAINING DATA
2024-02-23,-17.6433,31.7833,Murehwa,25.5,19.2,33.8,0.0,60.0,19.4,18.3,HISTORICAL TRAINING DATA
2024-02-24,-17.6433,31.7833,Murehwa,24.1,15.7,30.4,2.4,71.6,8.4,22.8,HISTORICAL TRAINING DATA
2024-02-25,-17.6433,31.7833,Murehwa,26.1,18.1,31.9,0.0,70.6,7.9,17.8,HISTORICAL TRAINING DATA
2024-02-26,-17.6433,31.7833,Murehwa,26.2,20.3,33.8,11.4,86.5,9.9,15.8,HISTORICAL TRAINING DATA
2024-02-27,-17.6433,31.7833,Murehwa,25.4,16.7,32.7,11.1,88.3,20.7,26.4,HISTORICAL TRAINING DATA
2024-02-28,-17.6433,31.7833,Murehwa,23.4,15.8,28.7,20.2,89.1,19.8,25.3,HISTORICAL TRAINING DATA
2024-02-29,-17.6433,31.7833,Murehwa,24.7,18.6,33.3,0.0,76.4,19.7,23.5,HISTORICAL TRAINING DATA
2024-03-01,-17.6433,31.7833,Murehwa,25.0,17.0,30.6,0.0,75.4,20.0,14.6,HISTORICAL TRAINING DATA
2024-03-02,-17.6433,31.7833,Murehwa,23.1,16.0,29.0,0.0,73.7,9.5,22.7,HISTORICAL TRAINING DATA
2024-03-03,-17.6433,31.7833,Murehwa,24.8,19.4,30.2,0.0,83.9,6.2,14.6,HISTORICAL TRAINING DATA
2024-03-04,-17.6433,31.7833,Murehwa,25.2,18.6,34.2,23.7,65.2,14.3,22.6,HISTORICAL TRAINING DATA
2024-03-05,-17.6433,31.7833,Murehwa,25.7,19.3,32.6,0.0,81.7,21.6,24.9,HISTORICAL TRAINING DATA
2024-03-06,-17.6433,31.7833,Murehwa,26.0,17.9,32.2,0.0,73.3,14.4,21.5,HISTORICAL TRAINING DATA
2024-03-07,-17.6433,31.7833,Murehwa,23.3,15.8,29.5,0.0,75.8,10.7,16.6,HISTORICAL TRAINING DATA
2024-03-08,-17.6433,31.7833,Murehwa,25.1,16.2,32.8,1.5,88.8,18.1,21.7,HISTORICAL TRAINING DATA
2024-03-09,-17.6433,31.7833,Murehwa,23.8,17.4,31.0,0.0,68.1,14.4,21.2,HISTORICAL TRAINING DATA
2024-03-10,-17.6433,31.7833,Murehwa,24.4,17.6,33.0,3.6,72.7,17.3,21.5,HISTORICAL TRAINING DATA
2024-03-11,-17.6433,31.7833,Murehwa,24.7,16.8,33.0,0.0,69.6,13.1,24.1,HISTORICAL TRAINING DATA
2024-03-12,-17.6433,31.7833,Murehwa,23.0,17.7,31.4,0.0,70.0,9.4,26.8,HISTORICAL TRAINING DATA
2024-03-13,-17.6433,31.7833,Murehwa,24.7,16.6,32.6,0.0,63.3,12.3,15.3,HISTORICAL TRAINING DATA
2024-03-14,-17.6433,31.7833,Murehwa,25.1,16.5,30.4,0.0,69.5,18.6,17.7,HISTORICAL TRAINING DATA
2024-03-15,-17.6433,31.7833,Murehwa,22.5,16.0,28.6,0.0,60.5,10.6,16.0,HISTORICAL TRAINING DATA
2024-03-16,-17.6433,31.7833,Murehwa,25.7,19.2,32.5,0.0,89.8,10.3,16.9,HISTORICAL TRAINING DATA
2024-03-17,-17.6433,31.7833,Murehwa,22.8,17.4,28.3,0.0,87.2,19.6,17.2,HISTORICAL TRAINING DATA
2024-03-18,-17.6433,31.7833,Murehwa,25.8,17.0,31.4,0.0,85.1,12.9,22.6,HISTORICAL TRAINING DATA
2024-03-19,-17.6433,31.7833,Murehwa,22.6,15.1,28.5,0.6,66.6,10.8,22.4,HISTORICAL TRAINING DATA
2024-03-20,-17.6433,31.7833,Murehwa,24.0,15.7,31.8,0.0,82.4,16.0,24.3,HISTORICAL TRAINING DATA
2024-03-21,-17.6433,31.7833,Murehwa,24.6,19.4,32.4,32.4,76.4,20.9,26.4,HISTORICAL TRAINING DATA
2024-03-22,-17.6433,31.7833,Murehwa,23.0,15.5,28.8,0.0,64.9,13.0,26.9,HISTORICAL TRAINING DATA
2024-03-23,-17.6433,31.7833,Murehwa,24.6,16.1,33.4,0.0,69.2,9.4,15.6,HISTORICAL TRAINING DATA
2024-03-24,-17.6433,31.7833,Murehwa,23.2,18.0,31.7,11.1,68.4,6.2,20.3,HISTORICAL TRAINING DATA
2024-03-25,-17.6433,31.7833,Murehwa,25.2,16.7,33.8,0.0,83.4,14.4,25.2,HISTORICAL TRAINING DATA
2024-03-26,-17.6433,31.7833,Murehwa,24.7,18.7,31.6,7.7,87.5,9.5,19.4,HISTORICAL TRAINING DATA
2024-03-27,-17.6433,31.7833,Murehwa,25.9,20.9,33.6,0.0,71.3,13.2,27.5,HISTORICAL TRAINING DATA
2024-03-28,-17.6433,31.7833,Murehwa,23.1,17.4,31.5,0.0,77.6,8.9,23.6,HISTORICAL TRAINING DATA
2024-03-29,-17.6433,31.7833,Murehwa,24.7,16.2,31.3,21.2,66.8,21.3,16.3,HISTORICAL TRAINING DATA
2024-03-30,-17.6433,31.7833,Murehwa,24.7,16.9,30.6,7.0,73.7,9.3,25.9,HISTORICAL TRAINING DATA
2024-03-31,-17.6433,31.7833,Murehwa,26.1,18.8,34.5,0.0,71.5,15.1,23.3,HISTORICAL TRAINING DATA
2024-04-01,-17.6433,31.7833,Murehwa,26.6,20.1,35.2,0.0,46.5,14.7,27.8,HISTORICAL TRAINING DATA
2024-04-02,-17.6433,31.7833,Murehwa,26.9,20.8,35.9,0.0,46.3,14.3,24.2,HISTORICAL TRAINING DATA
2024-04-03,-17.6433,31.7833,Murehwa,28.8,19.9,36.4,0.0,32.3,21.7,25.2,HISTORICAL TRAINING DATA
2024-04-04,-17.6433,31.7833,Murehwa,27.9,22.4,36.4,0.0,36.5,18.0,20.5,HISTORICAL TRAINING DATA
2024-04-05,-17.6433,31.7833,Murehwa,29.2,23.0,37.1,0.0,47.7,21.0,25.0,HISTORICAL TRAINING DATA
2024-04-06,-17.6433,31.7833,Murehwa,27.5,19.8,35.4,0.0,32.4,15.3,27.0,HISTORICAL TRAINING DATA
2024-04-07,-17.6433,31.7833,Murehwa,29.5,21.6,36.7,0.0,50.2,10.1,15.0,HISTORICAL TRAINING DATA
2024-04-08,-17.6433,31.7833,Murehwa,27.5,22.1,35.5,0.0,34.9,12.6,26.7,HISTORICAL TRAINING DATA
2024-04-09,-17.6433,31.7833,Murehwa,28.1,21.5,34.8,0.0,34.4,13.9,20.8,HISTORICAL TRAINING DATA
2024-04-10,-17.6433,31.7833,Murehwa,28.8,23.5,37.1,0.0,44.0,10.9,20.8,HISTORICAL TRAINING DATA
2024-04-11,-17.6433,31.7833,Murehwa,30.5,21.5,35.6,4.1,49.4,14.8,21.6,HISTORICAL TRAINING DATA
2024-04-12,-17.6433,31.7833,Murehwa,27.7,22.2,33.5,0.0,42.3,15.7,23.5,HISTORICAL TRAINING DATA
2024-04-13,-17.6433,31.7833,Murehwa,28.5,23.3,33.8,0.0,39.1,7.3,22.5,HISTORICAL TRAINING DATA
2024-04-14,-17.6433,31.7833,Murehwa,27.8,21.7,35.8,0.0,30.0,12.6,17.5,HISTORICAL TRAINING DATA
2024-04-15,-17.6433,31.7833,Murehwa,29.0,21.6,34.0,0.0,36.5,6.0,24.2,HISTORICAL TRAINING DATA
2024-04-16,-17.6433,31.7833,Murehwa,30.3,22.2,38.9,0.0,53.3,10.0,20.4,HISTORICAL TRAINING DATA
2024-04-17,-17.6433,31.7833,Murehwa,28.9,20.7,36.3,0.0,45.7,21.3,18.8,HISTORICAL TRAINING DATA
2024-04-18,-17.6433,31.7833,Murehwa,30.1,25.0,36.9,0.0,46.5,21.0,19.3,HISTORICAL TRAINING DATA
2024-04-19,-17.6433,31.7833,Murehwa,29.2,24.0,36.9,0.0,34.5,7.9,25.2,HISTORICAL TRAINING DATA
2024-04-20,-17.6433,31.7833,Murehwa,29.5,23.7,35.2,0.0,40.8,11.8,25.2,HISTORICAL TRAINING DATA
2024-04-21,-17.6433,31.7833,Murehwa,28.8,22.7,35.2,0.0,34.0,21.7,15.4,HISTORICAL TRAINING DATA
2024-04-22,-17.6433,31.7833,Murehwa,29.9,22.1,37.3,0.0,39.0,8.5,26.3,HISTORICAL TRAINING DATA
2024-04-23,-17.6433,31.7833,Murehwa,28.4,22.1,35.8,0.0,47.0,19.3,20.5,HISTORICAL TRAINING DATA
2024-04-24,-17.6433,31.7833,Murehwa,28.5,20.1,35.2,0.0,34.6,19.1,22.2,HISTORICAL TRAINING DATA
2024-04-25,-17.6433,31.7833,Murehwa,28.5,21.4,36.1,0.0,43.8,14.8,24.6,HISTORICAL TRAINING DATA
2024-04-26,-17.6433,31.7833,Murehwa,26.6,19.2,32.4,0.0,38.6,11.5,19.3,HISTORICAL TRAINING DATA
2024-04-27,-17.6433,31.7833,Murehwa,30.4,22.1,36.5,0.0,50.4,9.4,23.8,HISTORICAL TRAINING DATA
2024-04-28,-17.6433,31.7833,Murehwa,27.3,18.7,32.5,0.0,36.8,12.1,16.1,HISTORICAL TRAINING DATA
2024-04-29,-17.6433,31.7833,Murehwa,28.1,19.9,36.6,0.0,40.6,15.5,25.3,HISTORICAL TRAINING DATA
2024-04-30,-17.6433,31.7833,Murehwa,29.7,22.1,36.2,0.0,43.0,15.9,25.5,HISTORICAL TRAINING DATA
2024-05-01,-17.6433,31.7833,Murehwa,14.0,7.6,22.3,0.0,53.6,18.9,17.3,HISTORICAL TRAINING DATA
2024-05-02,-17.6433,31.7833,Murehwa,13.1,5.5,21.0,0.0,56.6,8.1,14.3,HISTORICAL TRAINING DATA
2024-05-03,-17.6433,31.7833,Murehwa,15.0,7.5,22.3,0.0,39.2,10.4,25.6,HISTORICAL TRAINING DATA
2024-05-04,-17.6433,31.7833,Murehwa,14.4,6.8,20.4,0.0,57.0,20.0,17.3,HISTORICAL TRAINING DATA
2024-05-05,-17.6433,31.7833,Murehwa,13.3,4.5,21.4,0.0,48.8,13.7,14.1,HISTORICAL TRAINING DATA
2024-05-06,-17.6433,31.7833,Murehwa,15.6,9.1,22.2,0.0,53.2,9.0,24.1,HISTORICAL TRAINING DATA
2024-05-07,-17.6433,31.7833,Murehwa,16.0,7.1,23.1,0.0,44.5,17.1,17.9,HISTORICAL TRAINING DATA
2024-05-08,-17.6433,31.7833,Murehwa,13.4,8.2,21.6,0.0,46.5,10.4,18.9,HISTORICAL TRAINING DATA
2024-05-09,-17.6433,31.7833,Murehwa,13.6,4.7,19.6,0.0,39.4,6.5,15.4,HISTORICAL TRAINING DATA
2024-05-10,-17.6433,31.7833,Murehwa,13.3,6.2,21.8,0.0,45.2,13.2,22.1,HISTORICAL TRAINING DATA
2024-05-11,-17.6433,31.7833,Murehwa,15.7,8.8,23.3,0.0,58.1,10.3,27.8,HISTORICAL TRAINING DATA
2024-05-12,-17.6433,31.7833,Murehwa,13.3,5.4,19.3,0.0,56.6,19.6,27.3,HISTORICAL TRAINING DATA
2024-05-13,-17.6433,31.7833,Murehwa,12.9,5.4,18.9,0.0,54.6,11.4,16.1,HISTORICAL TRAINING DATA
2024-05-14,-17.6433,31.7833,Murehwa,16.3,8.0,21.6,0.0,49.4,20.0,14.3,HISTORICAL TRAINING DATA
2024-05-15,-17.6433,31.7833,Murehwa,14.0,6.9,21.7,0.0,47.1,15.5,15.6,HISTORICAL TRAINING DATA
2024-05-16,-17.6433,31.7833,Murehwa,15.3,8.5,22.6,0.0,49.8,13.5,21.3,HISTORICAL TRAINING DATA
2024-05-17,-17.6433,31.7833,Murehwa,12.5,7.2,18.5,0.0,35.5,20.2,20.3,HISTORICAL TRAINING DATA
2024-05-18,-17.6433,31.7833,Murehwa,13.9,6.8,19.7,0.0,58.7,11.5,27.2,HISTORICAL TRAINING DATA
2024-05-19,-17.6433,31.7833,Murehwa,12.9,5.1,19.5,0.0,54.2,9.0,20.5,HISTORICAL TRAINING DATA
2024-05-20,-17.6433,31.7833,Murehwa,13.6,6.9,20.5,0.0,46.8,13.7,22.9,HISTORICAL TRAINING DATA
2024-05-21,-17.6433,31.7833,Murehwa,12.8,4.1,20.2,0.0,58.6,9.8,24.1,HISTORICAL TRAINING DATA
2024-05-22,-17.6433,31.7833,Murehwa,12.8,7.3,19.8,0.0,49.2,10.1,22.4,HISTORICAL TRAINING DATA
2024-05-23,-17.6433,31.7833,Murehwa,14.1,8.7,22.1,0.0,59.0,9.3,26.8,HISTORICAL TRAINING DATA
2024-05-24,-17.6433,31.7833,Murehwa,14.5,8.2,22.3,0.0,46.1,18.5,14.2,HISTORICAL TRAINING DATA
2024-05-25,-17.6433,31.7833,Murehwa,14.2,6.2,22.6,0.0,50.7,11.8,26.4,HISTORICAL TRAINING DATA
2024-05-26,-17.6433,31.7833,Murehwa,13.2,4.4,20.3,0.0,47.4,18.2,23.5,HISTORICAL TRAINING DATA
2024-05-27,-17.6433,31.7833,Murehwa,15.3,6.4,23.5,0.0,41.7,9.6,21.2,HISTORICAL TRAINING DATA
2024-05-28,-17.6433,31.7833,Murehwa,13.4,5.0,21.1,0.0,45.8,17.0,14.1,HISTORICAL TRAINING DATA
2024-05-29,-17.6433,31.7833,Murehwa,15.3,9.6,20.6,0.0,38.2,6.2,15.6,HISTORICAL TRAINING DATA
2024-05-30,-17.6433,31.7833,Murehwa,14.7,6.5,22.8,0.0,47.7,18.9,17.6,HISTORICAL TRAINING DATA
2024-05-31,-17.6433,31.7833,Murehwa,13.5,6.5,21.5,0.0,47.3,14.0,17.7,HISTORICAL TRAINING DATA
2024-06-01,-17.6433,31.7833,Murehwa,15.5,8.2,22.7,0.0,36.0,11.0,24.4,HISTORICAL TRAINING DATA
2024-06-02,-17.6433,31.7833,Murehwa,15.6,8.1,22.5,0.0,39.7,20.2,20.1,HISTORICAL TRAINING DATA
2024-06-03,-17.6433,31.7833,Murehwa,13.1,5.6,21.2,0.0,38.9,8.0,19.1,HISTORICAL TRAINING DATA
2024-06-04,-17.6433,31.7833,Murehwa,15.7,10.2,24.5,0.0,35.9,16.5,19.6,HISTORICAL TRAINING DATA
2024-06-05,-17.6433,31.7833,Murehwa,15.7,7.2,24.4,0.0,50.0,11.7,27.5,HISTORICAL TRAINING DATA
2024-06-06,-17.6433,31.7833,Murehwa,15.1,10.0,22.5,0.0,59.5,15.5,25.2,HISTORICAL TRAINING DATA
2024-06-07,-17.6433,31.7833,Murehwa,15.4,9.7,22.3,0.0,36.5,20.8,14.4,HISTORICAL TRAINING DATA
2024-06-08,-17.6433,31.7833,Murehwa,15.9,10.1,23.1,0.0,50.2,20.7,14.1,HISTORICAL TRAINING DATA
2024-06-09,-17.6433,31.7833,Murehwa,15.3,8.2,23.1,0.0,51.6,18.1,23.7,HISTORICAL TRAINING DATA
2024-06-10,-17.6433,31.7833,Murehwa,15.0,9.7,22.1,0.0,55.2,8.0,23.7,HISTORICAL TRAINING DATA
2024-06-11,-17.6433,31.7833,Murehwa,14.2,5.4,20.4,0.0,36.4,10.6,20.3,HISTORICAL TRAINING DATA
2024-06-12,-17.6433,31.7833,Murehwa,12.8,5.9,19.6,0.0,53.9,9.3,25.4,HISTORICAL TRAINING DATA
2024-06-13,-17.6433,31.7833,Murehwa,12.7,6.4,20.5,0.0,55.8,9.8,25.6,HISTORICAL TRAINING DATA
2024-06-14,-17.6433,31.7833,Murehwa,15.0,9.4,22.7,0.0,38.9,18.2,26.2,HISTORICAL TRAINING DATA
2024-06-15,-17.6433,31.7833,Murehwa,14.8,8.3,23.6,0.0,38.3,14.1,16.6,HISTORICAL TRAINING DATA
2024-06-16,-17.6433,31.7833,Murehwa,15.1,7.0,23.2,0.0,52.1,16.6,15.1,HISTORICAL TRAINING DATA
2024-06-17,-17.6433,31.7833,Murehwa,12.9,4.1,18.4,0.0,41.1,12.8,24.2,HISTORICAL TRAINING DATA
2024-06-18,-17.6433,31.7833,Murehwa,13.2,5.2,20.0,0.0,42.6,7.7,25.2,HISTORICAL TRAINING DATA
2024-06-19,-17.6433,31.7833,Murehwa,16.4,9.2,23.8,0.0,42.4,7.8,24.0,HISTORICAL TRAINING DATA
2024-06-20,-17.6433,31.7833,Murehwa,15.2,7.6,21.4,0.0,49.3,17.4,14.6,HISTORICAL TRAINING DATA
2024-06-21,-17.6433,31.7833,Murehwa,12.8,6.2,21.6,0.0,58.3,11.5,18.9,HISTORICAL TRAINING DATA
2024-06-22,-17.6433,31.7833,Murehwa,13.7,5.3,20.7,0.0,40.3,7.2,14.9,HISTORICAL TRAINING DATA
2024-06-23,-17.6433,31.7833,Murehwa,13.5,6.7,19.8,0.0,38.8,13.2,25.7,HISTORICAL TRAINING DATA
2024-06-24,-17.6433,31.7833,Murehwa,14.0,6.7,19.7,0.0,41.8,10.5,23.9,HISTORICAL TRAINING DATA
2024-06-25,-17.6433,31.7833,Murehwa,16.0,9.8,23.3,0.0,38.7,19.0,20.8,HISTORICAL TRAINING DATA
2024-06-26,-17.6433,31.7833,Murehwa,14.6,6.8,23.1,0.0,47.3,20.3,22.4,HISTORICAL TRAINING DATA
2024-06-27,-17.6433,31.7833,Murehwa,15.4,7.4,22.2,0.0,49.2,10.2,24.1,HISTORICAL TRAINING DATA
2024-06-28,-17.6433,31.7833,Murehwa,12.9,5.2,19.3,0.0,38.3,12.7,25.8,HISTORICAL TRAINING DATA
2024-06-29,-17.6433,31.7833,Murehwa,16.0,9.7,21.1,0.0,49.7,8.7,20.3,HISTORICAL TRAINING DATA
2024-06-30,-17.6433,31.7833,Murehwa,14.7,8.2,20.2,0.0,54.8,8.5,24.9,HISTORICAL TRAINING DATA
2024-07-01,-17.6433,31.7833,Murehwa,15.9,9.4,24.1,0.0,47.1,21.1,25.4,HISTORICAL TRAINING DATA
2024-07-02,-17.6433,31.7833,Murehwa,12.7,7.3,21.3,0.0,40.0,16.2,14.7,HISTORICAL TRAINING DATA
2024-07-03,-17.6433,31.7833,Murehwa,15.1,9.2,21.3,0.0,43.4,11.7,27.5,HISTORICAL TRAINING DATA
2024-07-04,-17.6433,31.7833,Murehwa,12.9,7.2,18.4,0.0,45.9,21.9,27.4,HISTORICAL TRAINING DATA
2024-07-05,-17.6433,31.7833,Murehwa,13.8,5.1,20.8,0.0,54.9,21.5,24.7,HISTORICAL TRAINING DATA
2024-07-06,-17.6433,31.7833,Murehwa,14.8,7.4,22.9,0.0,55.5,10.8,25.2,HISTORICAL TRAINING DATA
2024-07-07,-17.6433,31.7833,Murehwa,14.2,6.3,20.4,0.0,45.4,7.3,15.2,HISTORICAL TRAINING DATA
2024-07-08,-17.6433,31.7833,Murehwa,12.9,4.8,18.2,0.0,49.0,17.5,20.4,HISTORICAL TRAINING DATA
2024-07-09,-17.6433,31.7833,Murehwa,15.6,10.4,24.3,0.0,44.6,16.9,17.4,HISTORICAL TRAINING DATA
2024-07-10,-17.6433,31.7833,Murehwa,16.2,8.9,25.1,0.0,35.9,14.3,21.1,HISTORICAL TRAINING DATA
2024-07-11,-17.6433,31.7833,Murehwa,15.1,10.0,21.6,0.0,59.5,18.2,16.8,HISTORICAL TRAINING DATA
2024-07-12,-17.6433,31.7833,Murehwa,16.2,10.5,21.8,0.0,56.0,10.6,14.5,HISTORICAL TRAINING DATA
2024-07-13,-17.6433,31.7833,Murehwa,13.7,5.8,22.4,0.0,53.3,12.9,21.0,HISTORICAL TRAINING DATA
2024-07-14,-17.6433,31.7833,Murehwa,16.3,7.8,23.5,0.0,51.6,16.2,21.3,HISTORICAL TRAINING DATA
2024-07-15,-17.6433,31.7833,Murehwa,12.7,5.6,18.6,0.0,36.6,10.8,27.3,HISTORICAL TRAINING DATA
2024-07-16,-17.6433,31.7833,Murehwa,14.7,6.6,21.4,0.0,53.9,10.0,26.3,HISTORICAL TRAINING DATA
2024-07-17,-17.6433,31.7833,Murehwa,13.0,5.8,19.2,0.0,53.5,17.2,16.6,HISTORICAL TRAINING DATA
2024-07-18,-17.6433,31.7833,Murehwa,15.8,8.8,21.4,0.0,45.9,19.1,18.3,HISTORICAL TRAINING DATA
2024-07-19,-17.6433,31.7833,Murehwa,13.1,7.3,20.8,0.0,51.2,8.7,20.9,HISTORICAL TRAINING DATA
2024-07-20,-17.6433,31.7833,Murehwa,13.2,5.1,19.5,0.0,46.1,7.5,23.7,HISTORICAL TRAINING DATA
2024-07-21,-17.6433,31.7833,Murehwa,14.6,7.2,20.3,0.0,42.6,12.2,20.2,HISTORICAL TRAINING DATA
2024-07-22,-17.6433,31.7833,Murehwa,16.1,7.9,22.0,0.0,41.4,18.7,22.6,HISTORICAL TRAINING DATA
2024-07-23,-17.6433,31.7833,Murehwa,15.2,6.9,21.8,0.0,43.2,16.5,16.7,HISTORICAL TRAINING DATA
2024-07-24,-17.6433,31.7833,Murehwa,15.4,7.2,22.7,0.0,50.7,6.2,21.8,HISTORICAL TRAINING DATA
2024-07-25,-17.6433,31.7833,Murehwa,14.2,6.9,20.8,0.0,54.1,16.7,25.3,HISTORICAL TRAINING DATA
2024-07-26,-17.6433,31.7833,Murehwa,16.2,9.1,24.6,0.0,51.5,15.2,25.1,HISTORICAL TRAINING DATA
2024-07-27,-17.6433,31.7833,Murehwa,15.5,7.0,21.1,0.0,50.8,12.1,20.9,HISTORICAL TRAINING DATA
2024-07-28,-17.6433,31.7833,Murehwa,15.8,9.8,23.6,0.0,46.7,18.4,14.7,HISTORICAL TRAINING DATA
2024-07-29,-17.6433,31.7833,Murehwa,15.0,8.3,23.6,0.0,40.1,17.3,27.9,HISTORICAL TRAINING DATA
2024-07-30,-17.6433,31.7833,Murehwa,12.6,3.9,20.8,0.0,41.1,11.2,19.4,HISTORICAL TRAINING DATA
2024-07-31,-17.6433,31.7833,Murehwa,13.3,6.5,19.9,0.0,51.9,19.1,26.8,HISTORICAL TRAINING DATA
2024-08-01,-17.6433,31.7833,Murehwa,12.6,6.0,20.3,0.0,46.5,6.9,18.9,HISTORICAL TRAINING DATA
2024-08-02,-17.6433,31.7833,Murehwa,16.2,8.7,23.1,0.0,57.9,12.8,22.9,HISTORICAL TRAINING DATA
2024-08-03,-17.6433,31.7833,Murehwa,12.7,4.1,18.4,0.0,59.2,6.6,19.8,HISTORICAL TRAINING DATA
2024-08-04,-17.6433,31.7833,Murehwa,15.5,9.5,21.5,0.0,39.8,6.7,18.1,HISTORICAL TRAINING DATA
2024-08-05,-17.6433,31.7833,Murehwa,16.1,10.1,24.0,0.0,45.8,19.8,15.9,HISTORICAL TRAINING DATA
2024-08-06,-17.6433,31.7833,Murehwa,15.5,8.2,22.6,0.0,49.4,16.7,23.2,HISTORICAL TRAINING DATA
2024-08-07,-17.6433,31.7833,Murehwa,13.3,7.3,19.5,0.0,50.7,19.6,18.5,HISTORICAL TRAINING DATA
2024-08-08,-17.6433,31.7833,Murehwa,14.3,5.7,22.7,0.0,59.7,17.4,21.0,HISTORICAL TRAINING DATA
2024-08-09,-17.6433,31.7833,Murehwa,12.8,3.8,18.5,0.0,45.3,13.8,22.3,HISTORICAL TRAINING DATA
2024-08-10,-17.6433,31.7833,Murehwa,13.6,7.8,19.0,0.0,38.2,12.4,26.9,HISTORICAL TRAINING DATA
2024-08-11,-17.6433,31.7833,Murehwa,13.5,5.6,20.5,0.0,59.3,6.6,16.1,HISTORICAL TRAINING DATA
2024-08-12,-17.6433,31.7833,Murehwa,14.1,5.5,21.7,0.0,43.7,19.3,18.1,HISTORICAL TRAINING DATA
2024-08-13,-17.6433,31.7833,Murehwa,13.2,8.1,21.6,0.0,50.5,13.6,23.8,HISTORICAL TRAINING DATA
2024-08-14,-17.6433,31.7833,Murehwa,15.1,9.6,21.3,0.0,37.4,11.1,27.7,HISTORICAL TRAINING DATA
2024-08-15,-17.6433,31.7833,Murehwa,13.2,8.2,20.1,0.0,58.6,17.7,24.4,HISTORICAL TRAINING DATA
2024-08-16,-17.6433,31.7833,Murehwa,15.0,10.0,23.0,0.0,45.7,20.4,27.7,HISTORICAL TRAINING DATA
2024-08-17,-17.6433,31.7833,Murehwa,16.1,9.7,24.8,0.0,46.4,19.2,15.5,HISTORICAL TRAINING DATA
2024-08-18,-17.6433,31.7833,Murehwa,12.5,7.3,18.5,0.0,55.9,15.8,20.2,HISTORICAL TRAINING DATA
2024-08-19,-17.6433,31.7833,Murehwa,15.5,8.9,22.1,0.0,45.3,6.7,17.1,HISTORICAL TRAINING DATA
2024-08-20,-17.6433,31.7833,Murehwa,14.9,8.5,20.0,0.0,59.2,18.2,17.5,HISTORICAL TRAINING DATA
2024-08-21,-17.6433,31.7833,Murehwa,15.2,6.4,23.8,0.0,45.5,16.8,19.7,HISTORICAL TRAINING DATA
2024-08-22,-17.6433,31.7833,Murehwa,12.9,5.0,18.4,0.0,38.6,6.1,27.4,HISTORICAL TRAINING DATA
2024-08-23,-17.6433,31.7833,Murehwa,12.9,4.2,20.1,0.0,57.9,6.7,22.1,HISTORICAL TRAINING DATA
2024-08-24,-17.6433,31.7833,Murehwa,15.2,6.3,20.6,0.0,54.3,14.4,25.9,HISTORICAL TRAINING DATA
2024-08-25,-17.6433,31.7833,Murehwa,14.7,9.0,20.6,0.0,40.1,18.8,16.6,HISTORICAL TRAINING DATA
2024-08-26,-17.6433,31.7833,Murehwa,13.3,8.2,21.7,0.0,58.0,10.4,17.9,HISTORICAL TRAINING DATA
2024-08-27,-17.6433,31.7833,Murehwa,14.2,5.7,20.5,0.0,37.0,19.1,26.5,HISTORICAL TRAINING DATA
2024-08-28,-17.6433,31.7833,Murehwa,14.2,6.3,20.1,0.0,56.5,8.4,16.5,HISTORICAL TRAINING DATA
2024-08-29,-17.6433,31.7833,Murehwa,13.8,7.4,22.5,0.0,48.2,11.3,15.5,HISTORICAL TRAINING DATA
2024-08-30,-17.6433,31.7833,Murehwa,16.4,8.0,24.0,0.0,42.6,7.0,23.9,HISTORICAL TRAINING DATA
2024-08-31,-17.6433,31.7833,Murehwa,14.3,9.1,20.2,0.0,42.9,10.6,24.8,HISTORICAL TRAINING DATA
2024-09-01,-17.6433,31.7833,Murehwa,29.4,21.3,34.4,0.0,40.4,13.7,24.8,HISTORICAL TRAINING DATA
2024-09-02,-17.6433,31.7833,Murehwa,29.3,24.1,36.6,0.0,47.5,14.6,17.9,HISTORICAL TRAINING DATA
2024-09-03,-17.6433,31.7833,Murehwa,28.1,19.4,33.3,0.0,35.8,16.3,15.3,HISTORICAL TRAINING DATA
2024-09-04,-17.6433,31.7833,Murehwa,28.3,21.6,33.8,0.0,48.7,8.9,23.9,HISTORICAL TRAINING DATA
2024-09-05,-17.6433,31.7833,Murehwa,30.0,21.7,35.9,0.0,52.5,9.4,26.8,HISTORICAL TRAINING DATA
2024-09-06,-17.6433,31.7833,Murehwa,29.8,22.2,38.2,0.0,32.3,12.0,21.4,HISTORICAL TRAINING DATA
2024-09-07,-17.6433,31.7833,Murehwa,28.3,21.9,33.7,0.0,39.4,21.2,17.3,HISTORICAL TRAINING DATA
2024-09-08,-17.6433,31.7833,Murehwa,29.3,21.5,38.2,0.0,30.8,17.0,24.1,HISTORICAL TRAINING DATA
2024-09-09,-17.6433,31.7833,Murehwa,30.1,22.6,37.3,0.0,49.4,10.0,23.1,HISTORICAL TRAINING DATA
2024-09-10,-17.6433,31.7833,Murehwa,28.5,22.3,35.5,0.0,52.2,14.3,24.0,HISTORICAL TRAINING DATA
2024-09-11,-17.6433,31.7833,Murehwa,27.5,19.7,35.7,0.0,39.6,10.7,27.9,HISTORICAL TRAINING DATA
2024-09-12,-17.6433,31.7833,Murehwa,27.9,20.6,36.6,0.0,48.5,11.9,14.3,HISTORICAL TRAINING DATA
2024-09-13,-17.6433,31.7833,Murehwa,28.5,22.0,35.8,0.0,39.6,12.3,26.2,HISTORICAL TRAINING DATA
2024-09-14,-17.6433,31.7833,Murehwa,28.4,22.8,37.1,0.0,38.0,8.9,15.5,HISTORICAL TRAINING DATA
2024-09-15,-17.6433,31.7833,Murehwa,29.1,23.6,37.9,0.0,30.7,16.1,19.4,HISTORICAL TRAINING DATA
2024-09-16,-17.6433,31.7833,Murehwa,29.5,22.7,37.9,0.0,33.0,6.3,15.6,HISTORICAL TRAINING DATA
2024-09-17,-17.6433,31.7833,Murehwa,30.5,23.7,35.5,0.0,49.7,16.4,22.3,HISTORICAL TRAINING DATA
2024-09-18,-17.6433,31.7833,Murehwa,29.9,24.7,38.4,6.0,46.3,21.9,21.0,HISTORICAL TRAINING DATA
2024-09-19,-17.6433,31.7833,Murehwa,28.1,19.4,36.3,0.0,30.6,16.7,21.3,HISTORICAL TRAINING DATA
2024-09-20,-17.6433,31.7833,Murehwa,28.4,23.2,34.5,0.0,42.4,15.4,15.9,HISTORICAL TRAINING DATA
2024-09-21,-17.6433,31.7833,Murehwa,28.0,22.6,34.4,0.0,54.0,16.4,24.8,HISTORICAL TRAINING DATA
2024-09-22,-17.6433,31.7833,Murehwa,28.9,20.0,35.7,0.0,40.9,16.2,27.5,HISTORICAL TRAINING DATA
2024-09-23,-17.6433,31.7833,Murehwa,27.9,22.5,35.3,0.0,44.1,8.7,14.5,HISTORICAL TRAINING DATA
2024-09-24,-17.6433,31.7833,Murehwa,30.0,24.1,36.6,0.0,33.0,19.7,24.2,HISTORICAL TRAINING DATA
2024-09-25,-17.6433,31.7833,Murehwa,28.8,22.6,35.9,0.0,41.5,16.7,16.4,HISTORICAL TRAINING DATA
2024-09-26,-17.6433,31.7833,Murehwa,26.7,19.8,32.7,0.0,32.6,19.0,21.3,HISTORICAL TRAINING DATA
2024-09-27,-17.6433,31.7833,Murehwa,29.1,21.9,37.0,0.0,43.5,13.8,21.0,HISTORICAL TRAINING DATA
2024-09-28,-17.6433,31.7833,Murehwa,28.5,21.7,34.5,0.0,37.1,19.8,22.6,HISTORICAL TRAINING DATA
2024-09-29,-17.6433,31.7833,Murehwa,29.0,21.8,34.9,0.0,38.3,9.8,19.4,HISTORICAL TRAINING DATA
2024-09-30,-17.6433,31.7833,Murehwa,28.8,22.4,36.9,0.0,33.1,19.5,22.6,HISTORICAL TRAINING DATA
2024-10-01,-17.6433,31.7833,Murehwa,26.7,19.2,32.2,0.0,36.4,12.1,20.9,HISTORICAL TRAINING DATA
2024-10-02,-17.6433,31.7833,Murehwa,28.8,21.5,34.7,0.0,54.1,9.8,14.5,HISTORICAL TRAINING DATA
2024-10-03,-17.6433,31.7833,Murehwa,29.0,21.8,34.2,0.0,43.9,16.3,21.4,HISTORICAL TRAINING DATA
2024-10-04,-17.6433,31.7833,Murehwa,28.6,22.1,34.5,0.0,49.6,19.5,16.5,HISTORICAL TRAINING DATA
2024-10-05,-17.6433,31.7833,Murehwa,29.3,22.1,36.2,6.4,36.9,13.7,15.7,HISTORICAL TRAINING DATA
2024-10-06,-17.6433,31.7833,Murehwa,27.2,19.6,33.0,0.0,44.8,17.9,15.7,HISTORICAL TRAINING DATA
2024-10-07,-17.6433,31.7833,Murehwa,27.4,21.9,33.3,0.0,50.0,13.0,20.4,HISTORICAL TRAINING DATA
2024-10-08,-17.6433,31.7833,Murehwa,28.2,22.2,35.8,0.0,30.2,17.0,25.4,HISTORICAL TRAINING DATA
2024-10-09,-17.6433,31.7833,Murehwa,28.3,23.0,34.6,0.0,46.1,13.7,23.2,HISTORICAL TRAINING DATA
2024-10-10,-17.6433,31.7833,Murehwa,29.4,22.6,35.2,0.0,44.1,20.6,23.4,HISTORICAL TRAINING DATA
2024-10-11,-17.6433,31.7833,Murehwa,27.3,21.4,36.0,0.0,35.2,7.2,23.7,HISTORICAL TRAINING DATA
2024-10-12,-17.6433,31.7833,Murehwa,28.5,21.6,33.7,6.3,52.5,10.3,14.5,HISTORICAL TRAINING DATA
2024-10-13,-17.6433,31.7833,Murehwa,29.6,23.2,37.2,0.0,47.5,21.9,16.6,HISTORICAL TRAINING DATA
2024-10-14,-17.6433,31.7833,Murehwa,28.9,22.3,35.5,0.0,44.4,19.2,20.4,HISTORICAL TRAINING DATA
2024-10-15,-17.6433,31.7833,Murehwa,26.5,21.5,33.8,0.0,37.9,10.4,24.8,HISTORICAL TRAINING DATA
2024-10-16,-17.6433,31.7833,Murehwa,28.8,23.4,37.0,0.0,36.7,7.1,18.2,HISTORICAL TRAINING DATA
2024-10-17,-17.6433,31.7833,Murehwa,29.9,23.9,35.7,0.0,44.8,10.5,22.2,HISTORICAL TRAINING DATA
2024-10-18,-17.6433,31.7833,Murehwa,27.0,19.9,32.2,0.0,32.7,14.7,23.0,HISTORICAL TRAINING DATA
2024-10-19,-17.6433,31.7833,Murehwa,28.2,22.7,37.0,0.0,45.6,18.2,26.1,HISTORICAL TRAINING DATA
2024-10-20,-17.6433,31.7833,Murehwa,28.8,22.6,36.0,0.0,54.3,18.7,26.4,HISTORICAL TRAINING DATA
2024-10-21,-17.6433,31.7833,Murehwa,26.8,21.7,32.6,0.0,47.9,13.3,19.5,HISTORICAL TRAINING DATA
2024-10-22,-17.6433,31.7833,Murehwa,29.1,22.9,37.8,0.0,50.9,17.0,19.4,HISTORICAL TRAINING DATA
2024-10-23,-17.6433,31.7833,Murehwa,27.7,21.6,36.7,0.0,52.7,6.1,16.5,HISTORICAL TRAINING DATA
2024-10-24,-17.6433,31.7833,Murehwa,27.0,18.8,34.5,0.0,47.7,17.1,16.0,HISTORICAL TRAINING DATA
2024-10-25,-17.6433,31.7833,Murehwa,27.5,19.1,35.5,0.0,42.3,9.9,18.1,HISTORICAL TRAINING DATA
2024-10-26,-17.6433,31.7833,Murehwa,27.6,18.8,35.1,0.0,31.6,11.4,27.0,HISTORICAL TRAINING DATA
2024-10-27,-17.6433,31.7833,Murehwa,28.4,20.2,34.4,7.0,40.4,15.1,25.9,HISTORICAL TRAINING DATA
2024-10-28,-17.6433,31.7833,Murehwa,26.8,20.4,33.4,0.0,54.9,11.4,15.0,HISTORICAL TRAINING DATA
2024-10-29,-17.6433,31.7833,Murehwa,29.0,24.0,34.7,0.0,48.5,10.7,15.5,HISTORICAL TRAINING DATA
2024-10-30,-17.6433,31.7833,Murehwa,27.9,21.5,33.9,5.6,52.6,19.3,21.4,HISTORICAL TRAINING DATA
2024-10-31,-17.6433,31.7833,Murehwa,30.3,24.4,36.1,0.0,33.0,12.3,24.2,HISTORICAL TRAINING DATA
2024-11-01,-17.6433,31.7833,Murehwa,22.5,15.2,31.2,0.0,91.4,11.3,20.0,HISTORICAL TRAINING DATA
2024-11-02,-17.6433,31.7833,Murehwa,25.5,20.1,32.0,1.5,80.7,13.6,16.4,HISTORICAL TRAINING DATA
2024-11-03,-17.6433,31.7833,Murehwa,22.7,17.0,28.1,16.1,69.7,15.4,15.6,HISTORICAL TRAINING DATA
2024-11-04,-17.6433,31.7833,Murehwa,25.2,17.9,32.7,0.0,65.1,14.1,18.1,HISTORICAL TRAINING DATA
2024-11-05,-17.6433,31.7833,Murehwa,23.6,16.6,30.1,0.0,66.9,17.3,26.6,HISTORICAL TRAINING DATA
2024-11-06,-17.6433,31.7833,Murehwa,24.8,19.2,31.1,0.0,69.1,6.1,15.7,HISTORICAL TRAINING DATA
2024-11-07,-17.6433,31.7833,Murehwa,23.1,16.9,28.3,0.0,63.5,6.8,26.6,HISTORICAL TRAINING DATA
2024-11-08,-17.6433,31.7833,Murehwa,25.1,16.2,32.1,0.0,73.9,14.3,19.6,HISTORICAL TRAINING DATA
2024-11-09,-17.6433,31.7833,Murehwa,25.0,19.4,30.7,0.0,82.1,18.8,15.7,HISTORICAL TRAINING DATA
2024-11-10,-17.6433,31.7833,Murehwa,25.1,16.4,34.0,0.0,81.4,20.6,18.4,HISTORICAL TRAINING DATA
2024-11-11,-17.6433,31.7833,Murehwa,23.6,15.0,29.8,0.0,64.0,18.7,24.1,HISTORICAL TRAINING DATA
2024-11-12,-17.6433,31.7833,Murehwa,24.7,17.7,33.3,1.2,66.1,9.5,19.0,HISTORICAL TRAINING DATA
2024-11-13,-17.6433,31.7833,Murehwa,25.8,17.0,32.0,0.0,65.5,14.7,27.1,HISTORICAL TRAINING DATA
2024-11-14,-17.6433,31.7833,Murehwa,26.4,18.5,34.3,0.0,64.7,10.0,16.4,HISTORICAL TRAINING DATA
2024-11-15,-17.6433,31.7833,Murehwa,24.1,15.1,29.7,0.0,80.2,21.9,18.4,HISTORICAL TRAINING DATA
2024-11-16,-17.6433,31.7833,Murehwa,26.2,20.6,33.4,0.0,88.2,13.1,14.6,HISTORICAL TRAINING DATA
2024-11-17,-17.6433,31.7833,Murehwa,24.3,15.6,30.1,4.5,64.3,21.9,27.1,HISTORICAL TRAINING DATA
2024-11-18,-17.6433,31.7833,Murehwa,25.1,17.3,33.7,0.0,75.8,17.3,26.7,HISTORICAL TRAINING DATA
2024-11-19,-17.6433,31.7833,Murehwa,23.7,15.1,30.7,0.0,82.4,19.8,15.1,HISTORICAL TRAINING DATA
2024-11-20,-17.6433,31.7833,Murehwa,24.3,19.1,30.3,18.9,87.0,9.5,14.5,HISTORICAL TRAINING DATA
2024-11-21,-17.6433,31.7833,Murehwa,25.7,18.0,33.9,0.0,60.6,15.6,26.1,HISTORICAL TRAINING DATA
2024-11-22,-17.6433,31.7833,Murehwa,26.4,20.8,32.5,19.2,85.7,12.9,18.1,HISTORICAL TRAINING DATA
2024-11-23,-17.6433,31.7833,Murehwa,22.8,15.6,30.4,0.0,81.3,15.5,20.8,HISTORICAL TRAINING DATA
2024-11-24,-17.6433,31.7833,Murehwa,25.9,18.0,31.8,0.0,90.5,14.8,23.8,HISTORICAL TRAINING DATA
2024-11-25,-17.6433,31.7833,Murehwa,23.4,17.7,32.1,0.0,85.8,15.2,26.7,HISTORICAL TRAINING DATA
2024-11-26,-17.6433,31.7833,Murehwa,25.1,17.0,31.9,0.0,80.0,16.4,21.2,HISTORICAL TRAINING DATA
2024-11-27,-17.6433,31.7833,Murehwa,24.4,18.3,32.0,0.0,89.4,9.7,26.7,HISTORICAL TRAINING DATA
2024-11-28,-17.6433,31.7833,Murehwa,24.3,16.9,30.8,0.0,62.5,9.8,25.5,HISTORICAL TRAINING DATA
2024-11-29,-17.6433,31.7833,Murehwa,25.4,17.7,33.0,0.0,79.0,11.1,18.4,HISTORICAL TRAINING DATA
2024-11-30,-17.6433,31.7833,Murehwa,24.4,16.0,32.0,0.1,75.0,13.9,19.2,HISTORICAL TRAINING DATA
2024-12-01,-17.6433,31.7833,Murehwa,25.4,19.2,31.5,0.0,84.8,15.2,22.6,HISTORICAL TRAINING DATA
2024-12-02,-17.6433,31.7833,Murehwa,26.2,19.5,35.0,5.1,72.1,8.0,15.0,HISTORICAL TRAINING DATA
2024-12-03,-17.6433,31.7833,Murehwa,24.7,19.4,32.8,4.7,78.5,10.1,17.9,HISTORICAL TRAINING DATA
2024-12-04,-17.6433,31.7833,Murehwa,23.9,17.5,30.3,0.0,65.2,7.6,25.4,HISTORICAL TRAINING DATA
2024-12-05,-17.6433,31.7833,Murehwa,25.8,18.3,32.2,0.0,83.8,7.5,19.8,HISTORICAL TRAINING DATA
2024-12-06,-17.6433,31.7833,Murehwa,25.1,16.5,30.2,30.4,82.5,12.6,18.3,HISTORICAL TRAINING DATA
2024-12-07,-17.6433,31.7833,Murehwa,22.9,17.0,31.0,23.6,89.8,17.7,14.1,HISTORICAL TRAINING DATA
2024-12-08,-17.6433,31.7833,Murehwa,25.9,18.9,32.9,0.0,68.1,20.7,16.0,HISTORICAL TRAINING DATA
2024-12-09,-17.6433,31.7833,Murehwa,23.4,16.4,31.7,24.1,75.6,19.9,27.4,HISTORICAL TRAINING DATA
2024-12-10,-17.6433,31.7833,Murehwa,26.5,20.6,34.8,37.4,81.7,7.8,21.2,HISTORICAL TRAINING DATA
2024-12-11,-17.6433,31.7833,Murehwa,24.3,16.0,31.9,0.0,87.9,15.1,17.2,HISTORICAL TRAINING DATA
2024-12-12,-17.6433,31.7833,Murehwa,26.3,18.3,34.8,7.0,81.8,21.3,15.7,HISTORICAL TRAINING DATA
2024-12-13,-17.6433,31.7833,Murehwa,26.1,20.1,34.5,4.6,78.6,20.3,17.0,HISTORICAL TRAINING DATA
2024-12-14,-17.6433,31.7833,Murehwa,22.9,16.9,31.8,0.0,90.5,20.4,27.9,HISTORICAL TRAINING DATA
2024-12-15,-17.6433,31.7833,Murehwa,24.5,16.6,30.9,3.3,86.1,21.5,26.4,HISTORICAL TRAINING DATA
2024-12-16,-17.6433,31.7833,Murehwa,25.2,19.8,33.4,3.2,89.7,9.9,19.8,HISTORICAL TRAINING DATA
2024-12-17,-17.6433,31.7833,Murehwa,24.7,19.5,30.0,1.2,61.2,8.4,15.1,HISTORICAL TRAINING DATA
2024-12-18,-17.6433,31.7833,Murehwa,23.5,18.0,29.6,0.0,74.3,12.8,19.9,HISTORICAL TRAINING DATA
2024-12-19,-17.6433,31.7833,Murehwa,24.7,17.2,30.4,0.0,80.5,7.0,22.0,HISTORICAL TRAINING DATA
2024-12-20,-17.6433,31.7833,Murehwa,24.8,19.0,30.3,0.0,87.3,6.3,16.6,HISTORICAL TRAINING DATA
2024-12-21,-17.6433,31.7833,Murehwa,23.7,17.9,30.0,0.0,66.8,7.7,19.8,HISTORICAL TRAINING DATA
2024-12-22,-17.6433,31.7833,Murehwa,22.8,17.8,27.8,0.3,87.0,10.7,16.8,HISTORICAL TRAINING DATA
2024-12-23,-17.6433,31.7833,Murehwa,23.4,17.2,28.6,38.6,74.6,13.6,27.7,HISTORICAL TRAINING DATA
2024-12-24,-17.6433,31.7833,Murehwa,23.1,15.7,29.5,0.0,81.7,18.1,27.9,HISTORICAL TRAINING DATA
2024-12-25,-17.6433,31.7833,Murehwa,24.4,16.2,29.7,0.0,75.7,14.4,24.7,HISTORICAL TRAINING DATA
2024-12-26,-17.6433,31.7833,Murehwa,26.1,19.1,33.3,0.0,78.6,19.6,20.4,HISTORICAL TRAINING DATA
2024-12-27,-17.6433,31.7833,Murehwa,24.2,15.7,30.1,0.0,89.4,13.7,23.2,HISTORICAL TRAINING DATA
2024-12-28,-17.6433,31.7833,Murehwa,23.0,15.7,30.5,9.2,77.1,16.3,25.2,HISTORICAL TRAINING DATA
2024-12-29,-17.6433,31.7833,Murehwa,22.7,16.6,28.1,0.0,67.2,10.0,18.8,HISTORICAL TRAINING DATA
2024-12-30,-17.6433,31.7833,Murehwa,24.5,19.2,32.5,0.0,85.9,13.3,24.1,HISTORICAL TRAINING DATA
